published_fy,pref_code,pref_name,area_code,area_name,year,report_rate
R7,01,北海道,0101,南渡島,2015,0.9384615384615385
R7,01,北海道,0101,南渡島,2018,1
R7,01,北海道,0101,南渡島,2019,1
R7,01,北海道,0101,南渡島,2020,1
R7,01,北海道,0101,南渡島,2021,1
R7,01,北海道,0101,南渡島,2022,0.9444444444444444
R7,01,北海道,0101,南渡島,2023,0.9230769230769231
R7,01,北海道,0101,南渡島,2024,1
R7,01,北海道,0101,南渡島,2025,1
R7,01,北海道,0102,南檜山,2015,1
R7,01,北海道,0102,南檜山,2018,1
R7,01,北海道,0102,南檜山,2019,1
R7,01,北海道,0102,南檜山,2020,0.875
R7,01,北海道,0102,南檜山,2021,1
R7,01,北海道,0102,南檜山,2022,1
R7,01,北海道,0102,南檜山,2023,1
R7,01,北海道,0102,南檜山,2024,1
R7,01,北海道,0102,南檜山,2025,1
R7,01,北海道,0103,北渡島檜山,2015,1
R7,01,北海道,0103,北渡島檜山,2018,1
R7,01,北海道,0103,北渡島檜山,2019,1
R7,01,北海道,0103,北渡島檜山,2020,1
R7,01,北海道,0103,北渡島檜山,2021,1
R7,01,北海道,0103,北渡島檜山,2022,1
R7,01,北海道,0103,北渡島檜山,2023,1
R7,01,北海道,0103,北渡島檜山,2024,1
R7,01,北海道,0103,北渡島檜山,2025,1
R7,01,北海道,0104,札幌,2015,0.9673024523160763
R7,01,北海道,0104,札幌,2018,0.9786096256684492
R7,01,北海道,0104,札幌,2019,0.9750692520775623
R7,01,北海道,0104,札幌,2020,0.9495798319327731
R7,01,北海道,0104,札幌,2021,0.9744318181818182
R7,01,北海道,0104,札幌,2022,0.9533527696793003
R7,01,北海道,0104,札幌,2023,0.9532163742690059
R7,01,北海道,0104,札幌,2024,0.972972972972973
R7,01,北海道,0104,札幌,2025,0.972972972972973
R7,01,北海道,0105,後志,2015,0.9333333333333333
R7,01,北海道,0105,後志,2018,0.9777777777777777
R7,01,北海道,0105,後志,2019,1
R7,01,北海道,0105,後志,2020,1
R7,01,北海道,0105,後志,2021,0.9444444444444444
R7,01,北海道,0105,後志,2022,0.9411764705882353
R7,01,北海道,0105,後志,2023,0.9411764705882353
R7,01,北海道,0105,後志,2024,0.9696969696969697
R7,01,北海道,0105,後志,2025,0.9696969696969697
R7,01,北海道,0106,南空知,2015,0.9722222222222222
R7,01,北海道,0106,南空知,2018,0.9354838709677419
R7,01,北海道,0106,南空知,2019,1
R7,01,北海道,0106,南空知,2020,0.9642857142857143
R7,01,北海道,0106,南空知,2021,1
R7,01,北海道,0106,南空知,2022,1
R7,01,北海道,0106,南空知,2023,0.8148148148148148
R7,01,北海道,0106,南空知,2024,1
R7,01,北海道,0106,南空知,2025,1
R7,01,北海道,0107,中空知,2015,0.9545454545454546
R7,01,北海道,0107,中空知,2018,1
R7,01,北海道,0107,中空知,2019,1
R7,01,北海道,0107,中空知,2020,1
R7,01,北海道,0107,中空知,2021,1
R7,01,北海道,0107,中空知,2022,0.9411764705882353
R7,01,北海道,0107,中空知,2023,0.9411764705882353
R7,01,北海道,0107,中空知,2024,0.9444444444444444
R7,01,北海道,0107,中空知,2025,0.9444444444444444
R7,01,北海道,0108,北空知,2015,1
R7,01,北海道,0108,北空知,2018,1
R7,01,北海道,0108,北空知,2019,1
R7,01,北海道,0108,北空知,2020,1
R7,01,北海道,0108,北空知,2021,1
R7,01,北海道,0108,北空知,2022,1
R7,01,北海道,0108,北空知,2023,1
R7,01,北海道,0108,北空知,2024,1
R7,01,北海道,0108,北空知,2025,1
R7,01,北海道,0109,西胆振,2015,0.9615384615384616
R7,01,北海道,0109,西胆振,2018,0.96
R7,01,北海道,0109,西胆振,2019,1
R7,01,北海道,0109,西胆振,2020,1
R7,01,北海道,0109,西胆振,2021,0.9166666666666666
R7,01,北海道,0109,西胆振,2022,0.9166666666666666
R7,01,北海道,0109,西胆振,2023,0.9565217391304348
R7,01,北海道,0109,西胆振,2024,1
R7,01,北海道,0109,西胆振,2025,1
R7,01,北海道,0110,東胆振,2015,0.8928571428571429
R7,01,北海道,0110,東胆振,2018,1
R7,01,北海道,0110,東胆振,2019,1
R7,01,北海道,0110,東胆振,2020,0.896551724137931
R7,01,北海道,0110,東胆振,2021,0.8571428571428571
R7,01,北海道,0110,東胆振,2022,0.9310344827586207
R7,01,北海道,0110,東胆振,2023,0.8928571428571429
R7,01,北海道,0110,東胆振,2024,0.92
R7,01,北海道,0110,東胆振,2025,0.92
R7,01,北海道,0111,日高,2015,1
R7,01,北海道,0111,日高,2018,1
R7,01,北海道,0111,日高,2019,1
R7,01,北海道,0111,日高,2020,1
R7,01,北海道,0111,日高,2021,1
R7,01,北海道,0111,日高,2022,1
R7,01,北海道,0111,日高,2023,1
R7,01,北海道,0111,日高,2024,1
R7,01,北海道,0111,日高,2025,1
R7,01,北海道,0112,上川中部,2015,0.974025974025974
R7,01,北海道,0112,上川中部,2018,0.9864864864864865
R7,01,北海道,0112,上川中部,2019,0.9857142857142858
R7,01,北海道,0112,上川中部,2020,0.9846153846153847
R7,01,北海道,0112,上川中部,2021,0.9841269841269841
R7,01,北海道,0112,上川中部,2022,0.9672131147540983
R7,01,北海道,0112,上川中部,2023,0.9508196721311475
R7,01,北海道,0112,上川中部,2024,1
R7,01,北海道,0112,上川中部,2025,1
R7,01,北海道,0113,上川北部,2015,1
R7,01,北海道,0113,上川北部,2018,1
R7,01,北海道,0113,上川北部,2019,1
R7,01,北海道,0113,上川北部,2020,1
R7,01,北海道,0113,上川北部,2021,0.8888888888888888
R7,01,北海道,0113,上川北部,2022,1
R7,01,北海道,0113,上川北部,2023,1
R7,01,北海道,0113,上川北部,2024,1
R7,01,北海道,0113,上川北部,2025,1
R7,01,北海道,0114,富良野,2015,1
R7,01,北海道,0114,富良野,2018,1
R7,01,北海道,0114,富良野,2019,1
R7,01,北海道,0114,富良野,2020,1
R7,01,北海道,0114,富良野,2021,0.8
R7,01,北海道,0114,富良野,2022,1
R7,01,北海道,0114,富良野,2023,0.6
R7,01,北海道,0114,富良野,2024,1
R7,01,北海道,0114,富良野,2025,1
R7,01,北海道,0115,留萌,2015,1
R7,01,北海道,0115,留萌,2018,1
R7,01,北海道,0115,留萌,2019,1
R7,01,北海道,0115,留萌,2020,1
R7,01,北海道,0115,留萌,2021,1
R7,01,北海道,0115,留萌,2022,1
R7,01,北海道,0115,留萌,2023,1
R7,01,北海道,0115,留萌,2024,1
R7,01,北海道,0115,留萌,2025,1
R7,01,北海道,0116,宗谷,2015,1
R7,01,北海道,0116,宗谷,2018,1
R7,01,北海道,0116,宗谷,2019,1
R7,01,北海道,0116,宗谷,2020,1
R7,01,北海道,0116,宗谷,2021,1
R7,01,北海道,0116,宗谷,2022,0.9166666666666666
R7,01,北海道,0116,宗谷,2023,1
R7,01,北海道,0116,宗谷,2024,1
R7,01,北海道,0116,宗谷,2025,1
R7,01,北海道,0117,北網,2015,0.9459459459459459
R7,01,北海道,0117,北網,2018,0.95
R7,01,北海道,0117,北網,2019,0.9743589743589743
R7,01,北海道,0117,北網,2020,0.9736842105263158
R7,01,北海道,0117,北網,2021,0.972972972972973
R7,01,北海道,0117,北網,2022,0.9142857142857143
R7,01,北海道,0117,北網,2023,0.9428571428571428
R7,01,北海道,0117,北網,2024,1
R7,01,北海道,0117,北網,2025,1
R7,01,北海道,0118,遠紋,2015,1
R7,01,北海道,0118,遠紋,2018,1
R7,01,北海道,0118,遠紋,2019,1
R7,01,北海道,0118,遠紋,2020,0.8333333333333334
R7,01,北海道,0118,遠紋,2021,1
R7,01,北海道,0118,遠紋,2022,0.9166666666666666
R7,01,北海道,0118,遠紋,2023,0.9166666666666666
R7,01,北海道,0118,遠紋,2024,1
R7,01,北海道,0118,遠紋,2025,1
R7,01,北海道,0119,十勝,2015,1
R7,01,北海道,0119,十勝,2018,1
R7,01,北海道,0119,十勝,2019,1
R7,01,北海道,0119,十勝,2020,0.9615384615384616
R7,01,北海道,0119,十勝,2021,0.96
R7,01,北海道,0119,十勝,2022,0.9583333333333334
R7,01,北海道,0119,十勝,2023,0.9791666666666666
R7,01,北海道,0119,十勝,2024,0.9782608695652174
R7,01,北海道,0119,十勝,2025,0.9782608695652174
R7,01,北海道,0120,釧路,2015,0.9666666666666667
R7,01,北海道,0120,釧路,2018,1
R7,01,北海道,0120,釧路,2019,1
R7,01,北海道,0120,釧路,2020,1
R7,01,北海道,0120,釧路,2021,1
R7,01,北海道,0120,釧路,2022,1
R7,01,北海道,0120,釧路,2023,1
R7,01,北海道,0120,釧路,2024,0.9666666666666667
R7,01,北海道,0120,釧路,2025,0.9666666666666667
R7,01,北海道,0121,根室,2015,0.8571428571428571
R7,01,北海道,0121,根室,2018,1
R7,01,北海道,0121,根室,2019,1
R7,01,北海道,0121,根室,2020,1
R7,01,北海道,0121,根室,2021,1
R7,01,北海道,0121,根室,2022,1
R7,01,北海道,0121,根室,2023,1
R7,01,北海道,0121,根室,2024,1
R7,01,北海道,0121,根室,2025,1
R7,02,青森県,0201,津軽地域,2015,1
R7,02,青森県,0201,津軽地域,2018,0.96875
R7,02,青森県,0201,津軽地域,2019,1
R7,02,青森県,0201,津軽地域,2020,1
R7,02,青森県,0201,津軽地域,2021,1
R7,02,青森県,0201,津軽地域,2022,1
R7,02,青森県,0201,津軽地域,2023,1
R7,02,青森県,0201,津軽地域,2024,1
R7,02,青森県,0201,津軽地域,2025,1
R7,02,青森県,0202,八戸地域,2015,0.9583333333333334
R7,02,青森県,0202,八戸地域,2018,0.92
R7,02,青森県,0202,八戸地域,2019,1
R7,02,青森県,0202,八戸地域,2020,1
R7,02,青森県,0202,八戸地域,2021,1
R7,02,青森県,0202,八戸地域,2022,1
R7,02,青森県,0202,八戸地域,2023,1
R7,02,青森県,0202,八戸地域,2024,1
R7,02,青森県,0202,八戸地域,2025,1
R7,02,青森県,0203,青森地域,2015,0.9310344827586207
R7,02,青森県,0203,青森地域,2018,0.9622641509433962
R7,02,青森県,0203,青森地域,2019,1
R7,02,青森県,0203,青森地域,2020,1
R7,02,青森県,0203,青森地域,2021,1
R7,02,青森県,0203,青森地域,2022,1
R7,02,青森県,0203,青森地域,2023,1
R7,02,青森県,0203,青森地域,2024,1
R7,02,青森県,0203,青森地域,2025,1
R7,02,青森県,0204,西北五地域,2015,0.9230769230769231
R7,02,青森県,0204,西北五地域,2018,1
R7,02,青森県,0204,西北五地域,2019,1
R7,02,青森県,0204,西北五地域,2020,1
R7,02,青森県,0204,西北五地域,2021,1
R7,02,青森県,0204,西北五地域,2022,1
R7,02,青森県,0204,西北五地域,2023,1
R7,02,青森県,0204,西北五地域,2024,1
R7,02,青森県,0204,西北五地域,2025,1
R7,02,青森県,0205,上十三地域,2015,0.96
R7,02,青森県,0205,上十三地域,2018,0.9230769230769231
R7,02,青森県,0205,上十三地域,2019,1
R7,02,青森県,0205,上十三地域,2020,1
R7,02,青森県,0205,上十三地域,2021,1
R7,02,青森県,0205,上十三地域,2022,1
R7,02,青森県,0205,上十三地域,2023,1
R7,02,青森県,0205,上十三地域,2024,1
R7,02,青森県,0205,上十三地域,2025,1
R7,02,青森県,0206,下北地域,2015,1
R7,02,青森県,0206,下北地域,2018,1
R7,02,青森県,0206,下北地域,2019,1
R7,02,青森県,0206,下北地域,2020,1
R7,02,青森県,0206,下北地域,2021,1
R7,02,青森県,0206,下北地域,2022,1
R7,02,青森県,0206,下北地域,2023,1
R7,02,青森県,0206,下北地域,2024,1
R7,02,青森県,0206,下北地域,2025,1
R7,03,岩手県,0301,盛岡,2015,0.9473684210526315
R7,03,岩手県,0301,盛岡,2018,1
R7,03,岩手県,0301,盛岡,2019,0.9571428571428572
R7,03,岩手県,0301,盛岡,2020,1
R7,03,岩手県,0301,盛岡,2021,1
R7,03,岩手県,0301,盛岡,2022,1
R7,03,岩手県,0301,盛岡,2023,1
R7,03,岩手県,0301,盛岡,2024,1
R7,03,岩手県,0301,盛岡,2025,1
R7,03,岩手県,0302,岩手中部,2015,0.9285714285714286
R7,03,岩手県,0302,岩手中部,2018,0.9166666666666666
R7,03,岩手県,0302,岩手中部,2019,0.9090909090909091
R7,03,岩手県,0302,岩手中部,2020,0.95
R7,03,岩手県,0302,岩手中部,2021,0.9523809523809523
R7,03,岩手県,0302,岩手中部,2022,1
R7,03,岩手県,0302,岩手中部,2023,1
R7,03,岩手県,0302,岩手中部,2024,1
R7,03,岩手県,0302,岩手中部,2025,1
R7,03,岩手県,0303,胆江,2015,0.95
R7,03,岩手県,0303,胆江,2018,1
R7,03,岩手県,0303,胆江,2019,1
R7,03,岩手県,0303,胆江,2020,1
R7,03,岩手県,0303,胆江,2021,1
R7,03,岩手県,0303,胆江,2022,1
R7,03,岩手県,0303,胆江,2023,1
R7,03,岩手県,0303,胆江,2024,1
R7,03,岩手県,0303,胆江,2025,1
R7,03,岩手県,0304,両磐,2015,0.9375
R7,03,岩手県,0304,両磐,2018,1
R7,03,岩手県,0304,両磐,2019,0.9375
R7,03,岩手県,0304,両磐,2020,1
R7,03,岩手県,0304,両磐,2021,1
R7,03,岩手県,0304,両磐,2022,1
R7,03,岩手県,0304,両磐,2023,1
R7,03,岩手県,0304,両磐,2024,1
R7,03,岩手県,0304,両磐,2025,1
R7,03,岩手県,0305,気仙,2015,0.875
R7,03,岩手県,0305,気仙,2018,1
R7,03,岩手県,0305,気仙,2019,1
R7,03,岩手県,0305,気仙,2020,1
R7,03,岩手県,0305,気仙,2021,1
R7,03,岩手県,0305,気仙,2022,1
R7,03,岩手県,0305,気仙,2023,1
R7,03,岩手県,0305,気仙,2024,1
R7,03,岩手県,0305,気仙,2025,1
R7,03,岩手県,0306,釜石,2015,1
R7,03,岩手県,0306,釜石,2018,0.8571428571428571
R7,03,岩手県,0306,釜石,2019,1
R7,03,岩手県,0306,釜石,2020,1
R7,03,岩手県,0306,釜石,2021,1
R7,03,岩手県,0306,釜石,2022,1
R7,03,岩手県,0306,釜石,2023,1
R7,03,岩手県,0306,釜石,2024,1
R7,03,岩手県,0306,釜石,2025,1
R7,03,岩手県,0307,宮古,2015,0.9
R7,03,岩手県,0307,宮古,2018,0.9
R7,03,岩手県,0307,宮古,2019,1
R7,03,岩手県,0307,宮古,2020,1
R7,03,岩手県,0307,宮古,2021,0.875
R7,03,岩手県,0307,宮古,2022,1
R7,03,岩手県,0307,宮古,2023,1
R7,03,岩手県,0307,宮古,2024,1
R7,03,岩手県,0307,宮古,2025,1
R7,03,岩手県,0308,久慈,2015,0.8571428571428571
R7,03,岩手県,0308,久慈,2018,1
R7,03,岩手県,0308,久慈,2019,1
R7,03,岩手県,0308,久慈,2020,1
R7,03,岩手県,0308,久慈,2021,1
R7,03,岩手県,0308,久慈,2022,1
R7,03,岩手県,0308,久慈,2023,1
R7,03,岩手県,0308,久慈,2024,1
R7,03,岩手県,0308,久慈,2025,1
R7,03,岩手県,0309,二戸,2015,1
R7,03,岩手県,0309,二戸,2018,1
R7,03,岩手県,0309,二戸,2019,0.8888888888888888
R7,03,岩手県,0309,二戸,2020,1
R7,03,岩手県,0309,二戸,2021,0.9
R7,03,岩手県,0309,二戸,2022,1
R7,03,岩手県,0309,二戸,2023,0.8888888888888888
R7,03,岩手県,0309,二戸,2024,1
R7,03,岩手県,0309,二戸,2025,1
R7,04,宮城県,0401,仙南,2015,1
R7,04,宮城県,0401,仙南,2018,1
R7,04,宮城県,0401,仙南,2019,1
R7,04,宮城県,0401,仙南,2020,1
R7,04,宮城県,0401,仙南,2021,1
R7,04,宮城県,0401,仙南,2022,1
R7,04,宮城県,0401,仙南,2023,1
R7,04,宮城県,0401,仙南,2024,1
R7,04,宮城県,0401,仙南,2025,1
R7,04,宮城県,0403,仙台,2015,0.974025974025974
R7,04,宮城県,0403,仙台,2018,0.9928571428571429
R7,04,宮城県,0403,仙台,2019,0.9925925925925926
R7,04,宮城県,0403,仙台,2020,1
R7,04,宮城県,0403,仙台,2021,1
R7,04,宮城県,0403,仙台,2022,1
R7,04,宮城県,0403,仙台,2023,1
R7,04,宮城県,0403,仙台,2024,1
R7,04,宮城県,0403,仙台,2025,1
R7,04,宮城県,0406,大崎・栗原,2015,0.975
R7,04,宮城県,0406,大崎・栗原,2018,1
R7,04,宮城県,0406,大崎・栗原,2019,0.9743589743589743
R7,04,宮城県,0406,大崎・栗原,2020,1
R7,04,宮城県,0406,大崎・栗原,2021,1
R7,04,宮城県,0406,大崎・栗原,2022,1
R7,04,宮城県,0406,大崎・栗原,2023,1
R7,04,宮城県,0406,大崎・栗原,2024,1
R7,04,宮城県,0406,大崎・栗原,2025,1
R7,04,宮城県,0409,石巻・登米・気仙沼,2015,0.9393939393939394
R7,04,宮城県,0409,石巻・登米・気仙沼,2018,1
R7,04,宮城県,0409,石巻・登米・気仙沼,2019,1
R7,04,宮城県,0409,石巻・登米・気仙沼,2020,1
R7,04,宮城県,0409,石巻・登米・気仙沼,2021,1
R7,04,宮城県,0409,石巻・登米・気仙沼,2022,1
R7,04,宮城県,0409,石巻・登米・気仙沼,2023,1
R7,04,宮城県,0409,石巻・登米・気仙沼,2024,1
R7,04,宮城県,0409,石巻・登米・気仙沼,2025,1
R7,05,秋田県,0501,大館・鹿角,2015,0.9230769230769231
R7,05,秋田県,0501,大館・鹿角,2018,0.9166666666666666
R7,05,秋田県,0501,大館・鹿角,2019,0.8181818181818182
R7,05,秋田県,0501,大館・鹿角,2020,0.9
R7,05,秋田県,0501,大館・鹿角,2021,0.9
R7,05,秋田県,0501,大館・鹿角,2022,0.9
R7,05,秋田県,0501,大館・鹿角,2023,1
R7,05,秋田県,0501,大館・鹿角,2024,1
R7,05,秋田県,0501,大館・鹿角,2025,1
R7,05,秋田県,0502,北秋田,2015,1
R7,05,秋田県,0502,北秋田,2018,1
R7,05,秋田県,0502,北秋田,2019,1
R7,05,秋田県,0502,北秋田,2020,1
R7,05,秋田県,0502,北秋田,2021,1
R7,05,秋田県,0502,北秋田,2022,1
R7,05,秋田県,0502,北秋田,2023,1
R7,05,秋田県,0502,北秋田,2024,1
R7,05,秋田県,0502,北秋田,2025,1
R7,05,秋田県,0503,能代・山本,2015,0.8235294117647058
R7,05,秋田県,0503,能代・山本,2018,1
R7,05,秋田県,0503,能代・山本,2019,0.9285714285714286
R7,05,秋田県,0503,能代・山本,2020,1
R7,05,秋田県,0503,能代・山本,2021,1
R7,05,秋田県,0503,能代・山本,2022,0.9166666666666666
R7,05,秋田県,0503,能代・山本,2023,1
R7,05,秋田県,0503,能代・山本,2024,1
R7,05,秋田県,0503,能代・山本,2025,1
R7,05,秋田県,0504,秋田周辺,2015,0.9210526315789473
R7,05,秋田県,0504,秋田周辺,2018,1
R7,05,秋田県,0504,秋田周辺,2019,1
R7,05,秋田県,0504,秋田周辺,2020,1
R7,05,秋田県,0504,秋田周辺,2021,1
R7,05,秋田県,0504,秋田周辺,2022,1
R7,05,秋田県,0504,秋田周辺,2023,1
R7,05,秋田県,0504,秋田周辺,2024,1
R7,05,秋田県,0504,秋田周辺,2025,1
R7,05,秋田県,0505,由利本荘・にかほ,2015,1
R7,05,秋田県,0505,由利本荘・にかほ,2018,0.9333333333333333
R7,05,秋田県,0505,由利本荘・にかほ,2019,1
R7,05,秋田県,0505,由利本荘・にかほ,2020,1
R7,05,秋田県,0505,由利本荘・にかほ,2021,1
R7,05,秋田県,0505,由利本荘・にかほ,2022,1
R7,05,秋田県,0505,由利本荘・にかほ,2023,1
R7,05,秋田県,0505,由利本荘・にかほ,2024,1
R7,05,秋田県,0505,由利本荘・にかほ,2025,1
R7,05,秋田県,0506,大仙・仙北,2015,1
R7,05,秋田県,0506,大仙・仙北,2018,1
R7,05,秋田県,0506,大仙・仙北,2019,1
R7,05,秋田県,0506,大仙・仙北,2020,0.9285714285714286
R7,05,秋田県,0506,大仙・仙北,2021,1
R7,05,秋田県,0506,大仙・仙北,2022,1
R7,05,秋田県,0506,大仙・仙北,2023,1
R7,05,秋田県,0506,大仙・仙北,2024,1
R7,05,秋田県,0506,大仙・仙北,2025,1
R7,05,秋田県,0507,横手,2015,0.875
R7,05,秋田県,0507,横手,2018,1
R7,05,秋田県,0507,横手,2019,1
R7,05,秋田県,0507,横手,2020,1
R7,05,秋田県,0507,横手,2021,1
R7,05,秋田県,0507,横手,2022,1
R7,05,秋田県,0507,横手,2023,1
R7,05,秋田県,0507,横手,2024,1
R7,05,秋田県,0507,横手,2025,1
R7,05,秋田県,0508,湯沢・雄勝,2015,1
R7,05,秋田県,0508,湯沢・雄勝,2018,1
R7,05,秋田県,0508,湯沢・雄勝,2019,1
R7,05,秋田県,0508,湯沢・雄勝,2020,1
R7,05,秋田県,0508,湯沢・雄勝,2021,1
R7,05,秋田県,0508,湯沢・雄勝,2022,1
R7,05,秋田県,0508,湯沢・雄勝,2023,1
R7,05,秋田県,0508,湯沢・雄勝,2024,1
R7,05,秋田県,0508,湯沢・雄勝,2025,1
R7,06,山形県,0601,村山,2015,1
R7,06,山形県,0601,村山,2018,0.9811320754716981
R7,06,山形県,0601,村山,2019,0.9803921568627451
R7,06,山形県,0601,村山,2020,1
R7,06,山形県,0601,村山,2021,1
R7,06,山形県,0601,村山,2022,1
R7,06,山形県,0601,村山,2023,1
R7,06,山形県,0601,村山,2024,1
R7,06,山形県,0601,村山,2025,1
R7,06,山形県,0602,最上,2015,1
R7,06,山形県,0602,最上,2018,1
R7,06,山形県,0602,最上,2019,1
R7,06,山形県,0602,最上,2020,1
R7,06,山形県,0602,最上,2021,1
R7,06,山形県,0602,最上,2022,1
R7,06,山形県,0602,最上,2023,1
R7,06,山形県,0602,最上,2024,1
R7,06,山形県,0602,最上,2025,1
R7,06,山形県,0603,置賜,2015,1
R7,06,山形県,0603,置賜,2018,0.9545454545454546
R7,06,山形県,0603,置賜,2019,0.9545454545454546
R7,06,山形県,0603,置賜,2020,0.9047619047619048
R7,06,山形県,0603,置賜,2021,1
R7,06,山形県,0603,置賜,2022,1
R7,06,山形県,0603,置賜,2023,1
R7,06,山形県,0603,置賜,2024,1
R7,06,山形県,0603,置賜,2025,1
R7,06,山形県,0604,庄内,2015,1
R7,06,山形県,0604,庄内,2018,0.9642857142857143
R7,06,山形県,0604,庄内,2019,1
R7,06,山形県,0604,庄内,2020,1
R7,06,山形県,0604,庄内,2021,1
R7,06,山形県,0604,庄内,2022,1
R7,06,山形県,0604,庄内,2023,1
R7,06,山形県,0604,庄内,2024,1
R7,06,山形県,0604,庄内,2025,1
R7,07,福島県,0701,県北,2015,0.8823529411764706
R7,07,福島県,0701,県北,2018,0.8958333333333334
R7,07,福島県,0701,県北,2019,0.8222222222222222
R7,07,福島県,0701,県北,2020,0.9069767441860465
R7,07,福島県,0701,県北,2021,0.8809523809523809
R7,07,福島県,0701,県北,2022,0.925
R7,07,福島県,0701,県北,2023,0.9736842105263158
R7,07,福島県,0701,県北,2024,1
R7,07,福島県,0701,県北,2025,1
R7,07,福島県,0702,県中,2015,0.9821428571428571
R7,07,福島県,0702,県中,2018,0.8793103448275862
R7,07,福島県,0702,県中,2019,0.8846153846153846
R7,07,福島県,0702,県中,2020,0.8823529411764706
R7,07,福島県,0702,県中,2021,0.9019607843137255
R7,07,福島県,0702,県中,2022,0.9787234042553191
R7,07,福島県,0702,県中,2023,1
R7,07,福島県,0702,県中,2024,0.9767441860465116
R7,07,福島県,0702,県中,2025,0.9767441860465116
R7,07,福島県,0703,県南,2015,0.9230769230769231
R7,07,福島県,0703,県南,2018,0.7692307692307693
R7,07,福島県,0703,県南,2019,0.9
R7,07,福島県,0703,県南,2020,1
R7,07,福島県,0703,県南,2021,1
R7,07,福島県,0703,県南,2022,0.9
R7,07,福島県,0703,県南,2023,1
R7,07,福島県,0703,県南,2024,1
R7,07,福島県,0703,県南,2025,1
R7,07,福島県,0706,相双,2015,0.8333333333333334
R7,07,福島県,0706,相双,2018,0.8823529411764706
R7,07,福島県,0706,相双,2019,0.8235294117647058
R7,07,福島県,0706,相双,2020,0.8235294117647058
R7,07,福島県,0706,相双,2021,0.875
R7,07,福島県,0706,相双,2022,1
R7,07,福島県,0706,相双,2023,1
R7,07,福島県,0706,相双,2024,1
R7,07,福島県,0706,相双,2025,1
R7,07,福島県,0707,いわき,2015,0.9318181818181818
R7,07,福島県,0707,いわき,2018,0.9523809523809523
R7,07,福島県,0707,いわき,2019,0.8048780487804879
R7,07,福島県,0707,いわき,2020,0.9459459459459459
R7,07,福島県,0707,いわき,2021,0.8947368421052632
R7,07,福島県,0707,いわき,2022,1
R7,07,福島県,0707,いわき,2023,0.9428571428571428
R7,07,福島県,0707,いわき,2024,1
R7,07,福島県,0707,いわき,2025,1
R7,07,福島県,0708,会津・南会津,2015,0.9310344827586207
R7,07,福島県,0708,会津・南会津,2018,0.9629629629629629
R7,07,福島県,0708,会津・南会津,2019,0.9259259259259259
R7,07,福島県,0708,会津・南会津,2020,0.9230769230769231
R7,07,福島県,0708,会津・南会津,2021,1
R7,07,福島県,0708,会津・南会津,2022,1
R7,07,福島県,0708,会津・南会津,2023,1
R7,07,福島県,0708,会津・南会津,2024,1
R7,07,福島県,0708,会津・南会津,2025,1
R7,08,茨城県,0801,水戸,2015,0.9180327868852459
R7,08,茨城県,0801,水戸,2018,0.9482758620689655
R7,08,茨城県,0801,水戸,2019,1
R7,08,茨城県,0801,水戸,2020,1
R7,08,茨城県,0801,水戸,2021,1
R7,08,茨城県,0801,水戸,2022,1
R7,08,茨城県,0801,水戸,2023,0.9807692307692307
R7,08,茨城県,0801,水戸,2024,1
R7,08,茨城県,0801,水戸,2025,1
R7,08,茨城県,0802,日立,2015,0.9642857142857143
R7,08,茨城県,0802,日立,2018,0.8888888888888888
R7,08,茨城県,0802,日立,2019,1
R7,08,茨城県,0802,日立,2020,1
R7,08,茨城県,0802,日立,2021,1
R7,08,茨城県,0802,日立,2022,0.9166666666666666
R7,08,茨城県,0802,日立,2023,1
R7,08,茨城県,0802,日立,2024,0.9545454545454546
R7,08,茨城県,0802,日立,2025,0.9545454545454546
R7,08,茨城県,0803,常陸太田・ひたちなか,2015,0.875
R7,08,茨城県,0803,常陸太田・ひたちなか,2018,0.8260869565217391
R7,08,茨城県,0803,常陸太田・ひたちなか,2019,1
R7,08,茨城県,0803,常陸太田・ひたちなか,2020,0.9555555555555556
R7,08,茨城県,0803,常陸太田・ひたちなか,2021,0.9772727272727273
R7,08,茨城県,0803,常陸太田・ひたちなか,2022,0.9285714285714286
R7,08,茨城県,0803,常陸太田・ひたちなか,2023,0.9534883720930233
R7,08,茨城県,0803,常陸太田・ひたちなか,2024,0.9487179487179487
R7,08,茨城県,0803,常陸太田・ひたちなか,2025,0.9487179487179487
R7,08,茨城県,0804,鹿行,2015,1
R7,08,茨城県,0804,鹿行,2018,0.9473684210526315
R7,08,茨城県,0804,鹿行,2019,1
R7,08,茨城県,0804,鹿行,2020,0.9444444444444444
R7,08,茨城県,0804,鹿行,2021,1
R7,08,茨城県,0804,鹿行,2022,0.9444444444444444
R7,08,茨城県,0804,鹿行,2023,1
R7,08,茨城県,0804,鹿行,2024,0.9444444444444444
R7,08,茨城県,0804,鹿行,2025,0.9444444444444444
R7,08,茨城県,0805,土浦,2015,0.9666666666666667
R7,08,茨城県,0805,土浦,2018,0.7931034482758621
R7,08,茨城県,0805,土浦,2019,1
R7,08,茨城県,0805,土浦,2020,0.9583333333333334
R7,08,茨城県,0805,土浦,2021,1
R7,08,茨城県,0805,土浦,2022,1
R7,08,茨城県,0805,土浦,2023,1
R7,08,茨城県,0805,土浦,2024,0.95
R7,08,茨城県,0805,土浦,2025,0.95
R7,08,茨城県,0806,つくば,2015,1
R7,08,茨城県,0806,つくば,2018,0.8333333333333334
R7,08,茨城県,0806,つくば,2019,1
R7,08,茨城県,0806,つくば,2020,1
R7,08,茨城県,0806,つくば,2021,1
R7,08,茨城県,0806,つくば,2022,0.9130434782608695
R7,08,茨城県,0806,つくば,2023,0.9583333333333334
R7,08,茨城県,0806,つくば,2024,0.9166666666666666
R7,08,茨城県,0806,つくば,2025,0.9166666666666666
R7,08,茨城県,0807,取手・竜ヶ崎,2015,0.9722222222222222
R7,08,茨城県,0807,取手・竜ヶ崎,2018,0.8571428571428571
R7,08,茨城県,0807,取手・竜ヶ崎,2019,1
R7,08,茨城県,0807,取手・竜ヶ崎,2020,0.96875
R7,08,茨城県,0807,取手・竜ヶ崎,2021,1
R7,08,茨城県,0807,取手・竜ヶ崎,2022,0.96875
R7,08,茨城県,0807,取手・竜ヶ崎,2023,1
R7,08,茨城県,0807,取手・竜ヶ崎,2024,0.9
R7,08,茨城県,0807,取手・竜ヶ崎,2025,0.9
R7,08,茨城県,0808,筑西・下妻,2015,0.9259259259259259
R7,08,茨城県,0808,筑西・下妻,2018,0.8333333333333334
R7,08,茨城県,0808,筑西・下妻,2019,1
R7,08,茨城県,0808,筑西・下妻,2020,1
R7,08,茨城県,0808,筑西・下妻,2021,1
R7,08,茨城県,0808,筑西・下妻,2022,0.9130434782608695
R7,08,茨城県,0808,筑西・下妻,2023,1
R7,08,茨城県,0808,筑西・下妻,2024,0.9
R7,08,茨城県,0808,筑西・下妻,2025,0.9
R7,08,茨城県,0809,古河・坂東,2015,0.9444444444444444
R7,08,茨城県,0809,古河・坂東,2018,1
R7,08,茨城県,0809,古河・坂東,2019,1
R7,08,茨城県,0809,古河・坂東,2020,1
R7,08,茨城県,0809,古河・坂東,2021,1
R7,08,茨城県,0809,古河・坂東,2022,0.9333333333333333
R7,08,茨城県,0809,古河・坂東,2023,1
R7,08,茨城県,0809,古河・坂東,2024,0.9285714285714286
R7,08,茨城県,0809,古河・坂東,2025,0.9285714285714286
R7,09,栃木県,0901,県北,2015,1
R7,09,栃木県,0901,県北,2018,0.9705882352941176
R7,09,栃木県,0901,県北,2019,1
R7,09,栃木県,0901,県北,2020,0.9666666666666667
R7,09,栃木県,0901,県北,2021,0.9
R7,09,栃木県,0901,県北,2022,0.9666666666666667
R7,09,栃木県,0901,県北,2023,0.9666666666666667
R7,09,栃木県,0901,県北,2024,1
R7,09,栃木県,0901,県北,2025,1
R7,09,栃木県,0902,県西,2015,1
R7,09,栃木県,0902,県西,2018,1
R7,09,栃木県,0902,県西,2019,1
R7,09,栃木県,0902,県西,2020,0.9545454545454546
R7,09,栃木県,0902,県西,2021,0.7727272727272727
R7,09,栃木県,0902,県西,2022,1
R7,09,栃木県,0902,県西,2023,0.9473684210526315
R7,09,栃木県,0902,県西,2024,1
R7,09,栃木県,0902,県西,2025,1
R7,09,栃木県,0903,宇都宮,2015,1
R7,09,栃木県,0903,宇都宮,2018,0.9836065573770492
R7,09,栃木県,0903,宇都宮,2019,1
R7,09,栃木県,0903,宇都宮,2020,0.9137931034482759
R7,09,栃木県,0903,宇都宮,2021,0.8571428571428571
R7,09,栃木県,0903,宇都宮,2022,0.9636363636363636
R7,09,栃木県,0903,宇都宮,2023,0.9811320754716981
R7,09,栃木県,0903,宇都宮,2024,0.9411764705882353
R7,09,栃木県,0903,宇都宮,2025,0.9411764705882353
R7,09,栃木県,0904,県東,2015,1
R7,09,栃木県,0904,県東,2018,1
R7,09,栃木県,0904,県東,2019,1
R7,09,栃木県,0904,県東,2020,1
R7,09,栃木県,0904,県東,2021,1
R7,09,栃木県,0904,県東,2022,1
R7,09,栃木県,0904,県東,2023,1
R7,09,栃木県,0904,県東,2024,0.875
R7,09,栃木県,0904,県東,2025,0.875
R7,09,栃木県,0905,県南,2015,1
R7,09,栃木県,0905,県南,2018,1
R7,09,栃木県,0905,県南,2019,1
R7,09,栃木県,0905,県南,2020,0.9473684210526315
R7,09,栃木県,0905,県南,2021,0.9743589743589743
R7,09,栃木県,0905,県南,2022,1
R7,09,栃木県,0905,県南,2023,1
R7,09,栃木県,0905,県南,2024,1
R7,09,栃木県,0905,県南,2025,1
R7,09,栃木県,0906,両毛,2015,1
R7,09,栃木県,0906,両毛,2018,1
R7,09,栃木県,0906,両毛,2019,1
R7,09,栃木県,0906,両毛,2020,0.8888888888888888
R7,09,栃木県,0906,両毛,2021,0.8518518518518519
R7,09,栃木県,0906,両毛,2022,0.96
R7,09,栃木県,0906,両毛,2023,1
R7,09,栃木県,0906,両毛,2024,1
R7,09,栃木県,0906,両毛,2025,1
R7,10,群馬県,1001,前橋,2015,0.9743589743589743
R7,10,群馬県,1001,前橋,2018,0.975
R7,10,群馬県,1001,前橋,2019,1
R7,10,群馬県,1001,前橋,2020,1
R7,10,群馬県,1001,前橋,2021,1
R7,10,群馬県,1001,前橋,2022,1
R7,10,群馬県,1001,前橋,2023,1
R7,10,群馬県,1001,前橋,2024,1
R7,10,群馬県,1001,前橋,2025,1
R7,10,群馬県,1002,渋川,2015,1
R7,10,群馬県,1002,渋川,2018,1
R7,10,群馬県,1002,渋川,2019,1
R7,10,群馬県,1002,渋川,2020,1
R7,10,群馬県,1002,渋川,2021,1
R7,10,群馬県,1002,渋川,2022,1
R7,10,群馬県,1002,渋川,2023,1
R7,10,群馬県,1002,渋川,2024,1
R7,10,群馬県,1002,渋川,2025,1
R7,10,群馬県,1003,伊勢崎,2015,1
R7,10,群馬県,1003,伊勢崎,2018,0.9565217391304348
R7,10,群馬県,1003,伊勢崎,2019,1
R7,10,群馬県,1003,伊勢崎,2020,1
R7,10,群馬県,1003,伊勢崎,2021,1
R7,10,群馬県,1003,伊勢崎,2022,1
R7,10,群馬県,1003,伊勢崎,2023,1
R7,10,群馬県,1003,伊勢崎,2024,1
R7,10,群馬県,1003,伊勢崎,2025,1
R7,10,群馬県,1004,高崎・安中,2015,1
R7,10,群馬県,1004,高崎・安中,2018,1
R7,10,群馬県,1004,高崎・安中,2019,1
R7,10,群馬県,1004,高崎・安中,2020,1
R7,10,群馬県,1004,高崎・安中,2021,1
R7,10,群馬県,1004,高崎・安中,2022,1
R7,10,群馬県,1004,高崎・安中,2023,1
R7,10,群馬県,1004,高崎・安中,2024,1
R7,10,群馬県,1004,高崎・安中,2025,1
R7,10,群馬県,1005,藤岡,2015,1
R7,10,群馬県,1005,藤岡,2018,1
R7,10,群馬県,1005,藤岡,2019,1
R7,10,群馬県,1005,藤岡,2020,1
R7,10,群馬県,1005,藤岡,2021,1
R7,10,群馬県,1005,藤岡,2022,1
R7,10,群馬県,1005,藤岡,2023,1
R7,10,群馬県,1005,藤岡,2024,1
R7,10,群馬県,1005,藤岡,2025,1
R7,10,群馬県,1006,富岡,2015,0.8333333333333334
R7,10,群馬県,1006,富岡,2018,1
R7,10,群馬県,1006,富岡,2019,1
R7,10,群馬県,1006,富岡,2020,1
R7,10,群馬県,1006,富岡,2021,1
R7,10,群馬県,1006,富岡,2022,1
R7,10,群馬県,1006,富岡,2023,1
R7,10,群馬県,1006,富岡,2024,1
R7,10,群馬県,1006,富岡,2025,1
R7,10,群馬県,1007,吾妻,2015,1
R7,10,群馬県,1007,吾妻,2018,1
R7,10,群馬県,1007,吾妻,2019,1
R7,10,群馬県,1007,吾妻,2020,1
R7,10,群馬県,1007,吾妻,2021,1
R7,10,群馬県,1007,吾妻,2022,1
R7,10,群馬県,1007,吾妻,2023,1
R7,10,群馬県,1007,吾妻,2024,1
R7,10,群馬県,1007,吾妻,2025,1
R7,10,群馬県,1008,沼田,2015,1
R7,10,群馬県,1008,沼田,2018,1
R7,10,群馬県,1008,沼田,2019,1
R7,10,群馬県,1008,沼田,2020,1
R7,10,群馬県,1008,沼田,2021,1
R7,10,群馬県,1008,沼田,2022,1
R7,10,群馬県,1008,沼田,2023,1
R7,10,群馬県,1008,沼田,2024,1
R7,10,群馬県,1008,沼田,2025,1
R7,10,群馬県,1009,桐生,2015,0.9444444444444444
R7,10,群馬県,1009,桐生,2018,1
R7,10,群馬県,1009,桐生,2019,1
R7,10,群馬県,1009,桐生,2020,1
R7,10,群馬県,1009,桐生,2021,1
R7,10,群馬県,1009,桐生,2022,1
R7,10,群馬県,1009,桐生,2023,1
R7,10,群馬県,1009,桐生,2024,1
R7,10,群馬県,1009,桐生,2025,1
R7,10,群馬県,1010,太田・館林,2015,1
R7,10,群馬県,1010,太田・館林,2018,0.96
R7,10,群馬県,1010,太田・館林,2019,1
R7,10,群馬県,1010,太田・館林,2020,1
R7,10,群馬県,1010,太田・館林,2021,1
R7,10,群馬県,1010,太田・館林,2022,1
R7,10,群馬県,1010,太田・館林,2023,1
R7,10,群馬県,1010,太田・館林,2024,1
R7,10,群馬県,1010,太田・館林,2025,1
R7,11,埼玉県,1101,南部,2015,0.8409090909090909
R7,11,埼玉県,1101,南部,2018,0.9318181818181818
R7,11,埼玉県,1101,南部,2019,0.9761904761904762
R7,11,埼玉県,1101,南部,2020,1
R7,11,埼玉県,1101,南部,2021,0.975609756097561
R7,11,埼玉県,1101,南部,2022,0.9743589743589743
R7,11,埼玉県,1101,南部,2023,0.972972972972973
R7,11,埼玉県,1101,南部,2024,1
R7,11,埼玉県,1101,南部,2025,1
R7,11,埼玉県,1102,南西部,2015,0.9024390243902439
R7,11,埼玉県,1102,南西部,2018,0.9285714285714286
R7,11,埼玉県,1102,南西部,2019,0.972972972972973
R7,11,埼玉県,1102,南西部,2020,0.975
R7,11,埼玉県,1102,南西部,2021,0.9512195121951219
R7,11,埼玉県,1102,南西部,2022,0.975609756097561
R7,11,埼玉県,1102,南西部,2023,0.926829268292683
R7,11,埼玉県,1102,南西部,2024,1
R7,11,埼玉県,1102,南西部,2025,1
R7,11,埼玉県,1103,東部,2015,0.9066666666666666
R7,11,埼玉県,1103,東部,2018,0.9358974358974359
R7,11,埼玉県,1103,東部,2019,0.9736842105263158
R7,11,埼玉県,1103,東部,2020,0.935064935064935
R7,11,埼玉県,1103,東部,2021,0.935064935064935
R7,11,埼玉県,1103,東部,2022,0.96
R7,11,埼玉県,1103,東部,2023,0.92
R7,11,埼玉県,1103,東部,2024,0.9863013698630136
R7,11,埼玉県,1103,東部,2025,0.9863013698630136
R7,11,埼玉県,1104,さいたま,2015,0.953125
R7,11,埼玉県,1104,さいたま,2018,0.9384615384615385
R7,11,埼玉県,1104,さいたま,2019,0.9375
R7,11,埼玉県,1104,さいたま,2020,0.9365079365079365
R7,11,埼玉県,1104,さいたま,2021,0.8870967741935484
R7,11,埼玉県,1104,さいたま,2022,0.9016393442622951
R7,11,埼玉県,1104,さいたま,2023,0.95
R7,11,埼玉県,1104,さいたま,2024,1
R7,11,埼玉県,1104,さいたま,2025,1
R7,11,埼玉県,1105,県央,2015,0.8484848484848485
R7,11,埼玉県,1105,県央,2018,0.9393939393939394
R7,11,埼玉県,1105,県央,2019,0.9393939393939394
R7,11,埼玉県,1105,県央,2020,0.9393939393939394
R7,11,埼玉県,1105,県央,2021,0.8484848484848485
R7,11,埼玉県,1105,県央,2022,0.8709677419354839
R7,11,埼玉県,1105,県央,2023,0.90625
R7,11,埼玉県,1105,県央,2024,1
R7,11,埼玉県,1105,県央,2025,1
R7,11,埼玉県,1106,川越比企,2015,0.890625
R7,11,埼玉県,1106,川越比企,2018,0.9375
R7,11,埼玉県,1106,川越比企,2019,0.967741935483871
R7,11,埼玉県,1106,川越比企,2020,0.9516129032258065
R7,11,埼玉県,1106,川越比企,2021,0.9523809523809523
R7,11,埼玉県,1106,川越比企,2022,0.9836065573770492
R7,11,埼玉県,1106,川越比企,2023,0.9833333333333333
R7,11,埼玉県,1106,川越比企,2024,1
R7,11,埼玉県,1106,川越比企,2025,1
R7,11,埼玉県,1107,西部,2015,0.9565217391304348
R7,11,埼玉県,1107,西部,2018,0.9420289855072463
R7,11,埼玉県,1107,西部,2019,0.9384615384615385
R7,11,埼玉県,1107,西部,2020,0.984375
R7,11,埼玉県,1107,西部,2021,0.953125
R7,11,埼玉県,1107,西部,2022,0.96875
R7,11,埼玉県,1107,西部,2023,0.9375
R7,11,埼玉県,1107,西部,2024,1
R7,11,埼玉県,1107,西部,2025,1
R7,11,埼玉県,1108,利根,2015,0.9555555555555556
R7,11,埼玉県,1108,利根,2018,0.9791666666666666
R7,11,埼玉県,1108,利根,2019,0.9787234042553191
R7,11,埼玉県,1108,利根,2020,0.8936170212765957
R7,11,埼玉県,1108,利根,2021,0.9555555555555556
R7,11,埼玉県,1108,利根,2022,0.9545454545454546
R7,11,埼玉県,1108,利根,2023,0.9772727272727273
R7,11,埼玉県,1108,利根,2024,1
R7,11,埼玉県,1108,利根,2025,1
R7,11,埼玉県,1109,北部,2015,0.88
R7,11,埼玉県,1109,北部,2018,0.9591836734693877
R7,11,埼玉県,1109,北部,2019,0.9787234042553191
R7,11,埼玉県,1109,北部,2020,0.9787234042553191
R7,11,埼玉県,1109,北部,2021,0.9583333333333334
R7,11,埼玉県,1109,北部,2022,0.9583333333333334
R7,11,埼玉県,1109,北部,2023,1
R7,11,埼玉県,1109,北部,2024,1
R7,11,埼玉県,1109,北部,2025,1
R7,11,埼玉県,1110,秩父,2015,0.8571428571428571
R7,11,埼玉県,1110,秩父,2018,0.8461538461538461
R7,11,埼玉県,1110,秩父,2019,0.9166666666666666
R7,11,埼玉県,1110,秩父,2020,0.8333333333333334
R7,11,埼玉県,1110,秩父,2021,0.8181818181818182
R7,11,埼玉県,1110,秩父,2022,0.9090909090909091
R7,11,埼玉県,1110,秩父,2023,0.9090909090909091
R7,11,埼玉県,1110,秩父,2024,1
R7,11,埼玉県,1110,秩父,2025,1
R7,12,千葉県,1201,千葉,2015,0.9594594594594594
R7,12,千葉県,1201,千葉,2018,0.9466666666666667
R7,12,千葉県,1201,千葉,2019,0.9066666666666666
R7,12,千葉県,1201,千葉,2020,0.9420289855072463
R7,12,千葉県,1201,千葉,2021,0.9264705882352942
R7,12,千葉県,1201,千葉,2022,0.9090909090909091
R7,12,千葉県,1201,千葉,2023,0.96875
R7,12,千葉県,1201,千葉,2024,0.984375
R7,12,千葉県,1201,千葉,2025,0.984375
R7,12,千葉県,1202,東葛南部,2015,0.989247311827957
R7,12,千葉県,1202,東葛南部,2018,0.9523809523809523
R7,12,千葉県,1202,東葛南部,2019,0.9285714285714286
R7,12,千葉県,1202,東葛南部,2020,0.9411764705882353
R7,12,千葉県,1202,東葛南部,2021,0.9285714285714286
R7,12,千葉県,1202,東葛南部,2022,0.9036144578313253
R7,12,千葉県,1202,東葛南部,2023,0.9876543209876543
R7,12,千葉県,1202,東葛南部,2024,0.9871794871794872
R7,12,千葉県,1202,東葛南部,2025,0.9871794871794872
R7,12,千葉県,1203,東葛北部,2015,0.9487179487179487
R7,12,千葉県,1203,東葛北部,2018,0.9868421052631579
R7,12,千葉県,1203,東葛北部,2019,0.9863013698630136
R7,12,千葉県,1203,東葛北部,2020,0.96
R7,12,千葉県,1203,東葛北部,2021,0.9305555555555556
R7,12,千葉県,1203,東葛北部,2022,0.9428571428571428
R7,12,千葉県,1203,東葛北部,2023,1
R7,12,千葉県,1203,東葛北部,2024,1
R7,12,千葉県,1203,東葛北部,2025,1
R7,12,千葉県,1204,印旛,2015,0.9782608695652174
R7,12,千葉県,1204,印旛,2018,1
R7,12,千葉県,1204,印旛,2019,0.9777777777777777
R7,12,千葉県,1204,印旛,2020,1
R7,12,千葉県,1204,印旛,2021,0.9545454545454546
R7,12,千葉県,1204,印旛,2022,0.9318181818181818
R7,12,千葉県,1204,印旛,2023,1
R7,12,千葉県,1204,印旛,2024,0.9523809523809523
R7,12,千葉県,1204,印旛,2025,0.9523809523809523
R7,12,千葉県,1205,香取海匝,2015,0.9642857142857143
R7,12,千葉県,1205,香取海匝,2018,0.9615384615384616
R7,12,千葉県,1205,香取海匝,2019,1
R7,12,千葉県,1205,香取海匝,2020,0.96
R7,12,千葉県,1205,香取海匝,2021,1
R7,12,千葉県,1205,香取海匝,2022,1
R7,12,千葉県,1205,香取海匝,2023,1
R7,12,千葉県,1205,香取海匝,2024,1
R7,12,千葉県,1205,香取海匝,2025,1
R7,12,千葉県,1206,山武長生夷隅,2015,0.9714285714285714
R7,12,千葉県,1206,山武長生夷隅,2018,0.9444444444444444
R7,12,千葉県,1206,山武長生夷隅,2019,0.9705882352941176
R7,12,千葉県,1206,山武長生夷隅,2020,0.9705882352941176
R7,12,千葉県,1206,山武長生夷隅,2021,0.9393939393939394
R7,12,千葉県,1206,山武長生夷隅,2022,0.9090909090909091
R7,12,千葉県,1206,山武長生夷隅,2023,1
R7,12,千葉県,1206,山武長生夷隅,2024,1
R7,12,千葉県,1206,山武長生夷隅,2025,1
R7,12,千葉県,1207,安房,2015,1
R7,12,千葉県,1207,安房,2018,0.96
R7,12,千葉県,1207,安房,2019,0.96
R7,12,千葉県,1207,安房,2020,0.9583333333333334
R7,12,千葉県,1207,安房,2021,0.9583333333333334
R7,12,千葉県,1207,安房,2022,0.875
R7,12,千葉県,1207,安房,2023,1
R7,12,千葉県,1207,安房,2024,1
R7,12,千葉県,1207,安房,2025,1
R7,12,千葉県,1208,君津,2015,0.9655172413793104
R7,12,千葉県,1208,君津,2018,0.9285714285714286
R7,12,千葉県,1208,君津,2019,0.9310344827586207
R7,12,千葉県,1208,君津,2020,0.9655172413793104
R7,12,千葉県,1208,君津,2021,0.8620689655172413
R7,12,千葉県,1208,君津,2022,0.9310344827586207
R7,12,千葉県,1208,君津,2023,1
R7,12,千葉県,1208,君津,2024,1
R7,12,千葉県,1208,君津,2025,1
R7,12,千葉県,1209,市原,2015,1
R7,12,千葉県,1209,市原,2018,1
R7,12,千葉県,1209,市原,2019,1
R7,12,千葉県,1209,市原,2020,1
R7,12,千葉県,1209,市原,2021,1
R7,12,千葉県,1209,市原,2022,1
R7,12,千葉県,1209,市原,2023,1
R7,12,千葉県,1209,市原,2024,1
R7,12,千葉県,1209,市原,2025,1
R7,13,東京都,1301,区中央部,2015,0.9767441860465116
R7,13,東京都,1301,区中央部,2018,0.9078947368421053
R7,13,東京都,1301,区中央部,2019,0.9722222222222222
R7,13,東京都,1301,区中央部,2020,0.9178082191780822
R7,13,東京都,1301,区中央部,2021,0.9305555555555556
R7,13,東京都,1301,区中央部,2022,0.9577464788732394
R7,13,東京都,1301,区中央部,2023,0.9726027397260274
R7,13,東京都,1301,区中央部,2024,0.9710144927536232
R7,13,東京都,1301,区中央部,2025,0.9710144927536232
R7,13,東京都,1302,区南部,2015,0.9253731343283582
R7,13,東京都,1302,区南部,2018,0.9365079365079365
R7,13,東京都,1302,区南部,2019,0.9333333333333333
R7,13,東京都,1302,区南部,2020,0.9508196721311475
R7,13,東京都,1302,区南部,2021,0.9
R7,13,東京都,1302,区南部,2022,0.9655172413793104
R7,13,東京都,1302,区南部,2023,1
R7,13,東京都,1302,区南部,2024,0.9827586206896551
R7,13,東京都,1302,区南部,2025,0.9827586206896551
R7,13,東京都,1303,区西南部,2015,0.956989247311828
R7,13,東京都,1303,区西南部,2018,0.9058823529411765
R7,13,東京都,1303,区西南部,2019,0.9397590361445783
R7,13,東京都,1303,区西南部,2020,0.8095238095238095
R7,13,東京都,1303,区西南部,2021,0.8795180722891566
R7,13,東京都,1303,区西南部,2022,0.9047619047619048
R7,13,東京都,1303,区西南部,2023,0.9404761904761905
R7,13,東京都,1303,区西南部,2024,0.9390243902439024
R7,13,東京都,1303,区西南部,2025,0.9390243902439024
R7,13,東京都,1304,区西部,2015,0.9651162790697675
R7,13,東京都,1304,区西部,2018,0.92
R7,13,東京都,1304,区西部,2019,0.9154929577464789
R7,13,東京都,1304,区西部,2020,0.8873239436619719
R7,13,東京都,1304,区西部,2021,0.8714285714285714
R7,13,東京都,1304,区西部,2022,0.9285714285714286
R7,13,東京都,1304,区西部,2023,0.8857142857142857
R7,13,東京都,1304,区西部,2024,0.9558823529411765
R7,13,東京都,1304,区西部,2025,0.9558823529411765
R7,13,東京都,1305,区西北部,2015,0.9779411764705882
R7,13,東京都,1305,区西北部,2018,0.953125
R7,13,東京都,1305,区西北部,2019,0.96
R7,13,東京都,1305,区西北部,2020,0.8870967741935484
R7,13,東京都,1305,区西北部,2021,0.9186991869918699
R7,13,東京都,1305,区西北部,2022,0.9112903225806451
R7,13,東京都,1305,区西北部,2023,0.9435483870967742
R7,13,東京都,1305,区西北部,2024,0.991869918699187
R7,13,東京都,1305,区西北部,2025,0.991869918699187
R7,13,東京都,1306,区東北部,2015,0.9663865546218487
R7,13,東京都,1306,区東北部,2018,0.9915966386554622
R7,13,東京都,1306,区東北部,2019,0.9652173913043478
R7,13,東京都,1306,区東北部,2020,0.9159663865546218
R7,13,東京都,1306,区東北部,2021,0.9316239316239316
R7,13,東京都,1306,区東北部,2022,0.9649122807017544
R7,13,東京都,1306,区東北部,2023,0.9473684210526315
R7,13,東京都,1306,区東北部,2024,0.9908256880733946
R7,13,東京都,1306,区東北部,2025,0.9908256880733946
R7,13,東京都,1307,区東部,2015,0.9883720930232558
R7,13,東京都,1307,区東部,2018,0.9411764705882353
R7,13,東京都,1307,区東部,2019,0.9523809523809523
R7,13,東京都,1307,区東部,2020,0.8928571428571429
R7,13,東京都,1307,区東部,2021,0.8823529411764706
R7,13,東京都,1307,区東部,2022,0.9047619047619048
R7,13,東京都,1307,区東部,2023,0.9302325581395349
R7,13,東京都,1307,区東部,2024,0.9878048780487805
R7,13,東京都,1307,区東部,2025,0.9878048780487805
R7,13,東京都,1308,西多摩,2015,1
R7,13,東京都,1308,西多摩,2018,0.9696969696969697
R7,13,東京都,1308,西多摩,2019,1
R7,13,東京都,1308,西多摩,2020,0.8666666666666667
R7,13,東京都,1308,西多摩,2021,1
R7,13,東京都,1308,西多摩,2022,1
R7,13,東京都,1308,西多摩,2023,1
R7,13,東京都,1308,西多摩,2024,0.9655172413793104
R7,13,東京都,1308,西多摩,2025,0.9655172413793104
R7,13,東京都,1309,南多摩,2015,0.9693877551020408
R7,13,東京都,1309,南多摩,2018,0.9456521739130435
R7,13,東京都,1309,南多摩,2019,0.9666666666666667
R7,13,東京都,1309,南多摩,2020,0.9239130434782609
R7,13,東京都,1309,南多摩,2021,0.9021739130434783
R7,13,東京都,1309,南多摩,2022,0.9032258064516129
R7,13,東京都,1309,南多摩,2023,0.9456521739130435
R7,13,東京都,1309,南多摩,2024,0.989010989010989
R7,13,東京都,1309,南多摩,2025,0.989010989010989
R7,13,東京都,1310,北多摩西部,2015,1
R7,13,東京都,1310,北多摩西部,2018,1
R7,13,東京都,1310,北多摩西部,2019,1
R7,13,東京都,1310,北多摩西部,2020,0.9090909090909091
R7,13,東京都,1310,北多摩西部,2021,0.9696969696969697
R7,13,東京都,1310,北多摩西部,2022,1
R7,13,東京都,1310,北多摩西部,2023,1
R7,13,東京都,1310,北多摩西部,2024,1
R7,13,東京都,1310,北多摩西部,2025,1
R7,13,東京都,1311,北多摩南部,2015,1
R7,13,東京都,1311,北多摩南部,2018,0.9807692307692307
R7,13,東京都,1311,北多摩南部,2019,0.9423076923076923
R7,13,東京都,1311,北多摩南部,2020,0.8679245283018868
R7,13,東京都,1311,北多摩南部,2021,0.9215686274509803
R7,13,東京都,1311,北多摩南部,2022,0.98
R7,13,東京都,1311,北多摩南部,2023,0.9583333333333334
R7,13,東京都,1311,北多摩南部,2024,1
R7,13,東京都,1311,北多摩南部,2025,1
R7,13,東京都,1312,北多摩北部,2015,0.9534883720930233
R7,13,東京都,1312,北多摩北部,2018,0.9523809523809523
R7,13,東京都,1312,北多摩北部,2019,0.9743589743589743
R7,13,東京都,1312,北多摩北部,2020,1
R7,13,東京都,1312,北多摩北部,2021,0.975
R7,13,東京都,1312,北多摩北部,2022,0.975
R7,13,東京都,1312,北多摩北部,2023,1
R7,13,東京都,1312,北多摩北部,2024,1
R7,13,東京都,1312,北多摩北部,2025,1
R7,13,東京都,1313,島しょ,2015,1
R7,13,東京都,1313,島しょ,2018,1
R7,13,東京都,1313,島しょ,2019,1
R7,13,東京都,1313,島しょ,2020,0.9
R7,13,東京都,1313,島しょ,2021,0.9
R7,13,東京都,1313,島しょ,2022,0.9
R7,13,東京都,1313,島しょ,2023,0.8
R7,13,東京都,1313,島しょ,2024,1
R7,13,東京都,1313,島しょ,2025,1
R7,14,神奈川県,1404,川崎北部,2015,0.9032258064516129
R7,14,神奈川県,1404,川崎北部,2018,0.9655172413793104
R7,14,神奈川県,1404,川崎北部,2019,1
R7,14,神奈川県,1404,川崎北部,2020,1
R7,14,神奈川県,1404,川崎北部,2021,0.9310344827586207
R7,14,神奈川県,1404,川崎北部,2022,1
R7,14,神奈川県,1404,川崎北部,2023,1
R7,14,神奈川県,1404,川崎北部,2024,1
R7,14,神奈川県,1404,川崎北部,2025,1
R7,14,神奈川県,1405,川崎南部,2015,0.9722222222222222
R7,14,神奈川県,1405,川崎南部,2018,1
R7,14,神奈川県,1405,川崎南部,2019,1
R7,14,神奈川県,1405,川崎南部,2020,1
R7,14,神奈川県,1405,川崎南部,2021,0.9642857142857143
R7,14,神奈川県,1405,川崎南部,2022,1
R7,14,神奈川県,1405,川崎南部,2023,1
R7,14,神奈川県,1405,川崎南部,2024,1
R7,14,神奈川県,1405,川崎南部,2025,1
R7,14,神奈川県,1406,横須賀・三浦,2015,0.9811320754716981
R7,14,神奈川県,1406,横須賀・三浦,2018,1
R7,14,神奈川県,1406,横須賀・三浦,2019,1
R7,14,神奈川県,1406,横須賀・三浦,2020,0.9782608695652174
R7,14,神奈川県,1406,横須賀・三浦,2021,0.9767441860465116
R7,14,神奈川県,1406,横須賀・三浦,2022,1
R7,14,神奈川県,1406,横須賀・三浦,2023,1
R7,14,神奈川県,1406,横須賀・三浦,2024,1
R7,14,神奈川県,1406,横須賀・三浦,2025,1
R7,14,神奈川県,1407,湘南東部,2015,1
R7,14,神奈川県,1407,湘南東部,2018,1
R7,14,神奈川県,1407,湘南東部,2019,1
R7,14,神奈川県,1407,湘南東部,2020,1
R7,14,神奈川県,1407,湘南東部,2021,1
R7,14,神奈川県,1407,湘南東部,2022,0.9714285714285714
R7,14,神奈川県,1407,湘南東部,2023,1
R7,14,神奈川県,1407,湘南東部,2024,1
R7,14,神奈川県,1407,湘南東部,2025,1
R7,14,神奈川県,1408,湘南西部,2015,1
R7,14,神奈川県,1408,湘南西部,2018,1
R7,14,神奈川県,1408,湘南西部,2019,0.9629629629629629
R7,14,神奈川県,1408,湘南西部,2020,0.9629629629629629
R7,14,神奈川県,1408,湘南西部,2021,0.9615384615384616
R7,14,神奈川県,1408,湘南西部,2022,0.9615384615384616
R7,14,神奈川県,1408,湘南西部,2023,1
R7,14,神奈川県,1408,湘南西部,2024,1
R7,14,神奈川県,1408,湘南西部,2025,1
R7,14,神奈川県,1409,県央,2015,0.9795918367346939
R7,14,神奈川県,1409,県央,2018,1
R7,14,神奈川県,1409,県央,2019,1
R7,14,神奈川県,1409,県央,2020,0.9787234042553191
R7,14,神奈川県,1409,県央,2021,1
R7,14,神奈川県,1409,県央,2022,0.9777777777777777
R7,14,神奈川県,1409,県央,2023,1
R7,14,神奈川県,1409,県央,2024,1
R7,14,神奈川県,1409,県央,2025,1
R7,14,神奈川県,1410,相模原,2015,0.9555555555555556
R7,14,神奈川県,1410,相模原,2018,1
R7,14,神奈川県,1410,相模原,2019,1
R7,14,神奈川県,1410,相模原,2020,1
R7,14,神奈川県,1410,相模原,2021,1
R7,14,神奈川県,1410,相模原,2022,1
R7,14,神奈川県,1410,相模原,2023,1
R7,14,神奈川県,1410,相模原,2024,1
R7,14,神奈川県,1410,相模原,2025,1
R7,14,神奈川県,1411,県西,2015,0.9310344827586207
R7,14,神奈川県,1411,県西,2018,0.9666666666666667
R7,14,神奈川県,1411,県西,2019,0.9333333333333333
R7,14,神奈川県,1411,県西,2020,0.9
R7,14,神奈川県,1411,県西,2021,0.9310344827586207
R7,14,神奈川県,1411,県西,2022,0.9655172413793104
R7,14,神奈川県,1411,県西,2023,1
R7,14,神奈川県,1411,県西,2024,1
R7,14,神奈川県,1411,県西,2025,1
R7,14,神奈川県,1412,横浜,2015,0.9346733668341709
R7,14,神奈川県,1412,横浜,2018,0.9893048128342246
R7,14,神奈川県,1412,横浜,2019,0.9945054945054945
R7,14,神奈川県,1412,横浜,2020,0.9664804469273743
R7,14,神奈川県,1412,横浜,2021,0.9615384615384616
R7,14,神奈川県,1412,横浜,2022,0.9943820224719101
R7,14,神奈川県,1412,横浜,2023,0.9885714285714285
R7,14,神奈川県,1412,横浜,2024,1
R7,14,神奈川県,1412,横浜,2025,1
R7,15,新潟県,1501,下越,2015,1
R7,15,新潟県,1501,下越,2018,1
R7,15,新潟県,1501,下越,2019,1
R7,15,新潟県,1501,下越,2020,1
R7,15,新潟県,1501,下越,2021,1
R7,15,新潟県,1501,下越,2022,0.9375
R7,15,新潟県,1501,下越,2023,1
R7,15,新潟県,1501,下越,2024,1
R7,15,新潟県,1501,下越,2025,1
R7,15,新潟県,1502,新潟,2015,0.921875
R7,15,新潟県,1502,新潟,2018,0.9682539682539683
R7,15,新潟県,1502,新潟,2019,1
R7,15,新潟県,1502,新潟,2020,0.9672131147540983
R7,15,新潟県,1502,新潟,2021,0.9491525423728814
R7,15,新潟県,1502,新潟,2022,0.9473684210526315
R7,15,新潟県,1502,新潟,2023,1
R7,15,新潟県,1502,新潟,2024,0.9824561403508771
R7,15,新潟県,1502,新潟,2025,0.9824561403508771
R7,15,新潟県,1503,県央,2015,0.8888888888888888
R7,15,新潟県,1503,県央,2018,0.875
R7,15,新潟県,1503,県央,2019,0.9375
R7,15,新潟県,1503,県央,2020,0.875
R7,15,新潟県,1503,県央,2021,0.9375
R7,15,新潟県,1503,県央,2022,0.9285714285714286
R7,15,新潟県,1503,県央,2023,1
R7,15,新潟県,1503,県央,2024,0.9166666666666666
R7,15,新潟県,1503,県央,2025,0.9166666666666666
R7,15,新潟県,1504,中越,2015,0.9583333333333334
R7,15,新潟県,1504,中越,2018,1
R7,15,新潟県,1504,中越,2019,1
R7,15,新潟県,1504,中越,2020,0.9411764705882353
R7,15,新潟県,1504,中越,2021,0.9411764705882353
R7,15,新潟県,1504,中越,2022,1
R7,15,新潟県,1504,中越,2023,1
R7,15,新潟県,1504,中越,2024,1
R7,15,新潟県,1504,中越,2025,1
R7,15,新潟県,1505,魚沼,2015,1
R7,15,新潟県,1505,魚沼,2018,1
R7,15,新潟県,1505,魚沼,2019,1
R7,15,新潟県,1505,魚沼,2020,1
R7,15,新潟県,1505,魚沼,2021,1
R7,15,新潟県,1505,魚沼,2022,0.9230769230769231
R7,15,新潟県,1505,魚沼,2023,1
R7,15,新潟県,1505,魚沼,2024,1
R7,15,新潟県,1505,魚沼,2025,1
R7,15,新潟県,1506,上越,2015,0.9
R7,15,新潟県,1506,上越,2018,1
R7,15,新潟県,1506,上越,2019,1
R7,15,新潟県,1506,上越,2020,0.9375
R7,15,新潟県,1506,上越,2021,0.9375
R7,15,新潟県,1506,上越,2022,0.9375
R7,15,新潟県,1506,上越,2023,1
R7,15,新潟県,1506,上越,2024,0.9333333333333333
R7,15,新潟県,1506,上越,2025,0.9333333333333333
R7,15,新潟県,1507,佐渡,2015,1
R7,15,新潟県,1507,佐渡,2018,1
R7,15,新潟県,1507,佐渡,2019,1
R7,15,新潟県,1507,佐渡,2020,1
R7,15,新潟県,1507,佐渡,2021,1
R7,15,新潟県,1507,佐渡,2022,1
R7,15,新潟県,1507,佐渡,2023,1
R7,15,新潟県,1507,佐渡,2024,1
R7,15,新潟県,1507,佐渡,2025,1
R7,16,富山県,1601,新川,2015,0.9333333333333333
R7,16,富山県,1601,新川,2018,1
R7,16,富山県,1601,新川,2019,1
R7,16,富山県,1601,新川,2020,1
R7,16,富山県,1601,新川,2021,1
R7,16,富山県,1601,新川,2022,1
R7,16,富山県,1601,新川,2023,1
R7,16,富山県,1601,新川,2024,1
R7,16,富山県,1601,新川,2025,1
R7,16,富山県,1602,富山,2015,0.953125
R7,16,富山県,1602,富山,2018,1
R7,16,富山県,1602,富山,2019,1
R7,16,富山県,1602,富山,2020,1
R7,16,富山県,1602,富山,2021,1
R7,16,富山県,1602,富山,2022,0.9830508474576272
R7,16,富山県,1602,富山,2023,1
R7,16,富山県,1602,富山,2024,1
R7,16,富山県,1602,富山,2025,1
R7,16,富山県,1603,高岡,2015,0.9230769230769231
R7,16,富山県,1603,高岡,2018,1
R7,16,富山県,1603,高岡,2019,1
R7,16,富山県,1603,高岡,2020,0.9696969696969697
R7,16,富山県,1603,高岡,2021,1
R7,16,富山県,1603,高岡,2022,0.9666666666666667
R7,16,富山県,1603,高岡,2023,1
R7,16,富山県,1603,高岡,2024,1
R7,16,富山県,1603,高岡,2025,1
R7,16,富山県,1604,砺波,2015,1
R7,16,富山県,1604,砺波,2018,1
R7,16,富山県,1604,砺波,2019,1
R7,16,富山県,1604,砺波,2020,1
R7,16,富山県,1604,砺波,2021,1
R7,16,富山県,1604,砺波,2022,1
R7,16,富山県,1604,砺波,2023,1
R7,16,富山県,1604,砺波,2024,1
R7,16,富山県,1604,砺波,2025,1
R7,17,石川県,1701,南加賀,2015,0.9696969696969697
R7,17,石川県,1701,南加賀,2018,1
R7,17,石川県,1701,南加賀,2019,0.9666666666666667
R7,17,石川県,1701,南加賀,2020,1
R7,17,石川県,1701,南加賀,2021,0.9655172413793104
R7,17,石川県,1701,南加賀,2022,0.9642857142857143
R7,17,石川県,1701,南加賀,2023,1
R7,17,石川県,1701,南加賀,2024,1
R7,17,石川県,1701,南加賀,2025,1
R7,17,石川県,1702,石川中央,2015,0.925531914893617
R7,17,石川県,1702,石川中央,2018,1
R7,17,石川県,1702,石川中央,2019,0.9886363636363636
R7,17,石川県,1702,石川中央,2020,1
R7,17,石川県,1702,石川中央,2021,0.9880952380952381
R7,17,石川県,1702,石川中央,2022,1
R7,17,石川県,1702,石川中央,2023,1
R7,17,石川県,1702,石川中央,2024,1
R7,17,石川県,1702,石川中央,2025,1
R7,17,石川県,1703,能登中部,2015,0.7777777777777778
R7,17,石川県,1703,能登中部,2018,1
R7,17,石川県,1703,能登中部,2019,1
R7,17,石川県,1703,能登中部,2020,1
R7,17,石川県,1703,能登中部,2021,1
R7,17,石川県,1703,能登中部,2022,1
R7,17,石川県,1703,能登中部,2023,1
R7,17,石川県,1703,能登中部,2024,1
R7,17,石川県,1703,能登中部,2025,1
R7,17,石川県,1704,能登北部,2015,1
R7,17,石川県,1704,能登北部,2018,1
R7,17,石川県,1704,能登北部,2019,1
R7,17,石川県,1704,能登北部,2020,1
R7,17,石川県,1704,能登北部,2021,1
R7,17,石川県,1704,能登北部,2022,1
R7,17,石川県,1704,能登北部,2023,1
R7,17,石川県,1704,能登北部,2024,1
R7,17,石川県,1704,能登北部,2025,1
R7,18,福井県,1801,福井・坂井,2015,0.9466666666666667
R7,18,福井県,1801,福井・坂井,2018,1
R7,18,福井県,1801,福井・坂井,2019,1
R7,18,福井県,1801,福井・坂井,2020,1
R7,18,福井県,1801,福井・坂井,2021,0.9682539682539683
R7,18,福井県,1801,福井・坂井,2022,0.9836065573770492
R7,18,福井県,1801,福井・坂井,2023,1
R7,18,福井県,1801,福井・坂井,2024,1
R7,18,福井県,1801,福井・坂井,2025,1
R7,18,福井県,1802,奥越,2015,0.9166666666666666
R7,18,福井県,1802,奥越,2018,1
R7,18,福井県,1802,奥越,2019,1
R7,18,福井県,1802,奥越,2020,1
R7,18,福井県,1802,奥越,2021,1
R7,18,福井県,1802,奥越,2022,1
R7,18,福井県,1802,奥越,2023,1
R7,18,福井県,1802,奥越,2024,1
R7,18,福井県,1802,奥越,2025,1
R7,18,福井県,1803,丹南,2015,0.96875
R7,18,福井県,1803,丹南,2018,1
R7,18,福井県,1803,丹南,2019,1
R7,18,福井県,1803,丹南,2020,1
R7,18,福井県,1803,丹南,2021,1
R7,18,福井県,1803,丹南,2022,1
R7,18,福井県,1803,丹南,2023,1
R7,18,福井県,1803,丹南,2024,1
R7,18,福井県,1803,丹南,2025,1
R7,18,福井県,1804,嶺南,2015,1
R7,18,福井県,1804,嶺南,2018,1
R7,18,福井県,1804,嶺南,2019,1
R7,18,福井県,1804,嶺南,2020,1
R7,18,福井県,1804,嶺南,2021,1
R7,18,福井県,1804,嶺南,2022,1
R7,18,福井県,1804,嶺南,2023,1
R7,18,福井県,1804,嶺南,2024,1
R7,18,福井県,1804,嶺南,2025,1
R7,19,山梨県,1901,中北,2015,0.9814814814814815
R7,19,山梨県,1901,中北,2018,1
R7,19,山梨県,1901,中北,2019,1
R7,19,山梨県,1901,中北,2020,1
R7,19,山梨県,1901,中北,2021,0.9411764705882353
R7,19,山梨県,1901,中北,2022,1
R7,19,山梨県,1901,中北,2023,1
R7,19,山梨県,1901,中北,2024,1
R7,19,山梨県,1901,中北,2025,1
R7,19,山梨県,1902,峡東,2015,1
R7,19,山梨県,1902,峡東,2018,1
R7,19,山梨県,1902,峡東,2019,1
R7,19,山梨県,1902,峡東,2020,1
R7,19,山梨県,1902,峡東,2021,1
R7,19,山梨県,1902,峡東,2022,1
R7,19,山梨県,1902,峡東,2023,1
R7,19,山梨県,1902,峡東,2024,1
R7,19,山梨県,1902,峡東,2025,1
R7,19,山梨県,1903,峡南,2015,1
R7,19,山梨県,1903,峡南,2018,1
R7,19,山梨県,1903,峡南,2019,1
R7,19,山梨県,1903,峡南,2020,1
R7,19,山梨県,1903,峡南,2021,1
R7,19,山梨県,1903,峡南,2022,1
R7,19,山梨県,1903,峡南,2023,1
R7,19,山梨県,1903,峡南,2024,1
R7,19,山梨県,1903,峡南,2025,1
R7,19,山梨県,1904,富士・東部,2015,1
R7,19,山梨県,1904,富士・東部,2018,1
R7,19,山梨県,1904,富士・東部,2019,1
R7,19,山梨県,1904,富士・東部,2020,1
R7,19,山梨県,1904,富士・東部,2021,0.9
R7,19,山梨県,1904,富士・東部,2022,1
R7,19,山梨県,1904,富士・東部,2023,1
R7,19,山梨県,1904,富士・東部,2024,1
R7,19,山梨県,1904,富士・東部,2025,1
R7,20,長野県,2001,佐久,2015,0.9473684210526315
R7,20,長野県,2001,佐久,2018,0.9444444444444444
R7,20,長野県,2001,佐久,2019,1
R7,20,長野県,2001,佐久,2020,1
R7,20,長野県,2001,佐久,2021,1
R7,20,長野県,2001,佐久,2022,1
R7,20,長野県,2001,佐久,2023,1
R7,20,長野県,2001,佐久,2024,1
R7,20,長野県,2001,佐久,2025,1
R7,20,長野県,2002,上小,2015,0.9583333333333334
R7,20,長野県,2002,上小,2018,1
R7,20,長野県,2002,上小,2019,1
R7,20,長野県,2002,上小,2020,0.9545454545454546
R7,20,長野県,2002,上小,2021,1
R7,20,長野県,2002,上小,2022,1
R7,20,長野県,2002,上小,2023,1
R7,20,長野県,2002,上小,2024,1
R7,20,長野県,2002,上小,2025,1
R7,20,長野県,2003,諏訪,2015,1
R7,20,長野県,2003,諏訪,2018,1
R7,20,長野県,2003,諏訪,2019,1
R7,20,長野県,2003,諏訪,2020,1
R7,20,長野県,2003,諏訪,2021,1
R7,20,長野県,2003,諏訪,2022,1
R7,20,長野県,2003,諏訪,2023,1
R7,20,長野県,2003,諏訪,2024,1
R7,20,長野県,2003,諏訪,2025,1
R7,20,長野県,2004,上伊那,2015,0.9090909090909091
R7,20,長野県,2004,上伊那,2018,0.9
R7,20,長野県,2004,上伊那,2019,0.9
R7,20,長野県,2004,上伊那,2020,0.9
R7,20,長野県,2004,上伊那,2021,1
R7,20,長野県,2004,上伊那,2022,1
R7,20,長野県,2004,上伊那,2023,1
R7,20,長野県,2004,上伊那,2024,1
R7,20,長野県,2004,上伊那,2025,1
R7,20,長野県,2005,飯伊,2015,1
R7,20,長野県,2005,飯伊,2018,0.9230769230769231
R7,20,長野県,2005,飯伊,2019,0.9230769230769231
R7,20,長野県,2005,飯伊,2020,1
R7,20,長野県,2005,飯伊,2021,1
R7,20,長野県,2005,飯伊,2022,1
R7,20,長野県,2005,飯伊,2023,1
R7,20,長野県,2005,飯伊,2024,1
R7,20,長野県,2005,飯伊,2025,1
R7,20,長野県,2006,木曽,2015,1
R7,20,長野県,2006,木曽,2018,1
R7,20,長野県,2006,木曽,2019,1
R7,20,長野県,2006,木曽,2020,1
R7,20,長野県,2006,木曽,2021,1
R7,20,長野県,2006,木曽,2022,1
R7,20,長野県,2006,木曽,2023,1
R7,20,長野県,2006,木曽,2024,1
R7,20,長野県,2006,木曽,2025,1
R7,20,長野県,2007,松本,2015,0.9
R7,20,長野県,2007,松本,2018,0.8611111111111112
R7,20,長野県,2007,松本,2019,0.8571428571428571
R7,20,長野県,2007,松本,2020,0.8611111111111112
R7,20,長野県,2007,松本,2021,0.9722222222222222
R7,20,長野県,2007,松本,2022,1
R7,20,長野県,2007,松本,2023,1
R7,20,長野県,2007,松本,2024,0.9705882352941176
R7,20,長野県,2007,松本,2025,0.9705882352941176
R7,20,長野県,2008,大北,2015,1
R7,20,長野県,2008,大北,2018,1
R7,20,長野県,2008,大北,2019,1
R7,20,長野県,2008,大北,2020,1
R7,20,長野県,2008,大北,2021,1
R7,20,長野県,2008,大北,2022,1
R7,20,長野県,2008,大北,2023,1
R7,20,長野県,2008,大北,2024,1
R7,20,長野県,2008,大北,2025,1
R7,20,長野県,2009,長野,2015,0.9807692307692307
R7,20,長野県,2009,長野,2018,0.9807692307692307
R7,20,長野県,2009,長野,2019,0.9607843137254902
R7,20,長野県,2009,長野,2020,1
R7,20,長野県,2009,長野,2021,1
R7,20,長野県,2009,長野,2022,1
R7,20,長野県,2009,長野,2023,1
R7,20,長野県,2009,長野,2024,1
R7,20,長野県,2009,長野,2025,1
R7,20,長野県,2010,北信,2015,1
R7,20,長野県,2010,北信,2018,1
R7,20,長野県,2010,北信,2019,1
R7,20,長野県,2010,北信,2020,1
R7,20,長野県,2010,北信,2021,1
R7,20,長野県,2010,北信,2022,1
R7,20,長野県,2010,北信,2023,1
R7,20,長野県,2010,北信,2024,1
R7,20,長野県,2010,北信,2025,1
R7,21,岐阜県,2101,岐阜,2015,0.9716981132075472
R7,21,岐阜県,2101,岐阜,2018,0.99
R7,21,岐阜県,2101,岐阜,2019,0.9693877551020408
R7,21,岐阜県,2101,岐阜,2020,0.9278350515463918
R7,21,岐阜県,2101,岐阜,2021,0.9587628865979382
R7,21,岐阜県,2101,岐阜,2022,0.9782608695652174
R7,21,岐阜県,2101,岐阜,2023,1
R7,21,岐阜県,2101,岐阜,2024,0.9655172413793104
R7,21,岐阜県,2101,岐阜,2025,0.9655172413793104
R7,21,岐阜県,2102,西濃,2015,1
R7,21,岐阜県,2102,西濃,2018,1
R7,21,岐阜県,2102,西濃,2019,0.9473684210526315
R7,21,岐阜県,2102,西濃,2020,0.9714285714285714
R7,21,岐阜県,2102,西濃,2021,1
R7,21,岐阜県,2102,西濃,2022,1
R7,21,岐阜県,2102,西濃,2023,1
R7,21,岐阜県,2102,西濃,2024,1
R7,21,岐阜県,2102,西濃,2025,1
R7,21,岐阜県,2103,中濃,2015,0.9714285714285714
R7,21,岐阜県,2103,中濃,2018,0.9428571428571428
R7,21,岐阜県,2103,中濃,2019,1
R7,21,岐阜県,2103,中濃,2020,0.9393939393939394
R7,21,岐阜県,2103,中濃,2021,0.9411764705882353
R7,21,岐阜県,2103,中濃,2022,0.9117647058823529
R7,21,岐阜県,2103,中濃,2023,1
R7,21,岐阜県,2103,中濃,2024,0.9375
R7,21,岐阜県,2103,中濃,2025,0.9375
R7,21,岐阜県,2104,東濃,2015,1
R7,21,岐阜県,2104,東濃,2018,1
R7,21,岐阜県,2104,東濃,2019,1
R7,21,岐阜県,2104,東濃,2020,1
R7,21,岐阜県,2104,東濃,2021,1
R7,21,岐阜県,2104,東濃,2022,1
R7,21,岐阜県,2104,東濃,2023,1
R7,21,岐阜県,2104,東濃,2024,1
R7,21,岐阜県,2104,東濃,2025,1
R7,21,岐阜県,2105,飛騨,2015,1
R7,21,岐阜県,2105,飛騨,2018,1
R7,21,岐阜県,2105,飛騨,2019,1
R7,21,岐阜県,2105,飛騨,2020,0.9285714285714286
R7,21,岐阜県,2105,飛騨,2021,0.9230769230769231
R7,21,岐阜県,2105,飛騨,2022,1
R7,21,岐阜県,2105,飛騨,2023,1
R7,21,岐阜県,2105,飛騨,2024,1
R7,21,岐阜県,2105,飛騨,2025,1
R7,22,静岡県,2201,賀茂,2015,0.9
R7,22,静岡県,2201,賀茂,2018,0.9
R7,22,静岡県,2201,賀茂,2019,1
R7,22,静岡県,2201,賀茂,2020,1
R7,22,静岡県,2201,賀茂,2021,1
R7,22,静岡県,2201,賀茂,2022,1
R7,22,静岡県,2201,賀茂,2023,1
R7,22,静岡県,2201,賀茂,2024,1
R7,22,静岡県,2201,賀茂,2025,1
R7,22,静岡県,2202,熱海伊東,2015,0.8947368421052632
R7,22,静岡県,2202,熱海伊東,2018,0.8333333333333334
R7,22,静岡県,2202,熱海伊東,2019,0.9444444444444444
R7,22,静岡県,2202,熱海伊東,2020,1
R7,22,静岡県,2202,熱海伊東,2021,1
R7,22,静岡県,2202,熱海伊東,2022,1
R7,22,静岡県,2202,熱海伊東,2023,1
R7,22,静岡県,2202,熱海伊東,2024,1
R7,22,静岡県,2202,熱海伊東,2025,1
R7,22,静岡県,2203,駿東田方,2015,0.9347826086956522
R7,22,静岡県,2203,駿東田方,2018,0.9659090909090909
R7,22,静岡県,2203,駿東田方,2019,0.9651162790697675
R7,22,静岡県,2203,駿東田方,2020,1
R7,22,静岡県,2203,駿東田方,2021,1
R7,22,静岡県,2203,駿東田方,2022,1
R7,22,静岡県,2203,駿東田方,2023,1
R7,22,静岡県,2203,駿東田方,2024,1
R7,22,静岡県,2203,駿東田方,2025,1
R7,22,静岡県,2204,富士,2015,0.926829268292683
R7,22,静岡県,2204,富士,2018,1
R7,22,静岡県,2204,富士,2019,1
R7,22,静岡県,2204,富士,2020,1
R7,22,静岡県,2204,富士,2021,1
R7,22,静岡県,2204,富士,2022,1
R7,22,静岡県,2204,富士,2023,1
R7,22,静岡県,2204,富士,2024,1
R7,22,静岡県,2204,富士,2025,1
R7,22,静岡県,2205,静岡,2015,0.9
R7,22,静岡県,2205,静岡,2018,0.9583333333333334
R7,22,静岡県,2205,静岡,2019,0.9534883720930233
R7,22,静岡県,2205,静岡,2020,1
R7,22,静岡県,2205,静岡,2021,1
R7,22,静岡県,2205,静岡,2022,1
R7,22,静岡県,2205,静岡,2023,1
R7,22,静岡県,2205,静岡,2024,1
R7,22,静岡県,2205,静岡,2025,1
R7,22,静岡県,2206,志太榛原,2015,0.9259259259259259
R7,22,静岡県,2206,志太榛原,2018,0.875
R7,22,静岡県,2206,志太榛原,2019,0.9583333333333334
R7,22,静岡県,2206,志太榛原,2020,1
R7,22,静岡県,2206,志太榛原,2021,1
R7,22,静岡県,2206,志太榛原,2022,1
R7,22,静岡県,2206,志太榛原,2023,1
R7,22,静岡県,2206,志太榛原,2024,1
R7,22,静岡県,2206,志太榛原,2025,1
R7,22,静岡県,2207,中東遠,2015,0.9666666666666667
R7,22,静岡県,2207,中東遠,2018,0.9333333333333333
R7,22,静岡県,2207,中東遠,2019,0.9655172413793104
R7,22,静岡県,2207,中東遠,2020,1
R7,22,静岡県,2207,中東遠,2021,1
R7,22,静岡県,2207,中東遠,2022,1
R7,22,静岡県,2207,中東遠,2023,1
R7,22,静岡県,2207,中東遠,2024,1
R7,22,静岡県,2207,中東遠,2025,1
R7,22,静岡県,2208,西部,2015,0.9726027397260274
R7,22,静岡県,2208,西部,2018,0.9285714285714286
R7,22,静岡県,2208,西部,2019,0.984375
R7,22,静岡県,2208,西部,2020,1
R7,22,静岡県,2208,西部,2021,1
R7,22,静岡県,2208,西部,2022,1
R7,22,静岡県,2208,西部,2023,1
R7,22,静岡県,2208,西部,2024,1
R7,22,静岡県,2208,西部,2025,1
R7,23,愛知県,2302,海部,2015,0.8888888888888888
R7,23,愛知県,2302,海部,2018,1
R7,23,愛知県,2302,海部,2019,1
R7,23,愛知県,2302,海部,2020,1
R7,23,愛知県,2302,海部,2021,1
R7,23,愛知県,2302,海部,2022,1
R7,23,愛知県,2302,海部,2023,1
R7,23,愛知県,2302,海部,2024,1
R7,23,愛知県,2302,海部,2025,1
R7,23,愛知県,2304,尾張東部,2015,0.9230769230769231
R7,23,愛知県,2304,尾張東部,2018,1
R7,23,愛知県,2304,尾張東部,2019,1
R7,23,愛知県,2304,尾張東部,2020,1
R7,23,愛知県,2304,尾張東部,2021,1
R7,23,愛知県,2304,尾張東部,2022,1
R7,23,愛知県,2304,尾張東部,2023,1
R7,23,愛知県,2304,尾張東部,2024,1
R7,23,愛知県,2304,尾張東部,2025,1
R7,23,愛知県,2305,尾張西部,2015,0.9787234042553191
R7,23,愛知県,2305,尾張西部,2018,1
R7,23,愛知県,2305,尾張西部,2019,1
R7,23,愛知県,2305,尾張西部,2020,1
R7,23,愛知県,2305,尾張西部,2021,1
R7,23,愛知県,2305,尾張西部,2022,1
R7,23,愛知県,2305,尾張西部,2023,1
R7,23,愛知県,2305,尾張西部,2024,1
R7,23,愛知県,2305,尾張西部,2025,1
R7,23,愛知県,2306,尾張北部,2015,0.9682539682539683
R7,23,愛知県,2306,尾張北部,2018,1
R7,23,愛知県,2306,尾張北部,2019,1
R7,23,愛知県,2306,尾張北部,2020,1
R7,23,愛知県,2306,尾張北部,2021,1
R7,23,愛知県,2306,尾張北部,2022,1
R7,23,愛知県,2306,尾張北部,2023,1
R7,23,愛知県,2306,尾張北部,2024,1
R7,23,愛知県,2306,尾張北部,2025,1
R7,23,愛知県,2307,知多半島,2015,1
R7,23,愛知県,2307,知多半島,2018,1
R7,23,愛知県,2307,知多半島,2019,1
R7,23,愛知県,2307,知多半島,2020,1
R7,23,愛知県,2307,知多半島,2021,1
R7,23,愛知県,2307,知多半島,2022,1
R7,23,愛知県,2307,知多半島,2023,1
R7,23,愛知県,2307,知多半島,2024,1
R7,23,愛知県,2307,知多半島,2025,1
R7,23,愛知県,2308,西三河北部,2015,0.9285714285714286
R7,23,愛知県,2308,西三河北部,2018,1
R7,23,愛知県,2308,西三河北部,2019,1
R7,23,愛知県,2308,西三河北部,2020,1
R7,23,愛知県,2308,西三河北部,2021,1
R7,23,愛知県,2308,西三河北部,2022,1
R7,23,愛知県,2308,西三河北部,2023,1
R7,23,愛知県,2308,西三河北部,2024,1
R7,23,愛知県,2308,西三河北部,2025,1
R7,23,愛知県,2309,西三河南部西,2015,0.9772727272727273
R7,23,愛知県,2309,西三河南部西,2018,1
R7,23,愛知県,2309,西三河南部西,2019,1
R7,23,愛知県,2309,西三河南部西,2020,1
R7,23,愛知県,2309,西三河南部西,2021,1
R7,23,愛知県,2309,西三河南部西,2022,1
R7,23,愛知県,2309,西三河南部西,2023,1
R7,23,愛知県,2309,西三河南部西,2024,1
R7,23,愛知県,2309,西三河南部西,2025,1
R7,23,愛知県,2310,西三河南部東,2015,1
R7,23,愛知県,2310,西三河南部東,2018,1
R7,23,愛知県,2310,西三河南部東,2019,1
R7,23,愛知県,2310,西三河南部東,2020,1
R7,23,愛知県,2310,西三河南部東,2021,1
R7,23,愛知県,2310,西三河南部東,2022,1
R7,23,愛知県,2310,西三河南部東,2023,1
R7,23,愛知県,2310,西三河南部東,2024,1
R7,23,愛知県,2310,西三河南部東,2025,1
R7,23,愛知県,2311,東三河北部,2015,0.9090909090909091
R7,23,愛知県,2311,東三河北部,2018,1
R7,23,愛知県,2311,東三河北部,2019,1
R7,23,愛知県,2311,東三河北部,2020,1
R7,23,愛知県,2311,東三河北部,2021,1
R7,23,愛知県,2311,東三河北部,2022,1
R7,23,愛知県,2311,東三河北部,2023,1
R7,23,愛知県,2311,東三河北部,2024,1
R7,23,愛知県,2311,東三河北部,2025,1
R7,23,愛知県,2312,東三河南部,2015,1
R7,23,愛知県,2312,東三河南部,2018,1
R7,23,愛知県,2312,東三河南部,2019,1
R7,23,愛知県,2312,東三河南部,2020,1
R7,23,愛知県,2312,東三河南部,2021,1
R7,23,愛知県,2312,東三河南部,2022,1
R7,23,愛知県,2312,東三河南部,2023,1
R7,23,愛知県,2312,東三河南部,2024,1
R7,23,愛知県,2312,東三河南部,2025,1
R7,23,愛知県,2313,名古屋・尾張中部,2015,0.9728506787330317
R7,23,愛知県,2313,名古屋・尾張中部,2018,1
R7,23,愛知県,2313,名古屋・尾張中部,2019,1
R7,23,愛知県,2313,名古屋・尾張中部,2020,1
R7,23,愛知県,2313,名古屋・尾張中部,2021,1
R7,23,愛知県,2313,名古屋・尾張中部,2022,1
R7,23,愛知県,2313,名古屋・尾張中部,2023,1
R7,23,愛知県,2313,名古屋・尾張中部,2024,1
R7,23,愛知県,2313,名古屋・尾張中部,2025,1
R7,24,三重県,2405,桑員,2015,1
R7,24,三重県,2405,桑員,2018,1
R7,24,三重県,2405,桑員,2019,1
R7,24,三重県,2405,桑員,2020,0.8571428571428571
R7,24,三重県,2405,桑員,2021,1
R7,24,三重県,2405,桑員,2022,1
R7,24,三重県,2405,桑員,2023,1
R7,24,三重県,2405,桑員,2024,1
R7,24,三重県,2405,桑員,2025,1
R7,24,三重県,2406,三泗,2015,0.8928571428571429
R7,24,三重県,2406,三泗,2018,1
R7,24,三重県,2406,三泗,2019,1
R7,24,三重県,2406,三泗,2020,0.8636363636363636
R7,24,三重県,2406,三泗,2021,1
R7,24,三重県,2406,三泗,2022,1
R7,24,三重県,2406,三泗,2023,0.9523809523809523
R7,24,三重県,2406,三泗,2024,1
R7,24,三重県,2406,三泗,2025,1
R7,24,三重県,2407,鈴亀,2015,0.9166666666666666
R7,24,三重県,2407,鈴亀,2018,0.9565217391304348
R7,24,三重県,2407,鈴亀,2019,1
R7,24,三重県,2407,鈴亀,2020,0.9545454545454546
R7,24,三重県,2407,鈴亀,2021,1
R7,24,三重県,2407,鈴亀,2022,1
R7,24,三重県,2407,鈴亀,2023,1
R7,24,三重県,2407,鈴亀,2024,1
R7,24,三重県,2407,鈴亀,2025,1
R7,24,三重県,2408,津,2015,0.9354838709677419
R7,24,三重県,2408,津,2018,0.9655172413793104
R7,24,三重県,2408,津,2019,1
R7,24,三重県,2408,津,2020,0.9629629629629629
R7,24,三重県,2408,津,2021,1
R7,24,三重県,2408,津,2022,1
R7,24,三重県,2408,津,2023,1
R7,24,三重県,2408,津,2024,1
R7,24,三重県,2408,津,2025,1
R7,24,三重県,2409,伊賀,2015,0.8461538461538461
R7,24,三重県,2409,伊賀,2018,0.9166666666666666
R7,24,三重県,2409,伊賀,2019,1
R7,24,三重県,2409,伊賀,2020,0.9090909090909091
R7,24,三重県,2409,伊賀,2021,1
R7,24,三重県,2409,伊賀,2022,1
R7,24,三重県,2409,伊賀,2023,1
R7,24,三重県,2409,伊賀,2024,1
R7,24,三重県,2409,伊賀,2025,1
R7,24,三重県,2410,松阪,2015,0.9615384615384616
R7,24,三重県,2410,松阪,2018,0.88
R7,24,三重県,2410,松阪,2019,1
R7,24,三重県,2410,松阪,2020,0.8636363636363636
R7,24,三重県,2410,松阪,2021,1
R7,24,三重県,2410,松阪,2022,1
R7,24,三重県,2410,松阪,2023,1
R7,24,三重県,2410,松阪,2024,1
R7,24,三重県,2410,松阪,2025,1
R7,24,三重県,2411,伊勢志摩,2015,1
R7,24,三重県,2411,伊勢志摩,2018,1
R7,24,三重県,2411,伊勢志摩,2019,1
R7,24,三重県,2411,伊勢志摩,2020,1
R7,24,三重県,2411,伊勢志摩,2021,1
R7,24,三重県,2411,伊勢志摩,2022,1
R7,24,三重県,2411,伊勢志摩,2023,1
R7,24,三重県,2411,伊勢志摩,2024,1
R7,24,三重県,2411,伊勢志摩,2025,1
R7,24,三重県,2412,東紀州,2015,0.8333333333333334
R7,24,三重県,2412,東紀州,2018,1
R7,24,三重県,2412,東紀州,2019,1
R7,24,三重県,2412,東紀州,2020,1
R7,24,三重県,2412,東紀州,2021,1
R7,24,三重県,2412,東紀州,2022,1
R7,24,三重県,2412,東紀州,2023,1
R7,24,三重県,2412,東紀州,2024,1
R7,24,三重県,2412,東紀州,2025,1
R7,25,滋賀県,2501,大津,2015,0.9629629629629629
R7,25,滋賀県,2501,大津,2018,0.9565217391304348
R7,25,滋賀県,2501,大津,2019,1
R7,25,滋賀県,2501,大津,2020,0.9565217391304348
R7,25,滋賀県,2501,大津,2021,1
R7,25,滋賀県,2501,大津,2022,0.9583333333333334
R7,25,滋賀県,2501,大津,2023,0.9565217391304348
R7,25,滋賀県,2501,大津,2024,1
R7,25,滋賀県,2501,大津,2025,1
R7,25,滋賀県,2502,湖南,2015,0.96
R7,25,滋賀県,2502,湖南,2018,1
R7,25,滋賀県,2502,湖南,2019,0.9565217391304348
R7,25,滋賀県,2502,湖南,2020,0.9047619047619048
R7,25,滋賀県,2502,湖南,2021,1
R7,25,滋賀県,2502,湖南,2022,0.9545454545454546
R7,25,滋賀県,2502,湖南,2023,1
R7,25,滋賀県,2502,湖南,2024,1
R7,25,滋賀県,2502,湖南,2025,1
R7,25,滋賀県,2503,甲賀,2015,0.8888888888888888
R7,25,滋賀県,2503,甲賀,2018,1
R7,25,滋賀県,2503,甲賀,2019,1
R7,25,滋賀県,2503,甲賀,2020,0.9
R7,25,滋賀県,2503,甲賀,2021,1
R7,25,滋賀県,2503,甲賀,2022,1
R7,25,滋賀県,2503,甲賀,2023,0.8888888888888888
R7,25,滋賀県,2503,甲賀,2024,1
R7,25,滋賀県,2503,甲賀,2025,1
R7,25,滋賀県,2504,東近江,2015,1
R7,25,滋賀県,2504,東近江,2018,1
R7,25,滋賀県,2504,東近江,2019,1
R7,25,滋賀県,2504,東近江,2020,0.9375
R7,25,滋賀県,2504,東近江,2021,0.875
R7,25,滋賀県,2504,東近江,2022,1
R7,25,滋賀県,2504,東近江,2023,1
R7,25,滋賀県,2504,東近江,2024,1
R7,25,滋賀県,2504,東近江,2025,1
R7,25,滋賀県,2505,湖東,2015,1
R7,25,滋賀県,2505,湖東,2018,0.8333333333333334
R7,25,滋賀県,2505,湖東,2019,1
R7,25,滋賀県,2505,湖東,2020,1
R7,25,滋賀県,2505,湖東,2021,1
R7,25,滋賀県,2505,湖東,2022,1
R7,25,滋賀県,2505,湖東,2023,1
R7,25,滋賀県,2505,湖東,2024,1
R7,25,滋賀県,2505,湖東,2025,1
R7,25,滋賀県,2506,湖北,2015,1
R7,25,滋賀県,2506,湖北,2018,1
R7,25,滋賀県,2506,湖北,2019,1
R7,25,滋賀県,2506,湖北,2020,1
R7,25,滋賀県,2506,湖北,2021,1
R7,25,滋賀県,2506,湖北,2022,1
R7,25,滋賀県,2506,湖北,2023,1
R7,25,滋賀県,2506,湖北,2024,1
R7,25,滋賀県,2506,湖北,2025,1
R7,25,滋賀県,2507,湖西,2015,1
R7,25,滋賀県,2507,湖西,2018,1
R7,25,滋賀県,2507,湖西,2019,1
R7,25,滋賀県,2507,湖西,2020,0.6666666666666666
R7,25,滋賀県,2507,湖西,2021,1
R7,25,滋賀県,2507,湖西,2022,1
R7,25,滋賀県,2507,湖西,2023,1
R7,25,滋賀県,2507,湖西,2024,1
R7,25,滋賀県,2507,湖西,2025,1
R7,26,京都府,2601,丹後,2015,1
R7,26,京都府,2601,丹後,2018,1
R7,26,京都府,2601,丹後,2019,1
R7,26,京都府,2601,丹後,2020,1
R7,26,京都府,2601,丹後,2021,1
R7,26,京都府,2601,丹後,2022,1
R7,26,京都府,2601,丹後,2023,1
R7,26,京都府,2601,丹後,2024,1
R7,26,京都府,2601,丹後,2025,1
R7,26,京都府,2602,中丹,2015,0.875
R7,26,京都府,2602,中丹,2018,0.9130434782608695
R7,26,京都府,2602,中丹,2019,0.9545454545454546
R7,26,京都府,2602,中丹,2020,0.9545454545454546
R7,26,京都府,2602,中丹,2021,0.9545454545454546
R7,26,京都府,2602,中丹,2022,0.9545454545454546
R7,26,京都府,2602,中丹,2023,0.9545454545454546
R7,26,京都府,2602,中丹,2024,0.9047619047619048
R7,26,京都府,2602,中丹,2025,0.9047619047619048
R7,26,京都府,2603,南丹,2015,0.8125
R7,26,京都府,2603,南丹,2018,1
R7,26,京都府,2603,南丹,2019,0.9333333333333333
R7,26,京都府,2603,南丹,2020,0.8666666666666667
R7,26,京都府,2603,南丹,2021,0.9285714285714286
R7,26,京都府,2603,南丹,2022,0.9285714285714286
R7,26,京都府,2603,南丹,2023,0.9285714285714286
R7,26,京都府,2603,南丹,2024,1
R7,26,京都府,2603,南丹,2025,1
R7,26,京都府,2604,京都・乙訓,2015,0.8987341772151899
R7,26,京都府,2604,京都・乙訓,2018,0.951048951048951
R7,26,京都府,2604,京都・乙訓,2019,0.9142857142857143
R7,26,京都府,2604,京都・乙訓,2020,0.9411764705882353
R7,26,京都府,2604,京都・乙訓,2021,0.9328358208955224
R7,26,京都府,2604,京都・乙訓,2022,0.9318181818181818
R7,26,京都府,2604,京都・乙訓,2023,0.9473684210526315
R7,26,京都府,2604,京都・乙訓,2024,0.952755905511811
R7,26,京都府,2604,京都・乙訓,2025,0.952755905511811
R7,26,京都府,2605,山城北,2015,0.9032258064516129
R7,26,京都府,2605,山城北,2018,0.9655172413793104
R7,26,京都府,2605,山城北,2019,0.9310344827586207
R7,26,京都府,2605,山城北,2020,0.9666666666666667
R7,26,京都府,2605,山城北,2021,0.9333333333333333
R7,26,京都府,2605,山城北,2022,0.9
R7,26,京都府,2605,山城北,2023,0.9333333333333333
R7,26,京都府,2605,山城北,2024,0.9354838709677419
R7,26,京都府,2605,山城北,2025,0.9354838709677419
R7,26,京都府,2606,山城南,2015,1
R7,26,京都府,2606,山城南,2018,1
R7,26,京都府,2606,山城南,2019,1
R7,26,京都府,2606,山城南,2020,1
R7,26,京都府,2606,山城南,2021,1
R7,26,京都府,2606,山城南,2022,1
R7,26,京都府,2606,山城南,2023,1
R7,26,京都府,2606,山城南,2024,1
R7,26,京都府,2606,山城南,2025,1
R7,27,大阪府,2701,豊能,2015,0.9242424242424242
R7,27,大阪府,2701,豊能,2018,1
R7,27,大阪府,2701,豊能,2019,0.9824561403508771
R7,27,大阪府,2701,豊能,2020,0.9473684210526315
R7,27,大阪府,2701,豊能,2021,0.9298245614035088
R7,27,大阪府,2701,豊能,2022,0.8947368421052632
R7,27,大阪府,2701,豊能,2023,1
R7,27,大阪府,2701,豊能,2024,0.9811320754716981
R7,27,大阪府,2701,豊能,2025,0.9811320754716981
R7,27,大阪府,2702,三島,2015,0.9636363636363636
R7,27,大阪府,2702,三島,2018,0.9807692307692307
R7,27,大阪府,2702,三島,2019,0.9433962264150944
R7,27,大阪府,2702,三島,2020,0.9375
R7,27,大阪府,2702,三島,2021,0.9333333333333333
R7,27,大阪府,2702,三島,2022,0.9761904761904762
R7,27,大阪府,2702,三島,2023,0.9767441860465116
R7,27,大阪府,2702,三島,2024,1
R7,27,大阪府,2702,三島,2025,1
R7,27,大阪府,2703,北河内,2015,0.8969072164948454
R7,27,大阪府,2703,北河内,2018,1
R7,27,大阪府,2703,北河内,2019,1
R7,27,大阪府,2703,北河内,2020,0.9775280898876404
R7,27,大阪府,2703,北河内,2021,0.9886363636363636
R7,27,大阪府,2703,北河内,2022,0.9523809523809523
R7,27,大阪府,2703,北河内,2023,0.9876543209876543
R7,27,大阪府,2703,北河内,2024,0.9864864864864865
R7,27,大阪府,2703,北河内,2025,0.9864864864864865
R7,27,大阪府,2704,中河内,2015,1
R7,27,大阪府,2704,中河内,2018,0.9803921568627451
R7,27,大阪府,2704,中河内,2019,0.9565217391304348
R7,27,大阪府,2704,中河内,2020,0.9361702127659575
R7,27,大阪府,2704,中河内,2021,0.9361702127659575
R7,27,大阪府,2704,中河内,2022,0.8936170212765957
R7,27,大阪府,2704,中河内,2023,0.9782608695652174
R7,27,大阪府,2704,中河内,2024,0.9545454545454546
R7,27,大阪府,2704,中河内,2025,0.9545454545454546
R7,27,大阪府,2705,南河内,2015,0.9565217391304348
R7,27,大阪府,2705,南河内,2018,1
R7,27,大阪府,2705,南河内,2019,1
R7,27,大阪府,2705,南河内,2020,1
R7,27,大阪府,2705,南河内,2021,1
R7,27,大阪府,2705,南河内,2022,1
R7,27,大阪府,2705,南河内,2023,1
R7,27,大阪府,2705,南河内,2024,0.9767441860465116
R7,27,大阪府,2705,南河内,2025,0.9767441860465116
R7,27,大阪府,2706,堺市,2015,0.859375
R7,27,大阪府,2706,堺市,2018,0.9523809523809523
R7,27,大阪府,2706,堺市,2019,0.9354838709677419
R7,27,大阪府,2706,堺市,2020,0.9193548387096774
R7,27,大阪府,2706,堺市,2021,0.9333333333333333
R7,27,大阪府,2706,堺市,2022,0.9152542372881356
R7,27,大阪府,2706,堺市,2023,0.9642857142857143
R7,27,大阪府,2706,堺市,2024,0.9629629629629629
R7,27,大阪府,2706,堺市,2025,0.9629629629629629
R7,27,大阪府,2707,泉州,2015,0.9156626506024096
R7,27,大阪府,2707,泉州,2018,1
R7,27,大阪府,2707,泉州,2019,1
R7,27,大阪府,2707,泉州,2020,0.9875
R7,27,大阪府,2707,泉州,2021,1
R7,27,大阪府,2707,泉州,2022,0.9736842105263158
R7,27,大阪府,2707,泉州,2023,1
R7,27,大阪府,2707,泉州,2024,1
R7,27,大阪府,2707,泉州,2025,1
R7,27,大阪府,2708,大阪市,2015,0.91796875
R7,27,大阪府,2708,大阪市,2018,0.9835390946502057
R7,27,大阪府,2708,大阪市,2019,0.9625
R7,27,大阪府,2708,大阪市,2020,0.9631147540983607
R7,27,大阪府,2708,大阪市,2021,0.9377593360995851
R7,27,大阪府,2708,大阪市,2022,0.9156118143459916
R7,27,大阪府,2708,大阪市,2023,0.9620253164556962
R7,27,大阪府,2708,大阪市,2024,0.9234042553191489
R7,27,大阪府,2708,大阪市,2025,0.9234042553191489
R7,28,兵庫県,2801,神戸,2015,0.8782051282051282
R7,28,兵庫県,2801,神戸,2018,0.9084967320261438
R7,28,兵庫県,2801,神戸,2019,0.9533333333333334
R7,28,兵庫県,2801,神戸,2020,0.958041958041958
R7,28,兵庫県,2801,神戸,2021,0.9513888888888888
R7,28,兵庫県,2801,神戸,2022,0.8819444444444444
R7,28,兵庫県,2801,神戸,2023,0.9645390070921985
R7,28,兵庫県,2801,神戸,2024,0.9777777777777777
R7,28,兵庫県,2801,神戸,2025,0.9777777777777777
R7,28,兵庫県,2804,東播磨,2015,0.9264705882352942
R7,28,兵庫県,2804,東播磨,2018,0.921875
R7,28,兵庫県,2804,東播磨,2019,0.984375
R7,28,兵庫県,2804,東播磨,2020,0.9375
R7,28,兵庫県,2804,東播磨,2021,1
R7,28,兵庫県,2804,東播磨,2022,0.9180327868852459
R7,28,兵庫県,2804,東播磨,2023,0.9649122807017544
R7,28,兵庫県,2804,東播磨,2024,1
R7,28,兵庫県,2804,東播磨,2025,1
R7,28,兵庫県,2805,北播磨,2015,0.9333333333333333
R7,28,兵庫県,2805,北播磨,2018,0.9333333333333333
R7,28,兵庫県,2805,北播磨,2019,0.9642857142857143
R7,28,兵庫県,2805,北播磨,2020,0.9259259259259259
R7,28,兵庫県,2805,北播磨,2021,0.9259259259259259
R7,28,兵庫県,2805,北播磨,2022,0.9629629629629629
R7,28,兵庫県,2805,北播磨,2023,0.9629629629629629
R7,28,兵庫県,2805,北播磨,2024,0.9615384615384616
R7,28,兵庫県,2805,北播磨,2025,0.9615384615384616
R7,28,兵庫県,2808,但馬,2015,1
R7,28,兵庫県,2808,但馬,2018,1
R7,28,兵庫県,2808,但馬,2019,1
R7,28,兵庫県,2808,但馬,2020,1
R7,28,兵庫県,2808,但馬,2021,1
R7,28,兵庫県,2808,但馬,2022,1
R7,28,兵庫県,2808,但馬,2023,1
R7,28,兵庫県,2808,但馬,2024,1
R7,28,兵庫県,2808,但馬,2025,1
R7,28,兵庫県,2809,丹波,2015,0.8333333333333334
R7,28,兵庫県,2809,丹波,2018,1
R7,28,兵庫県,2809,丹波,2019,1
R7,28,兵庫県,2809,丹波,2020,1
R7,28,兵庫県,2809,丹波,2021,1
R7,28,兵庫県,2809,丹波,2022,1
R7,28,兵庫県,2809,丹波,2023,1
R7,28,兵庫県,2809,丹波,2024,0.875
R7,28,兵庫県,2809,丹波,2025,0.875
R7,28,兵庫県,2810,淡路,2015,1
R7,28,兵庫県,2810,淡路,2018,1
R7,28,兵庫県,2810,淡路,2019,1
R7,28,兵庫県,2810,淡路,2020,1
R7,28,兵庫県,2810,淡路,2021,1
R7,28,兵庫県,2810,淡路,2022,1
R7,28,兵庫県,2810,淡路,2023,1
R7,28,兵庫県,2810,淡路,2024,1
R7,28,兵庫県,2810,淡路,2025,1
R7,28,兵庫県,2811,阪神,2015,0.9420289855072463
R7,28,兵庫県,2811,阪神,2018,0.9477611940298507
R7,28,兵庫県,2811,阪神,2019,0.9696969696969697
R7,28,兵庫県,2811,阪神,2020,0.9291338582677166
R7,28,兵庫県,2811,阪神,2021,0.9444444444444444
R7,28,兵庫県,2811,阪神,2022,0.8870967741935484
R7,28,兵庫県,2811,阪神,2023,0.9327731092436975
R7,28,兵庫県,2811,阪神,2024,0.957983193277311
R7,28,兵庫県,2811,阪神,2025,0.957983193277311
R7,28,兵庫県,2812,播磨姫路,2015,0.9444444444444444
R7,28,兵庫県,2812,播磨姫路,2018,0.9767441860465116
R7,28,兵庫県,2812,播磨姫路,2019,0.963855421686747
R7,28,兵庫県,2812,播磨姫路,2020,0.9753086419753086
R7,28,兵庫県,2812,播磨姫路,2021,0.9876543209876543
R7,28,兵庫県,2812,播磨姫路,2022,0.9333333333333333
R7,28,兵庫県,2812,播磨姫路,2023,1
R7,28,兵庫県,2812,播磨姫路,2024,1
R7,28,兵庫県,2812,播磨姫路,2025,1
R7,29,奈良県,2901,奈良,2015,0.9354838709677419
R7,29,奈良県,2901,奈良,2018,1
R7,29,奈良県,2901,奈良,2019,1
R7,29,奈良県,2901,奈良,2020,1
R7,29,奈良県,2901,奈良,2021,1
R7,29,奈良県,2901,奈良,2022,1
R7,29,奈良県,2901,奈良,2023,0.9642857142857143
R7,29,奈良県,2901,奈良,2024,1
R7,29,奈良県,2901,奈良,2025,1
R7,29,奈良県,2902,東和,2015,1
R7,29,奈良県,2902,東和,2018,1
R7,29,奈良県,2902,東和,2019,1
R7,29,奈良県,2902,東和,2020,1
R7,29,奈良県,2902,東和,2021,1
R7,29,奈良県,2902,東和,2022,0.8235294117647058
R7,29,奈良県,2902,東和,2023,1
R7,29,奈良県,2902,東和,2024,1
R7,29,奈良県,2902,東和,2025,1
R7,29,奈良県,2903,西和,2015,0.92
R7,29,奈良県,2903,西和,2018,1
R7,29,奈良県,2903,西和,2019,0.92
R7,29,奈良県,2903,西和,2020,1
R7,29,奈良県,2903,西和,2021,1
R7,29,奈良県,2903,西和,2022,1
R7,29,奈良県,2903,西和,2023,1
R7,29,奈良県,2903,西和,2024,1
R7,29,奈良県,2903,西和,2025,1
R7,29,奈良県,2904,中和,2015,0.8888888888888888
R7,29,奈良県,2904,中和,2018,1
R7,29,奈良県,2904,中和,2019,0.9583333333333334
R7,29,奈良県,2904,中和,2020,1
R7,29,奈良県,2904,中和,2021,1
R7,29,奈良県,2904,中和,2022,1
R7,29,奈良県,2904,中和,2023,1
R7,29,奈良県,2904,中和,2024,1
R7,29,奈良県,2904,中和,2025,1
R7,29,奈良県,2905,南和,2015,1
R7,29,奈良県,2905,南和,2018,1
R7,29,奈良県,2905,南和,2019,1
R7,29,奈良県,2905,南和,2020,1
R7,29,奈良県,2905,南和,2021,1
R7,29,奈良県,2905,南和,2022,1
R7,29,奈良県,2905,南和,2023,1
R7,29,奈良県,2905,南和,2024,1
R7,29,奈良県,2905,南和,2025,1
R7,30,和歌山県,3001,和歌山,2015,0.9875
R7,30,和歌山県,3001,和歌山,2018,1
R7,30,和歌山県,3001,和歌山,2019,1
R7,30,和歌山県,3001,和歌山,2020,1
R7,30,和歌山県,3001,和歌山,2021,1
R7,30,和歌山県,3001,和歌山,2022,1
R7,30,和歌山県,3001,和歌山,2023,1
R7,30,和歌山県,3001,和歌山,2024,1
R7,30,和歌山県,3001,和歌山,2025,1
R7,30,和歌山県,3002,那賀,2015,1
R7,30,和歌山県,3002,那賀,2018,1
R7,30,和歌山県,3002,那賀,2019,1
R7,30,和歌山県,3002,那賀,2020,1
R7,30,和歌山県,3002,那賀,2021,1
R7,30,和歌山県,3002,那賀,2022,1
R7,30,和歌山県,3002,那賀,2023,1
R7,30,和歌山県,3002,那賀,2024,1
R7,30,和歌山県,3002,那賀,2025,1
R7,30,和歌山県,3003,橋本,2015,1
R7,30,和歌山県,3003,橋本,2018,1
R7,30,和歌山県,3003,橋本,2019,1
R7,30,和歌山県,3003,橋本,2020,1
R7,30,和歌山県,3003,橋本,2021,1
R7,30,和歌山県,3003,橋本,2022,1
R7,30,和歌山県,3003,橋本,2023,1
R7,30,和歌山県,3003,橋本,2024,1
R7,30,和歌山県,3003,橋本,2025,1
R7,30,和歌山県,3004,有田,2015,1
R7,30,和歌山県,3004,有田,2018,1
R7,30,和歌山県,3004,有田,2019,1
R7,30,和歌山県,3004,有田,2020,1
R7,30,和歌山県,3004,有田,2021,1
R7,30,和歌山県,3004,有田,2022,1
R7,30,和歌山県,3004,有田,2023,1
R7,30,和歌山県,3004,有田,2024,1
R7,30,和歌山県,3004,有田,2025,1
R7,30,和歌山県,3005,御坊,2015,1
R7,30,和歌山県,3005,御坊,2018,1
R7,30,和歌山県,3005,御坊,2019,1
R7,30,和歌山県,3005,御坊,2020,1
R7,30,和歌山県,3005,御坊,2021,1
R7,30,和歌山県,3005,御坊,2022,1
R7,30,和歌山県,3005,御坊,2023,1
R7,30,和歌山県,3005,御坊,2024,1
R7,30,和歌山県,3005,御坊,2025,1
R7,30,和歌山県,3006,田辺,2015,1
R7,30,和歌山県,3006,田辺,2018,1
R7,30,和歌山県,3006,田辺,2019,1
R7,30,和歌山県,3006,田辺,2020,1
R7,30,和歌山県,3006,田辺,2021,1
R7,30,和歌山県,3006,田辺,2022,1
R7,30,和歌山県,3006,田辺,2023,1
R7,30,和歌山県,3006,田辺,2024,1
R7,30,和歌山県,3006,田辺,2025,1
R7,30,和歌山県,3007,新宮,2015,1
R7,30,和歌山県,3007,新宮,2018,1
R7,30,和歌山県,3007,新宮,2019,1
R7,30,和歌山県,3007,新宮,2020,1
R7,30,和歌山県,3007,新宮,2021,1
R7,30,和歌山県,3007,新宮,2022,1
R7,30,和歌山県,3007,新宮,2023,1
R7,30,和歌山県,3007,新宮,2024,1
R7,30,和歌山県,3007,新宮,2025,1
R7,31,鳥取県,3101,東部,2015,0.8695652173913043
R7,31,鳥取県,3101,東部,2018,0.8695652173913043
R7,31,鳥取県,3101,東部,2019,0.9047619047619048
R7,31,鳥取県,3101,東部,2020,0.8095238095238095
R7,31,鳥取県,3101,東部,2021,0.9523809523809523
R7,31,鳥取県,3101,東部,2022,1
R7,31,鳥取県,3101,東部,2023,1
R7,31,鳥取県,3101,東部,2024,1
R7,31,鳥取県,3101,東部,2025,1
R7,31,鳥取県,3102,中部,2015,0.9411764705882353
R7,31,鳥取県,3102,中部,2018,1
R7,31,鳥取県,3102,中部,2019,1
R7,31,鳥取県,3102,中部,2020,1
R7,31,鳥取県,3102,中部,2021,1
R7,31,鳥取県,3102,中部,2022,1
R7,31,鳥取県,3102,中部,2023,1
R7,31,鳥取県,3102,中部,2024,1
R7,31,鳥取県,3102,中部,2025,1
R7,31,鳥取県,3103,西部,2015,0.972972972972973
R7,31,鳥取県,3103,西部,2018,0.972972972972973
R7,31,鳥取県,3103,西部,2019,1
R7,31,鳥取県,3103,西部,2020,0.9166666666666666
R7,31,鳥取県,3103,西部,2021,1
R7,31,鳥取県,3103,西部,2022,1
R7,31,鳥取県,3103,西部,2023,1
R7,31,鳥取県,3103,西部,2024,1
R7,31,鳥取県,3103,西部,2025,1
R7,32,島根県,3201,松江,2015,0.9615384615384616
R7,32,島根県,3201,松江,2018,1
R7,32,島根県,3201,松江,2019,1
R7,32,島根県,3201,松江,2020,1
R7,32,島根県,3201,松江,2021,1
R7,32,島根県,3201,松江,2022,1
R7,32,島根県,3201,松江,2023,1
R7,32,島根県,3201,松江,2024,1
R7,32,島根県,3201,松江,2025,1
R7,32,島根県,3202,雲南,2015,1
R7,32,島根県,3202,雲南,2018,1
R7,32,島根県,3202,雲南,2019,1
R7,32,島根県,3202,雲南,2020,1
R7,32,島根県,3202,雲南,2021,1
R7,32,島根県,3202,雲南,2022,1
R7,32,島根県,3202,雲南,2023,1
R7,32,島根県,3202,雲南,2024,1
R7,32,島根県,3202,雲南,2025,1
R7,32,島根県,3203,出雲,2015,0.95
R7,32,島根県,3203,出雲,2018,1
R7,32,島根県,3203,出雲,2019,1
R7,32,島根県,3203,出雲,2020,1
R7,32,島根県,3203,出雲,2021,1
R7,32,島根県,3203,出雲,2022,1
R7,32,島根県,3203,出雲,2023,1
R7,32,島根県,3203,出雲,2024,1
R7,32,島根県,3203,出雲,2025,1
R7,32,島根県,3204,大田,2015,0.9090909090909091
R7,32,島根県,3204,大田,2018,0.9
R7,32,島根県,3204,大田,2019,1
R7,32,島根県,3204,大田,2020,1
R7,32,島根県,3204,大田,2021,1
R7,32,島根県,3204,大田,2022,1
R7,32,島根県,3204,大田,2023,1
R7,32,島根県,3204,大田,2024,1
R7,32,島根県,3204,大田,2025,1
R7,32,島根県,3205,浜田,2015,0.9285714285714286
R7,32,島根県,3205,浜田,2018,1
R7,32,島根県,3205,浜田,2019,1
R7,32,島根県,3205,浜田,2020,1
R7,32,島根県,3205,浜田,2021,1
R7,32,島根県,3205,浜田,2022,1
R7,32,島根県,3205,浜田,2023,1
R7,32,島根県,3205,浜田,2024,1
R7,32,島根県,3205,浜田,2025,1
R7,32,島根県,3206,益田,2015,1
R7,32,島根県,3206,益田,2018,1
R7,32,島根県,3206,益田,2019,1
R7,32,島根県,3206,益田,2020,1
R7,32,島根県,3206,益田,2021,1
R7,32,島根県,3206,益田,2022,1
R7,32,島根県,3206,益田,2023,1
R7,32,島根県,3206,益田,2024,1
R7,32,島根県,3206,益田,2025,1
R7,32,島根県,3207,隠岐,2015,1
R7,32,島根県,3207,隠岐,2018,1
R7,32,島根県,3207,隠岐,2019,1
R7,32,島根県,3207,隠岐,2020,1
R7,32,島根県,3207,隠岐,2021,1
R7,32,島根県,3207,隠岐,2022,1
R7,32,島根県,3207,隠岐,2023,1
R7,32,島根県,3207,隠岐,2024,1
R7,32,島根県,3207,隠岐,2025,1
R7,33,岡山県,3301,県南東部,2015,0.9583333333333334
R7,33,岡山県,3301,県南東部,2018,0.9375
R7,33,岡山県,3301,県南東部,2019,0.9788732394366197
R7,33,岡山県,3301,県南東部,2020,0.9357142857142857
R7,33,岡山県,3301,県南東部,2021,0.9855072463768116
R7,33,岡山県,3301,県南東部,2022,0.9548872180451128
R7,33,岡山県,3301,県南東部,2023,1
R7,33,岡山県,3301,県南東部,2024,1
R7,33,岡山県,3301,県南東部,2025,1
R7,33,岡山県,3302,県南西部,2015,0.9587628865979382
R7,33,岡山県,3302,県南西部,2018,0.978021978021978
R7,33,岡山県,3302,県南西部,2019,0.9438202247191011
R7,33,岡山県,3302,県南西部,2020,0.9418604651162791
R7,33,岡山県,3302,県南西部,2021,0.9534883720930233
R7,33,岡山県,3302,県南西部,2022,0.9523809523809523
R7,33,岡山県,3302,県南西部,2023,1
R7,33,岡山県,3302,県南西部,2024,1
R7,33,岡山県,3302,県南西部,2025,1
R7,33,岡山県,3303,高梁・新見,2015,1
R7,33,岡山県,3303,高梁・新見,2018,1
R7,33,岡山県,3303,高梁・新見,2019,1
R7,33,岡山県,3303,高梁・新見,2020,1
R7,33,岡山県,3303,高梁・新見,2021,1
R7,33,岡山県,3303,高梁・新見,2022,1
R7,33,岡山県,3303,高梁・新見,2023,1
R7,33,岡山県,3303,高梁・新見,2024,1
R7,33,岡山県,3303,高梁・新見,2025,1
R7,33,岡山県,3304,真庭,2015,1
R7,33,岡山県,3304,真庭,2018,1
R7,33,岡山県,3304,真庭,2019,1
R7,33,岡山県,3304,真庭,2020,0.7777777777777778
R7,33,岡山県,3304,真庭,2021,1
R7,33,岡山県,3304,真庭,2022,1
R7,33,岡山県,3304,真庭,2023,1
R7,33,岡山県,3304,真庭,2024,1
R7,33,岡山県,3304,真庭,2025,1
R7,33,岡山県,3305,津山・英田,2015,1
R7,33,岡山県,3305,津山・英田,2018,0.9117647058823529
R7,33,岡山県,3305,津山・英田,2019,0.96875
R7,33,岡山県,3305,津山・英田,2020,1
R7,33,岡山県,3305,津山・英田,2021,1
R7,33,岡山県,3305,津山・英田,2022,0.967741935483871
R7,33,岡山県,3305,津山・英田,2023,1
R7,33,岡山県,3305,津山・英田,2024,1
R7,33,岡山県,3305,津山・英田,2025,1
R7,34,広島県,3401,広島,2015,0.9265536723163842
R7,34,広島県,3401,広島,2018,0.9827586206896551
R7,34,広島県,3401,広島,2019,0.9647058823529412
R7,34,広島県,3401,広島,2020,0.9573170731707317
R7,34,広島県,3401,広島,2021,0.9683544303797469
R7,34,広島県,3401,広島,2022,0.9548387096774194
R7,34,広島県,3401,広島,2023,0.9805194805194806
R7,34,広島県,3401,広島,2024,0.9724137931034482
R7,34,広島県,3401,広島,2025,0.9724137931034482
R7,34,広島県,3402,広島西,2015,0.95
R7,34,広島県,3402,広島西,2018,1
R7,34,広島県,3402,広島西,2019,1
R7,34,広島県,3402,広島西,2020,0.8823529411764706
R7,34,広島県,3402,広島西,2021,1
R7,34,広島県,3402,広島西,2022,1
R7,34,広島県,3402,広島西,2023,1
R7,34,広島県,3402,広島西,2024,1
R7,34,広島県,3402,広島西,2025,1
R7,34,広島県,3403,呉,2015,0.975
R7,34,広島県,3403,呉,2018,0.975
R7,34,広島県,3403,呉,2019,0.975
R7,34,広島県,3403,呉,2020,1
R7,34,広島県,3403,呉,2021,0.9743589743589743
R7,34,広島県,3403,呉,2022,0.9743589743589743
R7,34,広島県,3403,呉,2023,0.9487179487179487
R7,34,広島県,3403,呉,2024,0.9722222222222222
R7,34,広島県,3403,呉,2025,0.9722222222222222
R7,34,広島県,3404,広島中央,2015,0.967741935483871
R7,34,広島県,3404,広島中央,2018,1
R7,34,広島県,3404,広島中央,2019,1
R7,34,広島県,3404,広島中央,2020,1
R7,34,広島県,3404,広島中央,2021,1
R7,34,広島県,3404,広島中央,2022,0.9629629629629629
R7,34,広島県,3404,広島中央,2023,1
R7,34,広島県,3404,広島中央,2024,1
R7,34,広島県,3404,広島中央,2025,1
R7,34,広島県,3405,尾三,2015,0.9512195121951219
R7,34,広島県,3405,尾三,2018,1
R7,34,広島県,3405,尾三,2019,0.972972972972973
R7,34,広島県,3405,尾三,2020,0.9722222222222222
R7,34,広島県,3405,尾三,2021,0.9705882352941176
R7,34,広島県,3405,尾三,2022,0.9705882352941176
R7,34,広島県,3405,尾三,2023,1
R7,34,広島県,3405,尾三,2024,1
R7,34,広島県,3405,尾三,2025,1
R7,34,広島県,3406,福山・府中,2015,0.948051948051948
R7,34,広島県,3406,福山・府中,2018,0.987012987012987
R7,34,広島県,3406,福山・府中,2019,0.9863013698630136
R7,34,広島県,3406,福山・府中,2020,0.9726027397260274
R7,34,広島県,3406,福山・府中,2021,1
R7,34,広島県,3406,福山・府中,2022,0.9714285714285714
R7,34,広島県,3406,福山・府中,2023,0.9710144927536232
R7,34,広島県,3406,福山・府中,2024,0.9848484848484849
R7,34,広島県,3406,福山・府中,2025,0.9848484848484849
R7,34,広島県,3407,備北,2015,0.9090909090909091
R7,34,広島県,3407,備北,2018,1
R7,34,広島県,3407,備北,2019,0.9
R7,34,広島県,3407,備北,2020,0.8888888888888888
R7,34,広島県,3407,備北,2021,0.8888888888888888
R7,34,広島県,3407,備北,2022,0.9411764705882353
R7,34,広島県,3407,備北,2023,1
R7,34,広島県,3407,備北,2024,1
R7,34,広島県,3407,備北,2025,1
R7,35,山口県,3501,岩国,2015,0.9473684210526315
R7,35,山口県,3501,岩国,2018,1
R7,35,山口県,3501,岩国,2019,1
R7,35,山口県,3501,岩国,2020,1
R7,35,山口県,3501,岩国,2021,1
R7,35,山口県,3501,岩国,2022,1
R7,35,山口県,3501,岩国,2023,1
R7,35,山口県,3501,岩国,2024,0.95
R7,35,山口県,3501,岩国,2025,0.95
R7,35,山口県,3502,柳井,2015,1
R7,35,山口県,3502,柳井,2018,1
R7,35,山口県,3502,柳井,2019,1
R7,35,山口県,3502,柳井,2020,1
R7,35,山口県,3502,柳井,2021,1
R7,35,山口県,3502,柳井,2022,1
R7,35,山口県,3502,柳井,2023,1
R7,35,山口県,3502,柳井,2024,1
R7,35,山口県,3502,柳井,2025,1
R7,35,山口県,3503,周南,2015,1
R7,35,山口県,3503,周南,2018,1
R7,35,山口県,3503,周南,2019,1
R7,35,山口県,3503,周南,2020,1
R7,35,山口県,3503,周南,2021,1
R7,35,山口県,3503,周南,2022,1
R7,35,山口県,3503,周南,2023,1
R7,35,山口県,3503,周南,2024,0.9642857142857143
R7,35,山口県,3503,周南,2025,0.9642857142857143
R7,35,山口県,3504,山口・防府,2015,1
R7,35,山口県,3504,山口・防府,2018,1
R7,35,山口県,3504,山口・防府,2019,1
R7,35,山口県,3504,山口・防府,2020,1
R7,35,山口県,3504,山口・防府,2021,1
R7,35,山口県,3504,山口・防府,2022,1
R7,35,山口県,3504,山口・防府,2023,1
R7,35,山口県,3504,山口・防府,2024,1
R7,35,山口県,3504,山口・防府,2025,1
R7,35,山口県,3505,宇部・小野田,2015,1
R7,35,山口県,3505,宇部・小野田,2018,1
R7,35,山口県,3505,宇部・小野田,2019,1
R7,35,山口県,3505,宇部・小野田,2020,1
R7,35,山口県,3505,宇部・小野田,2021,1
R7,35,山口県,3505,宇部・小野田,2022,1
R7,35,山口県,3505,宇部・小野田,2023,1
R7,35,山口県,3505,宇部・小野田,2024,0.9655172413793104
R7,35,山口県,3505,宇部・小野田,2025,0.9655172413793104
R7,35,山口県,3506,下関,2015,0.9661016949152542
R7,35,山口県,3506,下関,2018,1
R7,35,山口県,3506,下関,2019,1
R7,35,山口県,3506,下関,2020,1
R7,35,山口県,3506,下関,2021,1
R7,35,山口県,3506,下関,2022,1
R7,35,山口県,3506,下関,2023,1
R7,35,山口県,3506,下関,2024,0.9534883720930233
R7,35,山口県,3506,下関,2025,0.9534883720930233
R7,35,山口県,3507,長門,2015,1
R7,35,山口県,3507,長門,2018,1
R7,35,山口県,3507,長門,2019,1
R7,35,山口県,3507,長門,2020,1
R7,35,山口県,3507,長門,2021,1
R7,35,山口県,3507,長門,2022,1
R7,35,山口県,3507,長門,2023,1
R7,35,山口県,3507,長門,2024,1
R7,35,山口県,3507,長門,2025,1
R7,35,山口県,3508,萩,2015,1
R7,35,山口県,3508,萩,2018,1
R7,35,山口県,3508,萩,2019,1
R7,35,山口県,3508,萩,2020,1
R7,35,山口県,3508,萩,2021,1
R7,35,山口県,3508,萩,2022,1
R7,35,山口県,3508,萩,2023,1
R7,35,山口県,3508,萩,2024,0.8888888888888888
R7,35,山口県,3508,萩,2025,0.8888888888888888
R7,36,徳島県,3601,東部,2015,0.8851351351351351
R7,36,徳島県,3601,東部,2018,1
R7,36,徳島県,3601,東部,2019,1
R7,36,徳島県,3601,東部,2020,1
R7,36,徳島県,3601,東部,2021,0.952
R7,36,徳島県,3601,東部,2022,0.9754098360655737
R7,36,徳島県,3601,東部,2023,0.9833333333333333
R7,36,徳島県,3601,東部,2024,0.9910714285714286
R7,36,徳島県,3601,東部,2025,0.9910714285714286
R7,36,徳島県,3603,南部,2015,1
R7,36,徳島県,3603,南部,2018,1
R7,36,徳島県,3603,南部,2019,1
R7,36,徳島県,3603,南部,2020,1
R7,36,徳島県,3603,南部,2021,0.9545454545454546
R7,36,徳島県,3603,南部,2022,1
R7,36,徳島県,3603,南部,2023,1
R7,36,徳島県,3603,南部,2024,1
R7,36,徳島県,3603,南部,2025,1
R7,36,徳島県,3605,西部,2015,0.9655172413793104
R7,36,徳島県,3605,西部,2018,1
R7,36,徳島県,3605,西部,2019,1
R7,36,徳島県,3605,西部,2020,1
R7,36,徳島県,3605,西部,2021,1
R7,36,徳島県,3605,西部,2022,0.9523809523809523
R7,36,徳島県,3605,西部,2023,1
R7,36,徳島県,3605,西部,2024,1
R7,36,徳島県,3605,西部,2025,1
R7,37,香川県,3702,小豆,2015,1
R7,37,香川県,3702,小豆,2018,1
R7,37,香川県,3702,小豆,2019,1
R7,37,香川県,3702,小豆,2020,1
R7,37,香川県,3702,小豆,2021,1
R7,37,香川県,3702,小豆,2022,1
R7,37,香川県,3702,小豆,2023,1
R7,37,香川県,3702,小豆,2024,1
R7,37,香川県,3702,小豆,2025,1
R7,37,香川県,3706,東部,2015,0.9626168224299065
R7,37,香川県,3706,東部,2018,0.978494623655914
R7,37,香川県,3706,東部,2019,0.978021978021978
R7,37,香川県,3706,東部,2020,0.9888888888888889
R7,37,香川県,3706,東部,2021,0.9777777777777777
R7,37,香川県,3706,東部,2022,0.9772727272727273
R7,37,香川県,3706,東部,2023,1
R7,37,香川県,3706,東部,2024,1
R7,37,香川県,3706,東部,2025,1
R7,37,香川県,3707,西部,2015,0.972972972972973
R7,37,香川県,3707,西部,2018,0.9714285714285714
R7,37,香川県,3707,西部,2019,0.9855072463768116
R7,37,香川県,3707,西部,2020,0.9696969696969697
R7,37,香川県,3707,西部,2021,0.9545454545454546
R7,37,香川県,3707,西部,2022,0.9692307692307692
R7,37,香川県,3707,西部,2023,0.953125
R7,37,香川県,3707,西部,2024,0.9838709677419355
R7,37,香川県,3707,西部,2025,0.9838709677419355
R7,38,愛媛県,3801,宇摩,2015,1
R7,38,愛媛県,3801,宇摩,2018,1
R7,38,愛媛県,3801,宇摩,2019,1
R7,38,愛媛県,3801,宇摩,2020,1
R7,38,愛媛県,3801,宇摩,2021,1
R7,38,愛媛県,3801,宇摩,2022,1
R7,38,愛媛県,3801,宇摩,2023,1
R7,38,愛媛県,3801,宇摩,2024,1
R7,38,愛媛県,3801,宇摩,2025,1
R7,38,愛媛県,3802,新居浜・西条,2015,0.9714285714285714
R7,38,愛媛県,3802,新居浜・西条,2018,1
R7,38,愛媛県,3802,新居浜・西条,2019,0.967741935483871
R7,38,愛媛県,3802,新居浜・西条,2020,0.967741935483871
R7,38,愛媛県,3802,新居浜・西条,2021,0.967741935483871
R7,38,愛媛県,3802,新居浜・西条,2022,1
R7,38,愛媛県,3802,新居浜・西条,2023,1
R7,38,愛媛県,3802,新居浜・西条,2024,1
R7,38,愛媛県,3802,新居浜・西条,2025,1
R7,38,愛媛県,3803,今治,2015,1
R7,38,愛媛県,3803,今治,2018,0.9791666666666666
R7,38,愛媛県,3803,今治,2019,1
R7,38,愛媛県,3803,今治,2020,0.9777777777777777
R7,38,愛媛県,3803,今治,2021,0.9767441860465116
R7,38,愛媛県,3803,今治,2022,0.9318181818181818
R7,38,愛媛県,3803,今治,2023,1
R7,38,愛媛県,3803,今治,2024,1
R7,38,愛媛県,3803,今治,2025,1
R7,38,愛媛県,3804,松山,2015,0.9791666666666666
R7,38,愛媛県,3804,松山,2018,0.9710144927536232
R7,38,愛媛県,3804,松山,2019,0.984251968503937
R7,38,愛媛県,3804,松山,2020,0.968
R7,38,愛媛県,3804,松山,2021,0.9833333333333333
R7,38,愛媛県,3804,松山,2022,0.9658119658119658
R7,38,愛媛県,3804,松山,2023,0.9823008849557522
R7,38,愛媛県,3804,松山,2024,0.9719626168224299
R7,38,愛媛県,3804,松山,2025,0.9719626168224299
R7,38,愛媛県,3805,八幡浜・大洲,2015,1
R7,38,愛媛県,3805,八幡浜・大洲,2018,1
R7,38,愛媛県,3805,八幡浜・大洲,2019,1
R7,38,愛媛県,3805,八幡浜・大洲,2020,1
R7,38,愛媛県,3805,八幡浜・大洲,2021,1
R7,38,愛媛県,3805,八幡浜・大洲,2022,1
R7,38,愛媛県,3805,八幡浜・大洲,2023,1
R7,38,愛媛県,3805,八幡浜・大洲,2024,1
R7,38,愛媛県,3805,八幡浜・大洲,2025,1
R7,38,愛媛県,3806,宇和島,2015,1
R7,38,愛媛県,3806,宇和島,2018,1
R7,38,愛媛県,3806,宇和島,2019,1
R7,38,愛媛県,3806,宇和島,2020,1
R7,38,愛媛県,3806,宇和島,2021,1
R7,38,愛媛県,3806,宇和島,2022,1
R7,38,愛媛県,3806,宇和島,2023,1
R7,38,愛媛県,3806,宇和島,2024,1
R7,38,愛媛県,3806,宇和島,2025,1
R7,39,高知県,3901,安芸,2015,0.9090909090909091
R7,39,高知県,3901,安芸,2018,0.8
R7,39,高知県,3901,安芸,2019,1
R7,39,高知県,3901,安芸,2020,1
R7,39,高知県,3901,安芸,2021,1
R7,39,高知県,3901,安芸,2022,1
R7,39,高知県,3901,安芸,2023,1
R7,39,高知県,3901,安芸,2024,1
R7,39,高知県,3901,安芸,2025,1
R7,39,高知県,3902,中央,2015,0.9662162162162162
R7,39,高知県,3902,中央,2018,0.9797297297297297
R7,39,高知県,3902,中央,2019,1
R7,39,高知県,3902,中央,2020,1
R7,39,高知県,3902,中央,2021,1
R7,39,高知県,3902,中央,2022,1
R7,39,高知県,3902,中央,2023,1
R7,39,高知県,3902,中央,2024,1
R7,39,高知県,3902,中央,2025,1
R7,39,高知県,3903,高幡,2015,1
R7,39,高知県,3903,高幡,2018,1
R7,39,高知県,3903,高幡,2019,1
R7,39,高知県,3903,高幡,2020,1
R7,39,高知県,3903,高幡,2021,1
R7,39,高知県,3903,高幡,2022,1
R7,39,高知県,3903,高幡,2023,1
R7,39,高知県,3903,高幡,2024,1
R7,39,高知県,3903,高幡,2025,1
R7,39,高知県,3904,幡多,2015,0.8846153846153846
R7,39,高知県,3904,幡多,2018,0.9565217391304348
R7,39,高知県,3904,幡多,2019,1
R7,39,高知県,3904,幡多,2020,1
R7,39,高知県,3904,幡多,2021,1
R7,39,高知県,3904,幡多,2022,1
R7,39,高知県,3904,幡多,2023,1
R7,39,高知県,3904,幡多,2024,1
R7,39,高知県,3904,幡多,2025,1
R7,40,福岡県,4001,福岡・糸島,2015,0.9695817490494296
R7,40,福岡県,4001,福岡・糸島,2018,0.9245283018867925
R7,40,福岡県,4001,福岡・糸島,2019,0.9682539682539683
R7,40,福岡県,4001,福岡・糸島,2020,0.9183673469387755
R7,40,福岡県,4001,福岡・糸島,2021,0.9506172839506173
R7,40,福岡県,4001,福岡・糸島,2022,0.9367088607594937
R7,40,福岡県,4001,福岡・糸島,2023,1
R7,40,福岡県,4001,福岡・糸島,2024,0.954954954954955
R7,40,福岡県,4001,福岡・糸島,2025,0.954954954954955
R7,40,福岡県,4002,粕屋,2015,1
R7,40,福岡県,4002,粕屋,2018,0.975609756097561
R7,40,福岡県,4002,粕屋,2019,0.9761904761904762
R7,40,福岡県,4002,粕屋,2020,0.9523809523809523
R7,40,福岡県,4002,粕屋,2021,0.975609756097561
R7,40,福岡県,4002,粕屋,2022,0.9512195121951219
R7,40,福岡県,4002,粕屋,2023,1
R7,40,福岡県,4002,粕屋,2024,0.9487179487179487
R7,40,福岡県,4002,粕屋,2025,0.9487179487179487
R7,40,福岡県,4003,宗像,2015,0.9655172413793104
R7,40,福岡県,4003,宗像,2018,0.9310344827586207
R7,40,福岡県,4003,宗像,2019,0.9642857142857143
R7,40,福岡県,4003,宗像,2020,1
R7,40,福岡県,4003,宗像,2021,0.9629629629629629
R7,40,福岡県,4003,宗像,2022,1
R7,40,福岡県,4003,宗像,2023,1
R7,40,福岡県,4003,宗像,2024,0.9545454545454546
R7,40,福岡県,4003,宗像,2025,0.9545454545454546
R7,40,福岡県,4004,筑紫,2015,0.9298245614035088
R7,40,福岡県,4004,筑紫,2018,0.8947368421052632
R7,40,福岡県,4004,筑紫,2019,0.9807692307692307
R7,40,福岡県,4004,筑紫,2020,0.9230769230769231
R7,40,福岡県,4004,筑紫,2021,0.9807692307692307
R7,40,福岡県,4004,筑紫,2022,1
R7,40,福岡県,4004,筑紫,2023,1
R7,40,福岡県,4004,筑紫,2024,1
R7,40,福岡県,4004,筑紫,2025,1
R7,40,福岡県,4005,朝倉,2015,1
R7,40,福岡県,4005,朝倉,2018,1
R7,40,福岡県,4005,朝倉,2019,1
R7,40,福岡県,4005,朝倉,2020,1
R7,40,福岡県,4005,朝倉,2021,1
R7,40,福岡県,4005,朝倉,2022,1
R7,40,福岡県,4005,朝倉,2023,1
R7,40,福岡県,4005,朝倉,2024,1
R7,40,福岡県,4005,朝倉,2025,1
R7,40,福岡県,4006,久留米,2015,0.9565217391304348
R7,40,福岡県,4006,久留米,2018,0.956140350877193
R7,40,福岡県,4006,久留米,2019,0.9724770642201835
R7,40,福岡県,4006,久留米,2020,0.8317757009345794
R7,40,福岡県,4006,久留米,2021,0.9320388349514563
R7,40,福岡県,4006,久留米,2022,0.9270833333333334
R7,40,福岡県,4006,久留米,2023,1
R7,40,福岡県,4006,久留米,2024,0.9550561797752809
R7,40,福岡県,4006,久留米,2025,0.9550561797752809
R7,40,福岡県,4007,八女・筑後,2015,0.9166666666666666
R7,40,福岡県,4007,八女・筑後,2018,1
R7,40,福岡県,4007,八女・筑後,2019,1
R7,40,福岡県,4007,八女・筑後,2020,1
R7,40,福岡県,4007,八女・筑後,2021,1
R7,40,福岡県,4007,八女・筑後,2022,1
R7,40,福岡県,4007,八女・筑後,2023,1
R7,40,福岡県,4007,八女・筑後,2024,1
R7,40,福岡県,4007,八女・筑後,2025,1
R7,40,福岡県,4008,有明,2015,0.984375
R7,40,福岡県,4008,有明,2018,0.9836065573770492
R7,40,福岡県,4008,有明,2019,0.9830508474576272
R7,40,福岡県,4008,有明,2020,0.9473684210526315
R7,40,福岡県,4008,有明,2021,0.9473684210526315
R7,40,福岡県,4008,有明,2022,0.9629629629629629
R7,40,福岡県,4008,有明,2023,1
R7,40,福岡県,4008,有明,2024,1
R7,40,福岡県,4008,有明,2025,1
R7,40,福岡県,4009,飯塚,2015,0.9574468085106383
R7,40,福岡県,4009,飯塚,2018,1
R7,40,福岡県,4009,飯塚,2019,1
R7,40,福岡県,4009,飯塚,2020,0.8918918918918919
R7,40,福岡県,4009,飯塚,2021,0.918918918918919
R7,40,福岡県,4009,飯塚,2022,0.9705882352941176
R7,40,福岡県,4009,飯塚,2023,1
R7,40,福岡県,4009,飯塚,2024,0.9411764705882353
R7,40,福岡県,4009,飯塚,2025,0.9411764705882353
R7,40,福岡県,4010,直方・鞍手,2015,0.9473684210526315
R7,40,福岡県,4010,直方・鞍手,2018,0.9444444444444444
R7,40,福岡県,4010,直方・鞍手,2019,1
R7,40,福岡県,4010,直方・鞍手,2020,0.9411764705882353
R7,40,福岡県,4010,直方・鞍手,2021,1
R7,40,福岡県,4010,直方・鞍手,2022,1
R7,40,福岡県,4010,直方・鞍手,2023,1
R7,40,福岡県,4010,直方・鞍手,2024,1
R7,40,福岡県,4010,直方・鞍手,2025,1
R7,40,福岡県,4011,田川,2015,0.9354838709677419
R7,40,福岡県,4011,田川,2018,1
R7,40,福岡県,4011,田川,2019,1
R7,40,福岡県,4011,田川,2020,0.9032258064516129
R7,40,福岡県,4011,田川,2021,1
R7,40,福岡県,4011,田川,2022,1
R7,40,福岡県,4011,田川,2023,1
R7,40,福岡県,4011,田川,2024,1
R7,40,福岡県,4011,田川,2025,1
R7,40,福岡県,4012,北九州,2015,0.9656862745098039
R7,40,福岡県,4012,北九州,2018,0.9435897435897436
R7,40,福岡県,4012,北九州,2019,0.9675675675675676
R7,40,福岡県,4012,北九州,2020,0.9392265193370166
R7,40,福岡県,4012,北九州,2021,0.9710982658959537
R7,40,福岡県,4012,北九州,2022,0.9705882352941176
R7,40,福岡県,4012,北九州,2023,1
R7,40,福岡県,4012,北九州,2024,0.9745222929936306
R7,40,福岡県,4012,北九州,2025,0.9745222929936306
R7,40,福岡県,4013,京築,2015,0.96875
R7,40,福岡県,4013,京築,2018,0.9333333333333333
R7,40,福岡県,4013,京築,2019,0.9655172413793104
R7,40,福岡県,4013,京築,2020,0.9285714285714286
R7,40,福岡県,4013,京築,2021,0.9642857142857143
R7,40,福岡県,4013,京築,2022,0.9615384615384616
R7,40,福岡県,4013,京築,2023,0.9615384615384616
R7,40,福岡県,4013,京築,2024,0.9565217391304348
R7,40,福岡県,4013,京築,2025,0.9565217391304348
R7,41,佐賀県,4101,中部,2015,0.9270833333333334
R7,41,佐賀県,4101,中部,2018,0.945054945054945
R7,41,佐賀県,4101,中部,2019,0.9550561797752809
R7,41,佐賀県,4101,中部,2020,0.9659090909090909
R7,41,佐賀県,4101,中部,2021,0.9285714285714286
R7,41,佐賀県,4101,中部,2022,0.9761904761904762
R7,41,佐賀県,4101,中部,2023,1
R7,41,佐賀県,4101,中部,2024,0.9487179487179487
R7,41,佐賀県,4101,中部,2025,0.9487179487179487
R7,41,佐賀県,4102,東部,2015,0.7931034482758621
R7,41,佐賀県,4102,東部,2018,0.9333333333333333
R7,41,佐賀県,4102,東部,2019,0.9259259259259259
R7,41,佐賀県,4102,東部,2020,0.9629629629629629
R7,41,佐賀県,4102,東部,2021,0.8846153846153846
R7,41,佐賀県,4102,東部,2022,0.875
R7,41,佐賀県,4102,東部,2023,1
R7,41,佐賀県,4102,東部,2024,0.9047619047619048
R7,41,佐賀県,4102,東部,2025,0.9047619047619048
R7,41,佐賀県,4103,北部,2015,0.9166666666666666
R7,41,佐賀県,4103,北部,2018,0.9459459459459459
R7,41,佐賀県,4103,北部,2019,0.9428571428571428
R7,41,佐賀県,4103,北部,2020,0.9411764705882353
R7,41,佐賀県,4103,北部,2021,0.8823529411764706
R7,41,佐賀県,4103,北部,2022,0.96875
R7,41,佐賀県,4103,北部,2023,1
R7,41,佐賀県,4103,北部,2024,1
R7,41,佐賀県,4103,北部,2025,1
R7,41,佐賀県,4104,西部,2015,0.92
R7,41,佐賀県,4104,西部,2018,0.92
R7,41,佐賀県,4104,西部,2019,0.9565217391304348
R7,41,佐賀県,4104,西部,2020,0.9090909090909091
R7,41,佐賀県,4104,西部,2021,1
R7,41,佐賀県,4104,西部,2022,0.9473684210526315
R7,41,佐賀県,4104,西部,2023,1
R7,41,佐賀県,4104,西部,2024,0.9444444444444444
R7,41,佐賀県,4104,西部,2025,0.9444444444444444
R7,41,佐賀県,4105,南部,2015,0.9672131147540983
R7,41,佐賀県,4105,南部,2018,0.9827586206896551
R7,41,佐賀県,4105,南部,2019,0.9824561403508771
R7,41,佐賀県,4105,南部,2020,0.9473684210526315
R7,41,佐賀県,4105,南部,2021,0.9636363636363636
R7,41,佐賀県,4105,南部,2022,1
R7,41,佐賀県,4105,南部,2023,1
R7,41,佐賀県,4105,南部,2024,1
R7,41,佐賀県,4105,南部,2025,1
R7,42,長崎県,4201,長崎,2015,0.946969696969697
R7,42,長崎県,4201,長崎,2018,1
R7,42,長崎県,4201,長崎,2019,1
R7,42,長崎県,4201,長崎,2020,0.9911504424778761
R7,42,長崎県,4201,長崎,2021,1
R7,42,長崎県,4201,長崎,2022,1
R7,42,長崎県,4201,長崎,2023,1
R7,42,長崎県,4201,長崎,2024,0.9896907216494846
R7,42,長崎県,4201,長崎,2025,0.9896907216494846
R7,42,長崎県,4202,佐世保県北,2015,0.967741935483871
R7,42,長崎県,4202,佐世保県北,2018,0.9882352941176471
R7,42,長崎県,4202,佐世保県北,2019,1
R7,42,長崎県,4202,佐世保県北,2020,1
R7,42,長崎県,4202,佐世保県北,2021,1
R7,42,長崎県,4202,佐世保県北,2022,1
R7,42,長崎県,4202,佐世保県北,2023,1
R7,42,長崎県,4202,佐世保県北,2024,0.9857142857142858
R7,42,長崎県,4202,佐世保県北,2025,0.9857142857142858
R7,42,長崎県,4203,県央,2015,0.9302325581395349
R7,42,長崎県,4203,県央,2018,1
R7,42,長崎県,4203,県央,2019,1
R7,42,長崎県,4203,県央,2020,1
R7,42,長崎県,4203,県央,2021,1
R7,42,長崎県,4203,県央,2022,1
R7,42,長崎県,4203,県央,2023,1
R7,42,長崎県,4203,県央,2024,1
R7,42,長崎県,4203,県央,2025,1
R7,42,長崎県,4204,県南,2015,0.9615384615384616
R7,42,長崎県,4204,県南,2018,1
R7,42,長崎県,4204,県南,2019,1
R7,42,長崎県,4204,県南,2020,1
R7,42,長崎県,4204,県南,2021,1
R7,42,長崎県,4204,県南,2022,1
R7,42,長崎県,4204,県南,2023,1
R7,42,長崎県,4204,県南,2024,1
R7,42,長崎県,4204,県南,2025,1
R7,42,長崎県,4206,五島,2015,0.9285714285714286
R7,42,長崎県,4206,五島,2018,1
R7,42,長崎県,4206,五島,2019,1
R7,42,長崎県,4206,五島,2020,1
R7,42,長崎県,4206,五島,2021,1
R7,42,長崎県,4206,五島,2022,1
R7,42,長崎県,4206,五島,2023,1
R7,42,長崎県,4206,五島,2024,1
R7,42,長崎県,4206,五島,2025,1
R7,42,長崎県,4207,上五島,2015,1
R7,42,長崎県,4207,上五島,2018,1
R7,42,長崎県,4207,上五島,2019,1
R7,42,長崎県,4207,上五島,2020,1
R7,42,長崎県,4207,上五島,2021,1
R7,42,長崎県,4207,上五島,2022,1
R7,42,長崎県,4207,上五島,2023,1
R7,42,長崎県,4207,上五島,2024,1
R7,42,長崎県,4207,上五島,2025,1
R7,42,長崎県,4208,壱岐,2015,1
R7,42,長崎県,4208,壱岐,2018,1
R7,42,長崎県,4208,壱岐,2019,1
R7,42,長崎県,4208,壱岐,2020,1
R7,42,長崎県,4208,壱岐,2021,1
R7,42,長崎県,4208,壱岐,2022,1
R7,42,長崎県,4208,壱岐,2023,1
R7,42,長崎県,4208,壱岐,2024,1
R7,42,長崎県,4208,壱岐,2025,1
R7,42,長崎県,4209,対馬,2015,1
R7,42,長崎県,4209,対馬,2018,1
R7,42,長崎県,4209,対馬,2019,1
R7,42,長崎県,4209,対馬,2020,1
R7,42,長崎県,4209,対馬,2021,1
R7,42,長崎県,4209,対馬,2022,1
R7,42,長崎県,4209,対馬,2023,1
R7,42,長崎県,4209,対馬,2024,1
R7,42,長崎県,4209,対馬,2025,1
R7,43,熊本県,4302,宇城,2015,1
R7,43,熊本県,4302,宇城,2018,1
R7,43,熊本県,4302,宇城,2019,1
R7,43,熊本県,4302,宇城,2020,1
R7,43,熊本県,4302,宇城,2021,1
R7,43,熊本県,4302,宇城,2022,1
R7,43,熊本県,4302,宇城,2023,1
R7,43,熊本県,4302,宇城,2024,1
R7,43,熊本県,4302,宇城,2025,1
R7,43,熊本県,4303,有明,2015,0.9512195121951219
R7,43,熊本県,4303,有明,2018,1
R7,43,熊本県,4303,有明,2019,1
R7,43,熊本県,4303,有明,2020,0.918918918918919
R7,43,熊本県,4303,有明,2021,1
R7,43,熊本県,4303,有明,2022,1
R7,43,熊本県,4303,有明,2023,1
R7,43,熊本県,4303,有明,2024,1
R7,43,熊本県,4303,有明,2025,1
R7,43,熊本県,4304,鹿本,2015,1
R7,43,熊本県,4304,鹿本,2018,1
R7,43,熊本県,4304,鹿本,2019,1
R7,43,熊本県,4304,鹿本,2020,1
R7,43,熊本県,4304,鹿本,2021,1
R7,43,熊本県,4304,鹿本,2022,1
R7,43,熊本県,4304,鹿本,2023,1
R7,43,熊本県,4304,鹿本,2024,1
R7,43,熊本県,4304,鹿本,2025,1
R7,43,熊本県,4305,菊池,2015,0.9696969696969697
R7,43,熊本県,4305,菊池,2018,1
R7,43,熊本県,4305,菊池,2019,1
R7,43,熊本県,4305,菊池,2020,0.9666666666666667
R7,43,熊本県,4305,菊池,2021,1
R7,43,熊本県,4305,菊池,2022,0.9642857142857143
R7,43,熊本県,4305,菊池,2023,1
R7,43,熊本県,4305,菊池,2024,1
R7,43,熊本県,4305,菊池,2025,1
R7,43,熊本県,4306,阿蘇,2015,1
R7,43,熊本県,4306,阿蘇,2018,1
R7,43,熊本県,4306,阿蘇,2019,1
R7,43,熊本県,4306,阿蘇,2020,1
R7,43,熊本県,4306,阿蘇,2021,1
R7,43,熊本県,4306,阿蘇,2022,1
R7,43,熊本県,4306,阿蘇,2023,1
R7,43,熊本県,4306,阿蘇,2024,1
R7,43,熊本県,4306,阿蘇,2025,1
R7,43,熊本県,4308,八代,2015,0.9545454545454546
R7,43,熊本県,4308,八代,2018,1
R7,43,熊本県,4308,八代,2019,1
R7,43,熊本県,4308,八代,2020,0.9411764705882353
R7,43,熊本県,4308,八代,2021,1
R7,43,熊本県,4308,八代,2022,1
R7,43,熊本県,4308,八代,2023,1
R7,43,熊本県,4308,八代,2024,1
R7,43,熊本県,4308,八代,2025,1
R7,43,熊本県,4309,芦北,2015,1
R7,43,熊本県,4309,芦北,2018,1
R7,43,熊本県,4309,芦北,2019,1
R7,43,熊本県,4309,芦北,2020,1
R7,43,熊本県,4309,芦北,2021,1
R7,43,熊本県,4309,芦北,2022,1
R7,43,熊本県,4309,芦北,2023,1
R7,43,熊本県,4309,芦北,2024,1
R7,43,熊本県,4309,芦北,2025,1
R7,43,熊本県,4310,球磨,2015,0.9310344827586207
R7,43,熊本県,4310,球磨,2018,1
R7,43,熊本県,4310,球磨,2019,1
R7,43,熊本県,4310,球磨,2020,0.92
R7,43,熊本県,4310,球磨,2021,1
R7,43,熊本県,4310,球磨,2022,1
R7,43,熊本県,4310,球磨,2023,1
R7,43,熊本県,4310,球磨,2024,1
R7,43,熊本県,4310,球磨,2025,1
R7,43,熊本県,4311,天草,2015,0.9387755102040817
R7,43,熊本県,4311,天草,2018,1
R7,43,熊本県,4311,天草,2019,1
R7,43,熊本県,4311,天草,2020,0.9024390243902439
R7,43,熊本県,4311,天草,2021,1
R7,43,熊本県,4311,天草,2022,1
R7,43,熊本県,4311,天草,2023,1
R7,43,熊本県,4311,天草,2024,1
R7,43,熊本県,4311,天草,2025,1
R7,43,熊本県,4312,熊本・上益城,2015,0.9406392694063926
R7,43,熊本県,4312,熊本・上益城,2018,1
R7,43,熊本県,4312,熊本・上益城,2019,0.9903846153846154
R7,43,熊本県,4312,熊本・上益城,2020,0.9466019417475728
R7,43,熊本県,4312,熊本・上益城,2021,0.9949494949494949
R7,43,熊本県,4312,熊本・上益城,2022,1
R7,43,熊本県,4312,熊本・上益城,2023,1
R7,43,熊本県,4312,熊本・上益城,2024,1
R7,43,熊本県,4312,熊本・上益城,2025,1
R7,44,大分県,4401,東部,2015,0.975
R7,44,大分県,4401,東部,2018,0.9367088607594937
R7,44,大分県,4401,東部,2019,0.9466666666666667
R7,44,大分県,4401,東部,2020,0.9444444444444444
R7,44,大分県,4401,東部,2021,0.9710144927536232
R7,44,大分県,4401,東部,2022,0.9558823529411765
R7,44,大分県,4401,東部,2023,1
R7,44,大分県,4401,東部,2024,1
R7,44,大分県,4401,東部,2025,1
R7,44,大分県,4403,中部,2015,0.9503105590062112
R7,44,大分県,4403,中部,2018,0.9683544303797469
R7,44,大分県,4403,中部,2019,0.9741935483870968
R7,44,大分県,4403,中部,2020,0.9935483870967742
R7,44,大分県,4403,中部,2021,0.9935897435897436
R7,44,大分県,4403,中部,2022,0.9933774834437086
R7,44,大分県,4403,中部,2023,1
R7,44,大分県,4403,中部,2024,1
R7,44,大分県,4403,中部,2025,1
R7,44,大分県,4405,南部,2015,1
R7,44,大分県,4405,南部,2018,1
R7,44,大分県,4405,南部,2019,1
R7,44,大分県,4405,南部,2020,1
R7,44,大分県,4405,南部,2021,1
R7,44,大分県,4405,南部,2022,1
R7,44,大分県,4405,南部,2023,0.9411764705882353
R7,44,大分県,4405,南部,2024,1
R7,44,大分県,4405,南部,2025,1
R7,44,大分県,4406,豊肥,2015,0.9473684210526315
R7,44,大分県,4406,豊肥,2018,1
R7,44,大分県,4406,豊肥,2019,0.8823529411764706
R7,44,大分県,4406,豊肥,2020,1
R7,44,大分県,4406,豊肥,2021,1
R7,44,大分県,4406,豊肥,2022,1
R7,44,大分県,4406,豊肥,2023,1
R7,44,大分県,4406,豊肥,2024,1
R7,44,大分県,4406,豊肥,2025,1
R7,44,大分県,4408,西部,2015,0.975609756097561
R7,44,大分県,4408,西部,2018,0.9736842105263158
R7,44,大分県,4408,西部,2019,0.9459459459459459
R7,44,大分県,4408,西部,2020,1
R7,44,大分県,4408,西部,2021,0.9714285714285714
R7,44,大分県,4408,西部,2022,1
R7,44,大分県,4408,西部,2023,1
R7,44,大分県,4408,西部,2024,1
R7,44,大分県,4408,西部,2025,1
R7,44,大分県,4409,北部,2015,0.9811320754716981
R7,44,大分県,4409,北部,2018,0.9615384615384616
R7,44,大分県,4409,北部,2019,0.9215686274509803
R7,44,大分県,4409,北部,2020,0.96
R7,44,大分県,4409,北部,2021,0.9583333333333334
R7,44,大分県,4409,北部,2022,0.9787234042553191
R7,44,大分県,4409,北部,2023,0.9787234042553191
R7,44,大分県,4409,北部,2024,1
R7,44,大分県,4409,北部,2025,1
R7,45,宮崎県,4501,宮崎東諸県,2015,1
R7,45,宮崎県,4501,宮崎東諸県,2018,0.9680851063829787
R7,45,宮崎県,4501,宮崎東諸県,2019,0.8913043478260869
R7,45,宮崎県,4501,宮崎東諸県,2020,0.9213483146067416
R7,45,宮崎県,4501,宮崎東諸県,2021,0.9759036144578314
R7,45,宮崎県,4501,宮崎東諸県,2022,0.9390243902439024
R7,45,宮崎県,4501,宮崎東諸県,2023,0.9878048780487805
R7,45,宮崎県,4501,宮崎東諸県,2024,1
R7,45,宮崎県,4501,宮崎東諸県,2025,1
R7,45,宮崎県,4502,都城北諸県,2015,1
R7,45,宮崎県,4502,都城北諸県,2018,1
R7,45,宮崎県,4502,都城北諸県,2019,0.9682539682539683
R7,45,宮崎県,4502,都城北諸県,2020,0.9836065573770492
R7,45,宮崎県,4502,都城北諸県,2021,0.9836065573770492
R7,45,宮崎県,4502,都城北諸県,2022,0.9833333333333333
R7,45,宮崎県,4502,都城北諸県,2023,0.9642857142857143
R7,45,宮崎県,4502,都城北諸県,2024,1
R7,45,宮崎県,4502,都城北諸県,2025,1
R7,45,宮崎県,4503,延岡西臼杵,2015,0.9696969696969697
R7,45,宮崎県,4503,延岡西臼杵,2018,1
R7,45,宮崎県,4503,延岡西臼杵,2019,1
R7,45,宮崎県,4503,延岡西臼杵,2020,0.9655172413793104
R7,45,宮崎県,4503,延岡西臼杵,2021,1
R7,45,宮崎県,4503,延岡西臼杵,2022,1
R7,45,宮崎県,4503,延岡西臼杵,2023,1
R7,45,宮崎県,4503,延岡西臼杵,2024,1
R7,45,宮崎県,4503,延岡西臼杵,2025,1
R7,45,宮崎県,4504,日南串間,2015,0.9
R7,45,宮崎県,4504,日南串間,2018,1
R7,45,宮崎県,4504,日南串間,2019,0.7647058823529411
R7,45,宮崎県,4504,日南串間,2020,0.8823529411764706
R7,45,宮崎県,4504,日南串間,2021,1
R7,45,宮崎県,4504,日南串間,2022,0.9333333333333333
R7,45,宮崎県,4504,日南串間,2023,0.9285714285714286
R7,45,宮崎県,4504,日南串間,2024,1
R7,45,宮崎県,4504,日南串間,2025,1
R7,45,宮崎県,4505,西諸,2015,1
R7,45,宮崎県,4505,西諸,2018,1
R7,45,宮崎県,4505,西諸,2019,1
R7,45,宮崎県,4505,西諸,2020,1
R7,45,宮崎県,4505,西諸,2021,1
R7,45,宮崎県,4505,西諸,2022,1
R7,45,宮崎県,4505,西諸,2023,1
R7,45,宮崎県,4505,西諸,2024,0.9545454545454546
R7,45,宮崎県,4505,西諸,2025,0.9545454545454546
R7,45,宮崎県,4506,西都児湯,2015,1
R7,45,宮崎県,4506,西都児湯,2018,1
R7,45,宮崎県,4506,西都児湯,2019,1
R7,45,宮崎県,4506,西都児湯,2020,1
R7,45,宮崎県,4506,西都児湯,2021,1
R7,45,宮崎県,4506,西都児湯,2022,1
R7,45,宮崎県,4506,西都児湯,2023,0.9375
R7,45,宮崎県,4506,西都児湯,2024,1
R7,45,宮崎県,4506,西都児湯,2025,1
R7,45,宮崎県,4507,日向入郷,2015,1
R7,45,宮崎県,4507,日向入郷,2018,1
R7,45,宮崎県,4507,日向入郷,2019,0.95
R7,45,宮崎県,4507,日向入郷,2020,1
R7,45,宮崎県,4507,日向入郷,2021,1
R7,45,宮崎県,4507,日向入郷,2022,0.9473684210526315
R7,45,宮崎県,4507,日向入郷,2023,0.9473684210526315
R7,45,宮崎県,4507,日向入郷,2024,0.9473684210526315
R7,45,宮崎県,4507,日向入郷,2025,0.9473684210526315
R7,46,鹿児島県,4601,鹿児島,2015,0.9026548672566371
R7,46,鹿児島県,4601,鹿児島,2018,0.9722222222222222
R7,46,鹿児島県,4601,鹿児島,2019,0.9666666666666667
R7,46,鹿児島県,4601,鹿児島,2020,0.9615384615384616
R7,46,鹿児島県,4601,鹿児島,2021,0.985
R7,46,鹿児島県,4601,鹿児島,2022,0.9484536082474226
R7,46,鹿児島県,4601,鹿児島,2023,1
R7,46,鹿児島県,4601,鹿児島,2024,1
R7,46,鹿児島県,4601,鹿児島,2025,1
R7,46,鹿児島県,4603,南薩,2015,0.9833333333333333
R7,46,鹿児島県,4603,南薩,2018,1
R7,46,鹿児島県,4603,南薩,2019,1
R7,46,鹿児島県,4603,南薩,2020,1
R7,46,鹿児島県,4603,南薩,2021,0.9615384615384616
R7,46,鹿児島県,4603,南薩,2022,0.9615384615384616
R7,46,鹿児島県,4603,南薩,2023,0.9795918367346939
R7,46,鹿児島県,4603,南薩,2024,0.9767441860465116
R7,46,鹿児島県,4603,南薩,2025,0.9767441860465116
R7,46,鹿児島県,4605,川薩,2015,0.975609756097561
R7,46,鹿児島県,4605,川薩,2018,1
R7,46,鹿児島県,4605,川薩,2019,0.9714285714285714
R7,46,鹿児島県,4605,川薩,2020,0.9428571428571428
R7,46,鹿児島県,4605,川薩,2021,0.9705882352941176
R7,46,鹿児島県,4605,川薩,2022,0.9393939393939394
R7,46,鹿児島県,4605,川薩,2023,1
R7,46,鹿児島県,4605,川薩,2024,1
R7,46,鹿児島県,4605,川薩,2025,1
R7,46,鹿児島県,4606,出水,2015,0.9545454545454546
R7,46,鹿児島県,4606,出水,2018,1
R7,46,鹿児島県,4606,出水,2019,1
R7,46,鹿児島県,4606,出水,2020,0.95
R7,46,鹿児島県,4606,出水,2021,1
R7,46,鹿児島県,4606,出水,2022,1
R7,46,鹿児島県,4606,出水,2023,1
R7,46,鹿児島県,4606,出水,2024,1
R7,46,鹿児島県,4606,出水,2025,1
R7,46,鹿児島県,4607,姶良・伊佐,2015,0.9876543209876543
R7,46,鹿児島県,4607,姶良・伊佐,2018,0.975609756097561
R7,46,鹿児島県,4607,姶良・伊佐,2019,1
R7,46,鹿児島県,4607,姶良・伊佐,2020,1
R7,46,鹿児島県,4607,姶良・伊佐,2021,0.9605263157894737
R7,46,鹿児島県,4607,姶良・伊佐,2022,0.9466666666666667
R7,46,鹿児島県,4607,姶良・伊佐,2023,1
R7,46,鹿児島県,4607,姶良・伊佐,2024,1
R7,46,鹿児島県,4607,姶良・伊佐,2025,1
R7,46,鹿児島県,4609,曽於,2015,0.8823529411764706
R7,46,鹿児島県,4609,曽於,2018,1
R7,46,鹿児島県,4609,曽於,2019,1
R7,46,鹿児島県,4609,曽於,2020,1
R7,46,鹿児島県,4609,曽於,2021,1
R7,46,鹿児島県,4609,曽於,2022,0.875
R7,46,鹿児島県,4609,曽於,2023,1
R7,46,鹿児島県,4609,曽於,2024,1
R7,46,鹿児島県,4609,曽於,2025,1
R7,46,鹿児島県,4610,肝属,2015,0.9636363636363636
R7,46,鹿児島県,4610,肝属,2018,0.9787234042553191
R7,46,鹿児島県,4610,肝属,2019,0.9782608695652174
R7,46,鹿児島県,4610,肝属,2020,1
R7,46,鹿児島県,4610,肝属,2021,0.9772727272727273
R7,46,鹿児島県,4610,肝属,2022,0.926829268292683
R7,46,鹿児島県,4610,肝属,2023,1
R7,46,鹿児島県,4610,肝属,2024,1
R7,46,鹿児島県,4610,肝属,2025,1
R7,46,鹿児島県,4611,熊毛,2015,1
R7,46,鹿児島県,4611,熊毛,2018,1
R7,46,鹿児島県,4611,熊毛,2019,1
R7,46,鹿児島県,4611,熊毛,2020,0.8571428571428571
R7,46,鹿児島県,4611,熊毛,2021,1
R7,46,鹿児島県,4611,熊毛,2022,0.8333333333333334
R7,46,鹿児島県,4611,熊毛,2023,1
R7,46,鹿児島県,4611,熊毛,2024,1
R7,46,鹿児島県,4611,熊毛,2025,1
R7,46,鹿児島県,4612,奄美,2015,0.9375
R7,46,鹿児島県,4612,奄美,2018,1
R7,46,鹿児島県,4612,奄美,2019,1
R7,46,鹿児島県,4612,奄美,2020,0.9666666666666667
R7,46,鹿児島県,4612,奄美,2021,0.9310344827586207
R7,46,鹿児島県,4612,奄美,2022,0.9310344827586207
R7,46,鹿児島県,4612,奄美,2023,1
R7,46,鹿児島県,4612,奄美,2024,1
R7,46,鹿児島県,4612,奄美,2025,1
R7,47,沖縄県,4701,北部,2015,1
R7,47,沖縄県,4701,北部,2018,0.8461538461538461
R7,47,沖縄県,4701,北部,2019,0.8333333333333334
R7,47,沖縄県,4701,北部,2020,0.9
R7,47,沖縄県,4701,北部,2021,0.9090909090909091
R7,47,沖縄県,4701,北部,2022,0.8181818181818182
R7,47,沖縄県,4701,北部,2023,1
R7,47,沖縄県,4701,北部,2024,1
R7,47,沖縄県,4701,北部,2025,1
R7,47,沖縄県,4702,中部,2015,0.9069767441860465
R7,47,沖縄県,4702,中部,2018,0.8205128205128205
R7,47,沖縄県,4702,中部,2019,0.918918918918919
R7,47,沖縄県,4702,中部,2020,0.9459459459459459
R7,47,沖縄県,4702,中部,2021,0.9166666666666666
R7,47,沖縄県,4702,中部,2022,0.9411764705882353
R7,47,沖縄県,4702,中部,2023,1
R7,47,沖縄県,4702,中部,2024,0.9705882352941176
R7,47,沖縄県,4702,中部,2025,0.9705882352941176
R7,47,沖縄県,4703,南部,2015,1
R7,47,沖縄県,4703,南部,2018,0.8271604938271605
R7,47,沖縄県,4703,南部,2019,0.8076923076923077
R7,47,沖縄県,4703,南部,2020,0.9210526315789473
R7,47,沖縄県,4703,南部,2021,0.9178082191780822
R7,47,沖縄県,4703,南部,2022,0.9027777777777778
R7,47,沖縄県,4703,南部,2023,0.9855072463768116
R7,47,沖縄県,4703,南部,2024,0.9841269841269841
R7,47,沖縄県,4703,南部,2025,0.9841269841269841
R7,47,沖縄県,4704,宮古,2015,0.9285714285714286
R7,47,沖縄県,4704,宮古,2018,0.7272727272727273
R7,47,沖縄県,4704,宮古,2019,0.75
R7,47,沖縄県,4704,宮古,2020,1
R7,47,沖縄県,4704,宮古,2021,1
R7,47,沖縄県,4704,宮古,2022,1
R7,47,沖縄県,4704,宮古,2023,1
R7,47,沖縄県,4704,宮古,2024,0.9
R7,47,沖縄県,4704,宮古,2025,0.9
R7,47,沖縄県,4705,八重山,2015,0.9
R7,47,沖縄県,4705,八重山,2018,0.5714285714285714
R7,47,沖縄県,4705,八重山,2019,0.8571428571428571
R7,47,沖縄県,4705,八重山,2020,0.8571428571428571
R7,47,沖縄県,4705,八重山,2021,1
R7,47,沖縄県,4705,八重山,2022,0.8333333333333334
R7,47,沖縄県,4705,八重山,2023,1
R7,47,沖縄県,4705,八重山,2024,1
R7,47,沖縄県,4705,八重山,2025,1
R6,01,北海道,0101,南渡島,2015,0.9384615384615385
R6,01,北海道,0101,南渡島,2018,1
R6,01,北海道,0101,南渡島,2019,1
R6,01,北海道,0101,南渡島,2020,1
R6,01,北海道,0101,南渡島,2021,1
R6,01,北海道,0101,南渡島,2022,0.9444444444444444
R6,01,北海道,0101,南渡島,2023,0.9230769230769231
R6,01,北海道,0101,南渡島,2024,1
R6,01,北海道,0102,南檜山,2015,1
R6,01,北海道,0102,南檜山,2018,1
R6,01,北海道,0102,南檜山,2019,1
R6,01,北海道,0102,南檜山,2020,0.875
R6,01,北海道,0102,南檜山,2021,1
R6,01,北海道,0102,南檜山,2022,1
R6,01,北海道,0102,南檜山,2023,1
R6,01,北海道,0102,南檜山,2024,1
R6,01,北海道,0103,北渡島檜山,2015,1
R6,01,北海道,0103,北渡島檜山,2018,1
R6,01,北海道,0103,北渡島檜山,2019,1
R6,01,北海道,0103,北渡島檜山,2020,1
R6,01,北海道,0103,北渡島檜山,2021,1
R6,01,北海道,0103,北渡島檜山,2022,1
R6,01,北海道,0103,北渡島檜山,2023,1
R6,01,北海道,0103,北渡島檜山,2024,1
R6,01,北海道,0104,札幌,2015,0.9673024523160763
R6,01,北海道,0104,札幌,2018,0.9786096256684492
R6,01,北海道,0104,札幌,2019,0.9750692520775623
R6,01,北海道,0104,札幌,2020,0.9495798319327731
R6,01,北海道,0104,札幌,2021,0.9744318181818182
R6,01,北海道,0104,札幌,2022,0.9533527696793003
R6,01,北海道,0104,札幌,2023,0.9532163742690059
R6,01,北海道,0104,札幌,2024,0.9584569732937686
R6,01,北海道,0105,後志,2015,0.9333333333333333
R6,01,北海道,0105,後志,2018,0.9777777777777777
R6,01,北海道,0105,後志,2019,1
R6,01,北海道,0105,後志,2020,1
R6,01,北海道,0105,後志,2021,0.9444444444444444
R6,01,北海道,0105,後志,2022,0.9411764705882353
R6,01,北海道,0105,後志,2023,0.9411764705882353
R6,01,北海道,0105,後志,2024,0.9714285714285714
R6,01,北海道,0106,南空知,2015,0.9722222222222222
R6,01,北海道,0106,南空知,2018,0.9354838709677419
R6,01,北海道,0106,南空知,2019,1
R6,01,北海道,0106,南空知,2020,0.9642857142857143
R6,01,北海道,0106,南空知,2021,1
R6,01,北海道,0106,南空知,2022,1
R6,01,北海道,0106,南空知,2023,0.8148148148148148
R6,01,北海道,0106,南空知,2024,0.9629629629629629
R6,01,北海道,0107,中空知,2015,0.9545454545454546
R6,01,北海道,0107,中空知,2018,1
R6,01,北海道,0107,中空知,2019,1
R6,01,北海道,0107,中空知,2020,1
R6,01,北海道,0107,中空知,2021,1
R6,01,北海道,0107,中空知,2022,0.9411764705882353
R6,01,北海道,0107,中空知,2023,0.9411764705882353
R6,01,北海道,0107,中空知,2024,0.9444444444444444
R6,01,北海道,0108,北空知,2015,1
R6,01,北海道,0108,北空知,2018,1
R6,01,北海道,0108,北空知,2019,1
R6,01,北海道,0108,北空知,2020,1
R6,01,北海道,0108,北空知,2021,1
R6,01,北海道,0108,北空知,2022,1
R6,01,北海道,0108,北空知,2023,1
R6,01,北海道,0108,北空知,2024,1
R6,01,北海道,0109,西胆振,2015,0.9615384615384616
R6,01,北海道,0109,西胆振,2018,0.96
R6,01,北海道,0109,西胆振,2019,1
R6,01,北海道,0109,西胆振,2020,1
R6,01,北海道,0109,西胆振,2021,0.9166666666666666
R6,01,北海道,0109,西胆振,2022,0.9166666666666666
R6,01,北海道,0109,西胆振,2023,0.9565217391304348
R6,01,北海道,0109,西胆振,2024,0.9565217391304348
R6,01,北海道,0110,東胆振,2015,0.8928571428571429
R6,01,北海道,0110,東胆振,2018,1
R6,01,北海道,0110,東胆振,2019,1
R6,01,北海道,0110,東胆振,2020,0.896551724137931
R6,01,北海道,0110,東胆振,2021,0.8571428571428571
R6,01,北海道,0110,東胆振,2022,0.9310344827586207
R6,01,北海道,0110,東胆振,2023,0.8928571428571429
R6,01,北海道,0110,東胆振,2024,0.9285714285714286
R6,01,北海道,0111,日高,2015,1
R6,01,北海道,0111,日高,2018,1
R6,01,北海道,0111,日高,2019,1
R6,01,北海道,0111,日高,2020,1
R6,01,北海道,0111,日高,2021,1
R6,01,北海道,0111,日高,2022,1
R6,01,北海道,0111,日高,2023,1
R6,01,北海道,0111,日高,2024,1
R6,01,北海道,0112,上川中部,2015,0.974025974025974
R6,01,北海道,0112,上川中部,2018,0.9864864864864865
R6,01,北海道,0112,上川中部,2019,0.9857142857142858
R6,01,北海道,0112,上川中部,2020,0.9846153846153847
R6,01,北海道,0112,上川中部,2021,0.9841269841269841
R6,01,北海道,0112,上川中部,2022,0.9672131147540983
R6,01,北海道,0112,上川中部,2023,0.9508196721311475
R6,01,北海道,0112,上川中部,2024,0.95
R6,01,北海道,0113,上川北部,2015,1
R6,01,北海道,0113,上川北部,2018,1
R6,01,北海道,0113,上川北部,2019,1
R6,01,北海道,0113,上川北部,2020,1
R6,01,北海道,0113,上川北部,2021,0.8888888888888888
R6,01,北海道,0113,上川北部,2022,1
R6,01,北海道,0113,上川北部,2023,1
R6,01,北海道,0113,上川北部,2024,0.8888888888888888
R6,01,北海道,0114,富良野,2015,1
R6,01,北海道,0114,富良野,2018,1
R6,01,北海道,0114,富良野,2019,1
R6,01,北海道,0114,富良野,2020,1
R6,01,北海道,0114,富良野,2021,0.8
R6,01,北海道,0114,富良野,2022,1
R6,01,北海道,0114,富良野,2023,0.6
R6,01,北海道,0114,富良野,2024,0.5
R6,01,北海道,0115,留萌,2015,1
R6,01,北海道,0115,留萌,2018,1
R6,01,北海道,0115,留萌,2019,1
R6,01,北海道,0115,留萌,2020,1
R6,01,北海道,0115,留萌,2021,1
R6,01,北海道,0115,留萌,2022,1
R6,01,北海道,0115,留萌,2023,1
R6,01,北海道,0115,留萌,2024,1
R6,01,北海道,0116,宗谷,2015,1
R6,01,北海道,0116,宗谷,2018,1
R6,01,北海道,0116,宗谷,2019,1
R6,01,北海道,0116,宗谷,2020,1
R6,01,北海道,0116,宗谷,2021,1
R6,01,北海道,0116,宗谷,2022,0.9166666666666666
R6,01,北海道,0116,宗谷,2023,1
R6,01,北海道,0116,宗谷,2024,0.9166666666666666
R6,01,北海道,0117,北網,2015,0.9459459459459459
R6,01,北海道,0117,北網,2018,0.95
R6,01,北海道,0117,北網,2019,0.9743589743589743
R6,01,北海道,0117,北網,2020,0.9736842105263158
R6,01,北海道,0117,北網,2021,0.972972972972973
R6,01,北海道,0117,北網,2022,0.9142857142857143
R6,01,北海道,0117,北網,2023,0.9428571428571428
R6,01,北海道,0117,北網,2024,0.9117647058823529
R6,01,北海道,0118,遠紋,2015,1
R6,01,北海道,0118,遠紋,2018,1
R6,01,北海道,0118,遠紋,2019,1
R6,01,北海道,0118,遠紋,2020,0.8333333333333334
R6,01,北海道,0118,遠紋,2021,1
R6,01,北海道,0118,遠紋,2022,0.9166666666666666
R6,01,北海道,0118,遠紋,2023,0.9166666666666666
R6,01,北海道,0118,遠紋,2024,1
R6,01,北海道,0119,十勝,2015,1
R6,01,北海道,0119,十勝,2018,1
R6,01,北海道,0119,十勝,2019,1
R6,01,北海道,0119,十勝,2020,0.9615384615384616
R6,01,北海道,0119,十勝,2021,0.96
R6,01,北海道,0119,十勝,2022,0.9583333333333334
R6,01,北海道,0119,十勝,2023,0.9791666666666666
R6,01,北海道,0119,十勝,2024,1
R6,01,北海道,0120,釧路,2015,0.9666666666666667
R6,01,北海道,0120,釧路,2018,1
R6,01,北海道,0120,釧路,2019,1
R6,01,北海道,0120,釧路,2020,1
R6,01,北海道,0120,釧路,2021,1
R6,01,北海道,0120,釧路,2022,1
R6,01,北海道,0120,釧路,2023,1
R6,01,北海道,0120,釧路,2024,0.9354838709677419
R6,01,北海道,0121,根室,2015,0.8571428571428571
R6,01,北海道,0121,根室,2018,1
R6,01,北海道,0121,根室,2019,1
R6,01,北海道,0121,根室,2020,1
R6,01,北海道,0121,根室,2021,1
R6,01,北海道,0121,根室,2022,1
R6,01,北海道,0121,根室,2023,1
R6,01,北海道,0121,根室,2024,1
R6,02,青森県,0201,津軽地域,2015,1
R6,02,青森県,0201,津軽地域,2018,0.96875
R6,02,青森県,0201,津軽地域,2019,1
R6,02,青森県,0201,津軽地域,2020,1
R6,02,青森県,0201,津軽地域,2021,1
R6,02,青森県,0201,津軽地域,2022,1
R6,02,青森県,0201,津軽地域,2023,1
R6,02,青森県,0201,津軽地域,2024,1
R6,02,青森県,0202,八戸地域,2015,0.9583333333333334
R6,02,青森県,0202,八戸地域,2018,0.92
R6,02,青森県,0202,八戸地域,2019,1
R6,02,青森県,0202,八戸地域,2020,1
R6,02,青森県,0202,八戸地域,2021,1
R6,02,青森県,0202,八戸地域,2022,1
R6,02,青森県,0202,八戸地域,2023,1
R6,02,青森県,0202,八戸地域,2024,1
R6,02,青森県,0203,青森地域,2015,0.9310344827586207
R6,02,青森県,0203,青森地域,2018,0.9622641509433962
R6,02,青森県,0203,青森地域,2019,1
R6,02,青森県,0203,青森地域,2020,1
R6,02,青森県,0203,青森地域,2021,1
R6,02,青森県,0203,青森地域,2022,1
R6,02,青森県,0203,青森地域,2023,1
R6,02,青森県,0203,青森地域,2024,1
R6,02,青森県,0204,西北五地域,2015,0.9230769230769231
R6,02,青森県,0204,西北五地域,2018,1
R6,02,青森県,0204,西北五地域,2019,1
R6,02,青森県,0204,西北五地域,2020,1
R6,02,青森県,0204,西北五地域,2021,1
R6,02,青森県,0204,西北五地域,2022,1
R6,02,青森県,0204,西北五地域,2023,1
R6,02,青森県,0204,西北五地域,2024,1
R6,02,青森県,0205,上十三地域,2015,0.96
R6,02,青森県,0205,上十三地域,2018,0.9230769230769231
R6,02,青森県,0205,上十三地域,2019,1
R6,02,青森県,0205,上十三地域,2020,1
R6,02,青森県,0205,上十三地域,2021,1
R6,02,青森県,0205,上十三地域,2022,1
R6,02,青森県,0205,上十三地域,2023,1
R6,02,青森県,0205,上十三地域,2024,1
R6,02,青森県,0206,下北地域,2015,1
R6,02,青森県,0206,下北地域,2018,1
R6,02,青森県,0206,下北地域,2019,1
R6,02,青森県,0206,下北地域,2020,1
R6,02,青森県,0206,下北地域,2021,1
R6,02,青森県,0206,下北地域,2022,1
R6,02,青森県,0206,下北地域,2023,1
R6,02,青森県,0206,下北地域,2024,1
R6,03,岩手県,0301,盛岡,2015,0.9473684210526315
R6,03,岩手県,0301,盛岡,2018,1
R6,03,岩手県,0301,盛岡,2019,0.9571428571428572
R6,03,岩手県,0301,盛岡,2020,1
R6,03,岩手県,0301,盛岡,2021,1
R6,03,岩手県,0301,盛岡,2022,1
R6,03,岩手県,0301,盛岡,2023,1
R6,03,岩手県,0301,盛岡,2024,1
R6,03,岩手県,0302,岩手中部,2015,0.9285714285714286
R6,03,岩手県,0302,岩手中部,2018,0.9166666666666666
R6,03,岩手県,0302,岩手中部,2019,0.9090909090909091
R6,03,岩手県,0302,岩手中部,2020,0.95
R6,03,岩手県,0302,岩手中部,2021,0.9523809523809523
R6,03,岩手県,0302,岩手中部,2022,1
R6,03,岩手県,0302,岩手中部,2023,1
R6,03,岩手県,0302,岩手中部,2024,1
R6,03,岩手県,0303,胆江,2015,0.95
R6,03,岩手県,0303,胆江,2018,1
R6,03,岩手県,0303,胆江,2019,1
R6,03,岩手県,0303,胆江,2020,1
R6,03,岩手県,0303,胆江,2021,1
R6,03,岩手県,0303,胆江,2022,1
R6,03,岩手県,0303,胆江,2023,1
R6,03,岩手県,0303,胆江,2024,1
R6,03,岩手県,0304,両磐,2015,0.9375
R6,03,岩手県,0304,両磐,2018,1
R6,03,岩手県,0304,両磐,2019,0.9375
R6,03,岩手県,0304,両磐,2020,1
R6,03,岩手県,0304,両磐,2021,1
R6,03,岩手県,0304,両磐,2022,1
R6,03,岩手県,0304,両磐,2023,1
R6,03,岩手県,0304,両磐,2024,0.9230769230769231
R6,03,岩手県,0305,気仙,2015,0.875
R6,03,岩手県,0305,気仙,2018,1
R6,03,岩手県,0305,気仙,2019,1
R6,03,岩手県,0305,気仙,2020,1
R6,03,岩手県,0305,気仙,2021,1
R6,03,岩手県,0305,気仙,2022,1
R6,03,岩手県,0305,気仙,2023,1
R6,03,岩手県,0305,気仙,2024,1
R6,03,岩手県,0306,釜石,2015,1
R6,03,岩手県,0306,釜石,2018,0.8571428571428571
R6,03,岩手県,0306,釜石,2019,1
R6,03,岩手県,0306,釜石,2020,1
R6,03,岩手県,0306,釜石,2021,1
R6,03,岩手県,0306,釜石,2022,1
R6,03,岩手県,0306,釜石,2023,1
R6,03,岩手県,0306,釜石,2024,1
R6,03,岩手県,0307,宮古,2015,0.9
R6,03,岩手県,0307,宮古,2018,0.9
R6,03,岩手県,0307,宮古,2019,1
R6,03,岩手県,0307,宮古,2020,1
R6,03,岩手県,0307,宮古,2021,0.875
R6,03,岩手県,0307,宮古,2022,1
R6,03,岩手県,0307,宮古,2023,1
R6,03,岩手県,0307,宮古,2024,1
R6,03,岩手県,0308,久慈,2015,0.8571428571428571
R6,03,岩手県,0308,久慈,2018,1
R6,03,岩手県,0308,久慈,2019,1
R6,03,岩手県,0308,久慈,2020,1
R6,03,岩手県,0308,久慈,2021,1
R6,03,岩手県,0308,久慈,2022,1
R6,03,岩手県,0308,久慈,2023,1
R6,03,岩手県,0308,久慈,2024,1
R6,03,岩手県,0309,二戸,2015,1
R6,03,岩手県,0309,二戸,2018,1
R6,03,岩手県,0309,二戸,2019,0.8888888888888888
R6,03,岩手県,0309,二戸,2020,1
R6,03,岩手県,0309,二戸,2021,0.9
R6,03,岩手県,0309,二戸,2022,1
R6,03,岩手県,0309,二戸,2023,0.8888888888888888
R6,03,岩手県,0309,二戸,2024,1
R6,04,宮城県,0401,仙南,2015,1
R6,04,宮城県,0401,仙南,2018,1
R6,04,宮城県,0401,仙南,2019,1
R6,04,宮城県,0401,仙南,2020,1
R6,04,宮城県,0401,仙南,2021,1
R6,04,宮城県,0401,仙南,2022,1
R6,04,宮城県,0401,仙南,2023,1
R6,04,宮城県,0401,仙南,2024,1
R6,04,宮城県,0403,仙台,2015,0.974025974025974
R6,04,宮城県,0403,仙台,2018,0.9928571428571429
R6,04,宮城県,0403,仙台,2019,0.9925925925925926
R6,04,宮城県,0403,仙台,2020,1
R6,04,宮城県,0403,仙台,2021,1
R6,04,宮城県,0403,仙台,2022,1
R6,04,宮城県,0403,仙台,2023,1
R6,04,宮城県,0403,仙台,2024,1
R6,04,宮城県,0406,大崎・栗原,2015,0.975
R6,04,宮城県,0406,大崎・栗原,2018,1
R6,04,宮城県,0406,大崎・栗原,2019,0.9743589743589743
R6,04,宮城県,0406,大崎・栗原,2020,1
R6,04,宮城県,0406,大崎・栗原,2021,1
R6,04,宮城県,0406,大崎・栗原,2022,1
R6,04,宮城県,0406,大崎・栗原,2023,1
R6,04,宮城県,0406,大崎・栗原,2024,1
R6,04,宮城県,0409,石巻・登米・気仙沼,2015,0.9393939393939394
R6,04,宮城県,0409,石巻・登米・気仙沼,2018,1
R6,04,宮城県,0409,石巻・登米・気仙沼,2019,1
R6,04,宮城県,0409,石巻・登米・気仙沼,2020,1
R6,04,宮城県,0409,石巻・登米・気仙沼,2021,1
R6,04,宮城県,0409,石巻・登米・気仙沼,2022,1
R6,04,宮城県,0409,石巻・登米・気仙沼,2023,1
R6,04,宮城県,0409,石巻・登米・気仙沼,2024,1
R6,05,秋田県,0501,大館・鹿角,2015,0.9230769230769231
R6,05,秋田県,0501,大館・鹿角,2018,0.9166666666666666
R6,05,秋田県,0501,大館・鹿角,2019,0.8181818181818182
R6,05,秋田県,0501,大館・鹿角,2020,0.9
R6,05,秋田県,0501,大館・鹿角,2021,0.9
R6,05,秋田県,0501,大館・鹿角,2022,0.9
R6,05,秋田県,0501,大館・鹿角,2023,1
R6,05,秋田県,0501,大館・鹿角,2024,1
R6,05,秋田県,0502,北秋田,2015,1
R6,05,秋田県,0502,北秋田,2018,1
R6,05,秋田県,0502,北秋田,2019,1
R6,05,秋田県,0502,北秋田,2020,1
R6,05,秋田県,0502,北秋田,2021,1
R6,05,秋田県,0502,北秋田,2022,1
R6,05,秋田県,0502,北秋田,2023,1
R6,05,秋田県,0502,北秋田,2024,1
R6,05,秋田県,0503,能代・山本,2015,0.8235294117647058
R6,05,秋田県,0503,能代・山本,2018,1
R6,05,秋田県,0503,能代・山本,2019,0.9285714285714286
R6,05,秋田県,0503,能代・山本,2020,1
R6,05,秋田県,0503,能代・山本,2021,1
R6,05,秋田県,0503,能代・山本,2022,0.9166666666666666
R6,05,秋田県,0503,能代・山本,2023,1
R6,05,秋田県,0503,能代・山本,2024,1
R6,05,秋田県,0504,秋田周辺,2015,0.9210526315789473
R6,05,秋田県,0504,秋田周辺,2018,1
R6,05,秋田県,0504,秋田周辺,2019,1
R6,05,秋田県,0504,秋田周辺,2020,1
R6,05,秋田県,0504,秋田周辺,2021,1
R6,05,秋田県,0504,秋田周辺,2022,1
R6,05,秋田県,0504,秋田周辺,2023,1
R6,05,秋田県,0504,秋田周辺,2024,1
R6,05,秋田県,0505,由利本荘・にかほ,2015,1
R6,05,秋田県,0505,由利本荘・にかほ,2018,0.9333333333333333
R6,05,秋田県,0505,由利本荘・にかほ,2019,1
R6,05,秋田県,0505,由利本荘・にかほ,2020,1
R6,05,秋田県,0505,由利本荘・にかほ,2021,1
R6,05,秋田県,0505,由利本荘・にかほ,2022,1
R6,05,秋田県,0505,由利本荘・にかほ,2023,1
R6,05,秋田県,0505,由利本荘・にかほ,2024,1
R6,05,秋田県,0506,大仙・仙北,2015,1
R6,05,秋田県,0506,大仙・仙北,2018,1
R6,05,秋田県,0506,大仙・仙北,2019,1
R6,05,秋田県,0506,大仙・仙北,2020,0.9285714285714286
R6,05,秋田県,0506,大仙・仙北,2021,1
R6,05,秋田県,0506,大仙・仙北,2022,1
R6,05,秋田県,0506,大仙・仙北,2023,1
R6,05,秋田県,0506,大仙・仙北,2024,1
R6,05,秋田県,0507,横手,2015,0.875
R6,05,秋田県,0507,横手,2018,1
R6,05,秋田県,0507,横手,2019,1
R6,05,秋田県,0507,横手,2020,1
R6,05,秋田県,0507,横手,2021,1
R6,05,秋田県,0507,横手,2022,1
R6,05,秋田県,0507,横手,2023,1
R6,05,秋田県,0507,横手,2024,1
R6,05,秋田県,0508,湯沢・雄勝,2015,1
R6,05,秋田県,0508,湯沢・雄勝,2018,1
R6,05,秋田県,0508,湯沢・雄勝,2019,1
R6,05,秋田県,0508,湯沢・雄勝,2020,1
R6,05,秋田県,0508,湯沢・雄勝,2021,1
R6,05,秋田県,0508,湯沢・雄勝,2022,1
R6,05,秋田県,0508,湯沢・雄勝,2023,1
R6,05,秋田県,0508,湯沢・雄勝,2024,1
R6,06,山形県,0601,村山,2015,1
R6,06,山形県,0601,村山,2018,0.9811320754716981
R6,06,山形県,0601,村山,2019,0.9803921568627451
R6,06,山形県,0601,村山,2020,1
R6,06,山形県,0601,村山,2021,1
R6,06,山形県,0601,村山,2022,1
R6,06,山形県,0601,村山,2023,1
R6,06,山形県,0601,村山,2024,1
R6,06,山形県,0602,最上,2015,1
R6,06,山形県,0602,最上,2018,1
R6,06,山形県,0602,最上,2019,1
R6,06,山形県,0602,最上,2020,1
R6,06,山形県,0602,最上,2021,1
R6,06,山形県,0602,最上,2022,1
R6,06,山形県,0602,最上,2023,1
R6,06,山形県,0602,最上,2024,1
R6,06,山形県,0603,置賜,2015,1
R6,06,山形県,0603,置賜,2018,0.9545454545454546
R6,06,山形県,0603,置賜,2019,0.9545454545454546
R6,06,山形県,0603,置賜,2020,0.9047619047619048
R6,06,山形県,0603,置賜,2021,1
R6,06,山形県,0603,置賜,2022,1
R6,06,山形県,0603,置賜,2023,1
R6,06,山形県,0603,置賜,2024,1
R6,06,山形県,0604,庄内,2015,1
R6,06,山形県,0604,庄内,2018,0.9642857142857143
R6,06,山形県,0604,庄内,2019,1
R6,06,山形県,0604,庄内,2020,1
R6,06,山形県,0604,庄内,2021,1
R6,06,山形県,0604,庄内,2022,1
R6,06,山形県,0604,庄内,2023,1
R6,06,山形県,0604,庄内,2024,1
R6,07,福島県,0701,県北,2015,0.8823529411764706
R6,07,福島県,0701,県北,2018,0.8958333333333334
R6,07,福島県,0701,県北,2019,0.8222222222222222
R6,07,福島県,0701,県北,2020,0.9069767441860465
R6,07,福島県,0701,県北,2021,0.8809523809523809
R6,07,福島県,0701,県北,2022,0.925
R6,07,福島県,0701,県北,2023,0.9736842105263158
R6,07,福島県,0701,県北,2024,1
R6,07,福島県,0702,県中,2015,0.9821428571428571
R6,07,福島県,0702,県中,2018,0.8793103448275862
R6,07,福島県,0702,県中,2019,0.8846153846153846
R6,07,福島県,0702,県中,2020,0.8823529411764706
R6,07,福島県,0702,県中,2021,0.9019607843137255
R6,07,福島県,0702,県中,2022,0.9787234042553191
R6,07,福島県,0702,県中,2023,1
R6,07,福島県,0702,県中,2024,1
R6,07,福島県,0703,県南,2015,0.9230769230769231
R6,07,福島県,0703,県南,2018,0.7692307692307693
R6,07,福島県,0703,県南,2019,0.9
R6,07,福島県,0703,県南,2020,1
R6,07,福島県,0703,県南,2021,1
R6,07,福島県,0703,県南,2022,0.9
R6,07,福島県,0703,県南,2023,1
R6,07,福島県,0703,県南,2024,1
R6,07,福島県,0706,相双,2015,0.8333333333333334
R6,07,福島県,0706,相双,2018,0.8823529411764706
R6,07,福島県,0706,相双,2019,0.8235294117647058
R6,07,福島県,0706,相双,2020,0.8235294117647058
R6,07,福島県,0706,相双,2021,0.875
R6,07,福島県,0706,相双,2022,1
R6,07,福島県,0706,相双,2023,1
R6,07,福島県,0706,相双,2024,0.9333333333333333
R6,07,福島県,0707,いわき,2015,0.9318181818181818
R6,07,福島県,0707,いわき,2018,0.9523809523809523
R6,07,福島県,0707,いわき,2019,0.8048780487804879
R6,07,福島県,0707,いわき,2020,0.9459459459459459
R6,07,福島県,0707,いわき,2021,0.8947368421052632
R6,07,福島県,0707,いわき,2022,1
R6,07,福島県,0707,いわき,2023,0.9428571428571428
R6,07,福島県,0707,いわき,2024,0.9393939393939394
R6,07,福島県,0708,会津・南会津,2015,0.9310344827586207
R6,07,福島県,0708,会津・南会津,2018,0.9629629629629629
R6,07,福島県,0708,会津・南会津,2019,0.9259259259259259
R6,07,福島県,0708,会津・南会津,2020,0.9230769230769231
R6,07,福島県,0708,会津・南会津,2021,1
R6,07,福島県,0708,会津・南会津,2022,1
R6,07,福島県,0708,会津・南会津,2023,1
R6,07,福島県,0708,会津・南会津,2024,1
R6,08,茨城県,0801,水戸,2015,0.9180327868852459
R6,08,茨城県,0801,水戸,2018,0.9482758620689655
R6,08,茨城県,0801,水戸,2019,1
R6,08,茨城県,0801,水戸,2020,1
R6,08,茨城県,0801,水戸,2021,1
R6,08,茨城県,0801,水戸,2022,1
R6,08,茨城県,0801,水戸,2023,0.9807692307692307
R6,08,茨城県,0801,水戸,2024,1
R6,08,茨城県,0802,日立,2015,0.9642857142857143
R6,08,茨城県,0802,日立,2018,0.8888888888888888
R6,08,茨城県,0802,日立,2019,1
R6,08,茨城県,0802,日立,2020,1
R6,08,茨城県,0802,日立,2021,1
R6,08,茨城県,0802,日立,2022,0.9166666666666666
R6,08,茨城県,0802,日立,2023,1
R6,08,茨城県,0802,日立,2024,0.9545454545454546
R6,08,茨城県,0803,常陸太田・ひたちなか,2015,0.875
R6,08,茨城県,0803,常陸太田・ひたちなか,2018,0.8260869565217391
R6,08,茨城県,0803,常陸太田・ひたちなか,2019,1
R6,08,茨城県,0803,常陸太田・ひたちなか,2020,0.9555555555555556
R6,08,茨城県,0803,常陸太田・ひたちなか,2021,0.9772727272727273
R6,08,茨城県,0803,常陸太田・ひたちなか,2022,0.9285714285714286
R6,08,茨城県,0803,常陸太田・ひたちなか,2023,0.9534883720930233
R6,08,茨城県,0803,常陸太田・ひたちなか,2024,0.95
R6,08,茨城県,0804,鹿行,2015,1
R6,08,茨城県,0804,鹿行,2018,0.9473684210526315
R6,08,茨城県,0804,鹿行,2019,1
R6,08,茨城県,0804,鹿行,2020,0.9444444444444444
R6,08,茨城県,0804,鹿行,2021,1
R6,08,茨城県,0804,鹿行,2022,0.9444444444444444
R6,08,茨城県,0804,鹿行,2023,1
R6,08,茨城県,0804,鹿行,2024,1
R6,08,茨城県,0805,土浦,2015,0.9666666666666667
R6,08,茨城県,0805,土浦,2018,0.7931034482758621
R6,08,茨城県,0805,土浦,2019,1
R6,08,茨城県,0805,土浦,2020,0.9583333333333334
R6,08,茨城県,0805,土浦,2021,1
R6,08,茨城県,0805,土浦,2022,1
R6,08,茨城県,0805,土浦,2023,1
R6,08,茨城県,0805,土浦,2024,1
R6,08,茨城県,0806,つくば,2015,1
R6,08,茨城県,0806,つくば,2018,0.8333333333333334
R6,08,茨城県,0806,つくば,2019,1
R6,08,茨城県,0806,つくば,2020,1
R6,08,茨城県,0806,つくば,2021,1
R6,08,茨城県,0806,つくば,2022,0.9130434782608695
R6,08,茨城県,0806,つくば,2023,0.9583333333333334
R6,08,茨城県,0806,つくば,2024,0.9166666666666666
R6,08,茨城県,0807,取手・竜ヶ崎,2015,0.9722222222222222
R6,08,茨城県,0807,取手・竜ヶ崎,2018,0.8571428571428571
R6,08,茨城県,0807,取手・竜ヶ崎,2019,1
R6,08,茨城県,0807,取手・竜ヶ崎,2020,0.96875
R6,08,茨城県,0807,取手・竜ヶ崎,2021,1
R6,08,茨城県,0807,取手・竜ヶ崎,2022,0.96875
R6,08,茨城県,0807,取手・竜ヶ崎,2023,1
R6,08,茨城県,0807,取手・竜ヶ崎,2024,1
R6,08,茨城県,0808,筑西・下妻,2015,0.9259259259259259
R6,08,茨城県,0808,筑西・下妻,2018,0.8333333333333334
R6,08,茨城県,0808,筑西・下妻,2019,1
R6,08,茨城県,0808,筑西・下妻,2020,1
R6,08,茨城県,0808,筑西・下妻,2021,1
R6,08,茨城県,0808,筑西・下妻,2022,0.9130434782608695
R6,08,茨城県,0808,筑西・下妻,2023,1
R6,08,茨城県,0808,筑西・下妻,2024,0.95
R6,08,茨城県,0809,古河・坂東,2015,0.9444444444444444
R6,08,茨城県,0809,古河・坂東,2018,1
R6,08,茨城県,0809,古河・坂東,2019,1
R6,08,茨城県,0809,古河・坂東,2020,1
R6,08,茨城県,0809,古河・坂東,2021,1
R6,08,茨城県,0809,古河・坂東,2022,0.9333333333333333
R6,08,茨城県,0809,古河・坂東,2023,1
R6,08,茨城県,0809,古河・坂東,2024,1
R6,09,栃木県,0901,県北,2015,1
R6,09,栃木県,0901,県北,2018,0.9705882352941176
R6,09,栃木県,0901,県北,2019,1
R6,09,栃木県,0901,県北,2020,0.9666666666666667
R6,09,栃木県,0901,県北,2021,0.9
R6,09,栃木県,0901,県北,2022,0.9666666666666667
R6,09,栃木県,0901,県北,2023,0.9666666666666667
R6,09,栃木県,0901,県北,2024,0.9666666666666667
R6,09,栃木県,0902,県西,2015,1
R6,09,栃木県,0902,県西,2018,1
R6,09,栃木県,0902,県西,2019,1
R6,09,栃木県,0902,県西,2020,0.9545454545454546
R6,09,栃木県,0902,県西,2021,0.7727272727272727
R6,09,栃木県,0902,県西,2022,1
R6,09,栃木県,0902,県西,2023,0.9473684210526315
R6,09,栃木県,0902,県西,2024,1
R6,09,栃木県,0903,宇都宮,2015,1
R6,09,栃木県,0903,宇都宮,2018,0.9836065573770492
R6,09,栃木県,0903,宇都宮,2019,1
R6,09,栃木県,0903,宇都宮,2020,0.9137931034482759
R6,09,栃木県,0903,宇都宮,2021,0.8571428571428571
R6,09,栃木県,0903,宇都宮,2022,0.9636363636363636
R6,09,栃木県,0903,宇都宮,2023,0.9811320754716981
R6,09,栃木県,0903,宇都宮,2024,0.9622641509433962
R6,09,栃木県,0904,県東,2015,1
R6,09,栃木県,0904,県東,2018,1
R6,09,栃木県,0904,県東,2019,1
R6,09,栃木県,0904,県東,2020,1
R6,09,栃木県,0904,県東,2021,1
R6,09,栃木県,0904,県東,2022,1
R6,09,栃木県,0904,県東,2023,1
R6,09,栃木県,0904,県東,2024,1
R6,09,栃木県,0905,県南,2015,1
R6,09,栃木県,0905,県南,2018,1
R6,09,栃木県,0905,県南,2019,1
R6,09,栃木県,0905,県南,2020,0.9473684210526315
R6,09,栃木県,0905,県南,2021,0.9743589743589743
R6,09,栃木県,0905,県南,2022,1
R6,09,栃木県,0905,県南,2023,1
R6,09,栃木県,0905,県南,2024,1
R6,09,栃木県,0906,両毛,2015,1
R6,09,栃木県,0906,両毛,2018,1
R6,09,栃木県,0906,両毛,2019,1
R6,09,栃木県,0906,両毛,2020,0.8888888888888888
R6,09,栃木県,0906,両毛,2021,0.8518518518518519
R6,09,栃木県,0906,両毛,2022,0.96
R6,09,栃木県,0906,両毛,2023,1
R6,09,栃木県,0906,両毛,2024,1
R6,10,群馬県,1001,前橋,2015,0.9743589743589743
R6,10,群馬県,1001,前橋,2018,0.975
R6,10,群馬県,1001,前橋,2019,1
R6,10,群馬県,1001,前橋,2020,1
R6,10,群馬県,1001,前橋,2021,1
R6,10,群馬県,1001,前橋,2022,1
R6,10,群馬県,1001,前橋,2023,1
R6,10,群馬県,1001,前橋,2024,1
R6,10,群馬県,1002,渋川,2015,1
R6,10,群馬県,1002,渋川,2018,1
R6,10,群馬県,1002,渋川,2019,1
R6,10,群馬県,1002,渋川,2020,1
R6,10,群馬県,1002,渋川,2021,1
R6,10,群馬県,1002,渋川,2022,1
R6,10,群馬県,1002,渋川,2023,1
R6,10,群馬県,1002,渋川,2024,1
R6,10,群馬県,1003,伊勢崎,2015,1
R6,10,群馬県,1003,伊勢崎,2018,0.9565217391304348
R6,10,群馬県,1003,伊勢崎,2019,1
R6,10,群馬県,1003,伊勢崎,2020,1
R6,10,群馬県,1003,伊勢崎,2021,1
R6,10,群馬県,1003,伊勢崎,2022,1
R6,10,群馬県,1003,伊勢崎,2023,1
R6,10,群馬県,1003,伊勢崎,2024,1
R6,10,群馬県,1004,高崎・安中,2015,1
R6,10,群馬県,1004,高崎・安中,2018,1
R6,10,群馬県,1004,高崎・安中,2019,1
R6,10,群馬県,1004,高崎・安中,2020,1
R6,10,群馬県,1004,高崎・安中,2021,1
R6,10,群馬県,1004,高崎・安中,2022,1
R6,10,群馬県,1004,高崎・安中,2023,1
R6,10,群馬県,1004,高崎・安中,2024,1
R6,10,群馬県,1005,藤岡,2015,1
R6,10,群馬県,1005,藤岡,2018,1
R6,10,群馬県,1005,藤岡,2019,1
R6,10,群馬県,1005,藤岡,2020,1
R6,10,群馬県,1005,藤岡,2021,1
R6,10,群馬県,1005,藤岡,2022,1
R6,10,群馬県,1005,藤岡,2023,1
R6,10,群馬県,1005,藤岡,2024,1
R6,10,群馬県,1006,富岡,2015,0.8333333333333334
R6,10,群馬県,1006,富岡,2018,1
R6,10,群馬県,1006,富岡,2019,1
R6,10,群馬県,1006,富岡,2020,1
R6,10,群馬県,1006,富岡,2021,1
R6,10,群馬県,1006,富岡,2022,1
R6,10,群馬県,1006,富岡,2023,1
R6,10,群馬県,1006,富岡,2024,1
R6,10,群馬県,1007,吾妻,2015,1
R6,10,群馬県,1007,吾妻,2018,1
R6,10,群馬県,1007,吾妻,2019,1
R6,10,群馬県,1007,吾妻,2020,1
R6,10,群馬県,1007,吾妻,2021,1
R6,10,群馬県,1007,吾妻,2022,1
R6,10,群馬県,1007,吾妻,2023,1
R6,10,群馬県,1007,吾妻,2024,1
R6,10,群馬県,1008,沼田,2015,1
R6,10,群馬県,1008,沼田,2018,1
R6,10,群馬県,1008,沼田,2019,1
R6,10,群馬県,1008,沼田,2020,1
R6,10,群馬県,1008,沼田,2021,1
R6,10,群馬県,1008,沼田,2022,1
R6,10,群馬県,1008,沼田,2023,1
R6,10,群馬県,1008,沼田,2024,1
R6,10,群馬県,1009,桐生,2015,0.9444444444444444
R6,10,群馬県,1009,桐生,2018,1
R6,10,群馬県,1009,桐生,2019,1
R6,10,群馬県,1009,桐生,2020,1
R6,10,群馬県,1009,桐生,2021,1
R6,10,群馬県,1009,桐生,2022,1
R6,10,群馬県,1009,桐生,2023,1
R6,10,群馬県,1009,桐生,2024,1
R6,10,群馬県,1010,太田・館林,2015,1
R6,10,群馬県,1010,太田・館林,2018,0.96
R6,10,群馬県,1010,太田・館林,2019,1
R6,10,群馬県,1010,太田・館林,2020,1
R6,10,群馬県,1010,太田・館林,2021,1
R6,10,群馬県,1010,太田・館林,2022,1
R6,10,群馬県,1010,太田・館林,2023,1
R6,10,群馬県,1010,太田・館林,2024,1
R6,11,埼玉県,1101,南部,2015,0.8409090909090909
R6,11,埼玉県,1101,南部,2018,0.9318181818181818
R6,11,埼玉県,1101,南部,2019,0.9761904761904762
R6,11,埼玉県,1101,南部,2020,1
R6,11,埼玉県,1101,南部,2021,0.975609756097561
R6,11,埼玉県,1101,南部,2022,0.9743589743589743
R6,11,埼玉県,1101,南部,2023,0.972972972972973
R6,11,埼玉県,1101,南部,2024,0.8974358974358975
R6,11,埼玉県,1102,南西部,2015,0.9024390243902439
R6,11,埼玉県,1102,南西部,2018,0.9285714285714286
R6,11,埼玉県,1102,南西部,2019,0.972972972972973
R6,11,埼玉県,1102,南西部,2020,0.975
R6,11,埼玉県,1102,南西部,2021,0.9512195121951219
R6,11,埼玉県,1102,南西部,2022,0.975609756097561
R6,11,埼玉県,1102,南西部,2023,0.926829268292683
R6,11,埼玉県,1102,南西部,2024,0.975
R6,11,埼玉県,1103,東部,2015,0.9066666666666666
R6,11,埼玉県,1103,東部,2018,0.9358974358974359
R6,11,埼玉県,1103,東部,2019,0.9736842105263158
R6,11,埼玉県,1103,東部,2020,0.935064935064935
R6,11,埼玉県,1103,東部,2021,0.935064935064935
R6,11,埼玉県,1103,東部,2022,0.96
R6,11,埼玉県,1103,東部,2023,0.92
R6,11,埼玉県,1103,東部,2024,0.9333333333333333
R6,11,埼玉県,1104,さいたま,2015,0.953125
R6,11,埼玉県,1104,さいたま,2018,0.9384615384615385
R6,11,埼玉県,1104,さいたま,2019,0.9375
R6,11,埼玉県,1104,さいたま,2020,0.9365079365079365
R6,11,埼玉県,1104,さいたま,2021,0.8870967741935484
R6,11,埼玉県,1104,さいたま,2022,0.9016393442622951
R6,11,埼玉県,1104,さいたま,2023,0.95
R6,11,埼玉県,1104,さいたま,2024,0.9473684210526315
R6,11,埼玉県,1105,県央,2015,0.8484848484848485
R6,11,埼玉県,1105,県央,2018,0.9393939393939394
R6,11,埼玉県,1105,県央,2019,0.9393939393939394
R6,11,埼玉県,1105,県央,2020,0.9393939393939394
R6,11,埼玉県,1105,県央,2021,0.8484848484848485
R6,11,埼玉県,1105,県央,2022,0.8709677419354839
R6,11,埼玉県,1105,県央,2023,0.90625
R6,11,埼玉県,1105,県央,2024,0.84375
R6,11,埼玉県,1106,川越比企,2015,0.890625
R6,11,埼玉県,1106,川越比企,2018,0.9375
R6,11,埼玉県,1106,川越比企,2019,0.967741935483871
R6,11,埼玉県,1106,川越比企,2020,0.9516129032258065
R6,11,埼玉県,1106,川越比企,2021,0.9523809523809523
R6,11,埼玉県,1106,川越比企,2022,0.9836065573770492
R6,11,埼玉県,1106,川越比企,2023,0.9833333333333333
R6,11,埼玉県,1106,川越比企,2024,0.9827586206896551
R6,11,埼玉県,1107,西部,2015,0.9565217391304348
R6,11,埼玉県,1107,西部,2018,0.9420289855072463
R6,11,埼玉県,1107,西部,2019,0.9384615384615385
R6,11,埼玉県,1107,西部,2020,0.984375
R6,11,埼玉県,1107,西部,2021,0.953125
R6,11,埼玉県,1107,西部,2022,0.96875
R6,11,埼玉県,1107,西部,2023,0.9375
R6,11,埼玉県,1107,西部,2024,0.9523809523809523
R6,11,埼玉県,1108,利根,2015,0.9555555555555556
R6,11,埼玉県,1108,利根,2018,0.9791666666666666
R6,11,埼玉県,1108,利根,2019,0.9787234042553191
R6,11,埼玉県,1108,利根,2020,0.8936170212765957
R6,11,埼玉県,1108,利根,2021,0.9555555555555556
R6,11,埼玉県,1108,利根,2022,0.9545454545454546
R6,11,埼玉県,1108,利根,2023,0.9772727272727273
R6,11,埼玉県,1108,利根,2024,0.9767441860465116
R6,11,埼玉県,1109,北部,2015,0.88
R6,11,埼玉県,1109,北部,2018,0.9591836734693877
R6,11,埼玉県,1109,北部,2019,0.9787234042553191
R6,11,埼玉県,1109,北部,2020,0.9787234042553191
R6,11,埼玉県,1109,北部,2021,0.9583333333333334
R6,11,埼玉県,1109,北部,2022,0.9583333333333334
R6,11,埼玉県,1109,北部,2023,1
R6,11,埼玉県,1109,北部,2024,1
R6,11,埼玉県,1110,秩父,2015,0.8571428571428571
R6,11,埼玉県,1110,秩父,2018,0.8461538461538461
R6,11,埼玉県,1110,秩父,2019,0.9166666666666666
R6,11,埼玉県,1110,秩父,2020,0.8333333333333334
R6,11,埼玉県,1110,秩父,2021,0.8181818181818182
R6,11,埼玉県,1110,秩父,2022,0.9090909090909091
R6,11,埼玉県,1110,秩父,2023,0.9090909090909091
R6,11,埼玉県,1110,秩父,2024,0.8181818181818182
R6,12,千葉県,1201,千葉,2015,0.9594594594594594
R6,12,千葉県,1201,千葉,2018,0.9466666666666667
R6,12,千葉県,1201,千葉,2019,0.9066666666666666
R6,12,千葉県,1201,千葉,2020,0.9420289855072463
R6,12,千葉県,1201,千葉,2021,0.9264705882352942
R6,12,千葉県,1201,千葉,2022,0.9090909090909091
R6,12,千葉県,1201,千葉,2023,0.96875
R6,12,千葉県,1201,千葉,2024,0.984375
R6,12,千葉県,1202,東葛南部,2015,0.989247311827957
R6,12,千葉県,1202,東葛南部,2018,0.9523809523809523
R6,12,千葉県,1202,東葛南部,2019,0.9285714285714286
R6,12,千葉県,1202,東葛南部,2020,0.9411764705882353
R6,12,千葉県,1202,東葛南部,2021,0.9285714285714286
R6,12,千葉県,1202,東葛南部,2022,0.9036144578313253
R6,12,千葉県,1202,東葛南部,2023,0.9876543209876543
R6,12,千葉県,1202,東葛南部,2024,0.9875
R6,12,千葉県,1203,東葛北部,2015,0.9487179487179487
R6,12,千葉県,1203,東葛北部,2018,0.9868421052631579
R6,12,千葉県,1203,東葛北部,2019,0.9863013698630136
R6,12,千葉県,1203,東葛北部,2020,0.96
R6,12,千葉県,1203,東葛北部,2021,0.9305555555555556
R6,12,千葉県,1203,東葛北部,2022,0.9428571428571428
R6,12,千葉県,1203,東葛北部,2023,1
R6,12,千葉県,1203,東葛北部,2024,1
R6,12,千葉県,1204,印旛,2015,0.9782608695652174
R6,12,千葉県,1204,印旛,2018,1
R6,12,千葉県,1204,印旛,2019,0.9777777777777777
R6,12,千葉県,1204,印旛,2020,1
R6,12,千葉県,1204,印旛,2021,0.9545454545454546
R6,12,千葉県,1204,印旛,2022,0.9318181818181818
R6,12,千葉県,1204,印旛,2023,1
R6,12,千葉県,1204,印旛,2024,1
R6,12,千葉県,1205,香取海匝,2015,0.9642857142857143
R6,12,千葉県,1205,香取海匝,2018,0.9615384615384616
R6,12,千葉県,1205,香取海匝,2019,1
R6,12,千葉県,1205,香取海匝,2020,0.96
R6,12,千葉県,1205,香取海匝,2021,1
R6,12,千葉県,1205,香取海匝,2022,1
R6,12,千葉県,1205,香取海匝,2023,1
R6,12,千葉県,1205,香取海匝,2024,1
R6,12,千葉県,1206,山武長生夷隅,2015,0.9714285714285714
R6,12,千葉県,1206,山武長生夷隅,2018,0.9444444444444444
R6,12,千葉県,1206,山武長生夷隅,2019,0.9705882352941176
R6,12,千葉県,1206,山武長生夷隅,2020,0.9705882352941176
R6,12,千葉県,1206,山武長生夷隅,2021,0.9393939393939394
R6,12,千葉県,1206,山武長生夷隅,2022,0.9090909090909091
R6,12,千葉県,1206,山武長生夷隅,2023,1
R6,12,千葉県,1206,山武長生夷隅,2024,1
R6,12,千葉県,1207,安房,2015,1
R6,12,千葉県,1207,安房,2018,0.96
R6,12,千葉県,1207,安房,2019,0.96
R6,12,千葉県,1207,安房,2020,0.9583333333333334
R6,12,千葉県,1207,安房,2021,0.9583333333333334
R6,12,千葉県,1207,安房,2022,0.875
R6,12,千葉県,1207,安房,2023,1
R6,12,千葉県,1207,安房,2024,1
R6,12,千葉県,1208,君津,2015,0.9655172413793104
R6,12,千葉県,1208,君津,2018,0.9285714285714286
R6,12,千葉県,1208,君津,2019,0.9310344827586207
R6,12,千葉県,1208,君津,2020,0.9655172413793104
R6,12,千葉県,1208,君津,2021,0.8620689655172413
R6,12,千葉県,1208,君津,2022,0.9310344827586207
R6,12,千葉県,1208,君津,2023,1
R6,12,千葉県,1208,君津,2024,1
R6,12,千葉県,1209,市原,2015,1
R6,12,千葉県,1209,市原,2018,1
R6,12,千葉県,1209,市原,2019,1
R6,12,千葉県,1209,市原,2020,1
R6,12,千葉県,1209,市原,2021,1
R6,12,千葉県,1209,市原,2022,1
R6,12,千葉県,1209,市原,2023,1
R6,12,千葉県,1209,市原,2024,1
R6,13,東京都,1301,区中央部,2015,0.9767441860465116
R6,13,東京都,1301,区中央部,2018,0.9078947368421053
R6,13,東京都,1301,区中央部,2019,0.9722222222222222
R6,13,東京都,1301,区中央部,2020,0.9178082191780822
R6,13,東京都,1301,区中央部,2021,0.9305555555555556
R6,13,東京都,1301,区中央部,2022,0.9577464788732394
R6,13,東京都,1301,区中央部,2023,0.9726027397260274
R6,13,東京都,1301,区中央部,2024,0.971830985915493
R6,13,東京都,1302,区南部,2015,0.9253731343283582
R6,13,東京都,1302,区南部,2018,0.9365079365079365
R6,13,東京都,1302,区南部,2019,0.9333333333333333
R6,13,東京都,1302,区南部,2020,0.9508196721311475
R6,13,東京都,1302,区南部,2021,0.9
R6,13,東京都,1302,区南部,2022,0.9655172413793104
R6,13,東京都,1302,区南部,2023,1
R6,13,東京都,1302,区南部,2024,0.9824561403508771
R6,13,東京都,1303,区西南部,2015,0.956989247311828
R6,13,東京都,1303,区西南部,2018,0.9058823529411765
R6,13,東京都,1303,区西南部,2019,0.9397590361445783
R6,13,東京都,1303,区西南部,2020,0.8095238095238095
R6,13,東京都,1303,区西南部,2021,0.8795180722891566
R6,13,東京都,1303,区西南部,2022,0.9047619047619048
R6,13,東京都,1303,区西南部,2023,0.9404761904761905
R6,13,東京都,1303,区西南部,2024,0.963855421686747
R6,13,東京都,1304,区西部,2015,0.9651162790697675
R6,13,東京都,1304,区西部,2018,0.92
R6,13,東京都,1304,区西部,2019,0.9154929577464789
R6,13,東京都,1304,区西部,2020,0.8873239436619719
R6,13,東京都,1304,区西部,2021,0.8714285714285714
R6,13,東京都,1304,区西部,2022,0.9285714285714286
R6,13,東京都,1304,区西部,2023,0.8857142857142857
R6,13,東京都,1304,区西部,2024,0.9855072463768116
R6,13,東京都,1305,区西北部,2015,0.9779411764705882
R6,13,東京都,1305,区西北部,2018,0.953125
R6,13,東京都,1305,区西北部,2019,0.96
R6,13,東京都,1305,区西北部,2020,0.8870967741935484
R6,13,東京都,1305,区西北部,2021,0.9186991869918699
R6,13,東京都,1305,区西北部,2022,0.9112903225806451
R6,13,東京都,1305,区西北部,2023,0.9435483870967742
R6,13,東京都,1305,区西北部,2024,0.9838709677419355
R6,13,東京都,1306,区東北部,2015,0.9663865546218487
R6,13,東京都,1306,区東北部,2018,0.9915966386554622
R6,13,東京都,1306,区東北部,2019,0.9652173913043478
R6,13,東京都,1306,区東北部,2020,0.9159663865546218
R6,13,東京都,1306,区東北部,2021,0.9316239316239316
R6,13,東京都,1306,区東北部,2022,0.9649122807017544
R6,13,東京都,1306,区東北部,2023,0.9473684210526315
R6,13,東京都,1306,区東北部,2024,0.990990990990991
R6,13,東京都,1307,区東部,2015,0.9883720930232558
R6,13,東京都,1307,区東部,2018,0.9411764705882353
R6,13,東京都,1307,区東部,2019,0.9523809523809523
R6,13,東京都,1307,区東部,2020,0.8928571428571429
R6,13,東京都,1307,区東部,2021,0.8823529411764706
R6,13,東京都,1307,区東部,2022,0.9047619047619048
R6,13,東京都,1307,区東部,2023,0.9302325581395349
R6,13,東京都,1307,区東部,2024,0.975609756097561
R6,13,東京都,1308,西多摩,2015,1
R6,13,東京都,1308,西多摩,2018,0.9696969696969697
R6,13,東京都,1308,西多摩,2019,1
R6,13,東京都,1308,西多摩,2020,0.8666666666666667
R6,13,東京都,1308,西多摩,2021,1
R6,13,東京都,1308,西多摩,2022,1
R6,13,東京都,1308,西多摩,2023,1
R6,13,東京都,1308,西多摩,2024,1
R6,13,東京都,1309,南多摩,2015,0.9693877551020408
R6,13,東京都,1309,南多摩,2018,0.9456521739130435
R6,13,東京都,1309,南多摩,2019,0.9666666666666667
R6,13,東京都,1309,南多摩,2020,0.9239130434782609
R6,13,東京都,1309,南多摩,2021,0.9021739130434783
R6,13,東京都,1309,南多摩,2022,0.9032258064516129
R6,13,東京都,1309,南多摩,2023,0.9456521739130435
R6,13,東京都,1309,南多摩,2024,0.9887640449438202
R6,13,東京都,1310,北多摩西部,2015,1
R6,13,東京都,1310,北多摩西部,2018,1
R6,13,東京都,1310,北多摩西部,2019,1
R6,13,東京都,1310,北多摩西部,2020,0.9090909090909091
R6,13,東京都,1310,北多摩西部,2021,0.9696969696969697
R6,13,東京都,1310,北多摩西部,2022,1
R6,13,東京都,1310,北多摩西部,2023,1
R6,13,東京都,1310,北多摩西部,2024,1
R6,13,東京都,1311,北多摩南部,2015,1
R6,13,東京都,1311,北多摩南部,2018,0.9807692307692307
R6,13,東京都,1311,北多摩南部,2019,0.9423076923076923
R6,13,東京都,1311,北多摩南部,2020,0.8679245283018868
R6,13,東京都,1311,北多摩南部,2021,0.9215686274509803
R6,13,東京都,1311,北多摩南部,2022,0.98
R6,13,東京都,1311,北多摩南部,2023,0.9583333333333334
R6,13,東京都,1311,北多摩南部,2024,1
R6,13,東京都,1312,北多摩北部,2015,0.9534883720930233
R6,13,東京都,1312,北多摩北部,2018,0.9523809523809523
R6,13,東京都,1312,北多摩北部,2019,0.9743589743589743
R6,13,東京都,1312,北多摩北部,2020,1
R6,13,東京都,1312,北多摩北部,2021,0.975
R6,13,東京都,1312,北多摩北部,2022,0.975
R6,13,東京都,1312,北多摩北部,2023,1
R6,13,東京都,1312,北多摩北部,2024,1
R6,13,東京都,1313,島しょ,2015,1
R6,13,東京都,1313,島しょ,2018,1
R6,13,東京都,1313,島しょ,2019,1
R6,13,東京都,1313,島しょ,2020,0.9
R6,13,東京都,1313,島しょ,2021,0.9
R6,13,東京都,1313,島しょ,2022,0.9
R6,13,東京都,1313,島しょ,2023,0.8
R6,13,東京都,1313,島しょ,2024,1
R6,14,神奈川県,1404,川崎北部,2015,0.9032258064516129
R6,14,神奈川県,1404,川崎北部,2018,0.9655172413793104
R6,14,神奈川県,1404,川崎北部,2019,1
R6,14,神奈川県,1404,川崎北部,2020,1
R6,14,神奈川県,1404,川崎北部,2021,0.9310344827586207
R6,14,神奈川県,1404,川崎北部,2022,1
R6,14,神奈川県,1404,川崎北部,2023,1
R6,14,神奈川県,1404,川崎北部,2024,1
R6,14,神奈川県,1405,川崎南部,2015,0.9722222222222222
R6,14,神奈川県,1405,川崎南部,2018,1
R6,14,神奈川県,1405,川崎南部,2019,1
R6,14,神奈川県,1405,川崎南部,2020,1
R6,14,神奈川県,1405,川崎南部,2021,0.9642857142857143
R6,14,神奈川県,1405,川崎南部,2022,1
R6,14,神奈川県,1405,川崎南部,2023,1
R6,14,神奈川県,1405,川崎南部,2024,1
R6,14,神奈川県,1406,横須賀・三浦,2015,0.9811320754716981
R6,14,神奈川県,1406,横須賀・三浦,2018,1
R6,14,神奈川県,1406,横須賀・三浦,2019,1
R6,14,神奈川県,1406,横須賀・三浦,2020,0.9782608695652174
R6,14,神奈川県,1406,横須賀・三浦,2021,0.9767441860465116
R6,14,神奈川県,1406,横須賀・三浦,2022,1
R6,14,神奈川県,1406,横須賀・三浦,2023,1
R6,14,神奈川県,1406,横須賀・三浦,2024,1
R6,14,神奈川県,1407,湘南東部,2015,1
R6,14,神奈川県,1407,湘南東部,2018,1
R6,14,神奈川県,1407,湘南東部,2019,1
R6,14,神奈川県,1407,湘南東部,2020,1
R6,14,神奈川県,1407,湘南東部,2021,1
R6,14,神奈川県,1407,湘南東部,2022,0.9714285714285714
R6,14,神奈川県,1407,湘南東部,2023,1
R6,14,神奈川県,1407,湘南東部,2024,0.9705882352941176
R6,14,神奈川県,1408,湘南西部,2015,1
R6,14,神奈川県,1408,湘南西部,2018,1
R6,14,神奈川県,1408,湘南西部,2019,0.9629629629629629
R6,14,神奈川県,1408,湘南西部,2020,0.9629629629629629
R6,14,神奈川県,1408,湘南西部,2021,0.9615384615384616
R6,14,神奈川県,1408,湘南西部,2022,0.9615384615384616
R6,14,神奈川県,1408,湘南西部,2023,1
R6,14,神奈川県,1408,湘南西部,2024,1
R6,14,神奈川県,1409,県央,2015,0.9795918367346939
R6,14,神奈川県,1409,県央,2018,1
R6,14,神奈川県,1409,県央,2019,1
R6,14,神奈川県,1409,県央,2020,0.9787234042553191
R6,14,神奈川県,1409,県央,2021,1
R6,14,神奈川県,1409,県央,2022,0.9777777777777777
R6,14,神奈川県,1409,県央,2023,1
R6,14,神奈川県,1409,県央,2024,1
R6,14,神奈川県,1410,相模原,2015,0.9555555555555556
R6,14,神奈川県,1410,相模原,2018,1
R6,14,神奈川県,1410,相模原,2019,1
R6,14,神奈川県,1410,相模原,2020,1
R6,14,神奈川県,1410,相模原,2021,1
R6,14,神奈川県,1410,相模原,2022,1
R6,14,神奈川県,1410,相模原,2023,1
R6,14,神奈川県,1410,相模原,2024,1
R6,14,神奈川県,1411,県西,2015,0.9310344827586207
R6,14,神奈川県,1411,県西,2018,0.9666666666666667
R6,14,神奈川県,1411,県西,2019,0.9333333333333333
R6,14,神奈川県,1411,県西,2020,0.9
R6,14,神奈川県,1411,県西,2021,0.9310344827586207
R6,14,神奈川県,1411,県西,2022,0.9655172413793104
R6,14,神奈川県,1411,県西,2023,1
R6,14,神奈川県,1411,県西,2024,0.9655172413793104
R6,14,神奈川県,1412,横浜,2015,0.9346733668341709
R6,14,神奈川県,1412,横浜,2018,0.9893048128342246
R6,14,神奈川県,1412,横浜,2019,0.9945054945054945
R6,14,神奈川県,1412,横浜,2020,0.9664804469273743
R6,14,神奈川県,1412,横浜,2021,0.9615384615384616
R6,14,神奈川県,1412,横浜,2022,0.9943820224719101
R6,14,神奈川県,1412,横浜,2023,0.9885714285714285
R6,14,神奈川県,1412,横浜,2024,0.9941176470588236
R6,15,新潟県,1501,下越,2015,1
R6,15,新潟県,1501,下越,2018,1
R6,15,新潟県,1501,下越,2019,1
R6,15,新潟県,1501,下越,2020,1
R6,15,新潟県,1501,下越,2021,1
R6,15,新潟県,1501,下越,2022,0.9375
R6,15,新潟県,1501,下越,2023,1
R6,15,新潟県,1501,下越,2024,1
R6,15,新潟県,1502,新潟,2015,0.921875
R6,15,新潟県,1502,新潟,2018,0.9682539682539683
R6,15,新潟県,1502,新潟,2019,1
R6,15,新潟県,1502,新潟,2020,0.9672131147540983
R6,15,新潟県,1502,新潟,2021,0.9491525423728814
R6,15,新潟県,1502,新潟,2022,0.9473684210526315
R6,15,新潟県,1502,新潟,2023,1
R6,15,新潟県,1502,新潟,2024,0.9824561403508771
R6,15,新潟県,1503,県央,2015,0.8888888888888888
R6,15,新潟県,1503,県央,2018,0.875
R6,15,新潟県,1503,県央,2019,0.9375
R6,15,新潟県,1503,県央,2020,0.875
R6,15,新潟県,1503,県央,2021,0.9375
R6,15,新潟県,1503,県央,2022,0.9285714285714286
R6,15,新潟県,1503,県央,2023,1
R6,15,新潟県,1503,県央,2024,1
R6,15,新潟県,1504,中越,2015,0.9583333333333334
R6,15,新潟県,1504,中越,2018,1
R6,15,新潟県,1504,中越,2019,1
R6,15,新潟県,1504,中越,2020,0.9411764705882353
R6,15,新潟県,1504,中越,2021,0.9411764705882353
R6,15,新潟県,1504,中越,2022,1
R6,15,新潟県,1504,中越,2023,1
R6,15,新潟県,1504,中越,2024,1
R6,15,新潟県,1505,魚沼,2015,1
R6,15,新潟県,1505,魚沼,2018,1
R6,15,新潟県,1505,魚沼,2019,1
R6,15,新潟県,1505,魚沼,2020,1
R6,15,新潟県,1505,魚沼,2021,1
R6,15,新潟県,1505,魚沼,2022,0.9230769230769231
R6,15,新潟県,1505,魚沼,2023,1
R6,15,新潟県,1505,魚沼,2024,1
R6,15,新潟県,1506,上越,2015,0.9
R6,15,新潟県,1506,上越,2018,1
R6,15,新潟県,1506,上越,2019,1
R6,15,新潟県,1506,上越,2020,0.9375
R6,15,新潟県,1506,上越,2021,0.9375
R6,15,新潟県,1506,上越,2022,0.9375
R6,15,新潟県,1506,上越,2023,1
R6,15,新潟県,1506,上越,2024,0.9375
R6,15,新潟県,1507,佐渡,2015,1
R6,15,新潟県,1507,佐渡,2018,1
R6,15,新潟県,1507,佐渡,2019,1
R6,15,新潟県,1507,佐渡,2020,1
R6,15,新潟県,1507,佐渡,2021,1
R6,15,新潟県,1507,佐渡,2022,1
R6,15,新潟県,1507,佐渡,2023,1
R6,15,新潟県,1507,佐渡,2024,1
R6,16,富山県,1601,新川,2015,0.9333333333333333
R6,16,富山県,1601,新川,2018,1
R6,16,富山県,1601,新川,2019,1
R6,16,富山県,1601,新川,2020,1
R6,16,富山県,1601,新川,2021,1
R6,16,富山県,1601,新川,2022,1
R6,16,富山県,1601,新川,2023,1
R6,16,富山県,1601,新川,2024,1
R6,16,富山県,1602,富山,2015,0.953125
R6,16,富山県,1602,富山,2018,1
R6,16,富山県,1602,富山,2019,1
R6,16,富山県,1602,富山,2020,1
R6,16,富山県,1602,富山,2021,1
R6,16,富山県,1602,富山,2022,0.9830508474576272
R6,16,富山県,1602,富山,2023,1
R6,16,富山県,1602,富山,2024,1
R6,16,富山県,1603,高岡,2015,0.9230769230769231
R6,16,富山県,1603,高岡,2018,1
R6,16,富山県,1603,高岡,2019,1
R6,16,富山県,1603,高岡,2020,0.9696969696969697
R6,16,富山県,1603,高岡,2021,1
R6,16,富山県,1603,高岡,2022,0.9666666666666667
R6,16,富山県,1603,高岡,2023,1
R6,16,富山県,1603,高岡,2024,1
R6,16,富山県,1604,砺波,2015,1
R6,16,富山県,1604,砺波,2018,1
R6,16,富山県,1604,砺波,2019,1
R6,16,富山県,1604,砺波,2020,1
R6,16,富山県,1604,砺波,2021,1
R6,16,富山県,1604,砺波,2022,1
R6,16,富山県,1604,砺波,2023,1
R6,16,富山県,1604,砺波,2024,1
R6,17,石川県,1701,南加賀,2015,0.9696969696969697
R6,17,石川県,1701,南加賀,2018,1
R6,17,石川県,1701,南加賀,2019,0.9666666666666667
R6,17,石川県,1701,南加賀,2020,1
R6,17,石川県,1701,南加賀,2021,0.9655172413793104
R6,17,石川県,1701,南加賀,2022,0.9642857142857143
R6,17,石川県,1701,南加賀,2023,1
R6,17,石川県,1701,南加賀,2024,0.9642857142857143
R6,17,石川県,1702,石川中央,2015,0.925531914893617
R6,17,石川県,1702,石川中央,2018,1
R6,17,石川県,1702,石川中央,2019,0.9886363636363636
R6,17,石川県,1702,石川中央,2020,1
R6,17,石川県,1702,石川中央,2021,0.9880952380952381
R6,17,石川県,1702,石川中央,2022,1
R6,17,石川県,1702,石川中央,2023,1
R6,17,石川県,1702,石川中央,2024,1
R6,17,石川県,1703,能登中部,2015,0.7777777777777778
R6,17,石川県,1703,能登中部,2018,1
R6,17,石川県,1703,能登中部,2019,1
R6,17,石川県,1703,能登中部,2020,1
R6,17,石川県,1703,能登中部,2021,1
R6,17,石川県,1703,能登中部,2022,1
R6,17,石川県,1703,能登中部,2023,1
R6,17,石川県,1703,能登中部,2024,1
R6,17,石川県,1704,能登北部,2015,1
R6,17,石川県,1704,能登北部,2018,1
R6,17,石川県,1704,能登北部,2019,1
R6,17,石川県,1704,能登北部,2020,1
R6,17,石川県,1704,能登北部,2021,1
R6,17,石川県,1704,能登北部,2022,1
R6,17,石川県,1704,能登北部,2023,1
R6,17,石川県,1704,能登北部,2024,1
R6,18,福井県,1801,福井・坂井,2015,0.9466666666666667
R6,18,福井県,1801,福井・坂井,2018,1
R6,18,福井県,1801,福井・坂井,2019,1
R6,18,福井県,1801,福井・坂井,2020,1
R6,18,福井県,1801,福井・坂井,2021,0.9682539682539683
R6,18,福井県,1801,福井・坂井,2022,0.9836065573770492
R6,18,福井県,1801,福井・坂井,2023,1
R6,18,福井県,1801,福井・坂井,2024,1
R6,18,福井県,1802,奥越,2015,0.9166666666666666
R6,18,福井県,1802,奥越,2018,1
R6,18,福井県,1802,奥越,2019,1
R6,18,福井県,1802,奥越,2020,1
R6,18,福井県,1802,奥越,2021,1
R6,18,福井県,1802,奥越,2022,1
R6,18,福井県,1802,奥越,2023,1
R6,18,福井県,1802,奥越,2024,1
R6,18,福井県,1803,丹南,2015,0.96875
R6,18,福井県,1803,丹南,2018,1
R6,18,福井県,1803,丹南,2019,1
R6,18,福井県,1803,丹南,2020,1
R6,18,福井県,1803,丹南,2021,1
R6,18,福井県,1803,丹南,2022,1
R6,18,福井県,1803,丹南,2023,1
R6,18,福井県,1803,丹南,2024,1
R6,18,福井県,1804,嶺南,2015,1
R6,18,福井県,1804,嶺南,2018,1
R6,18,福井県,1804,嶺南,2019,1
R6,18,福井県,1804,嶺南,2020,1
R6,18,福井県,1804,嶺南,2021,1
R6,18,福井県,1804,嶺南,2022,1
R6,18,福井県,1804,嶺南,2023,1
R6,18,福井県,1804,嶺南,2024,1
R6,19,山梨県,1901,中北,2015,0.9814814814814815
R6,19,山梨県,1901,中北,2018,1
R6,19,山梨県,1901,中北,2019,1
R6,19,山梨県,1901,中北,2020,1
R6,19,山梨県,1901,中北,2021,0.9411764705882353
R6,19,山梨県,1901,中北,2022,1
R6,19,山梨県,1901,中北,2023,1
R6,19,山梨県,1901,中北,2024,1
R6,19,山梨県,1902,峡東,2015,1
R6,19,山梨県,1902,峡東,2018,1
R6,19,山梨県,1902,峡東,2019,1
R6,19,山梨県,1902,峡東,2020,1
R6,19,山梨県,1902,峡東,2021,1
R6,19,山梨県,1902,峡東,2022,1
R6,19,山梨県,1902,峡東,2023,1
R6,19,山梨県,1902,峡東,2024,1
R6,19,山梨県,1903,峡南,2015,1
R6,19,山梨県,1903,峡南,2018,1
R6,19,山梨県,1903,峡南,2019,1
R6,19,山梨県,1903,峡南,2020,1
R6,19,山梨県,1903,峡南,2021,1
R6,19,山梨県,1903,峡南,2022,1
R6,19,山梨県,1903,峡南,2023,1
R6,19,山梨県,1903,峡南,2024,1
R6,19,山梨県,1904,富士・東部,2015,1
R6,19,山梨県,1904,富士・東部,2018,1
R6,19,山梨県,1904,富士・東部,2019,1
R6,19,山梨県,1904,富士・東部,2020,1
R6,19,山梨県,1904,富士・東部,2021,0.9
R6,19,山梨県,1904,富士・東部,2022,1
R6,19,山梨県,1904,富士・東部,2023,1
R6,19,山梨県,1904,富士・東部,2024,1
R6,20,長野県,2001,佐久,2015,0.9473684210526315
R6,20,長野県,2001,佐久,2018,0.9444444444444444
R6,20,長野県,2001,佐久,2019,1
R6,20,長野県,2001,佐久,2020,1
R6,20,長野県,2001,佐久,2021,1
R6,20,長野県,2001,佐久,2022,1
R6,20,長野県,2001,佐久,2023,1
R6,20,長野県,2001,佐久,2024,1
R6,20,長野県,2002,上小,2015,0.9583333333333334
R6,20,長野県,2002,上小,2018,1
R6,20,長野県,2002,上小,2019,1
R6,20,長野県,2002,上小,2020,0.9545454545454546
R6,20,長野県,2002,上小,2021,1
R6,20,長野県,2002,上小,2022,1
R6,20,長野県,2002,上小,2023,1
R6,20,長野県,2002,上小,2024,1
R6,20,長野県,2003,諏訪,2015,1
R6,20,長野県,2003,諏訪,2018,1
R6,20,長野県,2003,諏訪,2019,1
R6,20,長野県,2003,諏訪,2020,1
R6,20,長野県,2003,諏訪,2021,1
R6,20,長野県,2003,諏訪,2022,1
R6,20,長野県,2003,諏訪,2023,1
R6,20,長野県,2003,諏訪,2024,1
R6,20,長野県,2004,上伊那,2015,0.9090909090909091
R6,20,長野県,2004,上伊那,2018,0.9
R6,20,長野県,2004,上伊那,2019,0.9
R6,20,長野県,2004,上伊那,2020,0.9
R6,20,長野県,2004,上伊那,2021,1
R6,20,長野県,2004,上伊那,2022,1
R6,20,長野県,2004,上伊那,2023,1
R6,20,長野県,2004,上伊那,2024,1
R6,20,長野県,2005,飯伊,2015,1
R6,20,長野県,2005,飯伊,2018,0.9230769230769231
R6,20,長野県,2005,飯伊,2019,0.9230769230769231
R6,20,長野県,2005,飯伊,2020,1
R6,20,長野県,2005,飯伊,2021,1
R6,20,長野県,2005,飯伊,2022,1
R6,20,長野県,2005,飯伊,2023,1
R6,20,長野県,2005,飯伊,2024,1
R6,20,長野県,2006,木曽,2015,1
R6,20,長野県,2006,木曽,2018,1
R6,20,長野県,2006,木曽,2019,1
R6,20,長野県,2006,木曽,2020,1
R6,20,長野県,2006,木曽,2021,1
R6,20,長野県,2006,木曽,2022,1
R6,20,長野県,2006,木曽,2023,1
R6,20,長野県,2006,木曽,2024,1
R6,20,長野県,2007,松本,2015,0.9
R6,20,長野県,2007,松本,2018,0.8611111111111112
R6,20,長野県,2007,松本,2019,0.8571428571428571
R6,20,長野県,2007,松本,2020,0.8611111111111112
R6,20,長野県,2007,松本,2021,0.9722222222222222
R6,20,長野県,2007,松本,2022,1
R6,20,長野県,2007,松本,2023,1
R6,20,長野県,2007,松本,2024,1
R6,20,長野県,2008,大北,2015,1
R6,20,長野県,2008,大北,2018,1
R6,20,長野県,2008,大北,2019,1
R6,20,長野県,2008,大北,2020,1
R6,20,長野県,2008,大北,2021,1
R6,20,長野県,2008,大北,2022,1
R6,20,長野県,2008,大北,2023,1
R6,20,長野県,2008,大北,2024,1
R6,20,長野県,2009,長野,2015,0.9807692307692307
R6,20,長野県,2009,長野,2018,0.9807692307692307
R6,20,長野県,2009,長野,2019,0.9607843137254902
R6,20,長野県,2009,長野,2020,1
R6,20,長野県,2009,長野,2021,1
R6,20,長野県,2009,長野,2022,1
R6,20,長野県,2009,長野,2023,1
R6,20,長野県,2009,長野,2024,1
R6,20,長野県,2010,北信,2015,1
R6,20,長野県,2010,北信,2018,1
R6,20,長野県,2010,北信,2019,1
R6,20,長野県,2010,北信,2020,1
R6,20,長野県,2010,北信,2021,1
R6,20,長野県,2010,北信,2022,1
R6,20,長野県,2010,北信,2023,1
R6,20,長野県,2010,北信,2024,1
R6,21,岐阜県,2101,岐阜,2015,0.9716981132075472
R6,21,岐阜県,2101,岐阜,2018,0.99
R6,21,岐阜県,2101,岐阜,2019,0.9693877551020408
R6,21,岐阜県,2101,岐阜,2020,0.9278350515463918
R6,21,岐阜県,2101,岐阜,2021,0.9587628865979382
R6,21,岐阜県,2101,岐阜,2022,0.9782608695652174
R6,21,岐阜県,2101,岐阜,2023,1
R6,21,岐阜県,2101,岐阜,2024,0.9662921348314607
R6,21,岐阜県,2102,西濃,2015,1
R6,21,岐阜県,2102,西濃,2018,1
R6,21,岐阜県,2102,西濃,2019,0.9473684210526315
R6,21,岐阜県,2102,西濃,2020,0.9714285714285714
R6,21,岐阜県,2102,西濃,2021,1
R6,21,岐阜県,2102,西濃,2022,1
R6,21,岐阜県,2102,西濃,2023,1
R6,21,岐阜県,2102,西濃,2024,1
R6,21,岐阜県,2103,中濃,2015,0.9714285714285714
R6,21,岐阜県,2103,中濃,2018,0.9428571428571428
R6,21,岐阜県,2103,中濃,2019,1
R6,21,岐阜県,2103,中濃,2020,0.9393939393939394
R6,21,岐阜県,2103,中濃,2021,0.9411764705882353
R6,21,岐阜県,2103,中濃,2022,0.9117647058823529
R6,21,岐阜県,2103,中濃,2023,1
R6,21,岐阜県,2103,中濃,2024,0.9393939393939394
R6,21,岐阜県,2104,東濃,2015,1
R6,21,岐阜県,2104,東濃,2018,1
R6,21,岐阜県,2104,東濃,2019,1
R6,21,岐阜県,2104,東濃,2020,1
R6,21,岐阜県,2104,東濃,2021,1
R6,21,岐阜県,2104,東濃,2022,1
R6,21,岐阜県,2104,東濃,2023,1
R6,21,岐阜県,2104,東濃,2024,1
R6,21,岐阜県,2105,飛騨,2015,1
R6,21,岐阜県,2105,飛騨,2018,1
R6,21,岐阜県,2105,飛騨,2019,1
R6,21,岐阜県,2105,飛騨,2020,0.9285714285714286
R6,21,岐阜県,2105,飛騨,2021,0.9230769230769231
R6,21,岐阜県,2105,飛騨,2022,1
R6,21,岐阜県,2105,飛騨,2023,1
R6,21,岐阜県,2105,飛騨,2024,1
R6,22,静岡県,2201,賀茂,2015,0.9
R6,22,静岡県,2201,賀茂,2018,0.9
R6,22,静岡県,2201,賀茂,2019,1
R6,22,静岡県,2201,賀茂,2020,1
R6,22,静岡県,2201,賀茂,2021,1
R6,22,静岡県,2201,賀茂,2022,1
R6,22,静岡県,2201,賀茂,2023,1
R6,22,静岡県,2201,賀茂,2024,1
R6,22,静岡県,2202,熱海伊東,2015,0.8947368421052632
R6,22,静岡県,2202,熱海伊東,2018,0.8333333333333334
R6,22,静岡県,2202,熱海伊東,2019,0.9444444444444444
R6,22,静岡県,2202,熱海伊東,2020,1
R6,22,静岡県,2202,熱海伊東,2021,1
R6,22,静岡県,2202,熱海伊東,2022,1
R6,22,静岡県,2202,熱海伊東,2023,1
R6,22,静岡県,2202,熱海伊東,2024,1
R6,22,静岡県,2203,駿東田方,2015,0.9347826086956522
R6,22,静岡県,2203,駿東田方,2018,0.9659090909090909
R6,22,静岡県,2203,駿東田方,2019,0.9651162790697675
R6,22,静岡県,2203,駿東田方,2020,1
R6,22,静岡県,2203,駿東田方,2021,1
R6,22,静岡県,2203,駿東田方,2022,1
R6,22,静岡県,2203,駿東田方,2023,1
R6,22,静岡県,2203,駿東田方,2024,1
R6,22,静岡県,2204,富士,2015,0.926829268292683
R6,22,静岡県,2204,富士,2018,1
R6,22,静岡県,2204,富士,2019,1
R6,22,静岡県,2204,富士,2020,1
R6,22,静岡県,2204,富士,2021,1
R6,22,静岡県,2204,富士,2022,1
R6,22,静岡県,2204,富士,2023,1
R6,22,静岡県,2204,富士,2024,1
R6,22,静岡県,2205,静岡,2015,0.9
R6,22,静岡県,2205,静岡,2018,0.9583333333333334
R6,22,静岡県,2205,静岡,2019,0.9534883720930233
R6,22,静岡県,2205,静岡,2020,1
R6,22,静岡県,2205,静岡,2021,1
R6,22,静岡県,2205,静岡,2022,1
R6,22,静岡県,2205,静岡,2023,1
R6,22,静岡県,2205,静岡,2024,1
R6,22,静岡県,2206,志太榛原,2015,0.9259259259259259
R6,22,静岡県,2206,志太榛原,2018,0.875
R6,22,静岡県,2206,志太榛原,2019,0.9583333333333334
R6,22,静岡県,2206,志太榛原,2020,1
R6,22,静岡県,2206,志太榛原,2021,1
R6,22,静岡県,2206,志太榛原,2022,1
R6,22,静岡県,2206,志太榛原,2023,1
R6,22,静岡県,2206,志太榛原,2024,1
R6,22,静岡県,2207,中東遠,2015,0.9666666666666667
R6,22,静岡県,2207,中東遠,2018,0.9333333333333333
R6,22,静岡県,2207,中東遠,2019,0.9655172413793104
R6,22,静岡県,2207,中東遠,2020,1
R6,22,静岡県,2207,中東遠,2021,1
R6,22,静岡県,2207,中東遠,2022,1
R6,22,静岡県,2207,中東遠,2023,1
R6,22,静岡県,2207,中東遠,2024,1
R6,22,静岡県,2208,西部,2015,0.9726027397260274
R6,22,静岡県,2208,西部,2018,0.9285714285714286
R6,22,静岡県,2208,西部,2019,0.984375
R6,22,静岡県,2208,西部,2020,1
R6,22,静岡県,2208,西部,2021,1
R6,22,静岡県,2208,西部,2022,1
R6,22,静岡県,2208,西部,2023,1
R6,22,静岡県,2208,西部,2024,1
R6,23,愛知県,2302,海部,2015,0.8888888888888888
R6,23,愛知県,2302,海部,2018,1
R6,23,愛知県,2302,海部,2019,1
R6,23,愛知県,2302,海部,2020,1
R6,23,愛知県,2302,海部,2021,1
R6,23,愛知県,2302,海部,2022,1
R6,23,愛知県,2302,海部,2023,1
R6,23,愛知県,2302,海部,2024,1
R6,23,愛知県,2304,尾張東部,2015,0.9230769230769231
R6,23,愛知県,2304,尾張東部,2018,1
R6,23,愛知県,2304,尾張東部,2019,1
R6,23,愛知県,2304,尾張東部,2020,1
R6,23,愛知県,2304,尾張東部,2021,1
R6,23,愛知県,2304,尾張東部,2022,1
R6,23,愛知県,2304,尾張東部,2023,1
R6,23,愛知県,2304,尾張東部,2024,1
R6,23,愛知県,2305,尾張西部,2015,0.9787234042553191
R6,23,愛知県,2305,尾張西部,2018,1
R6,23,愛知県,2305,尾張西部,2019,1
R6,23,愛知県,2305,尾張西部,2020,1
R6,23,愛知県,2305,尾張西部,2021,1
R6,23,愛知県,2305,尾張西部,2022,1
R6,23,愛知県,2305,尾張西部,2023,1
R6,23,愛知県,2305,尾張西部,2024,1
R6,23,愛知県,2306,尾張北部,2015,0.9682539682539683
R6,23,愛知県,2306,尾張北部,2018,1
R6,23,愛知県,2306,尾張北部,2019,1
R6,23,愛知県,2306,尾張北部,2020,1
R6,23,愛知県,2306,尾張北部,2021,1
R6,23,愛知県,2306,尾張北部,2022,1
R6,23,愛知県,2306,尾張北部,2023,1
R6,23,愛知県,2306,尾張北部,2024,1
R6,23,愛知県,2307,知多半島,2015,1
R6,23,愛知県,2307,知多半島,2018,1
R6,23,愛知県,2307,知多半島,2019,1
R6,23,愛知県,2307,知多半島,2020,1
R6,23,愛知県,2307,知多半島,2021,1
R6,23,愛知県,2307,知多半島,2022,1
R6,23,愛知県,2307,知多半島,2023,1
R6,23,愛知県,2307,知多半島,2024,1
R6,23,愛知県,2308,西三河北部,2015,0.9285714285714286
R6,23,愛知県,2308,西三河北部,2018,1
R6,23,愛知県,2308,西三河北部,2019,1
R6,23,愛知県,2308,西三河北部,2020,1
R6,23,愛知県,2308,西三河北部,2021,1
R6,23,愛知県,2308,西三河北部,2022,1
R6,23,愛知県,2308,西三河北部,2023,1
R6,23,愛知県,2308,西三河北部,2024,1
R6,23,愛知県,2309,西三河南部西,2015,0.9772727272727273
R6,23,愛知県,2309,西三河南部西,2018,1
R6,23,愛知県,2309,西三河南部西,2019,1
R6,23,愛知県,2309,西三河南部西,2020,1
R6,23,愛知県,2309,西三河南部西,2021,1
R6,23,愛知県,2309,西三河南部西,2022,1
R6,23,愛知県,2309,西三河南部西,2023,1
R6,23,愛知県,2309,西三河南部西,2024,1
R6,23,愛知県,2310,西三河南部東,2015,1
R6,23,愛知県,2310,西三河南部東,2018,1
R6,23,愛知県,2310,西三河南部東,2019,1
R6,23,愛知県,2310,西三河南部東,2020,1
R6,23,愛知県,2310,西三河南部東,2021,1
R6,23,愛知県,2310,西三河南部東,2022,1
R6,23,愛知県,2310,西三河南部東,2023,1
R6,23,愛知県,2310,西三河南部東,2024,1
R6,23,愛知県,2311,東三河北部,2015,0.9090909090909091
R6,23,愛知県,2311,東三河北部,2018,1
R6,23,愛知県,2311,東三河北部,2019,1
R6,23,愛知県,2311,東三河北部,2020,1
R6,23,愛知県,2311,東三河北部,2021,1
R6,23,愛知県,2311,東三河北部,2022,1
R6,23,愛知県,2311,東三河北部,2023,1
R6,23,愛知県,2311,東三河北部,2024,1
R6,23,愛知県,2312,東三河南部,2015,1
R6,23,愛知県,2312,東三河南部,2018,1
R6,23,愛知県,2312,東三河南部,2019,1
R6,23,愛知県,2312,東三河南部,2020,1
R6,23,愛知県,2312,東三河南部,2021,1
R6,23,愛知県,2312,東三河南部,2022,1
R6,23,愛知県,2312,東三河南部,2023,1
R6,23,愛知県,2312,東三河南部,2024,1
R6,23,愛知県,2313,名古屋・尾張中部,2015,0.9728506787330317
R6,23,愛知県,2313,名古屋・尾張中部,2018,1
R6,23,愛知県,2313,名古屋・尾張中部,2019,1
R6,23,愛知県,2313,名古屋・尾張中部,2020,1
R6,23,愛知県,2313,名古屋・尾張中部,2021,1
R6,23,愛知県,2313,名古屋・尾張中部,2022,1
R6,23,愛知県,2313,名古屋・尾張中部,2023,1
R6,23,愛知県,2313,名古屋・尾張中部,2024,1
R6,24,三重県,2405,桑員,2015,1
R6,24,三重県,2405,桑員,2018,1
R6,24,三重県,2405,桑員,2019,1
R6,24,三重県,2405,桑員,2020,0.8571428571428571
R6,24,三重県,2405,桑員,2021,1
R6,24,三重県,2405,桑員,2022,1
R6,24,三重県,2405,桑員,2023,1
R6,24,三重県,2405,桑員,2024,1
R6,24,三重県,2406,三泗,2015,0.8928571428571429
R6,24,三重県,2406,三泗,2018,1
R6,24,三重県,2406,三泗,2019,1
R6,24,三重県,2406,三泗,2020,0.8636363636363636
R6,24,三重県,2406,三泗,2021,1
R6,24,三重県,2406,三泗,2022,1
R6,24,三重県,2406,三泗,2023,0.9523809523809523
R6,24,三重県,2406,三泗,2024,1
R6,24,三重県,2407,鈴亀,2015,0.9166666666666666
R6,24,三重県,2407,鈴亀,2018,0.9565217391304348
R6,24,三重県,2407,鈴亀,2019,1
R6,24,三重県,2407,鈴亀,2020,0.9545454545454546
R6,24,三重県,2407,鈴亀,2021,1
R6,24,三重県,2407,鈴亀,2022,1
R6,24,三重県,2407,鈴亀,2023,1
R6,24,三重県,2407,鈴亀,2024,1
R6,24,三重県,2408,津,2015,0.9354838709677419
R6,24,三重県,2408,津,2018,0.9655172413793104
R6,24,三重県,2408,津,2019,1
R6,24,三重県,2408,津,2020,0.9629629629629629
R6,24,三重県,2408,津,2021,1
R6,24,三重県,2408,津,2022,1
R6,24,三重県,2408,津,2023,1
R6,24,三重県,2408,津,2024,1
R6,24,三重県,2409,伊賀,2015,0.8461538461538461
R6,24,三重県,2409,伊賀,2018,0.9166666666666666
R6,24,三重県,2409,伊賀,2019,1
R6,24,三重県,2409,伊賀,2020,0.9090909090909091
R6,24,三重県,2409,伊賀,2021,1
R6,24,三重県,2409,伊賀,2022,1
R6,24,三重県,2409,伊賀,2023,1
R6,24,三重県,2409,伊賀,2024,1
R6,24,三重県,2410,松阪,2015,0.9615384615384616
R6,24,三重県,2410,松阪,2018,0.88
R6,24,三重県,2410,松阪,2019,1
R6,24,三重県,2410,松阪,2020,0.8636363636363636
R6,24,三重県,2410,松阪,2021,1
R6,24,三重県,2410,松阪,2022,1
R6,24,三重県,2410,松阪,2023,1
R6,24,三重県,2410,松阪,2024,1
R6,24,三重県,2411,伊勢志摩,2015,1
R6,24,三重県,2411,伊勢志摩,2018,1
R6,24,三重県,2411,伊勢志摩,2019,1
R6,24,三重県,2411,伊勢志摩,2020,1
R6,24,三重県,2411,伊勢志摩,2021,1
R6,24,三重県,2411,伊勢志摩,2022,1
R6,24,三重県,2411,伊勢志摩,2023,1
R6,24,三重県,2411,伊勢志摩,2024,1
R6,24,三重県,2412,東紀州,2015,0.8333333333333334
R6,24,三重県,2412,東紀州,2018,1
R6,24,三重県,2412,東紀州,2019,1
R6,24,三重県,2412,東紀州,2020,1
R6,24,三重県,2412,東紀州,2021,1
R6,24,三重県,2412,東紀州,2022,1
R6,24,三重県,2412,東紀州,2023,1
R6,24,三重県,2412,東紀州,2024,1
R6,25,滋賀県,2501,大津,2015,0.9629629629629629
R6,25,滋賀県,2501,大津,2018,0.9565217391304348
R6,25,滋賀県,2501,大津,2019,1
R6,25,滋賀県,2501,大津,2020,0.9565217391304348
R6,25,滋賀県,2501,大津,2021,1
R6,25,滋賀県,2501,大津,2022,0.9583333333333334
R6,25,滋賀県,2501,大津,2023,0.9565217391304348
R6,25,滋賀県,2501,大津,2024,1
R6,25,滋賀県,2502,湖南,2015,0.96
R6,25,滋賀県,2502,湖南,2018,1
R6,25,滋賀県,2502,湖南,2019,0.9565217391304348
R6,25,滋賀県,2502,湖南,2020,0.9047619047619048
R6,25,滋賀県,2502,湖南,2021,1
R6,25,滋賀県,2502,湖南,2022,0.9545454545454546
R6,25,滋賀県,2502,湖南,2023,1
R6,25,滋賀県,2502,湖南,2024,1
R6,25,滋賀県,2503,甲賀,2015,0.8888888888888888
R6,25,滋賀県,2503,甲賀,2018,1
R6,25,滋賀県,2503,甲賀,2019,1
R6,25,滋賀県,2503,甲賀,2020,0.9
R6,25,滋賀県,2503,甲賀,2021,1
R6,25,滋賀県,2503,甲賀,2022,1
R6,25,滋賀県,2503,甲賀,2023,0.8888888888888888
R6,25,滋賀県,2503,甲賀,2024,1
R6,25,滋賀県,2504,東近江,2015,1
R6,25,滋賀県,2504,東近江,2018,1
R6,25,滋賀県,2504,東近江,2019,1
R6,25,滋賀県,2504,東近江,2020,0.9375
R6,25,滋賀県,2504,東近江,2021,0.875
R6,25,滋賀県,2504,東近江,2022,1
R6,25,滋賀県,2504,東近江,2023,1
R6,25,滋賀県,2504,東近江,2024,1
R6,25,滋賀県,2505,湖東,2015,1
R6,25,滋賀県,2505,湖東,2018,0.8333333333333334
R6,25,滋賀県,2505,湖東,2019,1
R6,25,滋賀県,2505,湖東,2020,1
R6,25,滋賀県,2505,湖東,2021,1
R6,25,滋賀県,2505,湖東,2022,1
R6,25,滋賀県,2505,湖東,2023,1
R6,25,滋賀県,2505,湖東,2024,1
R6,25,滋賀県,2506,湖北,2015,1
R6,25,滋賀県,2506,湖北,2018,1
R6,25,滋賀県,2506,湖北,2019,1
R6,25,滋賀県,2506,湖北,2020,1
R6,25,滋賀県,2506,湖北,2021,1
R6,25,滋賀県,2506,湖北,2022,1
R6,25,滋賀県,2506,湖北,2023,1
R6,25,滋賀県,2506,湖北,2024,1
R6,25,滋賀県,2507,湖西,2015,1
R6,25,滋賀県,2507,湖西,2018,1
R6,25,滋賀県,2507,湖西,2019,1
R6,25,滋賀県,2507,湖西,2020,0.6666666666666666
R6,25,滋賀県,2507,湖西,2021,1
R6,25,滋賀県,2507,湖西,2022,1
R6,25,滋賀県,2507,湖西,2023,1
R6,25,滋賀県,2507,湖西,2024,1
R6,26,京都府,2601,丹後,2015,1
R6,26,京都府,2601,丹後,2018,1
R6,26,京都府,2601,丹後,2019,1
R6,26,京都府,2601,丹後,2020,1
R6,26,京都府,2601,丹後,2021,1
R6,26,京都府,2601,丹後,2022,1
R6,26,京都府,2601,丹後,2023,1
R6,26,京都府,2601,丹後,2024,1
R6,26,京都府,2602,中丹,2015,0.875
R6,26,京都府,2602,中丹,2018,0.9130434782608695
R6,26,京都府,2602,中丹,2019,0.9545454545454546
R6,26,京都府,2602,中丹,2020,0.9545454545454546
R6,26,京都府,2602,中丹,2021,0.9545454545454546
R6,26,京都府,2602,中丹,2022,0.9545454545454546
R6,26,京都府,2602,中丹,2023,0.9545454545454546
R6,26,京都府,2602,中丹,2024,0.9545454545454546
R6,26,京都府,2603,南丹,2015,0.8125
R6,26,京都府,2603,南丹,2018,1
R6,26,京都府,2603,南丹,2019,0.9333333333333333
R6,26,京都府,2603,南丹,2020,0.8666666666666667
R6,26,京都府,2603,南丹,2021,0.9285714285714286
R6,26,京都府,2603,南丹,2022,0.9285714285714286
R6,26,京都府,2603,南丹,2023,0.9285714285714286
R6,26,京都府,2603,南丹,2024,1
R6,26,京都府,2604,京都・乙訓,2015,0.8987341772151899
R6,26,京都府,2604,京都・乙訓,2018,0.951048951048951
R6,26,京都府,2604,京都・乙訓,2019,0.9142857142857143
R6,26,京都府,2604,京都・乙訓,2020,0.9411764705882353
R6,26,京都府,2604,京都・乙訓,2021,0.9328358208955224
R6,26,京都府,2604,京都・乙訓,2022,0.9318181818181818
R6,26,京都府,2604,京都・乙訓,2023,0.9473684210526315
R6,26,京都府,2604,京都・乙訓,2024,0.9384615384615385
R6,26,京都府,2605,山城北,2015,0.9032258064516129
R6,26,京都府,2605,山城北,2018,0.9655172413793104
R6,26,京都府,2605,山城北,2019,0.9310344827586207
R6,26,京都府,2605,山城北,2020,0.9666666666666667
R6,26,京都府,2605,山城北,2021,0.9333333333333333
R6,26,京都府,2605,山城北,2022,0.9
R6,26,京都府,2605,山城北,2023,0.9333333333333333
R6,26,京都府,2605,山城北,2024,0.9333333333333333
R6,26,京都府,2606,山城南,2015,1
R6,26,京都府,2606,山城南,2018,1
R6,26,京都府,2606,山城南,2019,1
R6,26,京都府,2606,山城南,2020,1
R6,26,京都府,2606,山城南,2021,1
R6,26,京都府,2606,山城南,2022,1
R6,26,京都府,2606,山城南,2023,1
R6,26,京都府,2606,山城南,2024,1
R6,27,大阪府,2701,豊能,2015,0.9242424242424242
R6,27,大阪府,2701,豊能,2018,1
R6,27,大阪府,2701,豊能,2019,0.9824561403508771
R6,27,大阪府,2701,豊能,2020,0.9473684210526315
R6,27,大阪府,2701,豊能,2021,0.9298245614035088
R6,27,大阪府,2701,豊能,2022,0.8947368421052632
R6,27,大阪府,2701,豊能,2023,1
R6,27,大阪府,2701,豊能,2024,0.9814814814814815
R6,27,大阪府,2702,三島,2015,0.9636363636363636
R6,27,大阪府,2702,三島,2018,0.9807692307692307
R6,27,大阪府,2702,三島,2019,0.9433962264150944
R6,27,大阪府,2702,三島,2020,0.9375
R6,27,大阪府,2702,三島,2021,0.9333333333333333
R6,27,大阪府,2702,三島,2022,0.9761904761904762
R6,27,大阪府,2702,三島,2023,0.9767441860465116
R6,27,大阪府,2702,三島,2024,1
R6,27,大阪府,2703,北河内,2015,0.8969072164948454
R6,27,大阪府,2703,北河内,2018,1
R6,27,大阪府,2703,北河内,2019,1
R6,27,大阪府,2703,北河内,2020,0.9775280898876404
R6,27,大阪府,2703,北河内,2021,0.9886363636363636
R6,27,大阪府,2703,北河内,2022,0.9523809523809523
R6,27,大阪府,2703,北河内,2023,0.9876543209876543
R6,27,大阪府,2703,北河内,2024,0.9736842105263158
R6,27,大阪府,2704,中河内,2015,1
R6,27,大阪府,2704,中河内,2018,0.9803921568627451
R6,27,大阪府,2704,中河内,2019,0.9565217391304348
R6,27,大阪府,2704,中河内,2020,0.9361702127659575
R6,27,大阪府,2704,中河内,2021,0.9361702127659575
R6,27,大阪府,2704,中河内,2022,0.8936170212765957
R6,27,大阪府,2704,中河内,2023,0.9782608695652174
R6,27,大阪府,2704,中河内,2024,0.9772727272727273
R6,27,大阪府,2705,南河内,2015,0.9565217391304348
R6,27,大阪府,2705,南河内,2018,1
R6,27,大阪府,2705,南河内,2019,1
R6,27,大阪府,2705,南河内,2020,1
R6,27,大阪府,2705,南河内,2021,1
R6,27,大阪府,2705,南河内,2022,1
R6,27,大阪府,2705,南河内,2023,1
R6,27,大阪府,2705,南河内,2024,0.9534883720930233
R6,27,大阪府,2706,堺市,2015,0.859375
R6,27,大阪府,2706,堺市,2018,0.9523809523809523
R6,27,大阪府,2706,堺市,2019,0.9354838709677419
R6,27,大阪府,2706,堺市,2020,0.9193548387096774
R6,27,大阪府,2706,堺市,2021,0.9333333333333333
R6,27,大阪府,2706,堺市,2022,0.9152542372881356
R6,27,大阪府,2706,堺市,2023,0.9642857142857143
R6,27,大阪府,2706,堺市,2024,0.9107142857142857
R6,27,大阪府,2707,泉州,2015,0.9156626506024096
R6,27,大阪府,2707,泉州,2018,1
R6,27,大阪府,2707,泉州,2019,1
R6,27,大阪府,2707,泉州,2020,0.9875
R6,27,大阪府,2707,泉州,2021,1
R6,27,大阪府,2707,泉州,2022,0.9736842105263158
R6,27,大阪府,2707,泉州,2023,1
R6,27,大阪府,2707,泉州,2024,0.9605263157894737
R6,27,大阪府,2708,大阪市,2015,0.91796875
R6,27,大阪府,2708,大阪市,2018,0.9835390946502057
R6,27,大阪府,2708,大阪市,2019,0.9625
R6,27,大阪府,2708,大阪市,2020,0.9631147540983607
R6,27,大阪府,2708,大阪市,2021,0.9377593360995851
R6,27,大阪府,2708,大阪市,2022,0.9156118143459916
R6,27,大阪府,2708,大阪市,2023,0.9620253164556962
R6,27,大阪府,2708,大阪市,2024,0.9578059071729957
R6,28,兵庫県,2801,神戸,2015,0.8782051282051282
R6,28,兵庫県,2801,神戸,2018,0.9084967320261438
R6,28,兵庫県,2801,神戸,2019,0.9533333333333334
R6,28,兵庫県,2801,神戸,2020,0.958041958041958
R6,28,兵庫県,2801,神戸,2021,0.9513888888888888
R6,28,兵庫県,2801,神戸,2022,0.8819444444444444
R6,28,兵庫県,2801,神戸,2023,0.9645390070921985
R6,28,兵庫県,2801,神戸,2024,0.9420289855072463
R6,28,兵庫県,2804,東播磨,2015,0.9264705882352942
R6,28,兵庫県,2804,東播磨,2018,0.921875
R6,28,兵庫県,2804,東播磨,2019,0.984375
R6,28,兵庫県,2804,東播磨,2020,0.9375
R6,28,兵庫県,2804,東播磨,2021,1
R6,28,兵庫県,2804,東播磨,2022,0.9180327868852459
R6,28,兵庫県,2804,東播磨,2023,0.9649122807017544
R6,28,兵庫県,2804,東播磨,2024,0.9423076923076923
R6,28,兵庫県,2805,北播磨,2015,0.9333333333333333
R6,28,兵庫県,2805,北播磨,2018,0.9333333333333333
R6,28,兵庫県,2805,北播磨,2019,0.9642857142857143
R6,28,兵庫県,2805,北播磨,2020,0.9259259259259259
R6,28,兵庫県,2805,北播磨,2021,0.9259259259259259
R6,28,兵庫県,2805,北播磨,2022,0.9629629629629629
R6,28,兵庫県,2805,北播磨,2023,0.9629629629629629
R6,28,兵庫県,2805,北播磨,2024,0.9629629629629629
R6,28,兵庫県,2808,但馬,2015,1
R6,28,兵庫県,2808,但馬,2018,1
R6,28,兵庫県,2808,但馬,2019,1
R6,28,兵庫県,2808,但馬,2020,1
R6,28,兵庫県,2808,但馬,2021,1
R6,28,兵庫県,2808,但馬,2022,1
R6,28,兵庫県,2808,但馬,2023,1
R6,28,兵庫県,2808,但馬,2024,1
R6,28,兵庫県,2809,丹波,2015,0.8333333333333334
R6,28,兵庫県,2809,丹波,2018,1
R6,28,兵庫県,2809,丹波,2019,1
R6,28,兵庫県,2809,丹波,2020,1
R6,28,兵庫県,2809,丹波,2021,1
R6,28,兵庫県,2809,丹波,2022,1
R6,28,兵庫県,2809,丹波,2023,1
R6,28,兵庫県,2809,丹波,2024,1
R6,28,兵庫県,2810,淡路,2015,1
R6,28,兵庫県,2810,淡路,2018,1
R6,28,兵庫県,2810,淡路,2019,1
R6,28,兵庫県,2810,淡路,2020,1
R6,28,兵庫県,2810,淡路,2021,1
R6,28,兵庫県,2810,淡路,2022,1
R6,28,兵庫県,2810,淡路,2023,1
R6,28,兵庫県,2810,淡路,2024,1
R6,28,兵庫県,2811,阪神,2015,0.9420289855072463
R6,28,兵庫県,2811,阪神,2018,0.9477611940298507
R6,28,兵庫県,2811,阪神,2019,0.9696969696969697
R6,28,兵庫県,2811,阪神,2020,0.9291338582677166
R6,28,兵庫県,2811,阪神,2021,0.9444444444444444
R6,28,兵庫県,2811,阪神,2022,0.8870967741935484
R6,28,兵庫県,2811,阪神,2023,0.9327731092436975
R6,28,兵庫県,2811,阪神,2024,0.9586776859504132
R6,28,兵庫県,2812,播磨姫路,2015,0.9444444444444444
R6,28,兵庫県,2812,播磨姫路,2018,0.9767441860465116
R6,28,兵庫県,2812,播磨姫路,2019,0.963855421686747
R6,28,兵庫県,2812,播磨姫路,2020,0.9753086419753086
R6,28,兵庫県,2812,播磨姫路,2021,0.9876543209876543
R6,28,兵庫県,2812,播磨姫路,2022,0.9333333333333333
R6,28,兵庫県,2812,播磨姫路,2023,1
R6,28,兵庫県,2812,播磨姫路,2024,1
R6,29,奈良県,2901,奈良,2015,0.9354838709677419
R6,29,奈良県,2901,奈良,2018,1
R6,29,奈良県,2901,奈良,2019,1
R6,29,奈良県,2901,奈良,2020,1
R6,29,奈良県,2901,奈良,2021,1
R6,29,奈良県,2901,奈良,2022,1
R6,29,奈良県,2901,奈良,2023,0.9642857142857143
R6,29,奈良県,2901,奈良,2024,1
R6,29,奈良県,2902,東和,2015,1
R6,29,奈良県,2902,東和,2018,1
R6,29,奈良県,2902,東和,2019,1
R6,29,奈良県,2902,東和,2020,1
R6,29,奈良県,2902,東和,2021,1
R6,29,奈良県,2902,東和,2022,0.8235294117647058
R6,29,奈良県,2902,東和,2023,1
R6,29,奈良県,2902,東和,2024,1
R6,29,奈良県,2903,西和,2015,0.92
R6,29,奈良県,2903,西和,2018,1
R6,29,奈良県,2903,西和,2019,0.92
R6,29,奈良県,2903,西和,2020,1
R6,29,奈良県,2903,西和,2021,1
R6,29,奈良県,2903,西和,2022,1
R6,29,奈良県,2903,西和,2023,1
R6,29,奈良県,2903,西和,2024,1
R6,29,奈良県,2904,中和,2015,0.8888888888888888
R6,29,奈良県,2904,中和,2018,1
R6,29,奈良県,2904,中和,2019,0.9583333333333334
R6,29,奈良県,2904,中和,2020,1
R6,29,奈良県,2904,中和,2021,1
R6,29,奈良県,2904,中和,2022,1
R6,29,奈良県,2904,中和,2023,1
R6,29,奈良県,2904,中和,2024,1
R6,29,奈良県,2905,南和,2015,1
R6,29,奈良県,2905,南和,2018,1
R6,29,奈良県,2905,南和,2019,1
R6,29,奈良県,2905,南和,2020,1
R6,29,奈良県,2905,南和,2021,1
R6,29,奈良県,2905,南和,2022,1
R6,29,奈良県,2905,南和,2023,1
R6,29,奈良県,2905,南和,2024,1
R6,30,和歌山県,3001,和歌山,2015,0.9875
R6,30,和歌山県,3001,和歌山,2018,1
R6,30,和歌山県,3001,和歌山,2019,1
R6,30,和歌山県,3001,和歌山,2020,1
R6,30,和歌山県,3001,和歌山,2021,1
R6,30,和歌山県,3001,和歌山,2022,1
R6,30,和歌山県,3001,和歌山,2023,1
R6,30,和歌山県,3001,和歌山,2024,1
R6,30,和歌山県,3002,那賀,2015,1
R6,30,和歌山県,3002,那賀,2018,1
R6,30,和歌山県,3002,那賀,2019,1
R6,30,和歌山県,3002,那賀,2020,1
R6,30,和歌山県,3002,那賀,2021,1
R6,30,和歌山県,3002,那賀,2022,1
R6,30,和歌山県,3002,那賀,2023,1
R6,30,和歌山県,3002,那賀,2024,1
R6,30,和歌山県,3003,橋本,2015,1
R6,30,和歌山県,3003,橋本,2018,1
R6,30,和歌山県,3003,橋本,2019,1
R6,30,和歌山県,3003,橋本,2020,1
R6,30,和歌山県,3003,橋本,2021,1
R6,30,和歌山県,3003,橋本,2022,1
R6,30,和歌山県,3003,橋本,2023,1
R6,30,和歌山県,3003,橋本,2024,1
R6,30,和歌山県,3004,有田,2015,1
R6,30,和歌山県,3004,有田,2018,1
R6,30,和歌山県,3004,有田,2019,1
R6,30,和歌山県,3004,有田,2020,1
R6,30,和歌山県,3004,有田,2021,1
R6,30,和歌山県,3004,有田,2022,1
R6,30,和歌山県,3004,有田,2023,1
R6,30,和歌山県,3004,有田,2024,1
R6,30,和歌山県,3005,御坊,2015,1
R6,30,和歌山県,3005,御坊,2018,1
R6,30,和歌山県,3005,御坊,2019,1
R6,30,和歌山県,3005,御坊,2020,1
R6,30,和歌山県,3005,御坊,2021,1
R6,30,和歌山県,3005,御坊,2022,1
R6,30,和歌山県,3005,御坊,2023,1
R6,30,和歌山県,3005,御坊,2024,1
R6,30,和歌山県,3006,田辺,2015,1
R6,30,和歌山県,3006,田辺,2018,1
R6,30,和歌山県,3006,田辺,2019,1
R6,30,和歌山県,3006,田辺,2020,1
R6,30,和歌山県,3006,田辺,2021,1
R6,30,和歌山県,3006,田辺,2022,1
R6,30,和歌山県,3006,田辺,2023,1
R6,30,和歌山県,3006,田辺,2024,1
R6,30,和歌山県,3007,新宮,2015,1
R6,30,和歌山県,3007,新宮,2018,1
R6,30,和歌山県,3007,新宮,2019,1
R6,30,和歌山県,3007,新宮,2020,1
R6,30,和歌山県,3007,新宮,2021,1
R6,30,和歌山県,3007,新宮,2022,1
R6,30,和歌山県,3007,新宮,2023,1
R6,30,和歌山県,3007,新宮,2024,1
R6,31,鳥取県,3101,東部,2015,0.8695652173913043
R6,31,鳥取県,3101,東部,2018,0.8695652173913043
R6,31,鳥取県,3101,東部,2019,0.9047619047619048
R6,31,鳥取県,3101,東部,2020,0.8095238095238095
R6,31,鳥取県,3101,東部,2021,0.9523809523809523
R6,31,鳥取県,3101,東部,2022,1
R6,31,鳥取県,3101,東部,2023,1
R6,31,鳥取県,3101,東部,2024,1
R6,31,鳥取県,3102,中部,2015,0.9411764705882353
R6,31,鳥取県,3102,中部,2018,1
R6,31,鳥取県,3102,中部,2019,1
R6,31,鳥取県,3102,中部,2020,1
R6,31,鳥取県,3102,中部,2021,1
R6,31,鳥取県,3102,中部,2022,1
R6,31,鳥取県,3102,中部,2023,1
R6,31,鳥取県,3102,中部,2024,1
R6,31,鳥取県,3103,西部,2015,0.972972972972973
R6,31,鳥取県,3103,西部,2018,0.972972972972973
R6,31,鳥取県,3103,西部,2019,1
R6,31,鳥取県,3103,西部,2020,0.9166666666666666
R6,31,鳥取県,3103,西部,2021,1
R6,31,鳥取県,3103,西部,2022,1
R6,31,鳥取県,3103,西部,2023,1
R6,31,鳥取県,3103,西部,2024,1
R6,32,島根県,3201,松江,2015,0.9615384615384616
R6,32,島根県,3201,松江,2018,1
R6,32,島根県,3201,松江,2019,1
R6,32,島根県,3201,松江,2020,1
R6,32,島根県,3201,松江,2021,1
R6,32,島根県,3201,松江,2022,1
R6,32,島根県,3201,松江,2023,1
R6,32,島根県,3201,松江,2024,1
R6,32,島根県,3202,雲南,2015,1
R6,32,島根県,3202,雲南,2018,1
R6,32,島根県,3202,雲南,2019,1
R6,32,島根県,3202,雲南,2020,1
R6,32,島根県,3202,雲南,2021,1
R6,32,島根県,3202,雲南,2022,1
R6,32,島根県,3202,雲南,2023,1
R6,32,島根県,3202,雲南,2024,1
R6,32,島根県,3203,出雲,2015,0.95
R6,32,島根県,3203,出雲,2018,1
R6,32,島根県,3203,出雲,2019,1
R6,32,島根県,3203,出雲,2020,1
R6,32,島根県,3203,出雲,2021,1
R6,32,島根県,3203,出雲,2022,1
R6,32,島根県,3203,出雲,2023,1
R6,32,島根県,3203,出雲,2024,1
R6,32,島根県,3204,大田,2015,0.9090909090909091
R6,32,島根県,3204,大田,2018,0.9
R6,32,島根県,3204,大田,2019,1
R6,32,島根県,3204,大田,2020,1
R6,32,島根県,3204,大田,2021,1
R6,32,島根県,3204,大田,2022,1
R6,32,島根県,3204,大田,2023,1
R6,32,島根県,3204,大田,2024,1
R6,32,島根県,3205,浜田,2015,0.9285714285714286
R6,32,島根県,3205,浜田,2018,1
R6,32,島根県,3205,浜田,2019,1
R6,32,島根県,3205,浜田,2020,1
R6,32,島根県,3205,浜田,2021,1
R6,32,島根県,3205,浜田,2022,1
R6,32,島根県,3205,浜田,2023,1
R6,32,島根県,3205,浜田,2024,1
R6,32,島根県,3206,益田,2015,1
R6,32,島根県,3206,益田,2018,1
R6,32,島根県,3206,益田,2019,1
R6,32,島根県,3206,益田,2020,1
R6,32,島根県,3206,益田,2021,1
R6,32,島根県,3206,益田,2022,1
R6,32,島根県,3206,益田,2023,1
R6,32,島根県,3206,益田,2024,1
R6,32,島根県,3207,隠岐,2015,1
R6,32,島根県,3207,隠岐,2018,1
R6,32,島根県,3207,隠岐,2019,1
R6,32,島根県,3207,隠岐,2020,1
R6,32,島根県,3207,隠岐,2021,1
R6,32,島根県,3207,隠岐,2022,1
R6,32,島根県,3207,隠岐,2023,1
R6,32,島根県,3207,隠岐,2024,1
R6,33,岡山県,3301,県南東部,2015,0.9583333333333334
R6,33,岡山県,3301,県南東部,2018,0.9375
R6,33,岡山県,3301,県南東部,2019,0.9788732394366197
R6,33,岡山県,3301,県南東部,2020,0.9357142857142857
R6,33,岡山県,3301,県南東部,2021,0.9855072463768116
R6,33,岡山県,3301,県南東部,2022,0.9548872180451128
R6,33,岡山県,3301,県南東部,2023,1
R6,33,岡山県,3301,県南東部,2024,1
R6,33,岡山県,3302,県南西部,2015,0.9587628865979382
R6,33,岡山県,3302,県南西部,2018,0.978021978021978
R6,33,岡山県,3302,県南西部,2019,0.9438202247191011
R6,33,岡山県,3302,県南西部,2020,0.9418604651162791
R6,33,岡山県,3302,県南西部,2021,0.9534883720930233
R6,33,岡山県,3302,県南西部,2022,0.9523809523809523
R6,33,岡山県,3302,県南西部,2023,1
R6,33,岡山県,3302,県南西部,2024,1
R6,33,岡山県,3303,高梁・新見,2015,1
R6,33,岡山県,3303,高梁・新見,2018,1
R6,33,岡山県,3303,高梁・新見,2019,1
R6,33,岡山県,3303,高梁・新見,2020,1
R6,33,岡山県,3303,高梁・新見,2021,1
R6,33,岡山県,3303,高梁・新見,2022,1
R6,33,岡山県,3303,高梁・新見,2023,1
R6,33,岡山県,3303,高梁・新見,2024,1
R6,33,岡山県,3304,真庭,2015,1
R6,33,岡山県,3304,真庭,2018,1
R6,33,岡山県,3304,真庭,2019,1
R6,33,岡山県,3304,真庭,2020,0.7777777777777778
R6,33,岡山県,3304,真庭,2021,1
R6,33,岡山県,3304,真庭,2022,1
R6,33,岡山県,3304,真庭,2023,1
R6,33,岡山県,3304,真庭,2024,1
R6,33,岡山県,3305,津山・英田,2015,1
R6,33,岡山県,3305,津山・英田,2018,0.9117647058823529
R6,33,岡山県,3305,津山・英田,2019,0.96875
R6,33,岡山県,3305,津山・英田,2020,1
R6,33,岡山県,3305,津山・英田,2021,1
R6,33,岡山県,3305,津山・英田,2022,0.967741935483871
R6,33,岡山県,3305,津山・英田,2023,1
R6,33,岡山県,3305,津山・英田,2024,1
R6,34,広島県,3401,広島,2015,0.9265536723163842
R6,34,広島県,3401,広島,2018,0.9827586206896551
R6,34,広島県,3401,広島,2019,0.9647058823529412
R6,34,広島県,3401,広島,2020,0.9573170731707317
R6,34,広島県,3401,広島,2021,0.9683544303797469
R6,34,広島県,3401,広島,2022,0.9548387096774194
R6,34,広島県,3401,広島,2023,0.9805194805194806
R6,34,広島県,3401,広島,2024,0.9664429530201343
R6,34,広島県,3402,広島西,2015,0.95
R6,34,広島県,3402,広島西,2018,1
R6,34,広島県,3402,広島西,2019,1
R6,34,広島県,3402,広島西,2020,0.8823529411764706
R6,34,広島県,3402,広島西,2021,1
R6,34,広島県,3402,広島西,2022,1
R6,34,広島県,3402,広島西,2023,1
R6,34,広島県,3402,広島西,2024,1
R6,34,広島県,3403,呉,2015,0.975
R6,34,広島県,3403,呉,2018,0.975
R6,34,広島県,3403,呉,2019,0.975
R6,34,広島県,3403,呉,2020,1
R6,34,広島県,3403,呉,2021,0.9743589743589743
R6,34,広島県,3403,呉,2022,0.9743589743589743
R6,34,広島県,3403,呉,2023,0.9487179487179487
R6,34,広島県,3403,呉,2024,0.9444444444444444
R6,34,広島県,3404,広島中央,2015,0.967741935483871
R6,34,広島県,3404,広島中央,2018,1
R6,34,広島県,3404,広島中央,2019,1
R6,34,広島県,3404,広島中央,2020,1
R6,34,広島県,3404,広島中央,2021,1
R6,34,広島県,3404,広島中央,2022,0.9629629629629629
R6,34,広島県,3404,広島中央,2023,1
R6,34,広島県,3404,広島中央,2024,1
R6,34,広島県,3405,尾三,2015,0.9512195121951219
R6,34,広島県,3405,尾三,2018,1
R6,34,広島県,3405,尾三,2019,0.972972972972973
R6,34,広島県,3405,尾三,2020,0.9722222222222222
R6,34,広島県,3405,尾三,2021,0.9705882352941176
R6,34,広島県,3405,尾三,2022,0.9705882352941176
R6,34,広島県,3405,尾三,2023,1
R6,34,広島県,3405,尾三,2024,0.967741935483871
R6,34,広島県,3406,福山・府中,2015,0.948051948051948
R6,34,広島県,3406,福山・府中,2018,0.987012987012987
R6,34,広島県,3406,福山・府中,2019,0.9863013698630136
R6,34,広島県,3406,福山・府中,2020,0.9726027397260274
R6,34,広島県,3406,福山・府中,2021,1
R6,34,広島県,3406,福山・府中,2022,0.9714285714285714
R6,34,広島県,3406,福山・府中,2023,0.9710144927536232
R6,34,広島県,3406,福山・府中,2024,0.9701492537313433
R6,34,広島県,3407,備北,2015,0.9090909090909091
R6,34,広島県,3407,備北,2018,1
R6,34,広島県,3407,備北,2019,0.9
R6,34,広島県,3407,備北,2020,0.8888888888888888
R6,34,広島県,3407,備北,2021,0.8888888888888888
R6,34,広島県,3407,備北,2022,0.9411764705882353
R6,34,広島県,3407,備北,2023,1
R6,34,広島県,3407,備北,2024,1
R6,35,山口県,3501,岩国,2015,0.9473684210526315
R6,35,山口県,3501,岩国,2018,1
R6,35,山口県,3501,岩国,2019,1
R6,35,山口県,3501,岩国,2020,1
R6,35,山口県,3501,岩国,2021,1
R6,35,山口県,3501,岩国,2022,1
R6,35,山口県,3501,岩国,2023,1
R6,35,山口県,3501,岩国,2024,1
R6,35,山口県,3502,柳井,2015,1
R6,35,山口県,3502,柳井,2018,1
R6,35,山口県,3502,柳井,2019,1
R6,35,山口県,3502,柳井,2020,1
R6,35,山口県,3502,柳井,2021,1
R6,35,山口県,3502,柳井,2022,1
R6,35,山口県,3502,柳井,2023,1
R6,35,山口県,3502,柳井,2024,1
R6,35,山口県,3503,周南,2015,1
R6,35,山口県,3503,周南,2018,1
R6,35,山口県,3503,周南,2019,1
R6,35,山口県,3503,周南,2020,1
R6,35,山口県,3503,周南,2021,1
R6,35,山口県,3503,周南,2022,1
R6,35,山口県,3503,周南,2023,1
R6,35,山口県,3503,周南,2024,1
R6,35,山口県,3504,山口・防府,2015,1
R6,35,山口県,3504,山口・防府,2018,1
R6,35,山口県,3504,山口・防府,2019,1
R6,35,山口県,3504,山口・防府,2020,1
R6,35,山口県,3504,山口・防府,2021,1
R6,35,山口県,3504,山口・防府,2022,1
R6,35,山口県,3504,山口・防府,2023,1
R6,35,山口県,3504,山口・防府,2024,1
R6,35,山口県,3505,宇部・小野田,2015,1
R6,35,山口県,3505,宇部・小野田,2018,1
R6,35,山口県,3505,宇部・小野田,2019,1
R6,35,山口県,3505,宇部・小野田,2020,1
R6,35,山口県,3505,宇部・小野田,2021,1
R6,35,山口県,3505,宇部・小野田,2022,1
R6,35,山口県,3505,宇部・小野田,2023,1
R6,35,山口県,3505,宇部・小野田,2024,1
R6,35,山口県,3506,下関,2015,0.9661016949152542
R6,35,山口県,3506,下関,2018,1
R6,35,山口県,3506,下関,2019,1
R6,35,山口県,3506,下関,2020,1
R6,35,山口県,3506,下関,2021,1
R6,35,山口県,3506,下関,2022,1
R6,35,山口県,3506,下関,2023,1
R6,35,山口県,3506,下関,2024,0.9772727272727273
R6,35,山口県,3507,長門,2015,1
R6,35,山口県,3507,長門,2018,1
R6,35,山口県,3507,長門,2019,1
R6,35,山口県,3507,長門,2020,1
R6,35,山口県,3507,長門,2021,1
R6,35,山口県,3507,長門,2022,1
R6,35,山口県,3507,長門,2023,1
R6,35,山口県,3507,長門,2024,1
R6,35,山口県,3508,萩,2015,1
R6,35,山口県,3508,萩,2018,1
R6,35,山口県,3508,萩,2019,1
R6,35,山口県,3508,萩,2020,1
R6,35,山口県,3508,萩,2021,1
R6,35,山口県,3508,萩,2022,1
R6,35,山口県,3508,萩,2023,1
R6,35,山口県,3508,萩,2024,1
R6,36,徳島県,3601,東部,2015,0.8851351351351351
R6,36,徳島県,3601,東部,2018,1
R6,36,徳島県,3601,東部,2019,1
R6,36,徳島県,3601,東部,2020,1
R6,36,徳島県,3601,東部,2021,0.952
R6,36,徳島県,3601,東部,2022,0.9754098360655737
R6,36,徳島県,3601,東部,2023,0.9833333333333333
R6,36,徳島県,3601,東部,2024,0.9911504424778761
R6,36,徳島県,3603,南部,2015,1
R6,36,徳島県,3603,南部,2018,1
R6,36,徳島県,3603,南部,2019,1
R6,36,徳島県,3603,南部,2020,1
R6,36,徳島県,3603,南部,2021,0.9545454545454546
R6,36,徳島県,3603,南部,2022,1
R6,36,徳島県,3603,南部,2023,1
R6,36,徳島県,3603,南部,2024,1
R6,36,徳島県,3605,西部,2015,0.9655172413793104
R6,36,徳島県,3605,西部,2018,1
R6,36,徳島県,3605,西部,2019,1
R6,36,徳島県,3605,西部,2020,1
R6,36,徳島県,3605,西部,2021,1
R6,36,徳島県,3605,西部,2022,0.9523809523809523
R6,36,徳島県,3605,西部,2023,1
R6,36,徳島県,3605,西部,2024,1
R6,37,香川県,3702,小豆,2015,1
R6,37,香川県,3702,小豆,2018,1
R6,37,香川県,3702,小豆,2019,1
R6,37,香川県,3702,小豆,2020,1
R6,37,香川県,3702,小豆,2021,1
R6,37,香川県,3702,小豆,2022,1
R6,37,香川県,3702,小豆,2023,1
R6,37,香川県,3702,小豆,2024,1
R6,37,香川県,3706,東部,2015,0.9626168224299065
R6,37,香川県,3706,東部,2018,0.978494623655914
R6,37,香川県,3706,東部,2019,0.978021978021978
R6,37,香川県,3706,東部,2020,0.9888888888888889
R6,37,香川県,3706,東部,2021,0.9777777777777777
R6,37,香川県,3706,東部,2022,0.9772727272727273
R6,37,香川県,3706,東部,2023,1
R6,37,香川県,3706,東部,2024,0.9764705882352941
R6,37,香川県,3707,西部,2015,0.972972972972973
R6,37,香川県,3707,西部,2018,0.9714285714285714
R6,37,香川県,3707,西部,2019,0.9855072463768116
R6,37,香川県,3707,西部,2020,0.9696969696969697
R6,37,香川県,3707,西部,2021,0.9545454545454546
R6,37,香川県,3707,西部,2022,0.9692307692307692
R6,37,香川県,3707,西部,2023,0.953125
R6,37,香川県,3707,西部,2024,0.984375
R6,38,愛媛県,3801,宇摩,2015,1
R6,38,愛媛県,3801,宇摩,2018,1
R6,38,愛媛県,3801,宇摩,2019,1
R6,38,愛媛県,3801,宇摩,2020,1
R6,38,愛媛県,3801,宇摩,2021,1
R6,38,愛媛県,3801,宇摩,2022,1
R6,38,愛媛県,3801,宇摩,2023,1
R6,38,愛媛県,3801,宇摩,2024,1
R6,38,愛媛県,3802,新居浜・西条,2015,0.9714285714285714
R6,38,愛媛県,3802,新居浜・西条,2018,1
R6,38,愛媛県,3802,新居浜・西条,2019,0.967741935483871
R6,38,愛媛県,3802,新居浜・西条,2020,0.967741935483871
R6,38,愛媛県,3802,新居浜・西条,2021,0.967741935483871
R6,38,愛媛県,3802,新居浜・西条,2022,1
R6,38,愛媛県,3802,新居浜・西条,2023,1
R6,38,愛媛県,3802,新居浜・西条,2024,1
R6,38,愛媛県,3803,今治,2015,1
R6,38,愛媛県,3803,今治,2018,0.9791666666666666
R6,38,愛媛県,3803,今治,2019,1
R6,38,愛媛県,3803,今治,2020,0.9777777777777777
R6,38,愛媛県,3803,今治,2021,0.9767441860465116
R6,38,愛媛県,3803,今治,2022,0.9318181818181818
R6,38,愛媛県,3803,今治,2023,1
R6,38,愛媛県,3803,今治,2024,1
R6,38,愛媛県,3804,松山,2015,0.9791666666666666
R6,38,愛媛県,3804,松山,2018,0.9710144927536232
R6,38,愛媛県,3804,松山,2019,0.984251968503937
R6,38,愛媛県,3804,松山,2020,0.968
R6,38,愛媛県,3804,松山,2021,0.9833333333333333
R6,38,愛媛県,3804,松山,2022,0.9658119658119658
R6,38,愛媛県,3804,松山,2023,0.9823008849557522
R6,38,愛媛県,3804,松山,2024,0.9724770642201835
R6,38,愛媛県,3805,八幡浜・大洲,2015,1
R6,38,愛媛県,3805,八幡浜・大洲,2018,1
R6,38,愛媛県,3805,八幡浜・大洲,2019,1
R6,38,愛媛県,3805,八幡浜・大洲,2020,1
R6,38,愛媛県,3805,八幡浜・大洲,2021,1
R6,38,愛媛県,3805,八幡浜・大洲,2022,1
R6,38,愛媛県,3805,八幡浜・大洲,2023,1
R6,38,愛媛県,3805,八幡浜・大洲,2024,1
R6,38,愛媛県,3806,宇和島,2015,1
R6,38,愛媛県,3806,宇和島,2018,1
R6,38,愛媛県,3806,宇和島,2019,1
R6,38,愛媛県,3806,宇和島,2020,1
R6,38,愛媛県,3806,宇和島,2021,1
R6,38,愛媛県,3806,宇和島,2022,1
R6,38,愛媛県,3806,宇和島,2023,1
R6,38,愛媛県,3806,宇和島,2024,1
R6,39,高知県,3901,安芸,2015,0.9090909090909091
R6,39,高知県,3901,安芸,2018,0.8
R6,39,高知県,3901,安芸,2019,1
R6,39,高知県,3901,安芸,2020,1
R6,39,高知県,3901,安芸,2021,1
R6,39,高知県,3901,安芸,2022,1
R6,39,高知県,3901,安芸,2023,1
R6,39,高知県,3901,安芸,2024,1
R6,39,高知県,3902,中央,2015,0.9662162162162162
R6,39,高知県,3902,中央,2018,0.9797297297297297
R6,39,高知県,3902,中央,2019,1
R6,39,高知県,3902,中央,2020,1
R6,39,高知県,3902,中央,2021,1
R6,39,高知県,3902,中央,2022,1
R6,39,高知県,3902,中央,2023,1
R6,39,高知県,3902,中央,2024,1
R6,39,高知県,3903,高幡,2015,1
R6,39,高知県,3903,高幡,2018,1
R6,39,高知県,3903,高幡,2019,1
R6,39,高知県,3903,高幡,2020,1
R6,39,高知県,3903,高幡,2021,1
R6,39,高知県,3903,高幡,2022,1
R6,39,高知県,3903,高幡,2023,1
R6,39,高知県,3903,高幡,2024,1
R6,39,高知県,3904,幡多,2015,0.8846153846153846
R6,39,高知県,3904,幡多,2018,0.9565217391304348
R6,39,高知県,3904,幡多,2019,1
R6,39,高知県,3904,幡多,2020,1
R6,39,高知県,3904,幡多,2021,1
R6,39,高知県,3904,幡多,2022,1
R6,39,高知県,3904,幡多,2023,1
R6,39,高知県,3904,幡多,2024,1
R6,40,福岡県,4001,福岡・糸島,2015,0.9695817490494296
R6,40,福岡県,4001,福岡・糸島,2018,0.9245283018867925
R6,40,福岡県,4001,福岡・糸島,2019,0.9682539682539683
R6,40,福岡県,4001,福岡・糸島,2020,0.9183673469387755
R6,40,福岡県,4001,福岡・糸島,2021,0.9506172839506173
R6,40,福岡県,4001,福岡・糸島,2022,0.9367088607594937
R6,40,福岡県,4001,福岡・糸島,2023,1
R6,40,福岡県,4001,福岡・糸島,2024,0.9565217391304348
R6,40,福岡県,4002,粕屋,2015,1
R6,40,福岡県,4002,粕屋,2018,0.975609756097561
R6,40,福岡県,4002,粕屋,2019,0.9761904761904762
R6,40,福岡県,4002,粕屋,2020,0.9523809523809523
R6,40,福岡県,4002,粕屋,2021,0.975609756097561
R6,40,福岡県,4002,粕屋,2022,0.9512195121951219
R6,40,福岡県,4002,粕屋,2023,1
R6,40,福岡県,4002,粕屋,2024,0.95
R6,40,福岡県,4003,宗像,2015,0.9655172413793104
R6,40,福岡県,4003,宗像,2018,0.9310344827586207
R6,40,福岡県,4003,宗像,2019,0.9642857142857143
R6,40,福岡県,4003,宗像,2020,1
R6,40,福岡県,4003,宗像,2021,0.9629629629629629
R6,40,福岡県,4003,宗像,2022,1
R6,40,福岡県,4003,宗像,2023,1
R6,40,福岡県,4003,宗像,2024,0.9545454545454546
R6,40,福岡県,4004,筑紫,2015,0.9298245614035088
R6,40,福岡県,4004,筑紫,2018,0.8947368421052632
R6,40,福岡県,4004,筑紫,2019,0.9807692307692307
R6,40,福岡県,4004,筑紫,2020,0.9230769230769231
R6,40,福岡県,4004,筑紫,2021,0.9807692307692307
R6,40,福岡県,4004,筑紫,2022,1
R6,40,福岡県,4004,筑紫,2023,1
R6,40,福岡県,4004,筑紫,2024,0.9791666666666666
R6,40,福岡県,4005,朝倉,2015,1
R6,40,福岡県,4005,朝倉,2018,1
R6,40,福岡県,4005,朝倉,2019,1
R6,40,福岡県,4005,朝倉,2020,1
R6,40,福岡県,4005,朝倉,2021,1
R6,40,福岡県,4005,朝倉,2022,1
R6,40,福岡県,4005,朝倉,2023,1
R6,40,福岡県,4005,朝倉,2024,1
R6,40,福岡県,4006,久留米,2015,0.9565217391304348
R6,40,福岡県,4006,久留米,2018,0.956140350877193
R6,40,福岡県,4006,久留米,2019,0.9724770642201835
R6,40,福岡県,4006,久留米,2020,0.8317757009345794
R6,40,福岡県,4006,久留米,2021,0.9320388349514563
R6,40,福岡県,4006,久留米,2022,0.9270833333333334
R6,40,福岡県,4006,久留米,2023,1
R6,40,福岡県,4006,久留米,2024,0.9565217391304348
R6,40,福岡県,4007,八女・筑後,2015,0.9166666666666666
R6,40,福岡県,4007,八女・筑後,2018,1
R6,40,福岡県,4007,八女・筑後,2019,1
R6,40,福岡県,4007,八女・筑後,2020,1
R6,40,福岡県,4007,八女・筑後,2021,1
R6,40,福岡県,4007,八女・筑後,2022,1
R6,40,福岡県,4007,八女・筑後,2023,1
R6,40,福岡県,4007,八女・筑後,2024,1
R6,40,福岡県,4008,有明,2015,0.984375
R6,40,福岡県,4008,有明,2018,0.9836065573770492
R6,40,福岡県,4008,有明,2019,0.9830508474576272
R6,40,福岡県,4008,有明,2020,0.9473684210526315
R6,40,福岡県,4008,有明,2021,0.9473684210526315
R6,40,福岡県,4008,有明,2022,0.9629629629629629
R6,40,福岡県,4008,有明,2023,1
R6,40,福岡県,4008,有明,2024,0.94
R6,40,福岡県,4009,飯塚,2015,0.9574468085106383
R6,40,福岡県,4009,飯塚,2018,1
R6,40,福岡県,4009,飯塚,2019,1
R6,40,福岡県,4009,飯塚,2020,0.8918918918918919
R6,40,福岡県,4009,飯塚,2021,0.918918918918919
R6,40,福岡県,4009,飯塚,2022,0.9705882352941176
R6,40,福岡県,4009,飯塚,2023,1
R6,40,福岡県,4009,飯塚,2024,0.9411764705882353
R6,40,福岡県,4010,直方・鞍手,2015,0.9473684210526315
R6,40,福岡県,4010,直方・鞍手,2018,0.9444444444444444
R6,40,福岡県,4010,直方・鞍手,2019,1
R6,40,福岡県,4010,直方・鞍手,2020,0.9411764705882353
R6,40,福岡県,4010,直方・鞍手,2021,1
R6,40,福岡県,4010,直方・鞍手,2022,1
R6,40,福岡県,4010,直方・鞍手,2023,1
R6,40,福岡県,4010,直方・鞍手,2024,1
R6,40,福岡県,4011,田川,2015,0.9354838709677419
R6,40,福岡県,4011,田川,2018,1
R6,40,福岡県,4011,田川,2019,1
R6,40,福岡県,4011,田川,2020,0.9032258064516129
R6,40,福岡県,4011,田川,2021,1
R6,40,福岡県,4011,田川,2022,1
R6,40,福岡県,4011,田川,2023,1
R6,40,福岡県,4011,田川,2024,1
R6,40,福岡県,4012,北九州,2015,0.9656862745098039
R6,40,福岡県,4012,北九州,2018,0.9435897435897436
R6,40,福岡県,4012,北九州,2019,0.9675675675675676
R6,40,福岡県,4012,北九州,2020,0.9392265193370166
R6,40,福岡県,4012,北九州,2021,0.9710982658959537
R6,40,福岡県,4012,北九州,2022,0.9705882352941176
R6,40,福岡県,4012,北九州,2023,1
R6,40,福岡県,4012,北九州,2024,0.9634146341463414
R6,40,福岡県,4013,京築,2015,0.96875
R6,40,福岡県,4013,京築,2018,0.9333333333333333
R6,40,福岡県,4013,京築,2019,0.9655172413793104
R6,40,福岡県,4013,京築,2020,0.9285714285714286
R6,40,福岡県,4013,京築,2021,0.9642857142857143
R6,40,福岡県,4013,京築,2022,0.9615384615384616
R6,40,福岡県,4013,京築,2023,0.9615384615384616
R6,40,福岡県,4013,京築,2024,0.9583333333333334
R6,41,佐賀県,4101,中部,2015,0.9270833333333334
R6,41,佐賀県,4101,中部,2018,0.945054945054945
R6,41,佐賀県,4101,中部,2019,0.9550561797752809
R6,41,佐賀県,4101,中部,2020,0.9659090909090909
R6,41,佐賀県,4101,中部,2021,0.9285714285714286
R6,41,佐賀県,4101,中部,2022,0.9761904761904762
R6,41,佐賀県,4101,中部,2023,1
R6,41,佐賀県,4101,中部,2024,1
R6,41,佐賀県,4102,東部,2015,0.7931034482758621
R6,41,佐賀県,4102,東部,2018,0.9333333333333333
R6,41,佐賀県,4102,東部,2019,0.9259259259259259
R6,41,佐賀県,4102,東部,2020,0.9629629629629629
R6,41,佐賀県,4102,東部,2021,0.8846153846153846
R6,41,佐賀県,4102,東部,2022,0.875
R6,41,佐賀県,4102,東部,2023,1
R6,41,佐賀県,4102,東部,2024,0.9523809523809523
R6,41,佐賀県,4103,北部,2015,0.9166666666666666
R6,41,佐賀県,4103,北部,2018,0.9459459459459459
R6,41,佐賀県,4103,北部,2019,0.9428571428571428
R6,41,佐賀県,4103,北部,2020,0.9411764705882353
R6,41,佐賀県,4103,北部,2021,0.8823529411764706
R6,41,佐賀県,4103,北部,2022,0.96875
R6,41,佐賀県,4103,北部,2023,1
R6,41,佐賀県,4103,北部,2024,1
R6,41,佐賀県,4104,西部,2015,0.92
R6,41,佐賀県,4104,西部,2018,0.92
R6,41,佐賀県,4104,西部,2019,0.9565217391304348
R6,41,佐賀県,4104,西部,2020,0.9090909090909091
R6,41,佐賀県,4104,西部,2021,1
R6,41,佐賀県,4104,西部,2022,0.9473684210526315
R6,41,佐賀県,4104,西部,2023,1
R6,41,佐賀県,4104,西部,2024,1
R6,41,佐賀県,4105,南部,2015,0.9672131147540983
R6,41,佐賀県,4105,南部,2018,0.9827586206896551
R6,41,佐賀県,4105,南部,2019,0.9824561403508771
R6,41,佐賀県,4105,南部,2020,0.9473684210526315
R6,41,佐賀県,4105,南部,2021,0.9636363636363636
R6,41,佐賀県,4105,南部,2022,1
R6,41,佐賀県,4105,南部,2023,1
R6,41,佐賀県,4105,南部,2024,1
R6,42,長崎県,4201,長崎,2015,0.946969696969697
R6,42,長崎県,4201,長崎,2018,1
R6,42,長崎県,4201,長崎,2019,1
R6,42,長崎県,4201,長崎,2020,0.9911504424778761
R6,42,長崎県,4201,長崎,2021,1
R6,42,長崎県,4201,長崎,2022,1
R6,42,長崎県,4201,長崎,2023,1
R6,42,長崎県,4201,長崎,2024,1
R6,42,長崎県,4202,佐世保県北,2015,0.967741935483871
R6,42,長崎県,4202,佐世保県北,2018,0.9882352941176471
R6,42,長崎県,4202,佐世保県北,2019,1
R6,42,長崎県,4202,佐世保県北,2020,1
R6,42,長崎県,4202,佐世保県北,2021,1
R6,42,長崎県,4202,佐世保県北,2022,1
R6,42,長崎県,4202,佐世保県北,2023,1
R6,42,長崎県,4202,佐世保県北,2024,1
R6,42,長崎県,4203,県央,2015,0.9302325581395349
R6,42,長崎県,4203,県央,2018,1
R6,42,長崎県,4203,県央,2019,1
R6,42,長崎県,4203,県央,2020,1
R6,42,長崎県,4203,県央,2021,1
R6,42,長崎県,4203,県央,2022,1
R6,42,長崎県,4203,県央,2023,1
R6,42,長崎県,4203,県央,2024,1
R6,42,長崎県,4204,県南,2015,0.9615384615384616
R6,42,長崎県,4204,県南,2018,1
R6,42,長崎県,4204,県南,2019,1
R6,42,長崎県,4204,県南,2020,1
R6,42,長崎県,4204,県南,2021,1
R6,42,長崎県,4204,県南,2022,1
R6,42,長崎県,4204,県南,2023,1
R6,42,長崎県,4204,県南,2024,1
R6,42,長崎県,4206,五島,2015,0.9285714285714286
R6,42,長崎県,4206,五島,2018,1
R6,42,長崎県,4206,五島,2019,1
R6,42,長崎県,4206,五島,2020,1
R6,42,長崎県,4206,五島,2021,1
R6,42,長崎県,4206,五島,2022,1
R6,42,長崎県,4206,五島,2023,1
R6,42,長崎県,4206,五島,2024,1
R6,42,長崎県,4207,上五島,2015,1
R6,42,長崎県,4207,上五島,2018,1
R6,42,長崎県,4207,上五島,2019,1
R6,42,長崎県,4207,上五島,2020,1
R6,42,長崎県,4207,上五島,2021,1
R6,42,長崎県,4207,上五島,2022,1
R6,42,長崎県,4207,上五島,2023,1
R6,42,長崎県,4207,上五島,2024,1
R6,42,長崎県,4208,壱岐,2015,1
R6,42,長崎県,4208,壱岐,2018,1
R6,42,長崎県,4208,壱岐,2019,1
R6,42,長崎県,4208,壱岐,2020,1
R6,42,長崎県,4208,壱岐,2021,1
R6,42,長崎県,4208,壱岐,2022,1
R6,42,長崎県,4208,壱岐,2023,1
R6,42,長崎県,4208,壱岐,2024,1
R6,42,長崎県,4209,対馬,2015,1
R6,42,長崎県,4209,対馬,2018,1
R6,42,長崎県,4209,対馬,2019,1
R6,42,長崎県,4209,対馬,2020,1
R6,42,長崎県,4209,対馬,2021,1
R6,42,長崎県,4209,対馬,2022,1
R6,42,長崎県,4209,対馬,2023,1
R6,42,長崎県,4209,対馬,2024,1
R6,43,熊本県,4302,宇城,2015,1
R6,43,熊本県,4302,宇城,2018,1
R6,43,熊本県,4302,宇城,2019,1
R6,43,熊本県,4302,宇城,2020,1
R6,43,熊本県,4302,宇城,2021,1
R6,43,熊本県,4302,宇城,2022,1
R6,43,熊本県,4302,宇城,2023,1
R6,43,熊本県,4302,宇城,2024,1
R6,43,熊本県,4303,有明,2015,0.9512195121951219
R6,43,熊本県,4303,有明,2018,1
R6,43,熊本県,4303,有明,2019,1
R6,43,熊本県,4303,有明,2020,0.918918918918919
R6,43,熊本県,4303,有明,2021,1
R6,43,熊本県,4303,有明,2022,1
R6,43,熊本県,4303,有明,2023,1
R6,43,熊本県,4303,有明,2024,1
R6,43,熊本県,4304,鹿本,2015,1
R6,43,熊本県,4304,鹿本,2018,1
R6,43,熊本県,4304,鹿本,2019,1
R6,43,熊本県,4304,鹿本,2020,1
R6,43,熊本県,4304,鹿本,2021,1
R6,43,熊本県,4304,鹿本,2022,1
R6,43,熊本県,4304,鹿本,2023,1
R6,43,熊本県,4304,鹿本,2024,1
R6,43,熊本県,4305,菊池,2015,0.9696969696969697
R6,43,熊本県,4305,菊池,2018,1
R6,43,熊本県,4305,菊池,2019,1
R6,43,熊本県,4305,菊池,2020,0.9666666666666667
R6,43,熊本県,4305,菊池,2021,1
R6,43,熊本県,4305,菊池,2022,0.9642857142857143
R6,43,熊本県,4305,菊池,2023,1
R6,43,熊本県,4305,菊池,2024,1
R6,43,熊本県,4306,阿蘇,2015,1
R6,43,熊本県,4306,阿蘇,2018,1
R6,43,熊本県,4306,阿蘇,2019,1
R6,43,熊本県,4306,阿蘇,2020,1
R6,43,熊本県,4306,阿蘇,2021,1
R6,43,熊本県,4306,阿蘇,2022,1
R6,43,熊本県,4306,阿蘇,2023,1
R6,43,熊本県,4306,阿蘇,2024,1
R6,43,熊本県,4308,八代,2015,0.9545454545454546
R6,43,熊本県,4308,八代,2018,1
R6,43,熊本県,4308,八代,2019,1
R6,43,熊本県,4308,八代,2020,0.9411764705882353
R6,43,熊本県,4308,八代,2021,1
R6,43,熊本県,4308,八代,2022,1
R6,43,熊本県,4308,八代,2023,1
R6,43,熊本県,4308,八代,2024,1
R6,43,熊本県,4309,芦北,2015,1
R6,43,熊本県,4309,芦北,2018,1
R6,43,熊本県,4309,芦北,2019,1
R6,43,熊本県,4309,芦北,2020,1
R6,43,熊本県,4309,芦北,2021,1
R6,43,熊本県,4309,芦北,2022,1
R6,43,熊本県,4309,芦北,2023,1
R6,43,熊本県,4309,芦北,2024,1
R6,43,熊本県,4310,球磨,2015,0.9310344827586207
R6,43,熊本県,4310,球磨,2018,1
R6,43,熊本県,4310,球磨,2019,1
R6,43,熊本県,4310,球磨,2020,0.92
R6,43,熊本県,4310,球磨,2021,1
R6,43,熊本県,4310,球磨,2022,1
R6,43,熊本県,4310,球磨,2023,1
R6,43,熊本県,4310,球磨,2024,1
R6,43,熊本県,4311,天草,2015,0.9387755102040817
R6,43,熊本県,4311,天草,2018,1
R6,43,熊本県,4311,天草,2019,1
R6,43,熊本県,4311,天草,2020,0.9024390243902439
R6,43,熊本県,4311,天草,2021,1
R6,43,熊本県,4311,天草,2022,1
R6,43,熊本県,4311,天草,2023,1
R6,43,熊本県,4311,天草,2024,1
R6,43,熊本県,4312,熊本・上益城,2015,0.9406392694063926
R6,43,熊本県,4312,熊本・上益城,2018,1
R6,43,熊本県,4312,熊本・上益城,2019,0.9903846153846154
R6,43,熊本県,4312,熊本・上益城,2020,0.9466019417475728
R6,43,熊本県,4312,熊本・上益城,2021,0.9949494949494949
R6,43,熊本県,4312,熊本・上益城,2022,1
R6,43,熊本県,4312,熊本・上益城,2023,1
R6,43,熊本県,4312,熊本・上益城,2024,1
R6,44,大分県,4401,東部,2015,0.975
R6,44,大分県,4401,東部,2018,0.9367088607594937
R6,44,大分県,4401,東部,2019,0.9466666666666667
R6,44,大分県,4401,東部,2020,0.9444444444444444
R6,44,大分県,4401,東部,2021,0.9710144927536232
R6,44,大分県,4401,東部,2022,0.9558823529411765
R6,44,大分県,4401,東部,2023,1
R6,44,大分県,4401,東部,2024,1
R6,44,大分県,4403,中部,2015,0.9503105590062112
R6,44,大分県,4403,中部,2018,0.9683544303797469
R6,44,大分県,4403,中部,2019,0.9741935483870968
R6,44,大分県,4403,中部,2020,0.9935483870967742
R6,44,大分県,4403,中部,2021,0.9935897435897436
R6,44,大分県,4403,中部,2022,0.9933774834437086
R6,44,大分県,4403,中部,2023,1
R6,44,大分県,4403,中部,2024,0.9931506849315068
R6,44,大分県,4405,南部,2015,1
R6,44,大分県,4405,南部,2018,1
R6,44,大分県,4405,南部,2019,1
R6,44,大分県,4405,南部,2020,1
R6,44,大分県,4405,南部,2021,1
R6,44,大分県,4405,南部,2022,1
R6,44,大分県,4405,南部,2023,0.9411764705882353
R6,44,大分県,4405,南部,2024,0.9375
R6,44,大分県,4406,豊肥,2015,0.9473684210526315
R6,44,大分県,4406,豊肥,2018,1
R6,44,大分県,4406,豊肥,2019,0.8823529411764706
R6,44,大分県,4406,豊肥,2020,1
R6,44,大分県,4406,豊肥,2021,1
R6,44,大分県,4406,豊肥,2022,1
R6,44,大分県,4406,豊肥,2023,1
R6,44,大分県,4406,豊肥,2024,1
R6,44,大分県,4408,西部,2015,0.975609756097561
R6,44,大分県,4408,西部,2018,0.9736842105263158
R6,44,大分県,4408,西部,2019,0.9459459459459459
R6,44,大分県,4408,西部,2020,1
R6,44,大分県,4408,西部,2021,0.9714285714285714
R6,44,大分県,4408,西部,2022,1
R6,44,大分県,4408,西部,2023,1
R6,44,大分県,4408,西部,2024,1
R6,44,大分県,4409,北部,2015,0.9811320754716981
R6,44,大分県,4409,北部,2018,0.9615384615384616
R6,44,大分県,4409,北部,2019,0.9215686274509803
R6,44,大分県,4409,北部,2020,0.96
R6,44,大分県,4409,北部,2021,0.9583333333333334
R6,44,大分県,4409,北部,2022,0.9787234042553191
R6,44,大分県,4409,北部,2023,0.9787234042553191
R6,44,大分県,4409,北部,2024,0.9777777777777777
R6,45,宮崎県,4501,宮崎東諸県,2015,1
R6,45,宮崎県,4501,宮崎東諸県,2018,0.9680851063829787
R6,45,宮崎県,4501,宮崎東諸県,2019,0.8913043478260869
R6,45,宮崎県,4501,宮崎東諸県,2020,0.9213483146067416
R6,45,宮崎県,4501,宮崎東諸県,2021,0.9759036144578314
R6,45,宮崎県,4501,宮崎東諸県,2022,0.9390243902439024
R6,45,宮崎県,4501,宮崎東諸県,2023,0.9878048780487805
R6,45,宮崎県,4501,宮崎東諸県,2024,0.9753086419753086
R6,45,宮崎県,4502,都城北諸県,2015,1
R6,45,宮崎県,4502,都城北諸県,2018,1
R6,45,宮崎県,4502,都城北諸県,2019,0.9682539682539683
R6,45,宮崎県,4502,都城北諸県,2020,0.9836065573770492
R6,45,宮崎県,4502,都城北諸県,2021,0.9836065573770492
R6,45,宮崎県,4502,都城北諸県,2022,0.9833333333333333
R6,45,宮崎県,4502,都城北諸県,2023,0.9642857142857143
R6,45,宮崎県,4502,都城北諸県,2024,0.9629629629629629
R6,45,宮崎県,4503,延岡西臼杵,2015,0.9696969696969697
R6,45,宮崎県,4503,延岡西臼杵,2018,1
R6,45,宮崎県,4503,延岡西臼杵,2019,1
R6,45,宮崎県,4503,延岡西臼杵,2020,0.9655172413793104
R6,45,宮崎県,4503,延岡西臼杵,2021,1
R6,45,宮崎県,4503,延岡西臼杵,2022,1
R6,45,宮崎県,4503,延岡西臼杵,2023,1
R6,45,宮崎県,4503,延岡西臼杵,2024,1
R6,45,宮崎県,4504,日南串間,2015,0.9
R6,45,宮崎県,4504,日南串間,2018,1
R6,45,宮崎県,4504,日南串間,2019,0.7647058823529411
R6,45,宮崎県,4504,日南串間,2020,0.8823529411764706
R6,45,宮崎県,4504,日南串間,2021,1
R6,45,宮崎県,4504,日南串間,2022,0.9333333333333333
R6,45,宮崎県,4504,日南串間,2023,0.9285714285714286
R6,45,宮崎県,4504,日南串間,2024,1
R6,45,宮崎県,4505,西諸,2015,1
R6,45,宮崎県,4505,西諸,2018,1
R6,45,宮崎県,4505,西諸,2019,1
R6,45,宮崎県,4505,西諸,2020,1
R6,45,宮崎県,4505,西諸,2021,1
R6,45,宮崎県,4505,西諸,2022,1
R6,45,宮崎県,4505,西諸,2023,1
R6,45,宮崎県,4505,西諸,2024,0.9090909090909091
R6,45,宮崎県,4506,西都児湯,2015,1
R6,45,宮崎県,4506,西都児湯,2018,1
R6,45,宮崎県,4506,西都児湯,2019,1
R6,45,宮崎県,4506,西都児湯,2020,1
R6,45,宮崎県,4506,西都児湯,2021,1
R6,45,宮崎県,4506,西都児湯,2022,1
R6,45,宮崎県,4506,西都児湯,2023,0.9375
R6,45,宮崎県,4506,西都児湯,2024,0.9375
R6,45,宮崎県,4507,日向入郷,2015,1
R6,45,宮崎県,4507,日向入郷,2018,1
R6,45,宮崎県,4507,日向入郷,2019,0.95
R6,45,宮崎県,4507,日向入郷,2020,1
R6,45,宮崎県,4507,日向入郷,2021,1
R6,45,宮崎県,4507,日向入郷,2022,0.9473684210526315
R6,45,宮崎県,4507,日向入郷,2023,0.9473684210526315
R6,45,宮崎県,4507,日向入郷,2024,0.8421052631578947
R6,46,鹿児島県,4601,鹿児島,2015,0.9026548672566371
R6,46,鹿児島県,4601,鹿児島,2018,0.9722222222222222
R6,46,鹿児島県,4601,鹿児島,2019,0.9666666666666667
R6,46,鹿児島県,4601,鹿児島,2020,0.9615384615384616
R6,46,鹿児島県,4601,鹿児島,2021,0.985
R6,46,鹿児島県,4601,鹿児島,2022,0.9484536082474226
R6,46,鹿児島県,4601,鹿児島,2023,1
R6,46,鹿児島県,4601,鹿児島,2024,1
R6,46,鹿児島県,4603,南薩,2015,0.9833333333333333
R6,46,鹿児島県,4603,南薩,2018,1
R6,46,鹿児島県,4603,南薩,2019,1
R6,46,鹿児島県,4603,南薩,2020,1
R6,46,鹿児島県,4603,南薩,2021,0.9615384615384616
R6,46,鹿児島県,4603,南薩,2022,0.9615384615384616
R6,46,鹿児島県,4603,南薩,2023,0.9795918367346939
R6,46,鹿児島県,4603,南薩,2024,1
R6,46,鹿児島県,4605,川薩,2015,0.975609756097561
R6,46,鹿児島県,4605,川薩,2018,1
R6,46,鹿児島県,4605,川薩,2019,0.9714285714285714
R6,46,鹿児島県,4605,川薩,2020,0.9428571428571428
R6,46,鹿児島県,4605,川薩,2021,0.9705882352941176
R6,46,鹿児島県,4605,川薩,2022,0.9393939393939394
R6,46,鹿児島県,4605,川薩,2023,1
R6,46,鹿児島県,4605,川薩,2024,1
R6,46,鹿児島県,4606,出水,2015,0.9545454545454546
R6,46,鹿児島県,4606,出水,2018,1
R6,46,鹿児島県,4606,出水,2019,1
R6,46,鹿児島県,4606,出水,2020,0.95
R6,46,鹿児島県,4606,出水,2021,1
R6,46,鹿児島県,4606,出水,2022,1
R6,46,鹿児島県,4606,出水,2023,1
R6,46,鹿児島県,4606,出水,2024,1
R6,46,鹿児島県,4607,姶良・伊佐,2015,0.9876543209876543
R6,46,鹿児島県,4607,姶良・伊佐,2018,0.975609756097561
R6,46,鹿児島県,4607,姶良・伊佐,2019,1
R6,46,鹿児島県,4607,姶良・伊佐,2020,1
R6,46,鹿児島県,4607,姶良・伊佐,2021,0.9605263157894737
R6,46,鹿児島県,4607,姶良・伊佐,2022,0.9466666666666667
R6,46,鹿児島県,4607,姶良・伊佐,2023,1
R6,46,鹿児島県,4607,姶良・伊佐,2024,1
R6,46,鹿児島県,4609,曽於,2015,0.8823529411764706
R6,46,鹿児島県,4609,曽於,2018,1
R6,46,鹿児島県,4609,曽於,2019,1
R6,46,鹿児島県,4609,曽於,2020,1
R6,46,鹿児島県,4609,曽於,2021,1
R6,46,鹿児島県,4609,曽於,2022,0.875
R6,46,鹿児島県,4609,曽於,2023,1
R6,46,鹿児島県,4609,曽於,2024,1
R6,46,鹿児島県,4610,肝属,2015,0.9636363636363636
R6,46,鹿児島県,4610,肝属,2018,0.9787234042553191
R6,46,鹿児島県,4610,肝属,2019,0.9782608695652174
R6,46,鹿児島県,4610,肝属,2020,1
R6,46,鹿児島県,4610,肝属,2021,0.9772727272727273
R6,46,鹿児島県,4610,肝属,2022,0.926829268292683
R6,46,鹿児島県,4610,肝属,2023,1
R6,46,鹿児島県,4610,肝属,2024,1
R6,46,鹿児島県,4611,熊毛,2015,1
R6,46,鹿児島県,4611,熊毛,2018,1
R6,46,鹿児島県,4611,熊毛,2019,1
R6,46,鹿児島県,4611,熊毛,2020,0.8571428571428571
R6,46,鹿児島県,4611,熊毛,2021,1
R6,46,鹿児島県,4611,熊毛,2022,0.8333333333333334
R6,46,鹿児島県,4611,熊毛,2023,1
R6,46,鹿児島県,4611,熊毛,2024,1
R6,46,鹿児島県,4612,奄美,2015,0.9375
R6,46,鹿児島県,4612,奄美,2018,1
R6,46,鹿児島県,4612,奄美,2019,1
R6,46,鹿児島県,4612,奄美,2020,0.9666666666666667
R6,46,鹿児島県,4612,奄美,2021,0.9310344827586207
R6,46,鹿児島県,4612,奄美,2022,0.9310344827586207
R6,46,鹿児島県,4612,奄美,2023,1
R6,46,鹿児島県,4612,奄美,2024,1
R6,47,沖縄県,4701,北部,2015,1
R6,47,沖縄県,4701,北部,2018,0.8461538461538461
R6,47,沖縄県,4701,北部,2019,0.8333333333333334
R6,47,沖縄県,4701,北部,2020,0.9
R6,47,沖縄県,4701,北部,2021,0.9090909090909091
R6,47,沖縄県,4701,北部,2022,0.8181818181818182
R6,47,沖縄県,4701,北部,2023,1
R6,47,沖縄県,4701,北部,2024,1
R6,47,沖縄県,4702,中部,2015,0.9069767441860465
R6,47,沖縄県,4702,中部,2018,0.8205128205128205
R6,47,沖縄県,4702,中部,2019,0.918918918918919
R6,47,沖縄県,4702,中部,2020,0.9459459459459459
R6,47,沖縄県,4702,中部,2021,0.9166666666666666
R6,47,沖縄県,4702,中部,2022,0.9411764705882353
R6,47,沖縄県,4702,中部,2023,1
R6,47,沖縄県,4702,中部,2024,0.8823529411764706
R6,47,沖縄県,4703,南部,2015,1
R6,47,沖縄県,4703,南部,2018,0.8271604938271605
R6,47,沖縄県,4703,南部,2019,0.8076923076923077
R6,47,沖縄県,4703,南部,2020,0.9210526315789473
R6,47,沖縄県,4703,南部,2021,0.9178082191780822
R6,47,沖縄県,4703,南部,2022,0.9027777777777778
R6,47,沖縄県,4703,南部,2023,0.9855072463768116
R6,47,沖縄県,4703,南部,2024,0.9545454545454546
R6,47,沖縄県,4704,宮古,2015,0.9285714285714286
R6,47,沖縄県,4704,宮古,2018,0.7272727272727273
R6,47,沖縄県,4704,宮古,2019,0.75
R6,47,沖縄県,4704,宮古,2020,1
R6,47,沖縄県,4704,宮古,2021,1
R6,47,沖縄県,4704,宮古,2022,1
R6,47,沖縄県,4704,宮古,2023,1
R6,47,沖縄県,4704,宮古,2024,0.9
R6,47,沖縄県,4705,八重山,2015,0.9
R6,47,沖縄県,4705,八重山,2018,0.5714285714285714
R6,47,沖縄県,4705,八重山,2019,0.8571428571428571
R6,47,沖縄県,4705,八重山,2020,0.8571428571428571
R6,47,沖縄県,4705,八重山,2021,1
R6,47,沖縄県,4705,八重山,2022,0.8333333333333334
R6,47,沖縄県,4705,八重山,2023,1
R6,47,沖縄県,4705,八重山,2024,1
