published_fy,pref_code,pref_name,area_code,area_name,demand_category,year,year_label,receipts_per_month
R7,01,北海道,0101,南渡島,在宅（訪問診療）,2024,2024年度,4382.75
R7,01,北海道,0101,南渡島,在宅（訪問診療）,2030,2030年度（現状投影）,4942.9620097568195
R7,01,北海道,0101,南渡島,在宅（訪問診療）,2035,2035年度（現状投影）,5250.030602910374
R7,01,北海道,0101,南渡島,在宅（訪問診療）,2040,2040年度（現状投影）,5464.6152508791565
R7,01,北海道,0101,南渡島,在宅（訪問診療）,2045,2045年度（現状投影）,5392.229594732477
R7,01,北海道,0101,南渡島,在宅（訪問診療）,2050,2050年度（現状投影）,5031.552805224026
R7,01,北海道,0101,南渡島,外来,2024,2024年度,261882.16666666657
R7,01,北海道,0101,南渡島,外来,2030,2030年度（現状投影）,244362.638055469
R7,01,北海道,0101,南渡島,外来,2035,2035年度（現状投影）,228282.19431806664
R7,01,北海道,0101,南渡島,外来,2040,2040年度（現状投影）,211020.4577459232
R7,01,北海道,0101,南渡島,外来,2045,2045年度（現状投影）,194145.09472945955
R7,01,北海道,0101,南渡島,外来,2050,2050年度（現状投影）,178549.25150559013
R7,01,北海道,0102,南檜山,在宅（訪問診療）,2024,2024年度,64.33333333333334
R7,01,北海道,0102,南檜山,在宅（訪問診療）,2030,2030年度（現状投影）,64.17087032624325
R7,01,北海道,0102,南檜山,在宅（訪問診療）,2035,2035年度（現状投影）,62.479319139287284
R7,01,北海道,0102,南檜山,在宅（訪問診療）,2040,2040年度（現状投影）,60.72153847777105
R7,01,北海道,0102,南檜山,在宅（訪問診療）,2045,2045年度（現状投影）,56.373095228662855
R7,01,北海道,0102,南檜山,在宅（訪問診療）,2050,2050年度（現状投影）,49.43484796390565
R7,01,北海道,0102,南檜山,外来,2024,2024年度,7586.499999999999
R7,01,北海道,0102,南檜山,外来,2030,2030年度（現状投影）,6741.695583695895
R7,01,北海道,0102,南檜山,外来,2035,2035年度（現状投影）,6031.954778769524
R7,01,北海道,0102,南檜山,外来,2040,2040年度（現状投影）,5330.13360328748
R7,01,北海道,0102,南檜山,外来,2045,2045年度（現状投影）,4652.725691812112
R7,01,北海道,0102,南檜山,外来,2050,2050年度（現状投影）,4035.7681156871345
R7,01,北海道,0103,北渡島檜山,在宅（訪問診療）,2024,2024年度,190.5
R7,01,北海道,0103,北渡島檜山,在宅（訪問診療）,2030,2030年度（現状投影）,187.83526956210846
R7,01,北海道,0103,北渡島檜山,在宅（訪問診療）,2035,2035年度（現状投影）,181.90737983141432
R7,01,北海道,0103,北渡島檜山,在宅（訪問診療）,2040,2040年度（現状投影）,176.57111473316485
R7,01,北海道,0103,北渡島檜山,在宅（訪問診療）,2045,2045年度（現状投影）,164.40462998054218
R7,01,北海道,0103,北渡島檜山,在宅（訪問診療）,2050,2050年度（現状投影）,146.3857936695357
R7,01,北海道,0103,北渡島檜山,外来,2024,2024年度,12130.166666666668
R7,01,北海道,0103,北渡島檜山,外来,2030,2030年度（現状投影）,11251.400863951736
R7,01,北海道,0103,北渡島檜山,外来,2035,2035年度（現状投影）,10286.741343906466
R7,01,北海道,0103,北渡島檜山,外来,2040,2040年度（現状投影）,9280.068313193478
R7,01,北海道,0103,北渡島檜山,外来,2045,2045年度（現状投影）,8263.473152798937
R7,01,北海道,0103,北渡島檜山,外来,2050,2050年度（現状投影）,7331.134599940234
R7,01,北海道,0104,札幌,在宅（訪問診療）,2024,2024年度,33569.25
R7,01,北海道,0104,札幌,在宅（訪問診療）,2030,2030年度（現状投影）,41604.54949033294
R7,01,北海道,0104,札幌,在宅（訪問診療）,2035,2035年度（現状投影）,47803.591749802574
R7,01,北海道,0104,札幌,在宅（訪問診療）,2040,2040年度（現状投影）,53569.638984984405
R7,01,北海道,0104,札幌,在宅（訪問診療）,2045,2045年度（現状投影）,56393.92445092516
R7,01,北海道,0104,札幌,在宅（訪問診療）,2050,2050年度（現状投影）,56442.074829234254
R7,01,北海道,0104,札幌,外来,2024,2024年度,1606339.0000000002
R7,01,北海道,0104,札幌,外来,2030,2030年度（現状投影）,1635030.760864629
R7,01,北海道,0104,札幌,外来,2035,2035年度（現状投影）,1626270.6900773903
R7,01,北海道,0104,札幌,外来,2040,2040年度（現状投影）,1599125.6374763083
R7,01,北海道,0104,札幌,外来,2045,2045年度（現状投影）,1561721.8392915823
R7,01,北海道,0104,札幌,外来,2050,2050年度（現状投影）,1523791.9581815032
R7,01,北海道,0105,後志,在宅（訪問診療）,2024,2024年度,1470.0833333333335
R7,01,北海道,0105,後志,在宅（訪問診療）,2030,2030年度（現状投影）,1589.5273958348089
R7,01,北海道,0105,後志,在宅（訪問診療）,2035,2035年度（現状投影）,1642.5296076224552
R7,01,北海道,0105,後志,在宅（訪問診療）,2040,2040年度（現状投影）,1673.195349624511
R7,01,北海道,0105,後志,在宅（訪問診療）,2045,2045年度（現状投影）,1617.0676901998909
R7,01,北海道,0105,後志,在宅（訪問診療）,2050,2050年度（現状投影）,1452.46277961105
R7,01,北海道,0105,後志,外来,2024,2024年度,119280.58333333334
R7,01,北海道,0105,後志,外来,2030,2030年度（現状投影）,108479.27434759721
R7,01,北海道,0105,後志,外来,2035,2035年度（現状投影）,99700.75440575287
R7,01,北海道,0105,後志,外来,2040,2040年度（現状投影）,90726.79852660112
R7,01,北海道,0105,後志,外来,2045,2045年度（現状投影）,82301.83473058426
R7,01,北海道,0105,後志,外来,2050,2050年度（現状投影）,74876.8983768355
R7,01,北海道,0106,南空知,在宅（訪問診療）,2024,2024年度,1304.8333333333335
R7,01,北海道,0106,南空知,在宅（訪問診療）,2030,2030年度（現状投影）,1408.421617136522
R7,01,北海道,0106,南空知,在宅（訪問診療）,2035,2035年度（現状投影）,1431.0760682931345
R7,01,北海道,0106,南空知,在宅（訪問診療）,2040,2040年度（現状投影）,1448.251377621724
R7,01,北海道,0106,南空知,在宅（訪問診療）,2045,2045年度（現状投影）,1422.602931336371
R7,01,北海道,0106,南空知,在宅（訪問診療）,2050,2050年度（現状投影）,1310.0640764712612
R7,01,北海道,0106,南空知,外来,2024,2024年度,88915.58333333331
R7,01,北海道,0106,南空知,外来,2030,2030年度（現状投影）,81686.27385116027
R7,01,北海道,0106,南空知,外来,2035,2035年度（現状投影）,74867.68762955566
R7,01,北海道,0106,南空知,外来,2040,2040年度（現状投影）,67956.76825905379
R7,01,北海道,0106,南空知,外来,2045,2045年度（現状投影）,61165.40004431603
R7,01,北海道,0106,南空知,外来,2050,2050年度（現状投影）,54979.00433138328
R7,01,北海道,0107,中空知,在宅（訪問診療）,2024,2024年度,472.33333333333326
R7,01,北海道,0107,中空知,在宅（訪問診療）,2030,2030年度（現状投影）,521.7765610911041
R7,01,北海道,0107,中空知,在宅（訪問診療）,2035,2035年度（現状投影）,532.4022335924037
R7,01,北海道,0107,中空知,在宅（訪問診療）,2040,2040年度（現状投影）,525.5048559934582
R7,01,北海道,0107,中空知,在宅（訪問診療）,2045,2045年度（現状投影）,513.7751690358263
R7,01,北海道,0107,中空知,在宅（訪問診療）,2050,2050年度（現状投影）,465.1218621563163
R7,01,北海道,0107,中空知,外来,2024,2024年度,54672.166666666664
R7,01,北海道,0107,中空知,外来,2030,2030年度（現状投影）,50091.85670768008
R7,01,北海道,0107,中空知,外来,2035,2035年度（現状投影）,45529.793886841464
R7,01,北海道,0107,中空知,外来,2040,2040年度（現状投影）,41144.92093071645
R7,01,北海道,0107,中空知,外来,2045,2045年度（現状投影）,37028.08893144982
R7,01,北海道,0107,中空知,外来,2050,2050年度（現状投影）,33384.557813047926
R7,01,北海道,0108,北空知,在宅（訪問診療）,2024,2024年度,101.66666666666667
R7,01,北海道,0108,北空知,在宅（訪問診療）,2030,2030年度（現状投影）,102.63228597266202
R7,01,北海道,0108,北空知,在宅（訪問診療）,2035,2035年度（現状投影）,100.87611831064477
R7,01,北海道,0108,北空知,在宅（訪問診療）,2040,2040年度（現状投影）,96.47169037685325
R7,01,北海道,0108,北空知,在宅（訪問診療）,2045,2045年度（現状投影）,88.10010983425849
R7,01,北海道,0108,北空知,在宅（訪問診療）,2050,2050年度（現状投影）,77.46331318600184
R7,01,北海道,0108,北空知,外来,2024,2024年度,15911.833333333332
R7,01,北海道,0108,北空知,外来,2030,2030年度（現状投影）,14049.482258611497
R7,01,北海道,0108,北空知,外来,2035,2035年度（現状投影）,12631.041031457453
R7,01,北海道,0108,北空知,外来,2040,2040年度（現状投影）,11268.395184103298
R7,01,北海道,0108,北空知,外来,2045,2045年度（現状投影）,9998.239387370573
R7,01,北海道,0108,北空知,外来,2050,2050年度（現状投影）,8869.358576049399
R7,01,北海道,0109,西胆振,在宅（訪問診療）,2024,2024年度,610.75
R7,01,北海道,0109,西胆振,在宅（訪問診療）,2030,2030年度（現状投影）,727.8769493500165
R7,01,北海道,0109,西胆振,在宅（訪問診療）,2035,2035年度（現状投影）,783.947602954446
R7,01,北海道,0109,西胆振,在宅（訪問診療）,2040,2040年度（現状投影）,820.6125587321719
R7,01,北海道,0109,西胆振,在宅（訪問診療）,2045,2045年度（現状投影）,813.55969748485
R7,01,北海道,0109,西胆振,在宅（訪問診療）,2050,2050年度（現状投影）,721.3344010695826
R7,01,北海道,0109,西胆振,外来,2024,2024年度,110316.83333333333
R7,01,北海道,0109,西胆振,外来,2030,2030年度（現状投影）,102148.52719902006
R7,01,北海道,0109,西胆振,外来,2035,2035年度（現状投影）,94061.74664791528
R7,01,北海道,0109,西胆振,外来,2040,2040年度（現状投影）,85917.16732834998
R7,01,北海道,0109,西胆振,外来,2045,2045年度（現状投影）,78529.9858846836
R7,01,北海道,0109,西胆振,外来,2050,2050年度（現状投影）,72177.50874370715
R7,01,北海道,0110,東胆振,在宅（訪問診療）,2024,2024年度,793.75
R7,01,北海道,0110,東胆振,在宅（訪問診療）,2030,2030年度（現状投影）,956.0191017753302
R7,01,北海道,0110,東胆振,在宅（訪問診療）,2035,2035年度（現状投影）,1072.5238733458075
R7,01,北海道,0110,東胆振,在宅（訪問診療）,2040,2040年度（現状投影）,1181.3512468185097
R7,01,北海道,0110,東胆振,在宅（訪問診療）,2045,2045年度（現状投影）,1216.3577162209542
R7,01,北海道,0110,東胆振,在宅（訪問診療）,2050,2050年度（現状投影）,1156.1245281258625
R7,01,北海道,0110,東胆振,外来,2024,2024年度,128305.9166666667
R7,01,北海道,0110,東胆振,外来,2030,2030年度（現状投影）,125697.7105710442
R7,01,北海道,0110,東胆振,外来,2035,2035年度（現状投影）,121345.19978114229
R7,01,北海道,0110,東胆振,外来,2040,2040年度（現状投影）,115863.778894561
R7,01,北海道,0110,東胆振,外来,2045,2045年度（現状投影）,110066.26896978612
R7,01,北海道,0110,東胆振,外来,2050,2050年度（現状投影）,104698.09220916567
R7,01,北海道,0111,日高,在宅（訪問診療）,2024,2024年度,668.9166666666666
R7,01,北海道,0111,日高,在宅（訪問診療）,2030,2030年度（現状投影）,729.4798996422213
R7,01,北海道,0111,日高,在宅（訪問診療）,2035,2035年度（現状投影）,750.5918067851021
R7,01,北海道,0111,日高,在宅（訪問診療）,2040,2040年度（現状投影）,768.5001719158923
R7,01,北海道,0111,日高,在宅（訪問診療）,2045,2045年度（現状投影）,755.7203291517644
R7,01,北海道,0111,日高,在宅（訪問診療）,2050,2050年度（現状投影）,692.1806872035379
R7,01,北海道,0111,日高,外来,2024,2024年度,27010.083333333332
R7,01,北海道,0111,日高,外来,2030,2030年度（現状投影）,24877.026363854
R7,01,北海道,0111,日高,外来,2035,2035年度（現状投影）,23022.70751174676
R7,01,北海道,0111,日高,外来,2040,2040年度（現状投影）,21095.970041845838
R7,01,北海道,0111,日高,外来,2045,2045年度（現状投影）,19167.44129533288
R7,01,北海道,0111,日高,外来,2050,2050年度（現状投影）,17347.252164735008
R7,01,北海道,0112,上川中部,在宅（訪問診療）,2024,2024年度,4305.666666666667
R7,01,北海道,0112,上川中部,在宅（訪問診療）,2030,2030年度（現状投影）,5049.453666911457
R7,01,北海道,0112,上川中部,在宅（訪問診療）,2035,2035年度（現状投影）,5520.562758544985
R7,01,北海道,0112,上川中部,在宅（訪問診療）,2040,2040年度（現状投影）,5902.854683966549
R7,01,北海道,0112,上川中部,在宅（訪問診療）,2045,2045年度（現状投影）,6004.000322463466
R7,01,北海道,0112,上川中部,在宅（訪問診療）,2050,2050年度（現状投影）,5744.726640623764
R7,01,北海道,0112,上川中部,外来,2024,2024年度,277288.33333333326
R7,01,北海道,0112,上川中部,外来,2030,2030年度（現状投影）,266106.1264999755
R7,01,北海道,0112,上川中部,外来,2035,2035年度（現状投影）,254616.32484983958
R7,01,北海道,0112,上川中部,外来,2040,2040年度（現状投影）,241886.2098491134
R7,01,北海道,0112,上川中部,外来,2045,2045年度（現状投影）,229054.29442364536
R7,01,北海道,0112,上川中部,外来,2050,2050年度（現状投影）,216996.3078323286
R7,01,北海道,0113,上川北部,在宅（訪問診療）,2024,2024年度,157.41666666666666
R7,01,北海道,0113,上川北部,在宅（訪問診療）,2030,2030年度（現状投影）,168.22560035199513
R7,01,北海道,0113,上川北部,在宅（訪問診療）,2035,2035年度（現状投影）,170.97069628923313
R7,01,北海道,0113,上川北部,在宅（訪問診療）,2040,2040年度（現状投影）,173.19631044760186
R7,01,北海道,0113,上川北部,在宅（訪問診療）,2045,2045年度（現状投影）,168.66783047042333
R7,01,北海道,0113,上川北部,在宅（訪問診療）,2050,2050年度（現状投影）,152.24835408917858
R7,01,北海道,0113,上川北部,外来,2024,2024年度,30780.91666666666
R7,01,北海道,0113,上川北部,外来,2030,2030年度（現状投影）,28245.20828204735
R7,01,北海道,0113,上川北部,外来,2035,2035年度（現状投影）,25806.440161532184
R7,01,北海道,0113,上川北部,外来,2040,2040年度（現状投影）,23501.624973472666
R7,01,北海道,0113,上川北部,外来,2045,2045年度（現状投影）,21326.02840555748
R7,01,北海道,0113,上川北部,外来,2050,2050年度（現状投影）,19339.464725174825
R7,01,北海道,0114,富良野,在宅（訪問診療）,2024,2024年度,135.66666666666666
R7,01,北海道,0114,富良野,在宅（訪問診療）,2030,2030年度（現状投影）,152.62501726229343
R7,01,北海道,0114,富良野,在宅（訪問診療）,2035,2035年度（現状投影）,160.99811192740077
R7,01,北海道,0114,富良野,在宅（訪問診療）,2040,2040年度（現状投影）,167.66853615143577
R7,01,北海道,0114,富良野,在宅（訪問診療）,2045,2045年度（現状投影）,170.58642130642014
R7,01,北海道,0114,富良野,在宅（訪問診療）,2050,2050年度（現状投影）,160.41675600781798
R7,01,北海道,0114,富良野,外来,2024,2024年度,18403.5
R7,01,北海道,0114,富良野,外来,2030,2030年度（現状投影）,16963.533319022274
R7,01,北海道,0114,富良野,外来,2035,2035年度（現状投影）,15834.484721568251
R7,01,北海道,0114,富良野,外来,2040,2040年度（現状投影）,14677.208223774702
R7,01,北海道,0114,富良野,外来,2045,2045年度（現状投影）,13523.871075871179
R7,01,北海道,0114,富良野,外来,2050,2050年度（現状投影）,12412.66147173016
R7,01,北海道,0115,留萌,在宅（訪問診療）,2024,2024年度,409.83333333333337
R7,01,北海道,0115,留萌,在宅（訪問診療）,2030,2030年度（現状投影）,431.0169040045518
R7,01,北海道,0115,留萌,在宅（訪問診療）,2035,2035年度（現状投影）,441.9458270466029
R7,01,北海道,0115,留萌,在宅（訪問診療）,2040,2040年度（現状投影）,439.6134423051649
R7,01,北海道,0115,留萌,在宅（訪問診療）,2045,2045年度（現状投影）,413.86888421105925
R7,01,北海道,0115,留萌,在宅（訪問診療）,2050,2050年度（現状投影）,361.74539255864534
R7,01,北海道,0115,留萌,外来,2024,2024年度,19872.583333333336
R7,01,北海道,0115,留萌,外来,2030,2030年度（現状投影）,17980.781857767008
R7,01,北海道,0115,留萌,外来,2035,2035年度（現状投影）,16191.262998367845
R7,01,北海道,0115,留萌,外来,2040,2040年度（現状投影）,14406.178823504039
R7,01,北海道,0115,留萌,外来,2045,2045年度（現状投影）,12679.098375857879
R7,01,北海道,0115,留萌,外来,2050,2050年度（現状投影）,11147.361232380983
R7,01,北海道,0116,宗谷,在宅（訪問診療）,2024,2024年度,187
R7,01,北海道,0116,宗谷,在宅（訪問診療）,2030,2030年度（現状投影）,210.12296965843558
R7,01,北海道,0116,宗谷,在宅（訪問診療）,2035,2035年度（現状投影）,219.28354132558331
R7,01,北海道,0116,宗谷,在宅（訪問診療）,2040,2040年度（現状投影）,225.38133681973315
R7,01,北海道,0116,宗谷,在宅（訪問診療）,2045,2045年度（現状投影）,218.9046325050176
R7,01,北海道,0116,宗谷,在宅（訪問診療）,2050,2050年度（現状投影）,200.93956591124612
R7,01,北海道,0116,宗谷,外来,2024,2024年度,26403.41666666667
R7,01,北海道,0116,宗谷,外来,2030,2030年度（現状投影）,24847.923134643315
R7,01,北海道,0116,宗谷,外来,2035,2035年度（現状投影）,22952.81176926068
R7,01,北海道,0116,宗谷,外来,2040,2040年度（現状投影）,20974.479433476154
R7,01,北海道,0116,宗谷,外来,2045,2045年度（現状投影）,18968.619722007556
R7,01,北海道,0116,宗谷,外来,2050,2050年度（現状投影）,17131.97429169503
R7,01,北海道,0117,北網,在宅（訪問診療）,2024,2024年度,1292.75
R7,01,北海道,0117,北網,在宅（訪問診療）,2030,2030年度（現状投影）,1520.0568588352444
R7,01,北海道,0117,北網,在宅（訪問診療）,2035,2035年度（現状投影）,1637.2316566518443
R7,01,北海道,0117,北網,在宅（訪問診療）,2040,2040年度（現状投影）,1767.1548603872882
R7,01,北海道,0117,北網,在宅（訪問診療）,2045,2045年度（現状投影）,1812.4107090688353
R7,01,北海道,0117,北網,在宅（訪問診療）,2050,2050年度（現状投影）,1704.0077096253908
R7,01,北海道,0117,北網,外来,2024,2024年度,127447.16666666666
R7,01,北海道,0117,北網,外来,2030,2030年度（現状投影）,121346.36309230996
R7,01,北海道,0117,北網,外来,2035,2035年度（現状投影）,114275.7999287816
R7,01,北海道,0117,北網,外来,2040,2040年度（現状投影）,106524.23099522373
R7,01,北海道,0117,北網,外来,2045,2045年度（現状投影）,98394.71189182113
R7,01,北海道,0117,北網,外来,2050,2050年度（現状投影）,90659.3732161235
R7,01,北海道,0118,遠紋,在宅（訪問診療）,2024,2024年度,144.83333333333334
R7,01,北海道,0118,遠紋,在宅（訪問診療）,2030,2030年度（現状投影）,156.79218869700807
R7,01,北海道,0118,遠紋,在宅（訪問診療）,2035,2035年度（現状投影）,158.9194014508691
R7,01,北海道,0118,遠紋,在宅（訪問診療）,2040,2040年度（現状投影）,161.04102211867695
R7,01,北海道,0118,遠紋,在宅（訪問診療）,2045,2045年度（現状投影）,155.92847392470614
R7,01,北海道,0118,遠紋,在宅（訪問診療）,2050,2050年度（現状投影）,141.18390496396785
R7,01,北海道,0118,遠紋,外来,2024,2024年度,27990.333333333336
R7,01,北海道,0118,遠紋,外来,2030,2030年度（現状投影）,25843.11480544456
R7,01,北海道,0118,遠紋,外来,2035,2035年度（現状投影）,23830.60747842807
R7,01,北海道,0118,遠紋,外来,2040,2040年度（現状投影）,21777.15213521666
R7,01,北海道,0118,遠紋,外来,2045,2045年度（現状投影）,19768.558155023315
R7,01,北海道,0118,遠紋,外来,2050,2050年度（現状投影）,17876.168657981045
R7,01,北海道,0119,十勝,在宅（訪問診療）,2024,2024年度,2524.7499999999995
R7,01,北海道,0119,十勝,在宅（訪問診療）,2030,2030年度（現状投影）,3023.8942364021036
R7,01,北海道,0119,十勝,在宅（訪問診療）,2035,2035年度（現状投影）,3319.8877186649015
R7,01,北海道,0119,十勝,在宅（訪問診療）,2040,2040年度（現状投影）,3625.575433444188
R7,01,北海道,0119,十勝,在宅（訪問診療）,2045,2045年度（現状投影）,3785.7302963195243
R7,01,北海道,0119,十勝,在宅（訪問診療）,2050,2050年度（現状投影）,3682.0636450466154
R7,01,北海道,0119,十勝,外来,2024,2024年度,215625.41666666666
R7,01,北海道,0119,十勝,外来,2030,2030年度（現状投影）,209290.06693708035
R7,01,北海道,0119,十勝,外来,2035,2035年度（現状投影）,202317.12365567125
R7,01,北海道,0119,十勝,外来,2040,2040年度（現状投影）,194245.91621807852
R7,01,北海道,0119,十勝,外来,2045,2045年度（現状投影）,185311.60700381425
R7,01,北海道,0119,十勝,外来,2050,2050年度（現状投影）,176144.4405766441
R7,01,北海道,0120,釧路,在宅（訪問診療）,2024,2024年度,1833.3333333333333
R7,01,北海道,0120,釧路,在宅（訪問診療）,2030,2030年度（現状投影）,2137.794774585817
R7,01,北海道,0120,釧路,在宅（訪問診療）,2035,2035年度（現状投影）,2293.5734222638657
R7,01,北海道,0120,釧路,在宅（訪問診療）,2040,2040年度（現状投影）,2431.837132748037
R7,01,北海道,0120,釧路,在宅（訪問診療）,2045,2045年度（現状投影）,2446.6637348534123
R7,01,北海道,0120,釧路,在宅（訪問診療）,2050,2050年度（現状投影）,2278.884085623754
R7,01,北海道,0120,釧路,外来,2024,2024年度,142900.50000000003
R7,01,北海道,0120,釧路,外来,2030,2030年度（現状投影）,134072.00467440704
R7,01,北海道,0120,釧路,外来,2035,2035年度（現状投影）,125224.19626120024
R7,01,北海道,0120,釧路,外来,2040,2040年度（現状投影）,115535.78575765192
R7,01,北海道,0120,釧路,外来,2045,2045年度（現状投影）,105659.00556307343
R7,01,北海道,0120,釧路,外来,2050,2050年度（現状投影）,96347.70755610093
R7,01,北海道,0121,根室,在宅（訪問診療）,2024,2024年度,88
R7,01,北海道,0121,根室,在宅（訪問診療）,2030,2030年度（現状投影）,108.29195417814593
R7,01,北海道,0121,根室,在宅（訪問診療）,2035,2035年度（現状投影）,118.33988090548792
R7,01,北海道,0121,根室,在宅（訪問診療）,2040,2040年度（現状投影）,127.34430880418645
R7,01,北海道,0121,根室,在宅（訪問診療）,2045,2045年度（現状投影）,132.97759013476644
R7,01,北海道,0121,根室,在宅（訪問診療）,2050,2050年度（現状投影）,127.58304427665203
R7,01,北海道,0121,根室,外来,2024,2024年度,25143
R7,01,北海道,0121,根室,外来,2030,2030年度（現状投影）,24023.89104654253
R7,01,北海道,0121,根室,外来,2035,2035年度（現状投影）,22764.548031407758
R7,01,北海道,0121,根室,外来,2040,2040年度（現状投影）,21376.95664186778
R7,01,北海道,0121,根室,外来,2045,2045年度（現状投影）,19861.762712601816
R7,01,北海道,0121,根室,外来,2050,2050年度（現状投影）,18318.84281436459
R7,02,青森県,0201,津軽地域,在宅（訪問診療）,2024,2024年度,2025.0833333333335
R7,02,青森県,0201,津軽地域,在宅（訪問診療）,2030,2030年度（現状投影）,2243.0364671987
R7,02,青森県,0201,津軽地域,在宅（訪問診療）,2035,2035年度（現状投影）,2363.2947802743192
R7,02,青森県,0201,津軽地域,在宅（訪問診療）,2040,2040年度（現状投影）,2493.622586154428
R7,02,青森県,0201,津軽地域,在宅（訪問診療）,2045,2045年度（現状投影）,2566.2767109751007
R7,02,青森県,0201,津軽地域,在宅（訪問診療）,2050,2050年度（現状投影）,2503.3979681319097
R7,02,青森県,0201,津軽地域,外来,2024,2024年度,203067.6666666667
R7,02,青森県,0201,津軽地域,外来,2030,2030年度（現状投影）,189536.73155786304
R7,02,青森県,0201,津軽地域,外来,2035,2035年度（現状投影）,178339.78034307703
R7,02,青森県,0201,津軽地域,外来,2040,2040年度（現状投影）,166267.09054342468
R7,02,青森県,0201,津軽地域,外来,2045,2045年度（現状投影）,153774.82301423606
R7,02,青森県,0201,津軽地域,外来,2050,2050年度（現状投影）,141433.16452263892
R7,02,青森県,0202,八戸地域,在宅（訪問診療）,2024,2024年度,2236.4166666666665
R7,02,青森県,0202,八戸地域,在宅（訪問診療）,2030,2030年度（現状投影）,2578.136698019127
R7,02,青森県,0202,八戸地域,在宅（訪問診療）,2035,2035年度（現状投影）,2810.598144993882
R7,02,青森県,0202,八戸地域,在宅（訪問診療）,2040,2040年度（現状投影）,3037.221704755615
R7,02,青森県,0202,八戸地域,在宅（訪問診療）,2045,2045年度（現状投影）,3158.9437840561186
R7,02,青森県,0202,八戸地域,在宅（訪問診療）,2050,2050年度（現状投影）,3101.7567923615106
R7,02,青森県,0202,八戸地域,外来,2024,2024年度,227480.83333333334
R7,02,青森県,0202,八戸地域,外来,2030,2030年度（現状投影）,217450.79823469705
R7,02,青森県,0202,八戸地域,外来,2035,2035年度（現状投影）,207088.95932151718
R7,02,青森県,0202,八戸地域,外来,2040,2040年度（現状投影）,195079.10899749666
R7,02,青森県,0202,八戸地域,外来,2045,2045年度（現状投影）,182581.88209445166
R7,02,青森県,0202,八戸地域,外来,2050,2050年度（現状投影）,170005.26153414813
R7,02,青森県,0203,青森地域,在宅（訪問診療）,2024,2024年度,1843.5
R7,02,青森県,0203,青森地域,在宅（訪問診療）,2030,2030年度（現状投影）,2081.6310572589314
R7,02,青森県,0203,青森地域,在宅（訪問診療）,2035,2035年度（現状投影）,2250.0941100551872
R7,02,青森県,0203,青森地域,在宅（訪問診療）,2040,2040年度（現状投影）,2421.8588916760377
R7,02,青森県,0203,青森地域,在宅（訪問診療）,2045,2045年度（現状投影）,2499.199935414927
R7,02,青森県,0203,青森地域,在宅（訪問診療）,2050,2050年度（現状投影）,2432.1823243034996
R7,02,青森県,0203,青森地域,外来,2024,2024年度,211724.83333333334
R7,02,青森県,0203,青森地域,外来,2030,2030年度（現状投影）,201232.38064208935
R7,02,青森県,0203,青森地域,外来,2035,2035年度（現状投影）,190373.85301467715
R7,02,青森県,0203,青森地域,外来,2040,2040年度（現状投影）,178150.0720355522
R7,02,青森県,0203,青森地域,外来,2045,2045年度（現状投影）,165242.90804446916
R7,02,青森県,0203,青森地域,外来,2050,2050年度（現状投影）,152519.4958620835
R7,02,青森県,0204,西北五地域,在宅（訪問診療）,2024,2024年度,177.75
R7,02,青森県,0204,西北五地域,在宅（訪問診療）,2030,2030年度（現状投影）,192.6235231270668
R7,02,青森県,0204,西北五地域,在宅（訪問診療）,2035,2035年度（現状投影）,194.37672486638013
R7,02,青森県,0204,西北五地域,在宅（訪問診療）,2040,2040年度（現状投影）,204.18451564736722
R7,02,青森県,0204,西北五地域,在宅（訪問診療）,2045,2045年度（現状投影）,210.13716909667772
R7,02,青森県,0204,西北五地域,在宅（訪問診療）,2050,2050年度（現状投影）,202.1097231167546
R7,02,青森県,0204,西北五地域,外来,2024,2024年度,72818.99999999999
R7,02,青森県,0204,西北五地域,外来,2030,2030年度（現状投影）,65128.393022868884
R7,02,青森県,0204,西北五地域,外来,2035,2035年度（現状投影）,59744.64848313143
R7,02,青森県,0204,西北五地域,外来,2040,2040年度（現状投影）,54224.79422065466
R7,02,青森県,0204,西北五地域,外来,2045,2045年度（現状投影）,48578.770695741885
R7,02,青森県,0204,西北五地域,外来,2050,2050年度（現状投影）,42942.64412275727
R7,02,青森県,0205,上十三地域,在宅（訪問診療）,2024,2024年度,835.1666666666667
R7,02,青森県,0205,上十三地域,在宅（訪問診療）,2030,2030年度（現状投影）,939.0157295962912
R7,02,青森県,0205,上十三地域,在宅（訪問診療）,2035,2035年度（現状投影）,1017.4168059121662
R7,02,青森県,0205,上十三地域,在宅（訪問診療）,2040,2040年度（現状投影）,1097.744251023764
R7,02,青森県,0205,上十三地域,在宅（訪問診療）,2045,2045年度（現状投影）,1142.1135161314778
R7,02,青森県,0205,上十三地域,在宅（訪問診療）,2050,2050年度（現状投影）,1105.7722259096217
R7,02,青森県,0205,上十三地域,外来,2024,2024年度,109687.41666666667
R7,02,青森県,0205,上十三地域,外来,2030,2030年度（現状投影）,104886.24735600522
R7,02,青森県,0205,上十三地域,外来,2035,2035年度（現状投影）,99986.37872805704
R7,02,青森県,0205,上十三地域,外来,2040,2040年度（現状投影）,94202.48211943304
R7,02,青森県,0205,上十三地域,外来,2045,2045年度（現状投影）,87873.04346582702
R7,02,青森県,0205,上十三地域,外来,2050,2050年度（現状投影）,81616.44491773617
R7,02,青森県,0206,下北地域,在宅（訪問診療）,2024,2024年度,171.41666666666666
R7,02,青森県,0206,下北地域,在宅（訪問診療）,2030,2030年度（現状投影）,195.63760246497182
R7,02,青森県,0206,下北地域,在宅（訪問診療）,2035,2035年度（現状投影）,212.56277151989562
R7,02,青森県,0206,下北地域,在宅（訪問診療）,2040,2040年度（現状投影）,233.37967970795881
R7,02,青森県,0206,下北地域,在宅（訪問診療）,2045,2045年度（現状投影）,247.2804052126495
R7,02,青森県,0206,下北地域,在宅（訪問診療）,2050,2050年度（現状投影）,237.9204427930144
R7,02,青森県,0206,下北地域,外来,2024,2024年度,38003
R7,02,青森県,0206,下北地域,外来,2030,2030年度（現状投影）,34884.56380631063
R7,02,青森県,0206,下北地域,外来,2035,2035年度（現状投影）,32487.47487774009
R7,02,青森県,0206,下北地域,外来,2040,2040年度（現状投影）,29854.46708993044
R7,02,青森県,0206,下北地域,外来,2045,2045年度（現状投影）,27150.95549667497
R7,02,青森県,0206,下北地域,外来,2050,2050年度（現状投影）,24562.932342848577
R7,03,岩手県,0301,盛岡,在宅（訪問診療）,2024,2024年度,3382.916666666667
R7,03,岩手県,0301,盛岡,在宅（訪問診療）,2030,2030年度（現状投影）,4009.2220714106124
R7,03,岩手県,0301,盛岡,在宅（訪問診療）,2035,2035年度（現状投影）,4418.367591780426
R7,03,岩手県,0301,盛岡,在宅（訪問診療）,2040,2040年度（現状投影）,4854.199709440318
R7,03,岩手県,0301,盛岡,在宅（訪問診療）,2045,2045年度（現状投影）,5150.7319968747215
R7,03,岩手県,0301,盛岡,在宅（訪問診療）,2050,2050年度（現状投影）,5145.081032834521
R7,03,岩手県,0301,盛岡,外来,2024,2024年度,335891.24999999994
R7,03,岩手県,0301,盛岡,外来,2030,2030年度（現状投影）,331873.0933796117
R7,03,岩手県,0301,盛岡,外来,2035,2035年度（現状投影）,322186.2786747932
R7,03,岩手県,0301,盛岡,外来,2040,2040年度（現状投影）,309464.1319349056
R7,03,岩手県,0301,盛岡,外来,2045,2045年度（現状投影）,294989.6972469923
R7,03,岩手県,0301,盛岡,外来,2050,2050年度（現状投影）,280163.9352533663
R7,03,岩手県,0302,岩手中部,在宅（訪問診療）,2024,2024年度,832.4999999999999
R7,03,岩手県,0302,岩手中部,在宅（訪問診療）,2030,2030年度（現状投影）,893.0579599741261
R7,03,岩手県,0302,岩手中部,在宅（訪問診療）,2035,2035年度（現状投影）,935.8672703557625
R7,03,岩手県,0302,岩手中部,在宅（訪問診療）,2040,2040年度（現状投影）,983.9982640298967
R7,03,岩手県,0302,岩手中部,在宅（訪問診療）,2045,2045年度（現状投影）,1019.6553941118378
R7,03,岩手県,0302,岩手中部,在宅（訪問診療）,2050,2050年度（現状投影）,999.9297433963757
R7,03,岩手県,0302,岩手中部,外来,2024,2024年度,148323.3333333333
R7,03,岩手県,0302,岩手中部,外来,2030,2030年度（現状投影）,142185.91639920147
R7,03,岩手県,0302,岩手中部,外来,2035,2035年度（現状投影）,136510.5260341412
R7,03,岩手県,0302,岩手中部,外来,2040,2040年度（現状投影）,130234.80312060223
R7,03,岩手県,0302,岩手中部,外来,2045,2045年度（現状投影）,123819.92929045406
R7,03,岩手県,0302,岩手中部,外来,2050,2050年度（現状投影）,117450.86550213175
R7,03,岩手県,0303,胆江,在宅（訪問診療）,2024,2024年度,278.5
R7,03,岩手県,0303,胆江,在宅（訪問診療）,2030,2030年度（現状投影）,293.178099149593
R7,03,岩手県,0303,胆江,在宅（訪問診療）,2035,2035年度（現状投影）,299.33203803203213
R7,03,岩手県,0303,胆江,在宅（訪問診療）,2040,2040年度（現状投影）,312.12826869345383
R7,03,岩手県,0303,胆江,在宅（訪問診療）,2045,2045年度（現状投影）,322.3320421688164
R7,03,岩手県,0303,胆江,在宅（訪問診療）,2050,2050年度（現状投影）,311.7905123046927
R7,03,岩手県,0303,胆江,外来,2024,2024年度,86743.66666666669
R7,03,岩手県,0303,胆江,外来,2030,2030年度（現状投影）,81584.88574932763
R7,03,岩手県,0303,胆江,外来,2035,2035年度（現状投影）,77191.47402045043
R7,03,岩手県,0303,胆江,外来,2040,2040年度（現状投影）,72507.98124996187
R7,03,岩手県,0303,胆江,外来,2045,2045年度（現状投影）,67622.96057168425
R7,03,岩手県,0303,胆江,外来,2050,2050年度（現状投影）,62821.359147376235
R7,03,岩手県,0304,両磐,在宅（訪問診療）,2024,2024年度,849.6666666666667
R7,03,岩手県,0304,両磐,在宅（訪問診療）,2030,2030年度（現状投影）,864.5359056357112
R7,03,岩手県,0304,両磐,在宅（訪問診療）,2035,2035年度（現状投影）,870.3640884186882
R7,03,岩手県,0304,両磐,在宅（訪問診療）,2040,2040年度（現状投影）,895.8286361478077
R7,03,岩手県,0304,両磐,在宅（訪問診療）,2045,2045年度（現状投影）,909.0557286113454
R7,03,岩手県,0304,両磐,在宅（訪問診療）,2050,2050年度（現状投影）,870.9902178053363
R7,03,岩手県,0304,両磐,外来,2024,2024年度,80675.75
R7,03,岩手県,0304,両磐,外来,2030,2030年度（現状投影）,73240.04270946514
R7,03,岩手県,0304,両磐,外来,2035,2035年度（現状投影）,68063.3020691404
R7,03,岩手県,0304,両磐,外来,2040,2040年度（現状投影）,62658.12643165031
R7,03,岩手県,0304,両磐,外来,2045,2045年度（現状投影）,57077.24182058577
R7,03,岩手県,0304,両磐,外来,2050,2050年度（現状投影）,51589.98678797597
R7,03,岩手県,0305,気仙,在宅（訪問診療）,2024,2024年度,67.41666666666666
R7,03,岩手県,0305,気仙,在宅（訪問診療）,2030,2030年度（現状投影）,70.0195382267047
R7,03,岩手県,0305,気仙,在宅（訪問診療）,2035,2035年度（現状投影）,70.05768070364297
R7,03,岩手県,0305,気仙,在宅（訪問診療）,2040,2040年度（現状投影）,70.93852040934371
R7,03,岩手県,0305,気仙,在宅（訪問診療）,2045,2045年度（現状投影）,70.55234218765142
R7,03,岩手県,0305,気仙,在宅（訪問診療）,2050,2050年度（現状投影）,66.77161819741569
R7,03,岩手県,0305,気仙,外来,2024,2024年度,33107.916666666664
R7,03,岩手県,0305,気仙,外来,2030,2030年度（現状投影）,30463.92447906083
R7,03,岩手県,0305,気仙,外来,2035,2035年度（現状投影）,28109.530834575213
R7,03,岩手県,0305,気仙,外来,2040,2040年度（現状投影）,25730.44993061701
R7,03,岩手県,0305,気仙,外来,2045,2045年度（現状投影）,23413.55169330527
R7,03,岩手県,0305,気仙,外来,2050,2050年度（現状投影）,21148.33074985493
R7,03,岩手県,0306,釜石,在宅（訪問診療）,2024,2024年度,271.9166666666667
R7,03,岩手県,0306,釜石,在宅（訪問診療）,2030,2030年度（現状投影）,286.52787672443736
R7,03,岩手県,0306,釜石,在宅（訪問診療）,2035,2035年度（現状投影）,283.9089552445383
R7,03,岩手県,0306,釜石,在宅（訪問診療）,2040,2040年度（現状投影）,282.4924185972448
R7,03,岩手県,0306,釜石,在宅（訪問診療）,2045,2045年度（現状投影）,275.8820739267466
R7,03,岩手県,0306,釜石,在宅（訪問診療）,2050,2050年度（現状投影）,249.96517052137455
R7,03,岩手県,0306,釜石,外来,2024,2024年度,24794.33333333333
R7,03,岩手県,0306,釜石,外来,2030,2030年度（現状投影）,22453.905342262035
R7,03,岩手県,0306,釜石,外来,2035,2035年度（現状投影）,20309.428498986876
R7,03,岩手県,0306,釜石,外来,2040,2040年度（現状投影）,18261.901156948312
R7,03,岩手県,0306,釜石,外来,2045,2045年度（現状投影）,16342.721696720106
R7,03,岩手県,0306,釜石,外来,2050,2050年度（現状投影）,14569.692151971793
R7,03,岩手県,0307,宮古,在宅（訪問診療）,2024,2024年度,126.66666666666666
R7,03,岩手県,0307,宮古,在宅（訪問診療）,2030,2030年度（現状投影）,136.8859224751307
R7,03,岩手県,0307,宮古,在宅（訪問診療）,2035,2035年度（現状投影）,141.1367385291815
R7,03,岩手県,0307,宮古,在宅（訪問診療）,2040,2040年度（現状投影）,141.18979414943664
R7,03,岩手県,0307,宮古,在宅（訪問診療）,2045,2045年度（現状投影）,139.67416531524296
R7,03,岩手県,0307,宮古,在宅（訪問診療）,2050,2050年度（現状投影）,129.52478588712762
R7,03,岩手県,0307,宮古,外来,2024,2024年度,44110.08333333334
R7,03,岩手県,0307,宮古,外来,2030,2030年度（現状投影）,40395.83843235453
R7,03,岩手県,0307,宮古,外来,2035,2035年度（現状投影）,36847.57154882533
R7,03,岩手県,0307,宮古,外来,2040,2040年度（現状投影）,33246.19711211603
R7,03,岩手県,0307,宮古,外来,2045,2045年度（現状投影）,29847.981519898276
R7,03,岩手県,0307,宮古,外来,2050,2050年度（現状投影）,26726.554135197275
R7,03,岩手県,0308,久慈,在宅（訪問診療）,2024,2024年度,39.58333333333333
R7,03,岩手県,0308,久慈,在宅（訪問診療）,2030,2030年度（現状投影）,42.80272204863859
R7,03,岩手県,0308,久慈,在宅（訪問診療）,2035,2035年度（現状投影）,44.75694030713525
R7,03,岩手県,0308,久慈,在宅（訪問診療）,2040,2040年度（現状投影）,47.00985541111905
R7,03,岩手県,0308,久慈,在宅（訪問診療）,2045,2045年度（現状投影）,48.23668212286454
R7,03,岩手県,0308,久慈,在宅（訪問診療）,2050,2050年度（現状投影）,46.89612637738024
R7,03,岩手県,0308,久慈,外来,2024,2024年度,24537.916666666664
R7,03,岩手県,0308,久慈,外来,2030,2030年度（現状投影）,22098.704583651437
R7,03,岩手県,0308,久慈,外来,2035,2035年度（現状投影）,20503.470284252384
R7,03,岩手県,0308,久慈,外来,2040,2040年度（現状投影）,18823.681541010297
R7,03,岩手県,0308,久慈,外来,2045,2045年度（現状投影）,17025.53828786265
R7,03,岩手県,0308,久慈,外来,2050,2050年度（現状投影）,15225.05022313738
R7,03,岩手県,0309,二戸,在宅（訪問診療）,2024,2024年度,55.833333333333336
R7,03,岩手県,0309,二戸,在宅（訪問診療）,2030,2030年度（現状投影）,57.45486470574999
R7,03,岩手県,0309,二戸,在宅（訪問診療）,2035,2035年度（現状投影）,56.683571026565296
R7,03,岩手県,0309,二戸,在宅（訪問診療）,2040,2040年度（現状投影）,58.26003580910192
R7,03,岩手県,0309,二戸,在宅（訪問診療）,2045,2045年度（現状投影）,60.20007593362392
R7,03,岩手県,0309,二戸,在宅（訪問診療）,2050,2050年度（現状投影）,57.12648441608396
R7,03,岩手県,0309,二戸,外来,2024,2024年度,29426.083333333332
R7,03,岩手県,0309,二戸,外来,2030,2030年度（現状投影）,26391.003211566094
R7,03,岩手県,0309,二戸,外来,2035,2035年度（現状投影）,24209.395826122713
R7,03,岩手県,0309,二戸,外来,2040,2040年度（現状投影）,21992.30404386277
R7,03,岩手県,0309,二戸,外来,2045,2045年度（現状投影）,19700.37307099161
R7,03,岩手県,0309,二戸,外来,2050,2050年度（現状投影）,17385.995840867537
R7,04,宮城県,0401,仙南,在宅（訪問診療）,2024,2024年度,552.5833333333333
R7,04,宮城県,0401,仙南,在宅（訪問診療）,2030,2030年度（現状投影）,603.2892552240022
R7,04,宮城県,0401,仙南,在宅（訪問診療）,2035,2035年度（現状投影）,655.383330656392
R7,04,宮城県,0401,仙南,在宅（訪問診療）,2040,2040年度（現状投影）,715.0087555067798
R7,04,宮城県,0401,仙南,在宅（訪問診療）,2045,2045年度（現状投影）,745.3663507069548
R7,04,宮城県,0401,仙南,在宅（訪問診療）,2050,2050年度（現状投影）,713.7894722134208
R7,04,宮城県,0401,仙南,外来,2024,2024年度,91408.83333333334
R7,04,宮城県,0401,仙南,外来,2030,2030年度（現状投影）,88120.51940798831
R7,04,宮城県,0401,仙南,外来,2035,2035年度（現状投影）,84498.74767402856
R7,04,宮城県,0401,仙南,外来,2040,2040年度（現状投影）,79730.7983055199
R7,04,宮城県,0401,仙南,外来,2045,2045年度（現状投影）,74317.26762979703
R7,04,宮城県,0401,仙南,外来,2050,2050年度（現状投影）,69213.88044369484
R7,04,宮城県,0403,仙台,在宅（訪問診療）,2024,2024年度,11510.499999999998
R7,04,宮城県,0403,仙台,在宅（訪問診療）,2030,2030年度（現状投影）,14135.826515046925
R7,04,宮城県,0403,仙台,在宅（訪問診療）,2035,2035年度（現状投影）,16119.774857730952
R7,04,宮城県,0403,仙台,在宅（訪問診療）,2040,2040年度（現状投影）,18206.888164828997
R7,04,宮城県,0403,仙台,在宅（訪問診療）,2045,2045年度（現状投影）,19649.032270029486
R7,04,宮城県,0403,仙台,在宅（訪問診療）,2050,2050年度（現状投影）,20075.601965481033
R7,04,宮城県,0403,仙台,外来,2024,2024年度,1122311.0833333333
R7,04,宮城県,0403,仙台,外来,2030,2030年度（現状投影）,1156284.1404869559
R7,04,宮城県,0403,仙台,外来,2035,2035年度（現状投影）,1158378.6632853532
R7,04,宮城県,0403,仙台,外来,2040,2040年度（現状投影）,1150220.4301923944
R7,04,宮城県,0403,仙台,外来,2045,2045年度（現状投影）,1135884.7127598259
R7,04,宮城県,0403,仙台,外来,2050,2050年度（現状投影）,1118069.7518882721
R7,04,宮城県,0406,大崎・栗原,在宅（訪問診療）,2024,2024年度,2222.0833333333335
R7,04,宮城県,0406,大崎・栗原,在宅（訪問診療）,2030,2030年度（現状投影）,2312.9513578940873
R7,04,宮城県,0406,大崎・栗原,在宅（訪問診療）,2035,2035年度（現状投影）,2372.9138440154584
R7,04,宮城県,0406,大崎・栗原,在宅（訪問診療）,2040,2040年度（現状投影）,2486.9822310699456
R7,04,宮城県,0406,大崎・栗原,在宅（訪問診療）,2045,2045年度（現状投影）,2583.0317772620565
R7,04,宮城県,0406,大崎・栗原,在宅（訪問診療）,2050,2050年度（現状投影）,2482.362157401981
R7,04,宮城県,0406,大崎・栗原,外来,2024,2024年度,166936.58333333337
R7,04,宮城県,0406,大崎・栗原,外来,2030,2030年度（現状投影）,157682.33375340165
R7,04,宮城県,0406,大崎・栗原,外来,2035,2035年度（現状投影）,149550.5892373436
R7,04,宮城県,0406,大崎・栗原,外来,2040,2040年度（現状投影）,140020.21741230172
R7,04,宮城県,0406,大崎・栗原,外来,2045,2045年度（現状投影）,129524.02412791275
R7,04,宮城県,0406,大崎・栗原,外来,2050,2050年度（現状投影）,119653.95446321691
R7,04,宮城県,0409,石巻・登米・気仙沼,在宅（訪問診療）,2024,2024年度,2141.333333333333
R7,04,宮城県,0409,石巻・登米・気仙沼,在宅（訪問診療）,2030,2030年度（現状投影）,2283.820055560193
R7,04,宮城県,0409,石巻・登米・気仙沼,在宅（訪問診療）,2035,2035年度（現状投影）,2368.5861071172985
R7,04,宮城県,0409,石巻・登米・気仙沼,在宅（訪問診療）,2040,2040年度（現状投影）,2468.5185354755195
R7,04,宮城県,0409,石巻・登米・気仙沼,在宅（訪問診療）,2045,2045年度（現状投影）,2545.9582380670936
R7,04,宮城県,0409,石巻・登米・気仙沼,在宅（訪問診療）,2050,2050年度（現状投影）,2441.8900696995343
R7,04,宮城県,0409,石巻・登米・気仙沼,外来,2024,2024年度,219447.8333333333
R7,04,宮城県,0409,石巻・登米・気仙沼,外来,2030,2030年度（現状投影）,204201.34267088672
R7,04,宮城県,0409,石巻・登米・気仙沼,外来,2035,2035年度（現状投影）,191091.58340479157
R7,04,宮城県,0409,石巻・登米・気仙沼,外来,2040,2040年度（現状投影）,177217.0757970078
R7,04,宮城県,0409,石巻・登米・気仙沼,外来,2045,2045年度（現状投影）,162952.1496788889
R7,04,宮城県,0409,石巻・登米・気仙沼,外来,2050,2050年度（現状投影）,149259.2977049517
R7,05,秋田県,0501,大館・鹿角,在宅（訪問診療）,2024,2024年度,280.25
R7,05,秋田県,0501,大館・鹿角,在宅（訪問診療）,2030,2030年度（現状投影）,294.29865790892546
R7,05,秋田県,0501,大館・鹿角,在宅（訪問診療）,2035,2035年度（現状投影）,295.43016885080743
R7,05,秋田県,0501,大館・鹿角,在宅（訪問診療）,2040,2040年度（現状投影）,296.0805368742751
R7,05,秋田県,0501,大館・鹿角,在宅（訪問診療）,2045,2045年度（現状投影）,292.4748377976107
R7,05,秋田県,0501,大館・鹿角,在宅（訪問診療）,2050,2050年度（現状投影）,272.69603914377944
R7,05,秋田県,0501,大館・鹿角,外来,2024,2024年度,63254.08333333333
R7,05,秋田県,0501,大館・鹿角,外来,2030,2030年度（現状投影）,57303.43380413362
R7,05,秋田県,0501,大館・鹿角,外来,2035,2035年度（現状投影）,52732.956556234385
R7,05,秋田県,0501,大館・鹿角,外来,2040,2040年度（現状投影）,48204.66416083442
R7,05,秋田県,0501,大館・鹿角,外来,2045,2045年度（現状投影）,43700.53564668494
R7,05,秋田県,0501,大館・鹿角,外来,2050,2050年度（現状投影）,39466.3472052069
R7,05,秋田県,0502,北秋田,在宅（訪問診療）,2024,2024年度,51.833333333333336
R7,05,秋田県,0502,北秋田,在宅（訪問診療）,2030,2030年度（現状投影）,54.823630166809245
R7,05,秋田県,0502,北秋田,在宅（訪問診療）,2035,2035年度（現状投影）,53.09031999310059
R7,05,秋田県,0502,北秋田,在宅（訪問診療）,2040,2040年度（現状投影）,53.282709134038726
R7,05,秋田県,0502,北秋田,在宅（訪問診療）,2045,2045年度（現状投影）,54.823901525602906
R7,05,秋田県,0502,北秋田,在宅（訪問診療）,2050,2050年度（現状投影）,51.043556543284566
R7,05,秋田県,0502,北秋田,外来,2024,2024年度,16990.583333333332
R7,05,秋田県,0502,北秋田,外来,2030,2030年度（現状投影）,15099.772750035616
R7,05,秋田県,0502,北秋田,外来,2035,2035年度（現状投影）,13566.57635113501
R7,05,秋田県,0502,北秋田,外来,2040,2040年度（現状投影）,12051.682041925538
R7,05,秋田県,0502,北秋田,外来,2045,2045年度（現状投影）,10561.343804950897
R7,05,秋田県,0502,北秋田,外来,2050,2050年度（現状投影）,9164.003494689045
R7,05,秋田県,0503,能代・山本,在宅（訪問診療）,2024,2024年度,346.33333333333337
R7,05,秋田県,0503,能代・山本,在宅（訪問診療）,2030,2030年度（現状投影）,369.19682283632864
R7,05,秋田県,0503,能代・山本,在宅（訪問診療）,2035,2035年度（現状投影）,371.4518483157195
R7,05,秋田県,0503,能代・山本,在宅（訪問診療）,2040,2040年度（現状投影）,375.3396085311072
R7,05,秋田県,0503,能代・山本,在宅（訪問診療）,2045,2045年度（現状投影）,365.0069919005855
R7,05,秋田県,0503,能代・山本,在宅（訪問診療）,2050,2050年度（現状投影）,334.23392726172386
R7,05,秋田県,0503,能代・山本,外来,2024,2024年度,56593.50000000001
R7,05,秋田県,0503,能代・山本,外来,2030,2030年度（現状投影）,49913.47963132504
R7,05,秋田県,0503,能代・山本,外来,2035,2035年度（現状投影）,45270.07069251066
R7,05,秋田県,0503,能代・山本,外来,2040,2040年度（現状投影）,40481.41328099703
R7,05,秋田県,0503,能代・山本,外来,2045,2045年度（現状投影）,35790.94821197481
R7,05,秋田県,0503,能代・山本,外来,2050,2050年度（現状投影）,31419.58029764842
R7,05,秋田県,0504,秋田周辺,在宅（訪問診療）,2024,2024年度,1989.8333333333333
R7,05,秋田県,0504,秋田周辺,在宅（訪問診療）,2030,2030年度（現状投影）,2286.506626642791
R7,05,秋田県,0504,秋田周辺,在宅（訪問診療）,2035,2035年度（現状投影）,2477.417279202184
R7,05,秋田県,0504,秋田周辺,在宅（訪問診療）,2040,2040年度（現状投影）,2702.736073584935
R7,05,秋田県,0504,秋田周辺,在宅（訪問診療）,2045,2045年度（現状投影）,2847.8766268457593
R7,05,秋田県,0504,秋田周辺,在宅（訪問診療）,2050,2050年度（現状投影）,2776.030106107967
R7,05,秋田県,0504,秋田周辺,外来,2024,2024年度,294044.0833333333
R7,05,秋田県,0504,秋田周辺,外来,2030,2030年度（現状投影）,283563.0374143884
R7,05,秋田県,0504,秋田周辺,外来,2035,2035年度（現状投影）,270498.60590345215
R7,05,秋田県,0504,秋田周辺,外来,2040,2040年度（現状投影）,255485.15190429814
R7,05,秋田県,0504,秋田周辺,外来,2045,2045年度（現状投影）,239360.03161004165
R7,05,秋田県,0504,秋田周辺,外来,2050,2050年度（現状投影）,223679.21664767517
R7,05,秋田県,0505,由利本荘・にかほ,在宅（訪問診療）,2024,2024年度,411.24999999999994
R7,05,秋田県,0505,由利本荘・にかほ,在宅（訪問診療）,2030,2030年度（現状投影）,441.7263900265724
R7,05,秋田県,0505,由利本荘・にかほ,在宅（訪問診療）,2035,2035年度（現状投影）,457.72644291536875
R7,05,秋田県,0505,由利本荘・にかほ,在宅（訪問診療）,2040,2040年度（現状投影）,482.96092466363007
R7,05,秋田県,0505,由利本荘・にかほ,在宅（訪問診療）,2045,2045年度（現状投影）,492.6805238040935
R7,05,秋田県,0505,由利本荘・にかほ,在宅（訪問診療）,2050,2050年度（現状投影）,465.3735344317983
R7,05,秋田県,0505,由利本荘・にかほ,外来,2024,2024年度,58531.74999999999
R7,05,秋田県,0505,由利本荘・にかほ,外来,2030,2030年度（現状投影）,54263.79439471933
R7,05,秋田県,0505,由利本荘・にかほ,外来,2035,2035年度（現状投影）,50441.07674688302
R7,05,秋田県,0505,由利本荘・にかほ,外来,2040,2040年度（現状投影）,46357.33818880801
R7,05,秋田県,0505,由利本荘・にかほ,外来,2045,2045年度（現状投影）,42078.66353991823
R7,05,秋田県,0505,由利本荘・にかほ,外来,2050,2050年度（現状投影）,38046.71994220391
R7,05,秋田県,0506,大仙・仙北,在宅（訪問診療）,2024,2024年度,641.75
R7,05,秋田県,0506,大仙・仙北,在宅（訪問診療）,2030,2030年度（現状投影）,653.2235040366893
R7,05,秋田県,0506,大仙・仙北,在宅（訪問診療）,2035,2035年度（現状投影）,661.1514444453213
R7,05,秋田県,0506,大仙・仙北,在宅（訪問診療）,2040,2040年度（現状投影）,670.7856464051076
R7,05,秋田県,0506,大仙・仙北,在宅（訪問診療）,2045,2045年度（現状投影）,675.948666989729
R7,05,秋田県,0506,大仙・仙北,在宅（訪問診療）,2050,2050年度（現状投影）,636.1746644285121
R7,05,秋田県,0506,大仙・仙北,外来,2024,2024年度,80835.91666666667
R7,05,秋田県,0506,大仙・仙北,外来,2030,2030年度（現状投影）,73843.79238153793
R7,05,秋田県,0506,大仙・仙北,外来,2035,2035年度（現状投影）,68442.10044643033
R7,05,秋田県,0506,大仙・仙北,外来,2040,2040年度（現状投影）,62520.9771809449
R7,05,秋田県,0506,大仙・仙北,外来,2045,2045年度（現状投影）,56300.67082274298
R7,05,秋田県,0506,大仙・仙北,外来,2050,2050年度（現状投影）,50425.60036025205
R7,05,秋田県,0507,横手,在宅（訪問診療）,2024,2024年度,769.5
R7,05,秋田県,0507,横手,在宅（訪問診療）,2030,2030年度（現状投影）,813.769016416441
R7,05,秋田県,0507,横手,在宅（訪問診療）,2035,2035年度（現状投影）,818.0422185199305
R7,05,秋田県,0507,横手,在宅（訪問診療）,2040,2040年度（現状投影）,854.5531259996047
R7,05,秋田県,0507,横手,在宅（訪問診療）,2045,2045年度（現状投影）,877.9785958259695
R7,05,秋田県,0507,横手,在宅（訪問診療）,2050,2050年度（現状投影）,831.8395262054892
R7,05,秋田県,0507,横手,外来,2024,2024年度,60681.66666666668
R7,05,秋田県,0507,横手,外来,2030,2030年度（現状投影）,55790.08060187193
R7,05,秋田県,0507,横手,外来,2035,2035年度（現状投影）,51645.83996268789
R7,05,秋田県,0507,横手,外来,2040,2040年度（現状投影）,47341.36091279218
R7,05,秋田県,0507,横手,外来,2045,2045年度（現状投影）,42843.49019690845
R7,05,秋田県,0507,横手,外来,2050,2050年度（現状投影）,38527.528985901125
R7,05,秋田県,0508,湯沢・雄勝,在宅（訪問診療）,2024,2024年度,319.16666666666663
R7,05,秋田県,0508,湯沢・雄勝,在宅（訪問診療）,2030,2030年度（現状投影）,324.41847474095437
R7,05,秋田県,0508,湯沢・雄勝,在宅（訪問診療）,2035,2035年度（現状投影）,318.6429866137216
R7,05,秋田県,0508,湯沢・雄勝,在宅（訪問診療）,2040,2040年度（現状投影）,329.82726486740813
R7,05,秋田県,0508,湯沢・雄勝,在宅（訪問診療）,2045,2045年度（現状投影）,347.2696722678515
R7,05,秋田県,0508,湯沢・雄勝,在宅（訪問診療）,2050,2050年度（現状投影）,337.1106030374211
R7,05,秋田県,0508,湯沢・雄勝,外来,2024,2024年度,27539.499999999996
R7,05,秋田県,0508,湯沢・雄勝,外来,2030,2030年度（現状投影）,24997.154342440856
R7,05,秋田県,0508,湯沢・雄勝,外来,2035,2035年度（現状投影）,23042.60160347347
R7,05,秋田県,0508,湯沢・雄勝,外来,2040,2040年度（現状投影）,20891.236381544415
R7,05,秋田県,0508,湯沢・雄勝,外来,2045,2045年度（現状投影）,18537.026172035872
R7,05,秋田県,0508,湯沢・雄勝,外来,2050,2050年度（現状投影）,16193.326946567806
R7,06,山形県,0601,村山,在宅（訪問診療）,2024,2024年度,4093.250000000001
R7,06,山形県,0601,村山,在宅（訪問診療）,2030,2030年度（現状投影）,4457.491459968404
R7,06,山形県,0601,村山,在宅（訪問診療）,2035,2035年度（現状投影）,4732.921983790232
R7,06,山形県,0601,村山,在宅（訪問診療）,2040,2040年度（現状投影）,5115.900168840716
R7,06,山形県,0601,村山,在宅（訪問診療）,2045,2045年度（現状投影）,5373.49555950674
R7,06,山形県,0601,村山,在宅（訪問診療）,2050,2050年度（現状投影）,5294.5829200668595
R7,06,山形県,0601,村山,外来,2024,2024年度,432806.24999999994
R7,06,山形県,0601,村山,外来,2030,2030年度（現状投影）,421508.49938123923
R7,06,山形県,0601,村山,外来,2035,2035年度（現状投影）,406781.883810761
R7,06,山形県,0601,村山,外来,2040,2040年度（現状投影）,389529.40709478816
R7,06,山形県,0601,村山,外来,2045,2045年度（現状投影）,371032.9796943547
R7,06,山形県,0601,村山,外来,2050,2050年度（現状投影）,352792.0144481444
R7,06,山形県,0602,最上,在宅（訪問診療）,2024,2024年度,200.16666666666669
R7,06,山形県,0602,最上,在宅（訪問診療）,2030,2030年度（現状投影）,218.80884908954476
R7,06,山形県,0602,最上,在宅（訪問診療）,2035,2035年度（現状投影）,220.90401527404822
R7,06,山形県,0602,最上,在宅（訪問診療）,2040,2040年度（現状投影）,236.50179222720882
R7,06,山形県,0602,最上,在宅（訪問診療）,2045,2045年度（現状投影）,252.2831125756803
R7,06,山形県,0602,最上,在宅（訪問診療）,2050,2050年度（現状投影）,245.8195033936822
R7,06,山形県,0602,最上,外来,2024,2024年度,42359.99999999999
R7,06,山形県,0602,最上,外来,2030,2030年度（現状投影）,39160.44553681021
R7,06,山形県,0602,最上,外来,2035,2035年度（現状投影）,36227.05975920547
R7,06,山形県,0602,最上,外来,2040,2040年度（現状投影）,33069.97167395492
R7,06,山形県,0602,最上,外来,2045,2045年度（現状投影）,29675.506253729713
R7,06,山形県,0602,最上,外来,2050,2050年度（現状投影）,26344.634518902192
R7,06,山形県,0603,置賜,在宅（訪問診療）,2024,2024年度,1119.1666666666667
R7,06,山形県,0603,置賜,在宅（訪問診療）,2030,2030年度（現状投影）,1204.6027111314354
R7,06,山形県,0603,置賜,在宅（訪問診療）,2035,2035年度（現状投影）,1237.1312538447878
R7,06,山形県,0603,置賜,在宅（訪問診療）,2040,2040年度（現状投影）,1301.4375970427645
R7,06,山形県,0603,置賜,在宅（訪問診療）,2045,2045年度（現状投影）,1347.6810882236668
R7,06,山形県,0603,置賜,在宅（訪問診療）,2050,2050年度（現状投影）,1305.535739949413
R7,06,山形県,0603,置賜,外来,2024,2024年度,131120.6666666667
R7,06,山形県,0603,置賜,外来,2030,2030年度（現状投影）,124619.73619843711
R7,06,山形県,0603,置賜,外来,2035,2035年度（現状投影）,117477.31076813009
R7,06,山形県,0603,置賜,外来,2040,2040年度（現状投影）,109739.96776528712
R7,06,山形県,0603,置賜,外来,2045,2045年度（現状投影）,101567.5768632746
R7,06,山形県,0603,置賜,外来,2050,2050年度（現状投影）,93541.6034648953
R7,06,山形県,0604,庄内,在宅（訪問診療）,2024,2024年度,2344.25
R7,06,山形県,0604,庄内,在宅（訪問診療）,2030,2030年度（現状投影）,2510.860369184198
R7,06,山形県,0604,庄内,在宅（訪問診療）,2035,2035年度（現状投影）,2595.864595188352
R7,06,山形県,0604,庄内,在宅（訪問診療）,2040,2040年度（現状投影）,2710.5995445969747
R7,06,山形県,0604,庄内,在宅（訪問診療）,2045,2045年度（現状投影）,2757.0810257937956
R7,06,山形県,0604,庄内,在宅（訪問診療）,2050,2050年度（現状投影）,2637.252454749235
R7,06,山形県,0604,庄内,外来,2024,2024年度,190533.3333333333
R7,06,山形県,0604,庄内,外来,2030,2030年度（現状投影）,179560.2353795654
R7,06,山形県,0604,庄内,外来,2035,2035年度（現状投影）,168896.09707382895
R7,06,山形県,0604,庄内,外来,2040,2040年度（現状投影）,157090.13150981022
R7,06,山形県,0604,庄内,外来,2045,2045年度（現状投影）,144894.66570076495
R7,06,山形県,0604,庄内,外来,2050,2050年度（現状投影）,133177.27806665387
R7,07,福島県,0701,県北,在宅（訪問診療）,2024,2024年度,3234.3333333333326
R7,07,福島県,0701,県北,在宅（訪問診療）,2030,2030年度（現状投影）,3645.295714383794
R7,07,福島県,0701,県北,在宅（訪問診療）,2035,2035年度（現状投影）,3928.954536061704
R7,07,福島県,0701,県北,在宅（訪問診療）,2040,2040年度（現状投影）,4277.780545390069
R7,07,福島県,0701,県北,在宅（訪問診療）,2045,2045年度（現状投影）,4512.466094633728
R7,07,福島県,0701,県北,在宅（訪問診療）,2050,2050年度（現状投影）,4455.323839186323
R7,07,福島県,0701,県北,外来,2024,2024年度,320934.08333333343
R7,07,福島県,0701,県北,外来,2030,2030年度（現状投影）,317680.55072645884
R7,07,福島県,0701,県北,外来,2035,2035年度（現状投影）,305529.86798010976
R7,07,福島県,0701,県北,外来,2040,2040年度（現状投影）,290654.2447393683
R7,07,福島県,0701,県北,外来,2045,2045年度（現状投影）,274299.8305069559
R7,07,福島県,0701,県北,外来,2050,2050年度（現状投影）,258071.81709038562
R7,07,福島県,0702,県中,在宅（訪問診療）,2024,2024年度,3653.416666666667
R7,07,福島県,0702,県中,在宅（訪問診療）,2030,2030年度（現状投影）,4230.200094645493
R7,07,福島県,0702,県中,在宅（訪問診療）,2035,2035年度（現状投影）,4639.743919620652
R7,07,福島県,0702,県中,在宅（訪問診療）,2040,2040年度（現状投影）,5184.5600247974335
R7,07,福島県,0702,県中,在宅（訪問診療）,2045,2045年度（現状投影）,5627.788900603388
R7,07,福島県,0702,県中,在宅（訪問診療）,2050,2050年度（現状投影）,5692.606348465321
R7,07,福島県,0702,県中,外来,2024,2024年度,358427.66666666674
R7,07,福島県,0702,県中,外来,2030,2030年度（現状投影）,356852.2268293369
R7,07,福島県,0702,県中,外来,2035,2035年度（現状投影）,346686.09751054127
R7,07,福島県,0702,県中,外来,2040,2040年度（現状投影）,333205.43791462155
R7,07,福島県,0702,県中,外来,2045,2045年度（現状投影）,317262.37509553897
R7,07,福島県,0702,県中,外来,2050,2050年度（現状投影）,300367.24294124934
R7,07,福島県,0703,県南,在宅（訪問診療）,2024,2024年度,510
R7,07,福島県,0703,県南,在宅（訪問診療）,2030,2030年度（現状投影）,547.711666738956
R7,07,福島県,0703,県南,在宅（訪問診療）,2035,2035年度（現状投影）,580.1919642560912
R7,07,福島県,0703,県南,在宅（訪問診療）,2040,2040年度（現状投影）,649.5264836570091
R7,07,福島県,0703,県南,在宅（訪問診療）,2045,2045年度（現状投影）,705.275693398647
R7,07,福島県,0703,県南,在宅（訪問診療）,2050,2050年度（現状投影）,703.286435637602
R7,07,福島県,0703,県南,外来,2024,2024年度,79445
R7,07,福島県,0703,県南,外来,2030,2030年度（現状投影）,76742.60569950007
R7,07,福島県,0703,県南,外来,2035,2035年度（現状投影）,74060.73241679459
R7,07,福島県,0703,県南,外来,2040,2040年度（現状投影）,70780.89070294813
R7,07,福島県,0703,県南,外来,2045,2045年度（現状投影）,66877.28349156267
R7,07,福島県,0703,県南,外来,2050,2050年度（現状投影）,62829.77553306449
R7,07,福島県,0706,相双,在宅（訪問診療）,2024,2024年度,256.25
R7,07,福島県,0706,相双,在宅（訪問診療）,2030,2030年度（現状投影）,202.06635502763464
R7,07,福島県,0706,相双,在宅（訪問診療）,2035,2035年度（現状投影）,214.13232905909476
R7,07,福島県,0706,相双,在宅（訪問診療）,2040,2040年度（現状投影）,229.27713875798042
R7,07,福島県,0706,相双,在宅（訪問診療）,2045,2045年度（現状投影）,243.39944813741153
R7,07,福島県,0706,相双,在宅（訪問診療）,2050,2050年度（現状投影）,240.99179464764188
R7,07,福島県,0706,相双,外来,2024,2024年度,79675.00000000001
R7,07,福島県,0706,相双,外来,2030,2030年度（現状投影）,57985.440447108325
R7,07,福島県,0706,相双,外来,2035,2035年度（現状投影）,56123.45324929408
R7,07,福島県,0706,相双,外来,2040,2040年度（現状投影）,53315.67049179075
R7,07,福島県,0706,相双,外来,2045,2045年度（現状投影）,49883.287812626186
R7,07,福島県,0706,相双,外来,2050,2050年度（現状投影）,46597.14311737452
R7,07,福島県,0707,いわき,在宅（訪問診療）,2024,2024年度,2240.0833333333335
R7,07,福島県,0707,いわき,在宅（訪問診療）,2030,2030年度（現状投影）,2602.7899959852803
R7,07,福島県,0707,いわき,在宅（訪問診療）,2035,2035年度（現状投影）,2832.4829732778226
R7,07,福島県,0707,いわき,在宅（訪問診療）,2040,2040年度（現状投影）,3087.6455659848684
R7,07,福島県,0707,いわき,在宅（訪問診療）,2045,2045年度（現状投影）,3241.053523196341
R7,07,福島県,0707,いわき,在宅（訪問診療）,2050,2050年度（現状投影）,3177.6353147272725
R7,07,福島県,0707,いわき,外来,2024,2024年度,238737.75000000003
R7,07,福島県,0707,いわき,外来,2030,2030年度（現状投影）,237008.98843019636
R7,07,福島県,0707,いわき,外来,2035,2035年度（現状投影）,227975.932296699
R7,07,福島県,0707,いわき,外来,2040,2040年度（現状投影）,217223.12437763406
R7,07,福島県,0707,いわき,外来,2045,2045年度（現状投影）,205700.24805580138
R7,07,福島県,0707,いわき,外来,2050,2050年度（現状投影）,193862.99526077515
R7,07,福島県,0708,会津・南会津,在宅（訪問診療）,2024,2024年度,915.25
R7,07,福島県,0708,会津・南会津,在宅（訪問診療）,2030,2030年度（現状投影）,961.3617581821609
R7,07,福島県,0708,会津・南会津,在宅（訪問診療）,2035,2035年度（現状投影）,969.3209646445816
R7,07,福島県,0708,会津・南会津,在宅（訪問診療）,2040,2040年度（現状投影）,1004.5671626656501
R7,07,福島県,0708,会津・南会津,在宅（訪問診療）,2045,2045年度（現状投影）,1050.2067516828074
R7,07,福島県,0708,会津・南会津,在宅（訪問診療）,2050,2050年度（現状投影）,1017.4441034328579
R7,07,福島県,0708,会津・南会津,外来,2024,2024年度,160769.1666666667
R7,07,福島県,0708,会津・南会津,外来,2030,2030年度（現状投影）,148509.62967103205
R7,07,福島県,0708,会津・南会津,外来,2035,2035年度（現状投影）,138496.790529782
R7,07,福島県,0708,会津・南会津,外来,2040,2040年度（現状投影）,127951.92913870612
R7,07,福島県,0708,会津・南会津,外来,2045,2045年度（現状投影）,117076.76826863489
R7,07,福島県,0708,会津・南会津,外来,2050,2050年度（現状投影）,106469.04356143574
R7,08,茨城県,0801,水戸,在宅（訪問診療）,2024,2024年度,3196
R7,08,茨城県,0801,水戸,在宅（訪問診療）,2030,2030年度（現状投影）,3716.545906240409
R7,08,茨城県,0801,水戸,在宅（訪問診療）,2035,2035年度（現状投影）,4073.93860617187
R7,08,茨城県,0801,水戸,在宅（訪問診療）,2040,2040年度（現状投影）,4409.424151405847
R7,08,茨城県,0801,水戸,在宅（訪問診療）,2045,2045年度（現状投影）,4612.564984811963
R7,08,茨城県,0801,水戸,在宅（訪問診療）,2050,2050年度（現状投影）,4609.432395354954
R7,08,茨城県,0801,水戸,外来,2024,2024年度,340455
R7,08,茨城県,0801,水戸,外来,2030,2030年度（現状投影）,334288.4745740645
R7,08,茨城県,0801,水戸,外来,2035,2035年度（現状投影）,328033.07926072227
R7,08,茨城県,0801,水戸,外来,2040,2040年度（現状投影）,319457.3755135756
R7,08,茨城県,0801,水戸,外来,2045,2045年度（現状投影）,310037.55316624104
R7,08,茨城県,0801,水戸,外来,2050,2050年度（現状投影）,300504.14519054117
R7,08,茨城県,0802,日立,在宅（訪問診療）,2024,2024年度,1823.0833333333337
R7,08,茨城県,0802,日立,在宅（訪問診療）,2030,2030年度（現状投影）,2193.7323188860546
R7,08,茨城県,0802,日立,在宅（訪問診療）,2035,2035年度（現状投影）,2404.4619207866035
R7,08,茨城県,0802,日立,在宅（訪問診療）,2040,2040年度（現状投影）,2534.424475902319
R7,08,茨城県,0802,日立,在宅（訪問診療）,2045,2045年度（現状投影）,2558.450837160616
R7,08,茨城県,0802,日立,在宅（訪問診療）,2050,2050年度（現状投影）,2456.1249418875846
R7,08,茨城県,0802,日立,外来,2024,2024年度,146866.33333333334
R7,08,茨城県,0802,日立,外来,2030,2030年度（現状投影）,138805.79427646234
R7,08,茨城県,0802,日立,外来,2035,2035年度（現状投影）,130182.14127041986
R7,08,茨城県,0802,日立,外来,2040,2040年度（現状投影）,121152.55363418443
R7,08,茨城県,0802,日立,外来,2045,2045年度（現状投影）,112383.49527518194
R7,08,茨城県,0802,日立,外来,2050,2050年度（現状投影）,103915.66540455716
R7,08,茨城県,0803,常陸太田・ひたちなか,在宅（訪問診療）,2024,2024年度,1429.2499999999998
R7,08,茨城県,0803,常陸太田・ひたちなか,在宅（訪問診療）,2030,2030年度（現状投影）,1621.8365161166166
R7,08,茨城県,0803,常陸太田・ひたちなか,在宅（訪問診療）,2035,2035年度（現状投影）,1770.9752631016122
R7,08,茨城県,0803,常陸太田・ひたちなか,在宅（訪問診療）,2040,2040年度（現状投影）,1911.205835319878
R7,08,茨城県,0803,常陸太田・ひたちなか,在宅（訪問診療）,2045,2045年度（現状投影）,2002.5703030831166
R7,08,茨城県,0803,常陸太田・ひたちなか,在宅（訪問診療）,2050,2050年度（現状投影）,1998.5663140771703
R7,08,茨城県,0803,常陸太田・ひたちなか,外来,2024,2024年度,203115.83333333334
R7,08,茨城県,0803,常陸太田・ひたちなか,外来,2030,2030年度（現状投影）,196780.3163542334
R7,08,茨城県,0803,常陸太田・ひたちなか,外来,2035,2035年度（現状投影）,191012.03051413695
R7,08,茨城県,0803,常陸太田・ひたちなか,外来,2040,2040年度（現状投影）,184078.603272498
R7,08,茨城県,0803,常陸太田・ひたちなか,外来,2045,2045年度（現状投影）,176661.6198871552
R7,08,茨城県,0803,常陸太田・ひたちなか,外来,2050,2050年度（現状投影）,168933.18882008846
R7,08,茨城県,0804,鹿行,在宅（訪問診療）,2024,2024年度,812.4166666666667
R7,08,茨城県,0804,鹿行,在宅（訪問診療）,2030,2030年度（現状投影）,945.5104739374514
R7,08,茨城県,0804,鹿行,在宅（訪問診療）,2035,2035年度（現状投影）,1054.037421592492
R7,08,茨城県,0804,鹿行,在宅（訪問診療）,2040,2040年度（現状投影）,1140.763663947397
R7,08,茨城県,0804,鹿行,在宅（訪問診療）,2045,2045年度（現状投影）,1183.2330531148245
R7,08,茨城県,0804,鹿行,在宅（訪問診療）,2050,2050年度（現状投影）,1159.3629972022682
R7,08,茨城県,0804,鹿行,外来,2024,2024年度,130610.16666666669
R7,08,茨城県,0804,鹿行,外来,2030,2030年度（現状投影）,127424.98561916442
R7,08,茨城県,0804,鹿行,外来,2035,2035年度（現状投影）,124185.33728771242
R7,08,茨城県,0804,鹿行,外来,2040,2040年度（現状投影）,119920.15696723716
R7,08,茨城県,0804,鹿行,外来,2045,2045年度（現状投影）,115552.53464643873
R7,08,茨城県,0804,鹿行,外来,2050,2050年度（現状投影）,111442.81020550823
R7,08,茨城県,0805,土浦,在宅（訪問診療）,2024,2024年度,2686.666666666666
R7,08,茨城県,0805,土浦,在宅（訪問診療）,2030,2030年度（現状投影）,3203.3759543378437
R7,08,茨城県,0805,土浦,在宅（訪問診療）,2035,2035年度（現状投影）,3525.4351498258097
R7,08,茨城県,0805,土浦,在宅（訪問診療）,2040,2040年度（現状投影）,3745.8937237083214
R7,08,茨城県,0805,土浦,在宅（訪問診療）,2045,2045年度（現状投影）,3813.461585789526
R7,08,茨城県,0805,土浦,在宅（訪問診療）,2050,2050年度（現状投影）,3756.5013560740736
R7,08,茨城県,0805,土浦,外来,2024,2024年度,165603.75
R7,08,茨城県,0805,土浦,外来,2030,2030年度（現状投影）,161876.93294916398
R7,08,茨城県,0805,土浦,外来,2035,2035年度（現状投影）,157356.14492220586
R7,08,茨城県,0805,土浦,外来,2040,2040年度（現状投影）,151796.1816509111
R7,08,茨城県,0805,土浦,外来,2045,2045年度（現状投影）,146119.99553964412
R7,08,茨城県,0805,土浦,外来,2050,2050年度（現状投影）,140902.17160357532
R7,08,茨城県,0806,つくば,在宅（訪問診療）,2024,2024年度,4314.166666666666
R7,08,茨城県,0806,つくば,在宅（訪問診療）,2030,2030年度（現状投影）,5362.029565148752
R7,08,茨城県,0806,つくば,在宅（訪問診療）,2035,2035年度（現状投影）,6170.43865548026
R7,08,茨城県,0806,つくば,在宅（訪問診療）,2040,2040年度（現状投影）,6851.304835480714
R7,08,茨城県,0806,つくば,在宅（訪問診療）,2045,2045年度（現状投影）,7238.615656084199
R7,08,茨城県,0806,つくば,在宅（訪問診療）,2050,2050年度（現状投影）,7490.962094833257
R7,08,茨城県,0806,つくば,外来,2024,2024年度,266353.74999999994
R7,08,茨城県,0806,つくば,外来,2030,2030年度（現状投影）,268747.5468774356
R7,08,茨城県,0806,つくば,外来,2035,2035年度（現状投影）,273212.08759543474
R7,08,茨城県,0806,つくば,外来,2040,2040年度（現状投影）,276023.5850784791
R7,08,茨城県,0806,つくば,外来,2045,2045年度（現状投影）,277677.833782052
R7,08,茨城県,0806,つくば,外来,2050,2050年度（現状投影）,278594.38663713343
R7,08,茨城県,0807,取手・竜ヶ崎,在宅（訪問診療）,2024,2024年度,1848.166666666667
R7,08,茨城県,0807,取手・竜ヶ崎,在宅（訪問診療）,2030,2030年度（現状投影）,2342.1844984080303
R7,08,茨城県,0807,取手・竜ヶ崎,在宅（訪問診療）,2035,2035年度（現状投影）,2725.5396694483334
R7,08,茨城県,0807,取手・竜ヶ崎,在宅（訪問診療）,2040,2040年度（現状投影）,3012.737559985163
R7,08,茨城県,0807,取手・竜ヶ崎,在宅（訪問診療）,2045,2045年度（現状投影）,3117.1394094685975
R7,08,茨城県,0807,取手・竜ヶ崎,在宅（訪問診療）,2050,2050年度（現状投影）,3014.1523534952203
R7,08,茨城県,0807,取手・竜ヶ崎,外来,2024,2024年度,286456.75
R7,08,茨城県,0807,取手・竜ヶ崎,外来,2030,2030年度（現状投影）,280061.63821864454
R7,08,茨城県,0807,取手・竜ヶ崎,外来,2035,2035年度（現状投影）,272564.4306606769
R7,08,茨城県,0807,取手・竜ヶ崎,外来,2040,2040年度（現状投影）,263101.12483518565
R7,08,茨城県,0807,取手・竜ヶ崎,外来,2045,2045年度（現状投影）,254874.16107138834
R7,08,茨城県,0807,取手・竜ヶ崎,外来,2050,2050年度（現状投影）,248390.76217375224
R7,08,茨城県,0808,筑西・下妻,在宅（訪問診療）,2024,2024年度,1320.1666666666667
R7,08,茨城県,0808,筑西・下妻,在宅（訪問診療）,2030,2030年度（現状投影）,1512.3627981992754
R7,08,茨城県,0808,筑西・下妻,在宅（訪問診療）,2035,2035年度（現状投影）,1665.8392359908398
R7,08,茨城県,0808,筑西・下妻,在宅（訪問診療）,2040,2040年度（現状投影）,1819.3244346928266
R7,08,茨城県,0808,筑西・下妻,在宅（訪問診療）,2045,2045年度（現状投影）,1884.9066560909803
R7,08,茨城県,0808,筑西・下妻,在宅（訪問診療）,2050,2050年度（現状投影）,1823.0341654737474
R7,08,茨城県,0808,筑西・下妻,外来,2024,2024年度,134044.41666666666
R7,08,茨城県,0808,筑西・下妻,外来,2030,2030年度（現状投影）,128365.53512437486
R7,08,茨城県,0808,筑西・下妻,外来,2035,2035年度（現状投影）,123262.84252481944
R7,08,茨城県,0808,筑西・下妻,外来,2040,2040年度（現状投影）,116806.24880296049
R7,08,茨城県,0808,筑西・下妻,外来,2045,2045年度（現状投影）,109880.07265680056
R7,08,茨城県,0808,筑西・下妻,外来,2050,2050年度（現状投影）,103312.52162194524
R7,08,茨城県,0809,古河・坂東,在宅（訪問診療）,2024,2024年度,1447.5
R7,08,茨城県,0809,古河・坂東,在宅（訪問診療）,2030,2030年度（現状投影）,1733.1861741795713
R7,08,茨城県,0809,古河・坂東,在宅（訪問診療）,2035,2035年度（現状投影）,1973.9900369780153
R7,08,茨城県,0809,古河・坂東,在宅（訪問診療）,2040,2040年度（現状投影）,2192.4227128963344
R7,08,茨城県,0809,古河・坂東,在宅（訪問診療）,2045,2045年度（現状投影）,2286.745065857315
R7,08,茨城県,0809,古河・坂東,在宅（訪問診療）,2050,2050年度（現状投影）,2229.0372660943153
R7,08,茨城県,0809,古河・坂東,外来,2024,2024年度,125451.74999999999
R7,08,茨城県,0809,古河・坂東,外来,2030,2030年度（現状投影）,121688.04937794649
R7,08,茨城県,0809,古河・坂東,外来,2035,2035年度（現状投影）,118298.30219090366
R7,08,茨城県,0809,古河・坂東,外来,2040,2040年度（現状投影）,113709.48599837978
R7,08,茨城県,0809,古河・坂東,外来,2045,2045年度（現状投影）,108804.8116597098
R7,08,茨城県,0809,古河・坂東,外来,2050,2050年度（現状投影）,104158.00159155144
R7,09,栃木県,0901,県北,在宅（訪問診療）,2024,2024年度,1761.0833333333335
R7,09,栃木県,0901,県北,在宅（訪問診療）,2030,2030年度（現状投影）,2009.9617922744405
R7,09,栃木県,0901,県北,在宅（訪問診療）,2035,2035年度（現状投影）,2245.810609261926
R7,09,栃木県,0901,県北,在宅（訪問診療）,2040,2040年度（現状投影）,2513.4702956436436
R7,09,栃木県,0901,県北,在宅（訪問診療）,2045,2045年度（現状投影）,2665.307576224092
R7,09,栃木県,0901,県北,在宅（訪問診療）,2050,2050年度（現状投影）,2616.3353838046783
R7,09,栃木県,0901,県北,外来,2024,2024年度,223784.99999999997
R7,09,栃木県,0901,県北,外来,2030,2030年度（現状投影）,217043.04627069738
R7,09,栃木県,0901,県北,外来,2035,2035年度（現状投影）,210574.223085535
R7,09,栃木県,0901,県北,外来,2040,2040年度（現状投影）,202135.46954059423
R7,09,栃木県,0901,県北,外来,2045,2045年度（現状投影）,192411.52954151834
R7,09,栃木県,0901,県北,外来,2050,2050年度（現状投影）,182838.7163334602
R7,09,栃木県,0902,県西,在宅（訪問診療）,2024,2024年度,764.4999999999999
R7,09,栃木県,0902,県西,在宅（訪問診療）,2030,2030年度（現状投影）,836.1298458770543
R7,09,栃木県,0902,県西,在宅（訪問診療）,2035,2035年度（現状投影）,916.2798767293567
R7,09,栃木県,0902,県西,在宅（訪問診療）,2040,2040年度（現状投影）,1000.0198514440476
R7,09,栃木県,0902,県西,在宅（訪問診療）,2045,2045年度（現状投影）,1045.7656152148622
R7,09,栃木県,0902,県西,在宅（訪問診療）,2050,2050年度（現状投影）,1011.3773548791412
R7,09,栃木県,0902,県西,外来,2024,2024年度,96235.25
R7,09,栃木県,0902,県西,外来,2030,2030年度（現状投影）,89891.77124874982
R7,09,栃木県,0902,県西,外来,2035,2035年度（現状投影）,85454.14539084738
R7,09,栃木県,0902,県西,外来,2040,2040年度（現状投影）,80187.02437762728
R7,09,栃木県,0902,県西,外来,2045,2045年度（現状投影）,74652.04610445422
R7,09,栃木県,0902,県西,外来,2050,2050年度（現状投影）,69271.60091773253
R7,09,栃木県,0903,宇都宮,在宅（訪問診療）,2024,2024年度,4183.75
R7,09,栃木県,0903,宇都宮,在宅（訪問診療）,2030,2030年度（現状投影）,5370.789368158847
R7,09,栃木県,0903,宇都宮,在宅（訪問診療）,2035,2035年度（現状投影）,6130.447934826178
R7,09,栃木県,0903,宇都宮,在宅（訪問診療）,2040,2040年度（現状投影）,6829.3336289473245
R7,09,栃木県,0903,宇都宮,在宅（訪問診療）,2045,2045年度（現状投影）,7170.373073639596
R7,09,栃木県,0903,宇都宮,在宅（訪問診療）,2050,2050年度（現状投影）,7196.012859076046
R7,09,栃木県,0903,宇都宮,外来,2024,2024年度,407936.41666666674
R7,09,栃木県,0903,宇都宮,外来,2030,2030年度（現状投影）,407016.67408318236
R7,09,栃木県,0903,宇都宮,外来,2035,2035年度（現状投影）,404500.98239134834
R7,09,栃木県,0903,宇都宮,外来,2040,2040年度（現状投影）,400142.7790210926
R7,09,栃木県,0903,宇都宮,外来,2045,2045年度（現状投影）,394699.22091619537
R7,09,栃木県,0903,宇都宮,外来,2050,2050年度（現状投影）,388520.0127320409
R7,09,栃木県,0904,県東,在宅（訪問診療）,2024,2024年度,555.1666666666666
R7,09,栃木県,0904,県東,在宅（訪問診療）,2030,2030年度（現状投影）,625.3848939322555
R7,09,栃木県,0904,県東,在宅（訪問診療）,2035,2035年度（現状投影）,692.4449101166877
R7,09,栃木県,0904,県東,在宅（訪問診療）,2040,2040年度（現状投影）,769.5308013674988
R7,09,栃木県,0904,県東,在宅（訪問診療）,2045,2045年度（現状投影）,828.6267629130792
R7,09,栃木県,0904,県東,在宅（訪問診療）,2050,2050年度（現状投影）,815.4901919449992
R7,09,栃木県,0904,県東,外来,2024,2024年度,82742.58333333333
R7,09,栃木県,0904,県東,外来,2030,2030年度（現状投影）,79010.48141512298
R7,09,栃木県,0904,県東,外来,2035,2035年度（現状投影）,76373.33053859204
R7,09,栃木県,0904,県東,外来,2040,2040年度（現状投影）,72786.05376975628
R7,09,栃木県,0904,県東,外来,2045,2045年度（現状投影）,68748.9287299761
R7,09,栃木県,0904,県東,外来,2050,2050年度（現状投影）,64818.01988707011
R7,09,栃木県,0905,県南,在宅（訪問診療）,2024,2024年度,3475.7499999999995
R7,09,栃木県,0905,県南,在宅（訪問診療）,2030,2030年度（現状投影）,4095.469889563499
R7,09,栃木県,0905,県南,在宅（訪問診療）,2035,2035年度（現状投影）,4616.208517501724
R7,09,栃木県,0905,県南,在宅（訪問診療）,2040,2040年度（現状投影）,5089.957665403706
R7,09,栃木県,0905,県南,在宅（訪問診療）,2045,2045年度（現状投影）,5300.345633389125
R7,09,栃木県,0905,県南,在宅（訪問診療）,2050,2050年度（現状投影）,5237.899667391882
R7,09,栃木県,0905,県南,外来,2024,2024年度,356078.3333333334
R7,09,栃木県,0905,県南,外来,2030,2030年度（現状投影）,350991.29417741986
R7,09,栃木県,0905,県南,外来,2035,2035年度（現状投影）,343914.7113791808
R7,09,栃木県,0905,県南,外来,2040,2040年度（現状投影）,333857.470226418
R7,09,栃木県,0905,県南,外来,2045,2045年度（現状投影）,323123.044669392
R7,09,栃木県,0905,県南,外来,2050,2050年度（現状投影）,312774.4686492916
R7,09,栃木県,0906,両毛,在宅（訪問診療）,2024,2024年度,2515.1666666666665
R7,09,栃木県,0906,両毛,在宅（訪問診療）,2030,2030年度（現状投影）,2892.869490769393
R7,09,栃木県,0906,両毛,在宅（訪問診療）,2035,2035年度（現状投影）,3149.574583839048
R7,09,栃木県,0906,両毛,在宅（訪問診療）,2040,2040年度（現状投影）,3322.6574989689216
R7,09,栃木県,0906,両毛,在宅（訪問診療）,2045,2045年度（現状投影）,3334.3236211482968
R7,09,栃木県,0906,両毛,在宅（訪問診療）,2050,2050年度（現状投影）,3230.5102173005425
R7,09,栃木県,0906,両毛,外来,2024,2024年度,182188.5
R7,09,栃木県,0906,両毛,外来,2030,2030年度（現状投影）,176376.04478759624
R7,09,栃木県,0906,両毛,外来,2035,2035年度（現状投影）,169396.7472134118
R7,09,栃木県,0906,両毛,外来,2040,2040年度（現状投影）,161501.093569478
R7,09,栃木県,0906,両毛,外来,2045,2045年度（現状投影）,153740.55231573447
R7,09,栃木県,0906,両毛,外来,2050,2050年度（現状投影）,146442.68919842225
R7,10,群馬県,1001,前橋,在宅（訪問診療）,2024,2024年度,6501.916666666667
R7,10,群馬県,1001,前橋,在宅（訪問診療）,2030,2030年度（現状投影）,7655.145868594504
R7,10,群馬県,1001,前橋,在宅（訪問診療）,2035,2035年度（現状投影）,8434.993972118084
R7,10,群馬県,1001,前橋,在宅（訪問診療）,2040,2040年度（現状投影）,9032.98715192778
R7,10,群馬県,1001,前橋,在宅（訪問診療）,2045,2045年度（現状投影）,9273.981286308863
R7,10,群馬県,1001,前橋,在宅（訪問診療）,2050,2050年度（現状投影）,9241.515561258891
R7,10,群馬県,1001,前橋,外来,2024,2024年度,281836.41666666674
R7,10,群馬県,1001,前橋,外来,2030,2030年度（現状投影）,277667.5090007784
R7,10,群馬県,1001,前橋,外来,2035,2035年度（現状投影）,271692.2408811246
R7,10,群馬県,1001,前橋,外来,2040,2040年度（現状投影）,264049.0383443031
R7,10,群馬県,1001,前橋,外来,2045,2045年度（現状投影）,256232.4043397932
R7,10,群馬県,1001,前橋,外来,2050,2050年度（現状投影）,248334.68834604567
R7,10,群馬県,1002,渋川,在宅（訪問診療）,2024,2024年度,687.6666666666666
R7,10,群馬県,1002,渋川,在宅（訪問診療）,2030,2030年度（現状投影）,796.8068715759885
R7,10,群馬県,1002,渋川,在宅（訪問診療）,2035,2035年度（現状投影）,880.3935193584633
R7,10,群馬県,1002,渋川,在宅（訪問診療）,2040,2040年度（現状投影）,950.5253230523913
R7,10,群馬県,1002,渋川,在宅（訪問診療）,2045,2045年度（現状投影）,977.1383497695439
R7,10,群馬県,1002,渋川,在宅（訪問診療）,2050,2050年度（現状投影）,943.0789940080047
R7,10,群馬県,1002,渋川,外来,2024,2024年度,69325.5
R7,10,群馬県,1002,渋川,外来,2030,2030年度（現状投影）,66573.13644827373
R7,10,群馬県,1002,渋川,外来,2035,2035年度（現状投影）,64245.31076516677
R7,10,群馬県,1002,渋川,外来,2040,2040年度（現状投影）,61207.22937770799
R7,10,群馬県,1002,渋川,外来,2045,2045年度（現状投影）,57955.71570758859
R7,10,群馬県,1002,渋川,外来,2050,2050年度（現状投影）,54848.13741936723
R7,10,群馬県,1003,伊勢崎,在宅（訪問診療）,2024,2024年度,2543.4166666666665
R7,10,群馬県,1003,伊勢崎,在宅（訪問診療）,2030,2030年度（現状投影）,3091.53158907181
R7,10,群馬県,1003,伊勢崎,在宅（訪問診療）,2035,2035年度（現状投影）,3481.926724176549
R7,10,群馬県,1003,伊勢崎,在宅（訪問診療）,2040,2040年度（現状投影）,3794.3654648377174
R7,10,群馬県,1003,伊勢崎,在宅（訪問診療）,2045,2045年度（現状投影）,3973.834813831105
R7,10,群馬県,1003,伊勢崎,在宅（訪問診療）,2050,2050年度（現状投影）,4070.038808913615
R7,10,群馬県,1003,伊勢崎,外来,2024,2024年度,163093.83333333334
R7,10,群馬県,1003,伊勢崎,外来,2030,2030年度（現状投影）,164636.28764597877
R7,10,群馬県,1003,伊勢崎,外来,2035,2035年度（現状投影）,164430.04855814364
R7,10,群馬県,1003,伊勢崎,外来,2040,2040年度（現状投影）,163110.56586170825
R7,10,群馬県,1003,伊勢崎,外来,2045,2045年度（現状投影）,161257.72233607265
R7,10,群馬県,1003,伊勢崎,外来,2050,2050年度（現状投影）,158866.3937027033
R7,10,群馬県,1004,高崎・安中,在宅（訪問診療）,2024,2024年度,5207.416666666666
R7,10,群馬県,1004,高崎・安中,在宅（訪問診療）,2030,2030年度（現状投影）,6145.921970270703
R7,10,群馬県,1004,高崎・安中,在宅（訪問診療）,2035,2035年度（現状投影）,6850.202287469047
R7,10,群馬県,1004,高崎・安中,在宅（訪問診療）,2040,2040年度（現状投影）,7397.582249279547
R7,10,群馬県,1004,高崎・安中,在宅（訪問診療）,2045,2045年度（現状投影）,7592.409497232362
R7,10,群馬県,1004,高崎・安中,在宅（訪問診療）,2050,2050年度（現状投影）,7580.22166834221
R7,10,群馬県,1004,高崎・安中,外来,2024,2024年度,313848.7500000001
R7,10,群馬県,1004,高崎・安中,外来,2030,2030年度（現状投影）,313666.4694896293
R7,10,群馬県,1004,高崎・安中,外来,2035,2035年度（現状投影）,309255.3224928353
R7,10,群馬県,1004,高崎・安中,外来,2040,2040年度（現状投影）,302939.92319870676
R7,10,群馬県,1004,高崎・安中,外来,2045,2045年度（現状投影）,296434.6035464052
R7,10,群馬県,1004,高崎・安中,外来,2050,2050年度（現状投影）,290152.555920078
R7,10,群馬県,1005,藤岡,在宅（訪問診療）,2024,2024年度,638.9166666666666
R7,10,群馬県,1005,藤岡,在宅（訪問診療）,2030,2030年度（現状投影）,740.8437628552665
R7,10,群馬県,1005,藤岡,在宅（訪問診療）,2035,2035年度（現状投影）,801.9504298559904
R7,10,群馬県,1005,藤岡,在宅（訪問診療）,2040,2040年度（現状投影）,852.4581879400762
R7,10,群馬県,1005,藤岡,在宅（訪問診療）,2045,2045年度（現状投影）,861.2966636910061
R7,10,群馬県,1005,藤岡,在宅（訪問診療）,2050,2050年度（現状投影）,826.7149472984751
R7,10,群馬県,1005,藤岡,外来,2024,2024年度,44321.083333333336
R7,10,群馬県,1005,藤岡,外来,2030,2030年度（現状投影）,42301.88783256442
R7,10,群馬県,1005,藤岡,外来,2035,2035年度（現状投影）,40426.442144060115
R7,10,群馬県,1005,藤岡,外来,2040,2040年度（現状投影）,38210.71328067695
R7,10,群馬県,1005,藤岡,外来,2045,2045年度（現状投影）,35954.95524522716
R7,10,群馬県,1005,藤岡,外来,2050,2050年度（現状投影）,33853.59620395475
R7,10,群馬県,1006,富岡,在宅（訪問診療）,2024,2024年度,706.1666666666666
R7,10,群馬県,1006,富岡,在宅（訪問診療）,2030,2030年度（現状投影）,789.5386157013469
R7,10,群馬県,1006,富岡,在宅（訪問診療）,2035,2035年度（現状投影）,837.6143014846483
R7,10,群馬県,1006,富岡,在宅（訪問診療）,2040,2040年度（現状投影）,866.7623994747621
R7,10,群馬県,1006,富岡,在宅（訪問診療）,2045,2045年度（現状投影）,875.048234833786
R7,10,群馬県,1006,富岡,在宅（訪問診療）,2050,2050年度（現状投影）,836.7810998478438
R7,10,群馬県,1006,富岡,外来,2024,2024年度,41673.166666666664
R7,10,群馬県,1006,富岡,外来,2030,2030年度（現状投影）,38926.08771976257
R7,10,群馬県,1006,富岡,外来,2035,2035年度（現状投影）,36648.55086479727
R7,10,群馬県,1006,富岡,外来,2040,2040年度（現状投影）,34045.09588725406
R7,10,群馬県,1006,富岡,外来,2045,2045年度（現状投影）,31340.289954355765
R7,10,群馬県,1006,富岡,外来,2050,2050年度（現状投影）,28860.123979574066
R7,10,群馬県,1007,吾妻,在宅（訪問診療）,2024,2024年度,274.58333333333337
R7,10,群馬県,1007,吾妻,在宅（訪問診療）,2030,2030年度（現状投影）,285.6960698231569
R7,10,群馬県,1007,吾妻,在宅（訪問診療）,2035,2035年度（現状投影）,302.00164905976374
R7,10,群馬県,1007,吾妻,在宅（訪問診療）,2040,2040年度（現状投影）,323.65325178126466
R7,10,群馬県,1007,吾妻,在宅（訪問診療）,2045,2045年度（現状投影）,335.3759636483213
R7,10,群馬県,1007,吾妻,在宅（訪問診療）,2050,2050年度（現状投影）,313.3861515716919
R7,10,群馬県,1007,吾妻,外来,2024,2024年度,21037.333333333332
R7,10,群馬県,1007,吾妻,外来,2030,2030年度（現状投影）,19237.75933711569
R7,10,群馬県,1007,吾妻,外来,2035,2035年度（現状投影）,17975.590185107256
R7,10,群馬県,1007,吾妻,外来,2040,2040年度（現状投影）,16497.21087378312
R7,10,群馬県,1007,吾妻,外来,2045,2045年度（現状投影）,14927.92476846399
R7,10,群馬県,1007,吾妻,外来,2050,2050年度（現状投影）,13443.841074699729
R7,10,群馬県,1008,沼田,在宅（訪問診療）,2024,2024年度,369.75000000000006
R7,10,群馬県,1008,沼田,在宅（訪問診療）,2030,2030年度（現状投影）,386.9208127996904
R7,10,群馬県,1008,沼田,在宅（訪問診療）,2035,2035年度（現状投影）,403.44312422935667
R7,10,群馬県,1008,沼田,在宅（訪問診療）,2040,2040年度（現状投影）,425.7933115867074
R7,10,群馬県,1008,沼田,在宅（訪問診療）,2045,2045年度（現状投影）,438.4867775725921
R7,10,群馬県,1008,沼田,在宅（訪問診療）,2050,2050年度（現状投影）,419.6986993181557
R7,10,群馬県,1008,沼田,外来,2024,2024年度,47824.083333333336
R7,10,群馬県,1008,沼田,外来,2030,2030年度（現状投影）,43631.7477520505
R7,10,群馬県,1008,沼田,外来,2035,2035年度（現状投影）,40865.15896170874
R7,10,群馬県,1008,沼田,外来,2040,2040年度（現状投影）,37830.60629643155
R7,10,群馬県,1008,沼田,外来,2045,2045年度（現状投影）,34595.876547738226
R7,10,群馬県,1008,沼田,外来,2050,2050年度（現状投影）,31478.239849183003
R7,10,群馬県,1009,桐生,在宅（訪問診療）,2024,2024年度,1545.5
R7,10,群馬県,1009,桐生,在宅（訪問診療）,2030,2030年度（現状投影）,1765.6822528927405
R7,10,群馬県,1009,桐生,在宅（訪問診療）,2035,2035年度（現状投影）,1924.6292526084887
R7,10,群馬県,1009,桐生,在宅（訪問診療）,2040,2040年度（現状投影）,2008.9725654344616
R7,10,群馬県,1009,桐生,在宅（訪問診療）,2045,2045年度（現状投影）,1957.5035189138398
R7,10,群馬県,1009,桐生,在宅（訪問診療）,2050,2050年度（現状投影）,1844.7847914184904
R7,10,群馬県,1009,桐生,外来,2024,2024年度,102896.33333333334
R7,10,群馬県,1009,桐生,外来,2030,2030年度（現状投影）,95115.98547970649
R7,10,群馬県,1009,桐生,外来,2035,2035年度（現状投影）,89242.58557116601
R7,10,群馬県,1009,桐生,外来,2040,2040年度（現状投影）,83129.10715028274
R7,10,群馬県,1009,桐生,外来,2045,2045年度（現状投影）,77348.1164895218
R7,10,群馬県,1009,桐生,外来,2050,2050年度（現状投影）,72027.55577436757
R7,10,群馬県,1010,太田・館林,在宅（訪問診療）,2024,2024年度,3858.500000000001
R7,10,群馬県,1010,太田・館林,在宅（訪問診療）,2030,2030年度（現状投影）,4697.645233190452
R7,10,群馬県,1010,太田・館林,在宅（訪問診療）,2035,2035年度（現状投影）,5329.842021146131
R7,10,群馬県,1010,太田・館林,在宅（訪問診療）,2040,2040年度（現状投影）,5733.508544679076
R7,10,群馬県,1010,太田・館林,在宅（訪問診療）,2045,2045年度（現状投影）,5802.147854240689
R7,10,群馬県,1010,太田・館林,在宅（訪問診療）,2050,2050年度（現状投影）,5719.834410173642
R7,10,群馬県,1010,太田・館林,外来,2024,2024年度,243821.41666666663
R7,10,群馬県,1010,太田・館林,外来,2030,2030年度（現状投影）,242628.71295752807
R7,10,群馬県,1010,太田・館林,外来,2035,2035年度（現状投影）,238917.91503036759
R7,10,群馬県,1010,太田・館林,外来,2040,2040年度（現状投影）,233561.36361186596
R7,10,群馬県,1010,太田・館林,外来,2045,2045年度（現状投影）,228551.3063159533
R7,10,群馬県,1010,太田・館林,外来,2050,2050年度（現状投影）,223987.76137752985
R7,11,埼玉県,1101,南部,在宅（訪問診療）,2024,2024年度,7260.666666666667
R7,11,埼玉県,1101,南部,在宅（訪問診療）,2030,2030年度（現状投影）,9528.56670114934
R7,11,埼玉県,1101,南部,在宅（訪問診療）,2035,2035年度（現状投影）,10782.318859258794
R7,11,埼玉県,1101,南部,在宅（訪問診療）,2040,2040年度（現状投影）,11678.146446237848
R7,11,埼玉県,1101,南部,在宅（訪問診療）,2045,2045年度（現状投影）,12166.122346299375
R7,11,埼玉県,1101,南部,在宅（訪問診療）,2050,2050年度（現状投影）,12563.20890043251
R7,11,埼玉県,1101,南部,外来,2024,2024年度,476449.24999999994
R7,11,埼玉県,1101,南部,外来,2030,2030年度（現状投影）,488405.1188889003
R7,11,埼玉県,1101,南部,外来,2035,2035年度（現状投影）,496013.8088767963
R7,11,埼玉県,1101,南部,外来,2040,2040年度（現状投影）,502953.283077269
R7,11,埼玉県,1101,南部,外来,2045,2045年度（現状投影）,509851.18849644216
R7,11,埼玉県,1101,南部,外来,2050,2050年度（現状投影）,515670.9078443024
R7,11,埼玉県,1102,南西部,在宅（訪問診療）,2024,2024年度,5586.166666666667
R7,11,埼玉県,1102,南西部,在宅（訪問診療）,2030,2030年度（現状投影）,7394.89048043688
R7,11,埼玉県,1102,南西部,在宅（訪問診療）,2035,2035年度（現状投影）,8409.952668318185
R7,11,埼玉県,1102,南西部,在宅（訪問診療）,2040,2040年度（現状投影）,9053.571493784057
R7,11,埼玉県,1102,南西部,在宅（訪問診療）,2045,2045年度（現状投影）,9293.54771202277
R7,11,埼玉県,1102,南西部,在宅（訪問診療）,2050,2050年度（現状投影）,9449.847938300143
R7,11,埼玉県,1102,南西部,外来,2024,2024年度,401881.4166666666
R7,11,埼玉県,1102,南西部,外来,2030,2030年度（現状投影）,409130.08620515664
R7,11,埼玉県,1102,南西部,外来,2035,2035年度（現状投影）,412156.17272812006
R7,11,埼玉県,1102,南西部,外来,2040,2040年度（現状投影）,414760.6300707077
R7,11,埼玉県,1102,南西部,外来,2045,2045年度（現状投影）,418305.8628060331
R7,11,埼玉県,1102,南西部,外来,2050,2050年度（現状投影）,421700.920440854
R7,11,埼玉県,1103,東部,在宅（訪問診療）,2024,2024年度,10219.833333333334
R7,11,埼玉県,1103,東部,在宅（訪問診療）,2030,2030年度（現状投影）,13596.641966355377
R7,11,埼玉県,1103,東部,在宅（訪問診療）,2035,2035年度（現状投影）,15710.94058259975
R7,11,埼玉県,1103,東部,在宅（訪問診療）,2040,2040年度（現状投影）,16921.39444816494
R7,11,埼玉県,1103,東部,在宅（訪問診療）,2045,2045年度（現状投影）,16934.22451873053
R7,11,埼玉県,1103,東部,在宅（訪問診療）,2050,2050年度（現状投影）,16704.050608176083
R7,11,埼玉県,1103,東部,外来,2024,2024年度,705785.25
R7,11,埼玉県,1103,東部,外来,2030,2030年度（現状投影）,711473.0712266141
R7,11,埼玉県,1103,東部,外来,2035,2035年度（現状投影）,705942.238959514
R7,11,埼玉県,1103,東部,外来,2040,2040年度（現状投影）,699331.3679248373
R7,11,埼玉県,1103,東部,外来,2045,2045年度（現状投影）,696926.1192439875
R7,11,埼玉県,1103,東部,外来,2050,2050年度（現状投影）,697006.3490445109
R7,11,埼玉県,1104,さいたま,在宅（訪問診療）,2024,2024年度,21120.5
R7,11,埼玉県,1104,さいたま,在宅（訪問診療）,2030,2030年度（現状投影）,27430.662581808505
R7,11,埼玉県,1104,さいたま,在宅（訪問診療）,2035,2035年度（現状投影）,31159.854879181446
R7,11,埼玉県,1104,さいたま,在宅（訪問診療）,2040,2040年度（現状投影）,33945.90781006216
R7,11,埼玉県,1104,さいたま,在宅（訪問診療）,2045,2045年度（現状投影）,35550.75016471901
R7,11,埼玉県,1104,さいたま,在宅（訪問診療）,2050,2050年度（現状投影）,36707.242132061176
R7,11,埼玉県,1104,さいたま,外来,2024,2024年度,949252.0000000001
R7,11,埼玉県,1104,さいたま,外来,2030,2030年度（現状投影）,974260.8091140222
R7,11,埼玉県,1104,さいたま,外来,2035,2035年度（現状投影）,986665.3432778752
R7,11,埼玉県,1104,さいたま,外来,2040,2040年度（現状投影）,995648.3004632812
R7,11,埼玉県,1104,さいたま,外来,2045,2045年度（現状投影）,1003888.1672918546
R7,11,埼玉県,1104,さいたま,外来,2050,2050年度（現状投影）,1009948.5848263598
R7,11,埼玉県,1105,県央,在宅（訪問診療）,2024,2024年度,4043.166666666667
R7,11,埼玉県,1105,県央,在宅（訪問診療）,2030,2030年度（現状投影）,5285.114531281822
R7,11,埼玉県,1105,県央,在宅（訪問診療）,2035,2035年度（現状投影）,6126.224974932241
R7,11,埼玉県,1105,県央,在宅（訪問診療）,2040,2040年度（現状投影）,6658.233566987487
R7,11,埼玉県,1105,県央,在宅（訪問診療）,2045,2045年度（現状投影）,6790.697450617006
R7,11,埼玉県,1105,県央,在宅（訪問診療）,2050,2050年度（現状投影）,6680.248193549933
R7,11,埼玉県,1105,県央,外来,2024,2024年度,333937.25
R7,11,埼玉県,1105,県央,外来,2030,2030年度（現状投影）,330559.0207554104
R7,11,埼玉県,1105,県央,外来,2035,2035年度（現状投影）,324792.99738495523
R7,11,埼玉県,1105,県央,外来,2040,2040年度（現状投影）,317816.80783344194
R7,11,埼玉県,1105,県央,外来,2045,2045年度（現状投影）,312034.89197716047
R7,11,埼玉県,1105,県央,外来,2050,2050年度（現状投影）,307388.66645470465
R7,11,埼玉県,1106,川越比企,在宅（訪問診療）,2024,2024年度,8187.416666666666
R7,11,埼玉県,1106,川越比企,在宅（訪問診療）,2030,2030年度（現状投影）,10489.265061217171
R7,11,埼玉県,1106,川越比企,在宅（訪問診療）,2035,2035年度（現状投影）,12081.76109717243
R7,11,埼玉県,1106,川越比企,在宅（訪問診療）,2040,2040年度（現状投影）,13141.403537420947
R7,11,埼玉県,1106,川越比企,在宅（訪問診療）,2045,2045年度（現状投影）,13358.615929028801
R7,11,埼玉県,1106,川越比企,在宅（訪問診療）,2050,2050年度（現状投影）,12976.872380178622
R7,11,埼玉県,1106,川越比企,外来,2024,2024年度,517075.3333333334
R7,11,埼玉県,1106,川越比企,外来,2030,2030年度（現状投影）,517340.4067549744
R7,11,埼玉県,1106,川越比企,外来,2035,2035年度（現状投影）,506205.33440656756
R7,11,埼玉県,1106,川越比企,外来,2040,2040年度（現状投影）,491844.9316329602
R7,11,埼玉県,1106,川越比企,外来,2045,2045年度（現状投影）,479139.16619146086
R7,11,埼玉県,1106,川越比企,外来,2050,2050年度（現状投影）,469056.5996897847
R7,11,埼玉県,1107,西部,在宅（訪問診療）,2024,2024年度,8199.75
R7,11,埼玉県,1107,西部,在宅（訪問診療）,2030,2030年度（現状投影）,10827.244455159245
R7,11,埼玉県,1107,西部,在宅（訪問診療）,2035,2035年度（現状投影）,12547.548414454552
R7,11,埼玉県,1107,西部,在宅（訪問診療）,2040,2040年度（現状投影）,13664.695659112254
R7,11,埼玉県,1107,西部,在宅（訪問診療）,2045,2045年度（現状投影）,13955.944370945108
R7,11,埼玉県,1107,西部,在宅（訪問診療）,2050,2050年度（現状投影）,13698.790479116777
R7,11,埼玉県,1107,西部,外来,2024,2024年度,462793.3333333334
R7,11,埼玉県,1107,西部,外来,2030,2030年度（現状投影）,462441.49682681914
R7,11,埼玉県,1107,西部,外来,2035,2035年度（現状投影）,453315.47698069405
R7,11,埼玉県,1107,西部,外来,2040,2040年度（現状投影）,440766.41748032166
R7,11,埼玉県,1107,西部,外来,2045,2045年度（現状投影）,429088.39985821006
R7,11,埼玉県,1107,西部,外来,2050,2050年度（現状投影）,419539.34643696813
R7,11,埼玉県,1108,利根,在宅（訪問診療）,2024,2024年度,5592.583333333333
R7,11,埼玉県,1108,利根,在宅（訪問診療）,2030,2030年度（現状投影）,6957.156442207486
R7,11,埼玉県,1108,利根,在宅（訪問診療）,2035,2035年度（現状投影）,7949.913607170452
R7,11,埼玉県,1108,利根,在宅（訪問診療）,2040,2040年度（現状投影）,8611.141580667914
R7,11,埼玉県,1108,利根,在宅（訪問診療）,2045,2045年度（現状投影）,8643.697379123918
R7,11,埼玉県,1108,利根,在宅（訪問診療）,2050,2050年度（現状投影）,8292.458485579407
R7,11,埼玉県,1108,利根,外来,2024,2024年度,367712.0833333333
R7,11,埼玉県,1108,利根,外来,2030,2030年度（現状投影）,358772.56008875
R7,11,埼玉県,1108,利根,外来,2035,2035年度（現状投影）,347896.8450601841
R7,11,埼玉県,1108,利根,外来,2040,2040年度（現状投影）,333290.2637066212
R7,11,埼玉県,1108,利根,外来,2045,2045年度（現状投影）,318801.96919016156
R7,11,埼玉県,1108,利根,外来,2050,2050年度（現状投影）,306700.6478659033
R7,11,埼玉県,1109,北部,在宅（訪問診療）,2024,2024年度,6893.166666666666
R7,11,埼玉県,1109,北部,在宅（訪問診療）,2030,2030年度（現状投影）,8225.524438790842
R7,11,埼玉県,1109,北部,在宅（訪問診療）,2035,2035年度（現状投影）,9107.93131474377
R7,11,埼玉県,1109,北部,在宅（訪問診療）,2040,2040年度（現状投影）,9732.921382880066
R7,11,埼玉県,1109,北部,在宅（訪問診療）,2045,2045年度（現状投影）,9822.128510471064
R7,11,埼玉県,1109,北部,在宅（訪問診療）,2050,2050年度（現状投影）,9655.5194138263
R7,11,埼玉県,1109,北部,外来,2024,2024年度,320777
R7,11,埼玉県,1109,北部,外来,2030,2030年度（現状投影）,316126.9244093935
R7,11,埼玉県,1109,北部,外来,2035,2035年度（現状投影）,308604.7918632548
R7,11,埼玉県,1109,北部,外来,2040,2040年度（現状投影）,297957.8180547808
R7,11,埼玉県,1109,北部,外来,2045,2045年度（現状投影）,286493.18579632166
R7,11,埼玉県,1109,北部,外来,2050,2050年度（現状投影）,275632.2918378687
R7,11,埼玉県,1110,秩父,在宅（訪問診療）,2024,2024年度,917.8333333333333
R7,11,埼玉県,1110,秩父,在宅（訪問診療）,2030,2030年度（現状投影）,993.6704877698977
R7,11,埼玉県,1110,秩父,在宅（訪問診療）,2035,2035年度（現状投影）,1032.1714829332184
R7,11,埼玉県,1110,秩父,在宅（訪問診療）,2040,2040年度（現状投影）,1061.0351833810005
R7,11,埼玉県,1110,秩父,在宅（訪問診療）,2045,2045年度（現状投影）,1061.2526619627015
R7,11,埼玉県,1110,秩父,在宅（訪問診療）,2050,2050年度（現状投影）,1012.187603360896
R7,11,埼玉県,1110,秩父,外来,2024,2024年度,61621.75000000001
R7,11,埼玉県,1110,秩父,外来,2030,2030年度（現状投影）,57130.23497344548
R7,11,埼玉県,1110,秩父,外来,2035,2035年度（現状投影）,53541.50308005475
R7,11,埼玉県,1110,秩父,外来,2040,2040年度（現状投影）,49655.53871920995
R7,11,埼玉県,1110,秩父,外来,2045,2045年度（現状投影）,45590.29678901553
R7,11,埼玉県,1110,秩父,外来,2050,2050年度（現状投影）,41663.38020702173
R7,12,千葉県,1201,千葉,在宅（訪問診療）,2024,2024年度,13423.916666666664
R7,12,千葉県,1201,千葉,在宅（訪問診療）,2030,2030年度（現状投影）,17499.77983585232
R7,12,千葉県,1201,千葉,在宅（訪問診療）,2035,2035年度（現状投影）,19772.20029893037
R7,12,千葉県,1201,千葉,在宅（訪問診療）,2040,2040年度（現状投影）,21242.58285118546
R7,12,千葉県,1201,千葉,在宅（訪問診療）,2045,2045年度（現状投影）,21726.822852850895
R7,12,千葉県,1201,千葉,在宅（訪問診療）,2050,2050年度（現状投影）,21757.667245421526
R7,12,千葉県,1201,千葉,外来,2024,2024年度,664903.8333333333
R7,12,千葉県,1201,千葉,外来,2030,2030年度（現状投影）,665030.6457211571
R7,12,千葉県,1201,千葉,外来,2035,2035年度（現状投影）,662491.848519576
R7,12,千葉県,1201,千葉,外来,2040,2040年度（現状投影）,659653.4674327462
R7,12,千葉県,1201,千葉,外来,2045,2045年度（現状投影）,658076.6103103826
R7,12,千葉県,1201,千葉,外来,2050,2050年度（現状投影）,656028.4114598039
R7,12,千葉県,1202,東葛南部,在宅（訪問診療）,2024,2024年度,19179.583333333332
R7,12,千葉県,1202,東葛南部,在宅（訪問診療）,2030,2030年度（現状投影）,24140.975866935903
R7,12,千葉県,1202,東葛南部,在宅（訪問診療）,2035,2035年度（現状投影）,27357.215202123072
R7,12,千葉県,1202,東葛南部,在宅（訪問診療）,2040,2040年度（現状投影）,29444.61854505015
R7,12,千葉県,1202,東葛南部,在宅（訪問診療）,2045,2045年度（現状投影）,30308.528762121518
R7,12,千葉県,1202,東葛南部,在宅（訪問診療）,2050,2050年度（現状投影）,31052.730398814194
R7,12,千葉県,1202,東葛南部,外来,2024,2024年度,1090594.9166666667
R7,12,千葉県,1202,東葛南部,外来,2030,2030年度（現状投影）,1116725.6631528845
R7,12,千葉県,1202,東葛南部,外来,2035,2035年度（現状投影）,1127107.2923263707
R7,12,千葉県,1202,東葛南部,外来,2040,2040年度（現状投影）,1136264.8235766229
R7,12,千葉県,1202,東葛南部,外来,2045,2045年度（現状投影）,1147033.4329846606
R7,12,千葉県,1202,東葛南部,外来,2050,2050年度（現状投影）,1155122.7094656518
R7,12,千葉県,1203,東葛北部,在宅（訪問診療）,2024,2024年度,17954.083333333336
R7,12,千葉県,1203,東葛北部,在宅（訪問診療）,2030,2030年度（現状投影）,23284.709790297988
R7,12,千葉県,1203,東葛北部,在宅（訪問診療）,2035,2035年度（現状投影）,26826.03675204468
R7,12,千葉県,1203,東葛北部,在宅（訪問診療）,2040,2040年度（現状投影）,29182.35740551563
R7,12,千葉県,1203,東葛北部,在宅（訪問診療）,2045,2045年度（現状投影）,29834.305743899477
R7,12,千葉県,1203,東葛北部,在宅（訪問診療）,2050,2050年度（現状投影）,29763.16060422548
R7,12,千葉県,1203,東葛北部,外来,2024,2024年度,851020.9166666666
R7,12,千葉県,1203,東葛北部,外来,2030,2030年度（現状投影）,864772.573011185
R7,12,千葉県,1203,東葛北部,外来,2035,2035年度（現状投影）,868494.3128940021
R7,12,千葉県,1203,東葛北部,外来,2040,2040年度（現状投影）,869710.1489762173
R7,12,千葉県,1203,東葛北部,外来,2045,2045年度（現状投影）,873204.9316045129
R7,12,千葉県,1203,東葛北部,外来,2050,2050年度（現状投影）,878470.0318014905
R7,12,千葉県,1204,印旛,在宅（訪問診療）,2024,2024年度,4951.416666666666
R7,12,千葉県,1204,印旛,在宅（訪問診療）,2030,2030年度（現状投影）,6621.409305170398
R7,12,千葉県,1204,印旛,在宅（訪問診療）,2035,2035年度（現状投影）,7902.744342349079
R7,12,千葉県,1204,印旛,在宅（訪問診療）,2040,2040年度（現状投影）,8898.847891961725
R7,12,千葉県,1204,印旛,在宅（訪問診療）,2045,2045年度（現状投影）,9210.179569063357
R7,12,千葉県,1204,印旛,在宅（訪問診療）,2050,2050年度（現状投影）,8997.451200839432
R7,12,千葉県,1204,印旛,外来,2024,2024年度,454035.25
R7,12,千葉県,1204,印旛,外来,2030,2030年度（現状投影）,454402.97950925684
R7,12,千葉県,1204,印旛,外来,2035,2035年度（現状投影）,449714.904135095
R7,12,千葉県,1204,印旛,外来,2040,2040年度（現状投影）,441372.05051950517
R7,12,千葉県,1204,印旛,外来,2045,2045年度（現状投影）,433206.90001207596
R7,12,千葉県,1204,印旛,外来,2050,2050年度（現状投影）,426911.93142461125
R7,12,千葉県,1205,香取海匝,在宅（訪問診療）,2024,2024年度,1523.4166666666665
R7,12,千葉県,1205,香取海匝,在宅（訪問診療）,2030,2030年度（現状投影）,1619.2724001827191
R7,12,千葉県,1205,香取海匝,在宅（訪問診療）,2035,2035年度（現状投影）,1703.7237669333294
R7,12,千葉県,1205,香取海匝,在宅（訪問診療）,2040,2040年度（現状投影）,1774.6851767018277
R7,12,千葉県,1205,香取海匝,在宅（訪問診療）,2045,2045年度（現状投影）,1757.8829791122648
R7,12,千葉県,1205,香取海匝,在宅（訪問診療）,2050,2050年度（現状投影）,1655.4713813910878
R7,12,千葉県,1205,香取海匝,外来,2024,2024年度,171788.74999999994
R7,12,千葉県,1205,香取海匝,外来,2030,2030年度（現状投影）,160669.89679812075
R7,12,千葉県,1205,香取海匝,外来,2035,2035年度（現状投影）,150668.9076092923
R7,12,千葉県,1205,香取海匝,外来,2040,2040年度（現状投影）,139436.73040811563
R7,12,千葉県,1205,香取海匝,外来,2045,2045年度（現状投影）,127756.72043680181
R7,12,千葉県,1205,香取海匝,外来,2050,2050年度（現状投影）,116772.87833524523
R7,12,千葉県,1206,山武長生夷隅,在宅（訪問診療）,2024,2024年度,4162.833333333334
R7,12,千葉県,1206,山武長生夷隅,在宅（訪問診療）,2030,2030年度（現状投影）,4632.1998303768305
R7,12,千葉県,1206,山武長生夷隅,在宅（訪問診療）,2035,2035年度（現状投影）,4972.357118203652
R7,12,千葉県,1206,山武長生夷隅,在宅（訪問診療）,2040,2040年度（現状投影）,5210.0605929466265
R7,12,千葉県,1206,山武長生夷隅,在宅（訪問診療）,2045,2045年度（現状投影）,5237.6441604498705
R7,12,千葉県,1206,山武長生夷隅,在宅（訪問診療）,2050,2050年度（現状投影）,5000.2969976404265
R7,12,千葉県,1206,山武長生夷隅,外来,2024,2024年度,227702.58333333337
R7,12,千葉県,1206,山武長生夷隅,外来,2030,2030年度（現状投影）,216349.5686959072
R7,12,千葉県,1206,山武長生夷隅,外来,2035,2035年度（現状投影）,206564.68254111608
R7,12,千葉県,1206,山武長生夷隅,外来,2040,2040年度（現状投影）,194652.62641676003
R7,12,千葉県,1206,山武長生夷隅,外来,2045,2045年度（現状投影）,182347.8101335355
R7,12,千葉県,1206,山武長生夷隅,外来,2050,2050年度（現状投影）,170896.38424665201
R7,12,千葉県,1207,安房,在宅（訪問診療）,2024,2024年度,991
R7,12,千葉県,1207,安房,在宅（訪問診療）,2030,2030年度（現状投影）,1074.7041938937425
R7,12,千葉県,1207,安房,在宅（訪問診療）,2035,2035年度（現状投影）,1144.5608095627329
R7,12,千葉県,1207,安房,在宅（訪問診療）,2040,2040年度（現状投影）,1207.149595496929
R7,12,千葉県,1207,安房,在宅（訪問診療）,2045,2045年度（現状投影）,1189.6164060050232
R7,12,千葉県,1207,安房,在宅（訪問診療）,2050,2050年度（現状投影）,1079.4426716958499
R7,12,千葉県,1207,安房,外来,2024,2024年度,97197
R7,12,千葉県,1207,安房,外来,2030,2030年度（現状投影）,89697.02953423133
R7,12,千葉県,1207,安房,外来,2035,2035年度（現状投影）,83596.48567566043
R7,12,千葉県,1207,安房,外来,2040,2040年度（現状投影）,77386.03706205558
R7,12,千葉県,1207,安房,外来,2045,2045年度（現状投影）,71683.98622148081
R7,12,千葉県,1207,安房,外来,2050,2050年度（現状投影）,66750.90124346492
R7,12,千葉県,1208,君津,在宅（訪問診療）,2024,2024年度,2805.583333333333
R7,12,千葉県,1208,君津,在宅（訪問診療）,2030,2030年度（現状投影）,3443.5941375025122
R7,12,千葉県,1208,君津,在宅（訪問診療）,2035,2035年度（現状投影）,3848.278501477651
R7,12,千葉県,1208,君津,在宅（訪問診療）,2040,2040年度（現状投影）,4116.012963766297
R7,12,千葉県,1208,君津,在宅（訪問診療）,2045,2045年度（現状投影）,4186.83719637071
R7,12,千葉県,1208,君津,在宅（訪問診療）,2050,2050年度（現状投影）,4079.636137359302
R7,12,千葉県,1208,君津,外来,2024,2024年度,208066.75
R7,12,千葉県,1208,君津,外来,2030,2030年度（現状投影）,206887.83983771713
R7,12,千葉県,1208,君津,外来,2035,2035年度（現状投影）,202941.00286326816
R7,12,千葉県,1208,君津,外来,2040,2040年度（現状投影）,197496.80504949426
R7,12,千葉県,1208,君津,外来,2045,2045年度（現状投影）,192355.7694444918
R7,12,千葉県,1208,君津,外来,2050,2050年度（現状投影）,188102.45504601285
R7,12,千葉県,1209,市原,在宅（訪問診療）,2024,2024年度,1144.9999999999998
R7,12,千葉県,1209,市原,在宅（訪問診療）,2030,2030年度（現状投影）,1362.8719115187978
R7,12,千葉県,1209,市原,在宅（訪問診療）,2035,2035年度（現状投影）,1512.6565544467717
R7,12,千葉県,1209,市原,在宅（訪問診療）,2040,2040年度（現状投影）,1596.4753867688783
R7,12,千葉県,1209,市原,在宅（訪問診療）,2045,2045年度（現状投影）,1597.390925731039
R7,12,千葉県,1209,市原,在宅（訪問診療）,2050,2050年度（現状投影）,1550.2965703229866
R7,12,千葉県,1209,市原,外来,2024,2024年度,158654.5
R7,12,千葉県,1209,市原,外来,2030,2030年度（現状投影）,153877.21526364514
R7,12,千葉県,1209,市原,外来,2035,2035年度（現状投影）,149213.7584248392
R7,12,千葉県,1209,市原,外来,2040,2040年度（現状投影）,143377.41092049697
R7,12,千葉県,1209,市原,外来,2045,2045年度（現状投影）,137729.10268030316
R7,12,千葉県,1209,市原,外来,2050,2050年度（現状投影）,132637.89725820682
R7,13,東京都,1301,区中央部,在宅（訪問診療）,2024,2024年度,13360.416666666668
R7,13,東京都,1301,区中央部,在宅（訪問診療）,2030,2030年度（現状投影）,15457.751049793049
R7,13,東京都,1301,区中央部,在宅（訪問診療）,2035,2035年度（現状投影）,16911.45329264429
R7,13,東京都,1301,区中央部,在宅（訪問診療）,2040,2040年度（現状投影）,18323.727687068204
R7,13,東京都,1301,区中央部,在宅（訪問診療）,2045,2045年度（現状投影）,19730.802835734557
R7,13,東京都,1301,区中央部,在宅（訪問診療）,2050,2050年度（現状投影）,21465.889472234554
R7,13,東京都,1301,区中央部,外来,2024,2024年度,1422984.4166666663
R7,13,東京都,1301,区中央部,外来,2030,2030年度（現状投影）,1535142.059828957
R7,13,東京都,1301,区中央部,外来,2035,2035年度（現状投影）,1607861.5019518298
R7,13,東京都,1301,区中央部,外来,2040,2040年度（現状投影）,1670200.0559945018
R7,13,東京都,1301,区中央部,外来,2045,2045年度（現状投影）,1717357.3402305744
R7,13,東京都,1301,区中央部,外来,2050,2050年度（現状投影）,1746199.6854030224
R7,13,東京都,1302,区南部,在宅（訪問診療）,2024,2024年度,15587.583333333336
R7,13,東京都,1302,区南部,在宅（訪問診療）,2030,2030年度（現状投影）,18439.766821863584
R7,13,東京都,1302,区南部,在宅（訪問診療）,2035,2035年度（現状投影）,20102.3915081959
R7,13,東京都,1302,区南部,在宅（訪問診療）,2040,2040年度（現状投影）,21389.245402678862
R7,13,東京都,1302,区南部,在宅（訪問診療）,2045,2045年度（現状投影）,22343.345654730205
R7,13,東京都,1302,区南部,在宅（訪問診療）,2050,2050年度（現状投影）,23332.393704105132
R7,13,東京都,1302,区南部,外来,2024,2024年度,794676.0833333334
R7,13,東京都,1302,区南部,外来,2030,2030年度（現状投影）,838456.0721802871
R7,13,東京都,1302,区南部,外来,2035,2035年度（現状投影）,857847.0767957036
R7,13,東京都,1302,区南部,外来,2040,2040年度（現状投影）,875146.5758128259
R7,13,東京都,1302,区南部,外来,2045,2045年度（現状投影）,891227.5407532534
R7,13,東京都,1302,区南部,外来,2050,2050年度（現状投影）,903259.1408735701
R7,13,東京都,1303,区西南部,在宅（訪問診療）,2024,2024年度,22843.416666666668
R7,13,東京都,1303,区西南部,在宅（訪問診療）,2030,2030年度（現状投影）,26363.648733979677
R7,13,東京都,1303,区西南部,在宅（訪問診療）,2035,2035年度（現状投影）,28319.477874904147
R7,13,東京都,1303,区西南部,在宅（訪問診療）,2040,2040年度（現状投影）,30372.359253528888
R7,13,東京都,1303,区西南部,在宅（訪問診療）,2045,2045年度（現状投影）,32307.2607032284
R7,13,東京都,1303,区西南部,在宅（訪問診療）,2050,2050年度（現状投影）,34862.008617960484
R7,13,東京都,1303,区西南部,外来,2024,2024年度,1125244.0833333333
R7,13,東京都,1303,区西南部,外来,2030,2030年度（現状投影）,1190577.3177233771
R7,13,東京都,1303,区西南部,外来,2035,2035年度（現状投影）,1221683.7853351322
R7,13,東京都,1303,区西南部,外来,2040,2040年度（現状投影）,1248768.479349734
R7,13,東京都,1303,区西南部,外来,2045,2045年度（現状投影）,1270116.4270341352
R7,13,東京都,1303,区西南部,外来,2050,2050年度（現状投影）,1282421.1380001274
R7,13,東京都,1304,区西部,在宅（訪問診療）,2024,2024年度,17509.583333333336
R7,13,東京都,1304,区西部,在宅（訪問診療）,2030,2030年度（現状投影）,19489.626532170736
R7,13,東京都,1304,区西部,在宅（訪問診療）,2035,2035年度（現状投影）,20491.648065541867
R7,13,東京都,1304,区西部,在宅（訪問診療）,2040,2040年度（現状投影）,21540.933499246734
R7,13,東京都,1304,区西部,在宅（訪問診療）,2045,2045年度（現状投影）,22539.18405010999
R7,13,東京都,1304,区西部,在宅（訪問診療）,2050,2050年度（現状投影）,23893.42315192837
R7,13,東京都,1304,区西部,外来,2024,2024年度,1037726.3333333334
R7,13,東京都,1304,区西部,外来,2030,2030年度（現状投影）,1086645.813764256
R7,13,東京都,1304,区西部,外来,2035,2035年度（現状投影）,1111908.0039047454
R7,13,東京都,1304,区西部,外来,2040,2040年度（現状投影）,1135112.138441196
R7,13,東京都,1304,区西部,外来,2045,2045年度（現状投影）,1151834.595095021
R7,13,東京都,1304,区西部,外来,2050,2050年度（現状投影）,1160111.7644726539
R7,13,東京都,1305,区西北部,在宅（訪問診療）,2024,2024年度,31215.083333333332
R7,13,東京都,1305,区西北部,在宅（訪問診療）,2030,2030年度（現状投影）,36889.23270255669
R7,13,東京都,1305,区西北部,在宅（訪問診療）,2035,2035年度（現状投影）,38907.68922090644
R7,13,東京都,1305,区西北部,在宅（訪問診療）,2040,2040年度（現状投影）,40475.08701156318
R7,13,東京都,1305,区西北部,在宅（訪問診療）,2045,2045年度（現状投影）,41492.53964818365
R7,13,東京都,1305,区西北部,在宅（訪問診療）,2050,2050年度（現状投影）,42671.24143916291
R7,13,東京都,1305,区西北部,外来,2024,2024年度,1325274.4166666665
R7,13,東京都,1305,区西北部,外来,2030,2030年度（現状投影）,1373528.9805989016
R7,13,東京都,1305,区西北部,外来,2035,2035年度（現状投影）,1388623.3589990106
R7,13,東京都,1305,区西北部,外来,2040,2040年度（現状投影）,1403349.7792304957
R7,13,東京都,1305,区西北部,外来,2045,2045年度（現状投影）,1417018.1455602334
R7,13,東京都,1305,区西北部,外来,2050,2050年度（現状投影）,1426765.1204326125
R7,13,東京都,1306,区東北部,在宅（訪問診療）,2024,2024年度,21918.583333333336
R7,13,東京都,1306,区東北部,在宅（訪問診療）,2030,2030年度（現状投影）,26065.217102408977
R7,13,東京都,1306,区東北部,在宅（訪問診療）,2035,2035年度（現状投影）,27765.03503817336
R7,13,東京都,1306,区東北部,在宅（訪問診療）,2040,2040年度（現状投影）,28882.34941863502
R7,13,東京都,1306,区東北部,在宅（訪問診療）,2045,2045年度（現状投影）,29763.85861040984
R7,13,東京都,1306,区東北部,在宅（訪問診療）,2050,2050年度（現状投影）,30908.180866525017
R7,13,東京都,1306,区東北部,外来,2024,2024年度,886051.9999999999
R7,13,東京都,1306,区東北部,外来,2030,2030年度（現状投影）,901941.4371358022
R7,13,東京都,1306,区東北部,外来,2035,2035年度（現状投影）,913489.4144261958
R7,13,東京都,1306,区東北部,外来,2040,2040年度（現状投影）,926250.3370891644
R7,13,東京都,1306,区東北部,外来,2045,2045年度（現状投影）,940647.0709831729
R7,13,東京都,1306,区東北部,外来,2050,2050年度（現状投影）,952617.5766414828
R7,13,東京都,1307,区東部,在宅（訪問診療）,2024,2024年度,16261.75
R7,13,東京都,1307,区東部,在宅（訪問診療）,2030,2030年度（現状投影）,19290.184770416974
R7,13,東京都,1307,区東部,在宅（訪問診療）,2035,2035年度（現状投影）,20955.71291911387
R7,13,東京都,1307,区東部,在宅（訪問診療）,2040,2040年度（現状投影）,22118.18117490194
R7,13,東京都,1307,区東部,在宅（訪問診療）,2045,2045年度（現状投影）,22920.815874096224
R7,13,東京都,1307,区東部,在宅（訪問診療）,2050,2050年度（現状投影）,24056.89875140921
R7,13,東京都,1307,区東部,外来,2024,2024年度,981520.9999999999
R7,13,東京都,1307,区東部,外来,2030,2030年度（現状投影）,1009423.3733966266
R7,13,東京都,1307,区東部,外来,2035,2035年度（現状投影）,1029505.7085203733
R7,13,東京都,1307,区東部,外来,2040,2040年度（現状投影）,1049563.5331644865
R7,13,東京都,1307,区東部,外来,2045,2045年度（現状投影）,1069722.452026213
R7,13,東京都,1307,区東部,外来,2050,2050年度（現状投影）,1084637.6341895938
R7,13,東京都,1308,西多摩,在宅（訪問診療）,2024,2024年度,1786.7499999999998
R7,13,東京都,1308,西多摩,在宅（訪問診療）,2030,2030年度（現状投影）,2412.4640891256154
R7,13,東京都,1308,西多摩,在宅（訪問診療）,2035,2035年度（現状投影）,2725.742155550243
R7,13,東京都,1308,西多摩,在宅（訪問診療）,2040,2040年度（現状投影）,2946.414859354483
R7,13,東京都,1308,西多摩,在宅（訪問診療）,2045,2045年度（現状投影）,3007.4007947288164
R7,13,東京都,1308,西多摩,在宅（訪問診療）,2050,2050年度（現状投影）,2953.7832514680026
R7,13,東京都,1308,西多摩,外来,2024,2024年度,209603.08333333337
R7,13,東京都,1308,西多摩,外来,2030,2030年度（現状投影）,207548.96542670805
R7,13,東京都,1308,西多摩,外来,2035,2035年度（現状投影）,202100.08875460507
R7,13,東京都,1308,西多摩,外来,2040,2040年度（現状投影）,195449.90870253113
R7,13,東京都,1308,西多摩,外来,2045,2045年度（現状投影）,188858.46945070248
R7,13,東京都,1308,西多摩,外来,2050,2050年度（現状投影）,182821.49298821721
R7,13,東京都,1309,南多摩,在宅（訪問診療）,2024,2024年度,21146.250000000004
R7,13,東京都,1309,南多摩,在宅（訪問診療）,2030,2030年度（現状投影）,27897.48326799794
R7,13,東京都,1309,南多摩,在宅（訪問診療）,2035,2035年度（現状投影）,31810.013356794785
R7,13,東京都,1309,南多摩,在宅（訪問診療）,2040,2040年度（現状投影）,34587.40309330891
R7,13,東京都,1309,南多摩,在宅（訪問診療）,2045,2045年度（現状投影）,35772.56455814845
R7,13,東京都,1309,南多摩,在宅（訪問診療）,2050,2050年度（現状投影）,36097.49846447192
R7,13,東京都,1309,南多摩,外来,2024,2024年度,904324.4166666665
R7,13,東京都,1309,南多摩,外来,2030,2030年度（現状投影）,929024.1017561725
R7,13,東京都,1309,南多摩,外来,2035,2035年度（現状投影）,929388.601412364
R7,13,東京都,1309,南多摩,外来,2040,2040年度（現状投影）,926636.4373913462
R7,13,東京都,1309,南多摩,外来,2045,2045年度（現状投影）,926416.482088146
R7,13,東京都,1309,南多摩,外来,2050,2050年度（現状投影）,927067.9563181488
R7,13,東京都,1310,北多摩西部,在宅（訪問診療）,2024,2024年度,7679.75
R7,13,東京都,1310,北多摩西部,在宅（訪問診療）,2030,2030年度（現状投影）,9365.37470946091
R7,13,東京都,1310,北多摩西部,在宅（訪問診療）,2035,2035年度（現状投影）,10329.712059865968
R7,13,東京都,1310,北多摩西部,在宅（訪問診療）,2040,2040年度（現状投影）,11065.490538733731
R7,13,東京都,1310,北多摩西部,在宅（訪問診療）,2045,2045年度（現状投影）,11450.317765839156
R7,13,東京都,1310,北多摩西部,在宅（訪問診療）,2050,2050年度（現状投影）,11671.131255470173
R7,13,東京都,1310,北多摩西部,外来,2024,2024年度,470627.8333333333
R7,13,東京都,1310,北多摩西部,外来,2030,2030年度（現状投影）,475987.42151495646
R7,13,東京都,1310,北多摩西部,外来,2035,2035年度（現状投影）,477730.5556387242
R7,13,東京都,1310,北多摩西部,外来,2040,2040年度（現状投影）,478604.42307631037
R7,13,東京都,1310,北多摩西部,外来,2045,2045年度（現状投影）,479371.3194855465
R7,13,東京都,1310,北多摩西部,外来,2050,2050年度（現状投影）,479188.7156441042
R7,13,東京都,1311,北多摩南部,在宅（訪問診療）,2024,2024年度,13527.916666666666
R7,13,東京都,1311,北多摩南部,在宅（訪問診療）,2030,2030年度（現状投影）,16570.09971562844
R7,13,東京都,1311,北多摩南部,在宅（訪問診療）,2035,2035年度（現状投影）,18239.95718387902
R7,13,東京都,1311,北多摩南部,在宅（訪問診療）,2040,2040年度（現状投影）,19803.928038671755
R7,13,東京都,1311,北多摩南部,在宅（訪問診療）,2045,2045年度（現状投影）,21003.919561406736
R7,13,東京都,1311,北多摩南部,在宅（訪問診療）,2050,2050年度（現状投影）,22156.32874106655
R7,13,東京都,1311,北多摩南部,外来,2024,2024年度,745292.5833333334
R7,13,東京都,1311,北多摩南部,外来,2030,2030年度（現状投影）,782644.7053717315
R7,13,東京都,1311,北多摩南部,外来,2035,2035年度（現状投影）,797748.5194014325
R7,13,東京都,1311,北多摩南部,外来,2040,2040年度（現状投影）,810622.353184032
R7,13,東京都,1311,北多摩南部,外来,2045,2045年度（現状投影）,821450.2765640025
R7,13,東京都,1311,北多摩南部,外来,2050,2050年度（現状投影）,828412.346545521
R7,13,東京都,1312,北多摩北部,在宅（訪問診療）,2024,2024年度,9607.666666666666
R7,13,東京都,1312,北多摩北部,在宅（訪問診療）,2030,2030年度（現状投影）,11953.474562117926
R7,13,東京都,1312,北多摩北部,在宅（訪問診療）,2035,2035年度（現状投影）,13083.266596798398
R7,13,東京都,1312,北多摩北部,在宅（訪問診療）,2040,2040年度（現状投影）,14030.914605088157
R7,13,東京都,1312,北多摩北部,在宅（訪問診療）,2045,2045年度（現状投影）,14682.624287281218
R7,13,東京都,1312,北多摩北部,在宅（訪問診療）,2050,2050年度（現状投影）,15172.974010242959
R7,13,東京都,1312,北多摩北部,外来,2024,2024年度,443575.8333333333
R7,13,東京都,1312,北多摩北部,外来,2030,2030年度（現状投影）,454332.04354060447
R7,13,東京都,1312,北多摩北部,外来,2035,2035年度（現状投影）,458464.08642781567
R7,13,東京都,1312,北多摩北部,外来,2040,2040年度（現状投影）,462613.85517594905
R7,13,東京都,1312,北多摩北部,外来,2045,2045年度（現状投影）,466583.69816985214
R7,13,東京都,1312,北多摩北部,外来,2050,2050年度（現状投影）,469133.67449213716
R7,13,東京都,1313,島しょ,在宅（訪問診療）,2024,2024年度,52.33333333333333
R7,13,東京都,1313,島しょ,在宅（訪問診療）,2030,2030年度（現状投影）,56.31938316984642
R7,13,東京都,1313,島しょ,在宅（訪問診療）,2035,2035年度（現状投影）,57.541228067224594
R7,13,東京都,1313,島しょ,在宅（訪問診療）,2040,2040年度（現状投影）,57.88619715422875
R7,13,東京都,1313,島しょ,在宅（訪問診療）,2045,2045年度（現状投影）,57.63104174136569
R7,13,東京都,1313,島しょ,在宅（訪問診療）,2050,2050年度（現状投影）,54.02080729781038
R7,13,東京都,1313,島しょ,外来,2024,2024年度,7938.500000000002
R7,13,東京都,1313,島しょ,外来,2030,2030年度（現状投影）,7525.247099147474
R7,13,東京都,1313,島しょ,外来,2035,2035年度（現状投影）,7169.674882468478
R7,13,東京都,1313,島しょ,外来,2040,2040年度（現状投影）,6805.049018663982
R7,13,東京都,1313,島しょ,外来,2045,2045年度（現状投影）,6487.456304348666
R7,13,東京都,1313,島しょ,外来,2050,2050年度（現状投影）,6246.492546710041
R7,14,神奈川県,1404,川崎北部,在宅（訪問診療）,2024,2024年度,11255.083333333336
R7,14,神奈川県,1404,川崎北部,在宅（訪問診療）,2030,2030年度（現状投影）,15745.472700663426
R7,14,神奈川県,1404,川崎北部,在宅（訪問診療）,2035,2035年度（現状投影）,18125.38701708683
R7,14,神奈川県,1404,川崎北部,在宅（訪問診療）,2040,2040年度（現状投影）,20171.83116760894
R7,14,神奈川県,1404,川崎北部,在宅（訪問診療）,2045,2045年度（現状投影）,21573.285303439643
R7,14,神奈川県,1404,川崎北部,在宅（訪問診療）,2050,2050年度（現状投影）,22729.248343020496
R7,14,神奈川県,1404,川崎北部,外来,2024,2024年度,510757.3333333334
R7,14,神奈川県,1404,川崎北部,外来,2030,2030年度（現状投影）,540570.6444679449
R7,14,神奈川県,1404,川崎北部,外来,2035,2035年度（現状投影）,555174.7550317129
R7,14,神奈川県,1404,川崎北部,外来,2040,2040年度（現状投影）,566476.1421431828
R7,14,神奈川県,1404,川崎北部,外来,2045,2045年度（現状投影）,575475.8865894261
R7,14,神奈川県,1404,川崎北部,外来,2050,2050年度（現状投影）,582241.36451979
R7,14,神奈川県,1405,川崎南部,在宅（訪問診療）,2024,2024年度,10804.416666666668
R7,14,神奈川県,1405,川崎南部,在宅（訪問診療）,2030,2030年度（現状投影）,12827.932469276093
R7,14,神奈川県,1405,川崎南部,在宅（訪問診療）,2035,2035年度（現状投影）,14144.272629847213
R7,14,神奈川県,1405,川崎南部,在宅（訪問診療）,2040,2040年度（現状投影）,15343.762435571869
R7,14,神奈川県,1405,川崎南部,在宅（訪問診療）,2045,2045年度（現状投影）,16229.060192799741
R7,14,神奈川県,1405,川崎南部,在宅（訪問診療）,2050,2050年度（現状投影）,17168.9511533509
R7,14,神奈川県,1405,川崎南部,外来,2024,2024年度,480178.91666666657
R7,14,神奈川県,1405,川崎南部,外来,2030,2030年度（現状投影）,496313.0319032569
R7,14,神奈川県,1405,川崎南部,外来,2035,2035年度（現状投影）,512920.863375838
R7,14,神奈川県,1405,川崎南部,外来,2040,2040年度（現状投影）,527163.1184354908
R7,14,神奈川県,1405,川崎南部,外来,2045,2045年度（現状投影）,539220.1671748963
R7,14,神奈川県,1405,川崎南部,外来,2050,2050年度（現状投影）,548629.5092142164
R7,14,神奈川県,1406,横須賀・三浦,在宅（訪問診療）,2024,2024年度,12203.499999999996
R7,14,神奈川県,1406,横須賀・三浦,在宅（訪問診療）,2030,2030年度（現状投影）,14268.560164561768
R7,14,神奈川県,1406,横須賀・三浦,在宅（訪問診療）,2035,2035年度（現状投影）,15462.244015332379
R7,14,神奈川県,1406,横須賀・三浦,在宅（訪問診療）,2040,2040年度（現状投影）,15951.604553125333
R7,14,神奈川県,1406,横須賀・三浦,在宅（訪問診療）,2045,2045年度（現状投影）,15689.89454882291
R7,14,神奈川県,1406,横須賀・三浦,在宅（訪問診療）,2050,2050年度（現状投影）,15202.25461768304
R7,14,神奈川県,1406,横須賀・三浦,外来,2024,2024年度,497871.24999999994
R7,14,神奈川県,1406,横須賀・三浦,外来,2030,2030年度（現状投影）,474840.4855923124
R7,14,神奈川県,1406,横須賀・三浦,外来,2035,2035年度（現状投影）,457634.6245509577
R7,14,神奈川県,1406,横須賀・三浦,外来,2040,2040年度（現状投影）,440482.9430134408
R7,14,神奈川県,1406,横須賀・三浦,外来,2045,2045年度（現状投影）,426126.529186662
R7,14,神奈川県,1406,横須賀・三浦,外来,2050,2050年度（現状投影）,413530.56130390713
R7,14,神奈川県,1407,湘南東部,在宅（訪問診療）,2024,2024年度,11105.75
R7,14,神奈川県,1407,湘南東部,在宅（訪問診療）,2030,2030年度（現状投影）,14443.626654692192
R7,14,神奈川県,1407,湘南東部,在宅（訪問診療）,2035,2035年度（現状投影）,16490.37159410678
R7,14,神奈川県,1407,湘南東部,在宅（訪問診療）,2040,2040年度（現状投影）,18040.143476952995
R7,14,神奈川県,1407,湘南東部,在宅（訪問診療）,2045,2045年度（現状投影）,18703.77817270567
R7,14,神奈川県,1407,湘南東部,在宅（訪問診療）,2050,2050年度（現状投影）,19009.727060963225
R7,14,神奈川県,1407,湘南東部,外来,2024,2024年度,500272.66666666657
R7,14,神奈川県,1407,湘南東部,外来,2030,2030年度（現状投影）,506754.7166806712
R7,14,神奈川県,1407,湘南東部,外来,2035,2035年度（現状投影）,510719.36348841747
R7,14,神奈川県,1407,湘南東部,外来,2040,2040年度（現状投影）,513122.5227082848
R7,14,神奈川県,1407,湘南東部,外来,2045,2045年度（現状投影）,515292.7989095237
R7,14,神奈川県,1407,湘南東部,外来,2050,2050年度（現状投影）,516707.30670995393
R7,14,神奈川県,1408,湘南西部,在宅（訪問診療）,2024,2024年度,7835.583333333335
R7,14,神奈川県,1408,湘南西部,在宅（訪問診療）,2030,2030年度（現状投影）,10082.57270328806
R7,14,神奈川県,1408,湘南西部,在宅（訪問診療）,2035,2035年度（現状投影）,11607.208027324235
R7,14,神奈川県,1408,湘南西部,在宅（訪問診療）,2040,2040年度（現状投影）,12566.809311333322
R7,14,神奈川県,1408,湘南西部,在宅（訪問診療）,2045,2045年度（現状投影）,12699.933983269875
R7,14,神奈川県,1408,湘南西部,在宅（訪問診療）,2050,2050年度（現状投影）,12488.887891289407
R7,14,神奈川県,1408,湘南西部,外来,2024,2024年度,379344.49999999994
R7,14,神奈川県,1408,湘南西部,外来,2030,2030年度（現状投影）,378941.2042057691
R7,14,神奈川県,1408,湘南西部,外来,2035,2035年度（現状投影）,371661.1426097535
R7,14,神奈川県,1408,湘南西部,外来,2040,2040年度（現状投影）,362196.1772068713
R7,14,神奈川県,1408,湘南西部,外来,2045,2045年度（現状投影）,353031.00669420976
R7,14,神奈川県,1408,湘南西部,外来,2050,2050年度（現状投影）,344940.8263604905
R7,14,神奈川県,1409,県央,在宅（訪問診療）,2024,2024年度,9253.249999999998
R7,14,神奈川県,1409,県央,在宅（訪問診療）,2030,2030年度（現状投影）,12640.737822750265
R7,14,神奈川県,1409,県央,在宅（訪問診療）,2035,2035年度（現状投影）,14799.277615859495
R7,14,神奈川県,1409,県央,在宅（訪問診療）,2040,2040年度（現状投影）,16163.540102486855
R7,14,神奈川県,1409,県央,在宅（訪問診療）,2045,2045年度（現状投影）,16510.97491220444
R7,14,神奈川県,1409,県央,在宅（訪問診療）,2050,2050年度（現状投影）,16495.81426623005
R7,14,神奈川県,1409,県央,外来,2024,2024年度,525731
R7,14,神奈川県,1409,県央,外来,2030,2030年度（現状投影）,531106.3022577502
R7,14,神奈川県,1409,県央,外来,2035,2035年度（現状投影）,527698.872433122
R7,14,神奈川県,1409,県央,外来,2040,2040年度（現状投影）,521333.1704786904
R7,14,神奈川県,1409,県央,外来,2045,2045年度（現状投影）,515640.13423557155
R7,14,神奈川県,1409,県央,外来,2050,2050年度（現状投影）,510701.43874850497
R7,14,神奈川県,1410,相模原,在宅（訪問診療）,2024,2024年度,10798.583333333332
R7,14,神奈川県,1410,相模原,在宅（訪問診療）,2030,2030年度（現状投影）,13839.898318467549
R7,14,神奈川県,1410,相模原,在宅（訪問診療）,2035,2035年度（現状投影）,15673.382693192272
R7,14,神奈川県,1410,相模原,在宅（訪問診療）,2040,2040年度（現状投影）,16779.344358899307
R7,14,神奈川県,1410,相模原,在宅（訪問診療）,2045,2045年度（現状投影）,17151.30190706196
R7,14,神奈川県,1410,相模原,在宅（訪問診療）,2050,2050年度（現状投影）,17485.344378455142
R7,14,神奈川県,1410,相模原,外来,2024,2024年度,464530.33333333326
R7,14,神奈川県,1410,相模原,外来,2030,2030年度（現状投影）,470992.07845643436
R7,14,神奈川県,1410,相模原,外来,2035,2035年度（現状投影）,468881.6667208393
R7,14,神奈川県,1410,相模原,外来,2040,2040年度（現状投影）,464614.33239299105
R7,14,神奈川県,1410,相模原,外来,2045,2045年度（現状投影）,460864.2203909018
R7,14,神奈川県,1410,相模原,外来,2050,2050年度（現状投影）,457044.6231356421
R7,14,神奈川県,1411,県西,在宅（訪問診療）,2024,2024年度,5228.75
R7,14,神奈川県,1411,県西,在宅（訪問診療）,2030,2030年度（現状投影）,6412.758065529361
R7,14,神奈川県,1411,県西,在宅（訪問診療）,2035,2035年度（現状投影）,7157.005957036919
R7,14,神奈川県,1411,県西,在宅（訪問診療）,2040,2040年度（現状投影）,7667.524044711963
R7,14,神奈川県,1411,県西,在宅（訪問診療）,2045,2045年度（現状投影）,7716.0235626154845
R7,14,神奈川県,1411,県西,在宅（訪問診療）,2050,2050年度（現状投影）,7467.4073253021115
R7,14,神奈川県,1411,県西,外来,2024,2024年度,215042.00000000003
R7,14,神奈川県,1411,県西,外来,2030,2030年度（現状投影）,208684.9794895197
R7,14,神奈川県,1411,県西,外来,2035,2035年度（現状投影）,202036.94810734675
R7,14,神奈川県,1411,県西,外来,2040,2040年度（現状投影）,193878.15404224882
R7,14,神奈川県,1411,県西,外来,2045,2045年度（現状投影）,185712.8375253082
R7,14,神奈川県,1411,県西,外来,2050,2050年度（現状投影）,178178.8176938123
R7,14,神奈川県,1412,横浜,在宅（訪問診療）,2024,2024年度,50170.24999999999
R7,14,神奈川県,1412,横浜,在宅（訪問診療）,2030,2030年度（現状投影）,64364.31888615344
R7,14,神奈川県,1412,横浜,在宅（訪問診療）,2035,2035年度（現状投影）,72215.12869925606
R7,14,神奈川県,1412,横浜,在宅（訪問診療）,2040,2040年度（現状投影）,78247.90074597436
R7,14,神奈川県,1412,横浜,在宅（訪問診療）,2045,2045年度（現状投影）,81495.21375361677
R7,14,神奈川県,1412,横浜,在宅（訪問診療）,2050,2050年度（現状投影）,83272.34291556643
R7,14,神奈川県,1412,横浜,外来,2024,2024年度,2643323.916666667
R7,14,神奈川県,1412,横浜,外来,2030,2030年度（現状投影）,2708772.20280877
R7,14,神奈川県,1412,横浜,外来,2035,2035年度（現状投影）,2714521.664066643
R7,14,神奈川県,1412,横浜,外来,2040,2040年度（現状投影）,2710335.357574595
R7,14,神奈川県,1412,横浜,外来,2045,2045年度（現状投影）,2703646.6022287393
R7,14,神奈川県,1412,横浜,外来,2050,2050年度（現状投影）,2691217.4359806697
R7,15,新潟県,1501,下越,在宅（訪問診療）,2024,2024年度,975
R7,15,新潟県,1501,下越,在宅（訪問診療）,2030,2030年度（現状投影）,1033.4007976142993
R7,15,新潟県,1501,下越,在宅（訪問診療）,2035,2035年度（現状投影）,1072.353801560378
R7,15,新潟県,1501,下越,在宅（訪問診療）,2040,2040年度（現状投影）,1118.0850234869488
R7,15,新潟県,1501,下越,在宅（訪問診療）,2045,2045年度（現状投影）,1124.6136893968794
R7,15,新潟県,1501,下越,在宅（訪問診療）,2050,2050年度（現状投影）,1067.4580996341617
R7,15,新潟県,1501,下越,外来,2024,2024年度,134470.25
R7,15,新潟県,1501,下越,外来,2030,2030年度（現状投影）,127021.73992238575
R7,15,新潟県,1501,下越,外来,2035,2035年度（現状投影）,120150.99994236906
R7,15,新潟県,1501,下越,外来,2040,2040年度（現状投影）,112475.44824519951
R7,15,新潟県,1501,下越,外来,2045,2045年度（現状投影）,104671.659275327
R7,15,新潟県,1501,下越,外来,2050,2050年度（現状投影）,97335.90081979289
R7,15,新潟県,1502,新潟,在宅（訪問診療）,2024,2024年度,5997.916666666666
R7,15,新潟県,1502,新潟,在宅（訪問診療）,2030,2030年度（現状投影）,6983.223520962289
R7,15,新潟県,1502,新潟,在宅（訪問診療）,2035,2035年度（現状投影）,7636.4208821752845
R7,15,新潟県,1502,新潟,在宅（訪問診療）,2040,2040年度（現状投影）,8309.846722715332
R7,15,新潟県,1502,新潟,在宅（訪問診療）,2045,2045年度（現状投影）,8591.746504543487
R7,15,新潟県,1502,新潟,在宅（訪問診療）,2050,2050年度（現状投影）,8385.096417127745
R7,15,新潟県,1502,新潟,外来,2024,2024年度,614308.7499999999
R7,15,新潟県,1502,新潟,外来,2030,2030年度（現状投影）,603462.8687413156
R7,15,新潟県,1502,新潟,外来,2035,2035年度（現状投影）,585558.1290849363
R7,15,新潟県,1502,新潟,外来,2040,2040年度（現状投影）,563504.47897114
R7,15,新潟県,1502,新潟,外来,2045,2045年度（現状投影）,540346.9302643719
R7,15,新潟県,1502,新潟,外来,2050,2050年度（現状投影）,518192.0172237837
R7,15,新潟県,1503,県央,在宅（訪問診療）,2024,2024年度,648.9999999999998
R7,15,新潟県,1503,県央,在宅（訪問診療）,2030,2030年度（現状投影）,742.8310242596668
R7,15,新潟県,1503,県央,在宅（訪問診療）,2035,2035年度（現状投影）,800.1324321107787
R7,15,新潟県,1503,県央,在宅（訪問診療）,2040,2040年度（現状投影）,865.4268318097447
R7,15,新潟県,1503,県央,在宅（訪問診療）,2045,2045年度（現状投影）,910.1887333352524
R7,15,新潟県,1503,県央,在宅（訪問診療）,2050,2050年度（現状投影）,876.4851625994608
R7,15,新潟県,1503,県央,外来,2024,2024年度,142420.4166666667
R7,15,新潟県,1503,県央,外来,2030,2030年度（現状投影）,135238.3488635985
R7,15,新潟県,1503,県央,外来,2035,2035年度（現状投影）,128725.08288591314
R7,15,新潟県,1503,県央,外来,2040,2040年度（現状投影）,121523.72793901614
R7,15,新潟県,1503,県央,外来,2045,2045年度（現状投影）,114119.82553994155
R7,15,新潟県,1503,県央,外来,2050,2050年度（現状投影）,106932.35351801198
R7,15,新潟県,1504,中越,在宅（訪問診療）,2024,2024年度,1720.5000000000002
R7,15,新潟県,1504,中越,在宅（訪問診療）,2030,2030年度（現状投影）,1914.5314983962628
R7,15,新潟県,1504,中越,在宅（訪問診療）,2035,2035年度（現状投影）,2043.3913192347404
R7,15,新潟県,1504,中越,在宅（訪問診療）,2040,2040年度（現状投影）,2213.627836565161
R7,15,新潟県,1504,中越,在宅（訪問診療）,2045,2045年度（現状投影）,2315.8262368556416
R7,15,新潟県,1504,中越,在宅（訪問診療）,2050,2050年度（現状投影）,2244.528971827906
R7,15,新潟県,1504,中越,外来,2024,2024年度,272499.9166666666
R7,15,新潟県,1504,中越,外来,2030,2030年度（現状投影）,263591.3027927655
R7,15,新潟県,1504,中越,外来,2035,2035年度（現状投影）,252786.72801680837
R7,15,新潟県,1504,中越,外来,2040,2040年度（現状投影）,240418.55209554292
R7,15,新潟県,1504,中越,外来,2045,2045年度（現状投影）,227571.58565374633
R7,15,新潟県,1504,中越,外来,2050,2050年度（現状投影）,215043.75864316663
R7,15,新潟県,1505,魚沼,在宅（訪問診療）,2024,2024年度,938.6666666666667
R7,15,新潟県,1505,魚沼,在宅（訪問診療）,2030,2030年度（現状投影）,905.3038564245007
R7,15,新潟県,1505,魚沼,在宅（訪問診療）,2035,2035年度（現状投影）,916.2075891796989
R7,15,新潟県,1505,魚沼,在宅（訪問診療）,2040,2040年度（現状投影）,945.3927086521735
R7,15,新潟県,1505,魚沼,在宅（訪問診療）,2045,2045年度（現状投影）,961.7662663889402
R7,15,新潟県,1505,魚沼,在宅（訪問診療）,2050,2050年度（現状投影）,908.6008788383679
R7,15,新潟県,1505,魚沼,外来,2024,2024年度,80430.16666666667
R7,15,新潟県,1505,魚沼,外来,2030,2030年度（現状投影）,73816.24951635816
R7,15,新潟県,1505,魚沼,外来,2035,2035年度（現状投影）,68828.83893407496
R7,15,新潟県,1505,魚沼,外来,2040,2040年度（現状投影）,63391.38042542497
R7,15,新潟県,1505,魚沼,外来,2045,2045年度（現状投影）,57894.6274810092
R7,15,新潟県,1505,魚沼,外来,2050,2050年度（現状投影）,52722.71406729309
R7,15,新潟県,1506,上越,在宅（訪問診療）,2024,2024年度,2109.5833333333335
R7,15,新潟県,1506,上越,在宅（訪問診療）,2030,2030年度（現状投影）,2250.796532317516
R7,15,新潟県,1506,上越,在宅（訪問診療）,2035,2035年度（現状投影）,2355.9935264901487
R7,15,新潟県,1506,上越,在宅（訪問診療）,2040,2040年度（現状投影）,2489.708170183567
R7,15,新潟県,1506,上越,在宅（訪問診療）,2045,2045年度（現状投影）,2538.027377189686
R7,15,新潟県,1506,上越,在宅（訪問診療）,2050,2050年度（現状投影）,2429.876649851558
R7,15,新潟県,1506,上越,外来,2024,2024年度,168825.3333333333
R7,15,新潟県,1506,上越,外来,2030,2030年度（現状投影）,157693.749786247
R7,15,新潟県,1506,上越,外来,2035,2035年度（現状投影）,148917.77259262232
R7,15,新潟県,1506,上越,外来,2040,2040年度（現状投影）,139767.4665269841
R7,15,新潟県,1506,上越,外来,2045,2045年度（現状投影）,130668.01220422295
R7,15,新潟県,1506,上越,外来,2050,2050年度（現状投影）,121880.44297673662
R7,15,新潟県,1507,佐渡,在宅（訪問診療）,2024,2024年度,150.16666666666666
R7,15,新潟県,1507,佐渡,在宅（訪問診療）,2030,2030年度（現状投影）,148.215707580882
R7,15,新潟県,1507,佐渡,在宅（訪問診療）,2035,2035年度（現状投影）,142.98266783079958
R7,15,新潟県,1507,佐渡,在宅（訪問診療）,2040,2040年度（現状投影）,142.83314097307772
R7,15,新潟県,1507,佐渡,在宅（訪問診療）,2045,2045年度（現状投影）,137.94890697092995
R7,15,新潟県,1507,佐渡,在宅（訪問診療）,2050,2050年度（現状投影）,126.78186290909234
R7,15,新潟県,1507,佐渡,外来,2024,2024年度,27713
R7,15,新潟県,1507,佐渡,外来,2030,2030年度（現状投影）,24702.492220922803
R7,15,新潟県,1507,佐渡,外来,2035,2035年度（現状投影）,22507.080141572675
R7,15,新潟県,1507,佐渡,外来,2040,2040年度（現状投影）,20404.847230672054
R7,15,新潟県,1507,佐渡,外来,2045,2045年度（現状投影）,18315.60211293654
R7,15,新潟県,1507,佐渡,外来,2050,2050年度（現状投影）,16397.181703560436
R7,16,富山県,1601,新川,在宅（訪問診療）,2024,2024年度,679.9999999999999
R7,16,富山県,1601,新川,在宅（訪問診療）,2030,2030年度（現状投影）,757.1882173009167
R7,16,富山県,1601,新川,在宅（訪問診療）,2035,2035年度（現状投影）,811.631316252726
R7,16,富山県,1601,新川,在宅（訪問診療）,2040,2040年度（現状投影）,838.260326827723
R7,16,富山県,1601,新川,在宅（訪問診療）,2045,2045年度（現状投影）,816.0166873899447
R7,16,富山県,1601,新川,在宅（訪問診療）,2050,2050年度（現状投影）,767.0056691299725
R7,16,富山県,1601,新川,外来,2024,2024年度,68107.75
R7,16,富山県,1601,新川,外来,2030,2030年度（現状投影）,64289.17472980565
R7,16,富山県,1601,新川,外来,2035,2035年度（現状投影）,60628.770737366256
R7,16,富山県,1601,新川,外来,2040,2040年度（現状投影）,56706.655137093585
R7,16,富山県,1601,新川,外来,2045,2045年度（現状投影）,52981.17008755263
R7,16,富山県,1601,新川,外来,2050,2050年度（現状投影）,49570.282051338916
R7,16,富山県,1602,富山,在宅（訪問診療）,2024,2024年度,4231.166666666666
R7,16,富山県,1602,富山,在宅（訪問診療）,2030,2030年度（現状投影）,4857.854648475675
R7,16,富山県,1602,富山,在宅（訪問診療）,2035,2035年度（現状投影）,5307.409491218609
R7,16,富山県,1602,富山,在宅（訪問診療）,2040,2040年度（現状投影）,5581.597271537022
R7,16,富山県,1602,富山,在宅（訪問診療）,2045,2045年度（現状投影）,5565.270893508195
R7,16,富山県,1602,富山,在宅（訪問診療）,2050,2050年度（現状投影）,5444.09041024776
R7,16,富山県,1602,富山,外来,2024,2024年度,340842.1666666667
R7,16,富山県,1602,富山,外来,2030,2030年度（現状投影）,331139.9266163103
R7,16,富山県,1602,富山,外来,2035,2035年度（現状投影）,322574.5754358599
R7,16,富山県,1602,富山,外来,2040,2040年度（現状投影）,312651.5022702214
R7,16,富山県,1602,富山,外来,2045,2045年度（現状投影）,303410.0153037432
R7,16,富山県,1602,富山,外来,2050,2050年度（現状投影）,295014.37720403005
R7,16,富山県,1603,高岡,在宅（訪問診療）,2024,2024年度,2319.6666666666665
R7,16,富山県,1603,高岡,在宅（訪問診療）,2030,2030年度（現状投影）,2652.258111186352
R7,16,富山県,1603,高岡,在宅（訪問診療）,2035,2035年度（現状投影）,2908.8299842041215
R7,16,富山県,1603,高岡,在宅（訪問診療）,2040,2040年度（現状投影）,3080.5902203447436
R7,16,富山県,1603,高岡,在宅（訪問診療）,2045,2045年度（現状投影）,3019.0909407986996
R7,16,富山県,1603,高岡,在宅（訪問診療）,2050,2050年度（現状投影）,2838.871394845711
R7,16,富山県,1603,高岡,外来,2024,2024年度,184005
R7,16,富山県,1603,高岡,外来,2030,2030年度（現状投影）,174421.654193638
R7,16,富山県,1603,高岡,外来,2035,2035年度（現状投影）,166108.60998479155
R7,16,富山県,1603,高岡,外来,2040,2040年度（現状投影）,156934.6935949386
R7,16,富山県,1603,高岡,外来,2045,2045年度（現状投影）,148365.06987132918
R7,16,富山県,1603,高岡,外来,2050,2050年度（現状投影）,140675.28592179908
R7,16,富山県,1604,砺波,在宅（訪問診療）,2024,2024年度,1065.9166666666667
R7,16,富山県,1604,砺波,在宅（訪問診療）,2030,2030年度（現状投影）,1152.4790525826454
R7,16,富山県,1604,砺波,在宅（訪問診療）,2035,2035年度（現状投影）,1214.4049467688976
R7,16,富山県,1604,砺波,在宅（訪問診療）,2040,2040年度（現状投影）,1296.000027250462
R7,16,富山県,1604,砺波,在宅（訪問診療）,2045,2045年度（現状投影）,1299.055615789128
R7,16,富山県,1604,砺波,在宅（訪問診療）,2050,2050年度（現状投影）,1220.4472598583886
R7,16,富山県,1604,砺波,外来,2024,2024年度,70940.33333333333
R7,16,富山県,1604,砺波,外来,2030,2030年度（現状投影）,66788.36546681655
R7,16,富山県,1604,砺波,外来,2035,2035年度（現状投影）,63153.313960277774
R7,16,富山県,1604,砺波,外来,2040,2040年度（現状投影）,59215.55224222164
R7,16,富山県,1604,砺波,外来,2045,2045年度（現状投影）,55264.75510473565
R7,16,富山県,1604,砺波,外来,2050,2050年度（現状投影）,51718.39663295589
R7,17,石川県,1701,南加賀,在宅（訪問診療）,2024,2024年度,1425.7500000000002
R7,17,石川県,1701,南加賀,在宅（訪問診療）,2030,2030年度（現状投影）,1668.4839259336632
R7,17,石川県,1701,南加賀,在宅（訪問診療）,2035,2035年度（現状投影）,1848.7212566350331
R7,17,石川県,1701,南加賀,在宅（訪問診療）,2040,2040年度（現状投影）,1984.3075347768822
R7,17,石川県,1701,南加賀,在宅（訪問診療）,2045,2045年度（現状投影）,1964.8053287985394
R7,17,石川県,1701,南加賀,在宅（訪問診療）,2050,2050年度（現状投影）,1890.2126925226435
R7,17,石川県,1701,南加賀,外来,2024,2024年度,136687.8333333333
R7,17,石川県,1701,南加賀,外来,2030,2030年度（現状投影）,130989.72859089477
R7,17,石川県,1701,南加賀,外来,2035,2035年度（現状投影）,126799.34689538124
R7,17,石川県,1701,南加賀,外来,2040,2040年度（現状投影）,121996.6611059114
R7,17,石川県,1701,南加賀,外来,2045,2045年度（現状投影）,117320.32679260241
R7,17,石川県,1701,南加賀,外来,2050,2050年度（現状投影）,113050.69468968765
R7,17,石川県,1702,石川中央,在宅（訪問診療）,2024,2024年度,8105.916666666666
R7,17,石川県,1702,石川中央,在宅（訪問診療）,2030,2030年度（現状投影）,9976.117166193037
R7,17,石川県,1702,石川中央,在宅（訪問診療）,2035,2035年度（現状投影）,11518.13810807788
R7,17,石川県,1702,石川中央,在宅（訪問診療）,2040,2040年度（現状投影）,12676.824571520758
R7,17,石川県,1702,石川中央,在宅（訪問診療）,2045,2045年度（現状投影）,12946.896118454733
R7,17,石川県,1702,石川中央,在宅（訪問診療）,2050,2050年度（現状投影）,12936.671368801852
R7,17,石川県,1702,石川中央,外来,2024,2024年度,499585.49999999994
R7,17,石川県,1702,石川中央,外来,2030,2030年度（現状投影）,506259.2949493938
R7,17,石川県,1702,石川中央,外来,2035,2035年度（現状投影）,502640.802601199
R7,17,石川県,1702,石川中央,外来,2040,2040年度（現状投影）,495359.85548427224
R7,17,石川県,1702,石川中央,外来,2045,2045年度（現状投影）,487021.0525208581
R7,17,石川県,1702,石川中央,外来,2050,2050年度（現状投影）,478988.9919944307
R7,17,石川県,1703,能登中部,在宅（訪問診療）,2024,2024年度,816.5
R7,17,石川県,1703,能登中部,在宅（訪問診療）,2030,2030年度（現状投影）,878.7672863663356
R7,17,石川県,1703,能登中部,在宅（訪問診療）,2035,2035年度（現状投影）,930.7042291220998
R7,17,石川県,1703,能登中部,在宅（訪問診療）,2040,2040年度（現状投影）,946.0130899012713
R7,17,石川県,1703,能登中部,在宅（訪問診療）,2045,2045年度（現状投影）,915.6911639711917
R7,17,石川県,1703,能登中部,在宅（訪問診療）,2050,2050年度（現状投影）,830.7490952938522
R7,17,石川県,1703,能登中部,外来,2024,2024年度,64048.666666666664
R7,17,石川県,1703,能登中部,外来,2030,2030年度（現状投影）,58303.31980983959
R7,17,石川県,1703,能登中部,外来,2035,2035年度（現状投影）,53543.58349141184
R7,17,石川県,1703,能登中部,外来,2040,2040年度（現状投影）,48460.24122087316
R7,17,石川県,1703,能登中部,外来,2045,2045年度（現状投影）,43648.11108270895
R7,17,石川県,1703,能登中部,外来,2050,2050年度（現状投影）,39375.411804766896
R7,17,石川県,1704,能登北部,在宅（訪問診療）,2024,2024年度,347.08333333333337
R7,17,石川県,1704,能登北部,在宅（訪問診療）,2030,2030年度（現状投影）,362.96497945779436
R7,17,石川県,1704,能登北部,在宅（訪問診療）,2035,2035年度（現状投影）,358.2256508139374
R7,17,石川県,1704,能登北部,在宅（訪問診療）,2040,2040年度（現状投影）,340.5782731113886
R7,17,石川県,1704,能登北部,在宅（訪問診療）,2045,2045年度（現状投影）,308.82825063832547
R7,17,石川県,1704,能登北部,在宅（訪問診療）,2050,2050年度（現状投影）,265.3234670221018
R7,17,石川県,1704,能登北部,外来,2024,2024年度,25103.75
R7,17,石川県,1704,能登北部,外来,2030,2030年度（現状投影）,22772.254267099175
R7,17,石川県,1704,能登北部,外来,2035,2035年度（現状投影）,20010.795766672265
R7,17,石川県,1704,能登北部,外来,2040,2040年度（現状投影）,17276.71176962026
R7,17,石川県,1704,能登北部,外来,2045,2045年度（現状投影）,14771.502994210496
R7,17,石川県,1704,能登北部,外来,2050,2050年度（現状投影）,12665.03696852323
R7,18,福井県,1801,福井・坂井,在宅（訪問診療）,2024,2024年度,2343.5833333333335
R7,18,福井県,1801,福井・坂井,在宅（訪問診療）,2030,2030年度（現状投影）,2691.715269979925
R7,18,福井県,1801,福井・坂井,在宅（訪問診療）,2035,2035年度（現状投影）,2939.0126732069066
R7,18,福井県,1801,福井・坂井,在宅（訪問診療）,2040,2040年度（現状投影）,3175.656521856759
R7,18,福井県,1801,福井・坂井,在宅（訪問診療）,2045,2045年度（現状投影）,3271.3823224803696
R7,18,福井県,1801,福井・坂井,在宅（訪問診療）,2050,2050年度（現状投影）,3238.3090387916836
R7,18,福井県,1801,福井・坂井,外来,2024,2024年度,301503.6666666667
R7,18,福井県,1801,福井・坂井,外来,2030,2030年度（現状投影）,294439.7052501986
R7,18,福井県,1801,福井・坂井,外来,2035,2035年度（現状投影）,287191.4415206945
R7,18,福井県,1801,福井・坂井,外来,2040,2040年度（現状投影）,278536.16635118454
R7,18,福井県,1801,福井・坂井,外来,2045,2045年度（現状投影）,269168.72894281795
R7,18,福井県,1801,福井・坂井,外来,2050,2050年度（現状投影）,259810.53064845758
R7,18,福井県,1802,奥越,在宅（訪問診療）,2024,2024年度,263.8333333333333
R7,18,福井県,1802,奥越,在宅（訪問診療）,2030,2030年度（現状投影）,284.39586844082066
R7,18,福井県,1802,奥越,在宅（訪問診療）,2035,2035年度（現状投影）,300.5684844895209
R7,18,福井県,1802,奥越,在宅（訪問診療）,2040,2040年度（現状投影）,314.55743010832543
R7,18,福井県,1802,奥越,在宅（訪問診療）,2045,2045年度（現状投影）,314.530811280452
R7,18,福井県,1802,奥越,在宅（訪問診療）,2050,2050年度（現状投影）,294.11794471961946
R7,18,福井県,1802,奥越,外来,2024,2024年度,25418
R7,18,福井県,1802,奥越,外来,2030,2030年度（現状投影）,23725.168113892167
R7,18,福井県,1802,奥越,外来,2035,2035年度（現状投影）,22152.24324852262
R7,18,福井県,1802,奥越,外来,2040,2040年度（現状投影）,20435.992849949795
R7,18,福井県,1802,奥越,外来,2045,2045年度（現状投影）,18590.274042612524
R7,18,福井県,1802,奥越,外来,2050,2050年度（現状投影）,16818.22373400609
R7,18,福井県,1803,丹南,在宅（訪問診療）,2024,2024年度,836.0833333333334
R7,18,福井県,1803,丹南,在宅（訪問診療）,2030,2030年度（現状投影）,931.1537508227448
R7,18,福井県,1803,丹南,在宅（訪問診療）,2035,2035年度（現状投影）,1017.7164668049795
R7,18,福井県,1803,丹南,在宅（訪問診療）,2040,2040年度（現状投影）,1106.8777678871074
R7,18,福井県,1803,丹南,在宅（訪問診療）,2045,2045年度（現状投影）,1148.2893345048542
R7,18,福井県,1803,丹南,在宅（訪問診療）,2050,2050年度（現状投影）,1120.9315047217729
R7,18,福井県,1803,丹南,外来,2024,2024年度,96050.75
R7,18,福井県,1803,丹南,外来,2030,2030年度（現状投影）,91562.53070110481
R7,18,福井県,1803,丹南,外来,2035,2035年度（現状投影）,88821.39376398096
R7,18,福井県,1803,丹南,外来,2040,2040年度（現状投影）,85511.12930739258
R7,18,福井県,1803,丹南,外来,2045,2045年度（現状投影）,82095.80995118959
R7,18,福井県,1803,丹南,外来,2050,2050年度（現状投影）,78752.83535058913
R7,18,福井県,1804,嶺南,在宅（訪問診療）,2024,2024年度,587.9166666666667
R7,18,福井県,1804,嶺南,在宅（訪問診療）,2030,2030年度（現状投影）,656.0070996083319
R7,18,福井県,1804,嶺南,在宅（訪問診療）,2035,2035年度（現状投影）,697.5031495986577
R7,18,福井県,1804,嶺南,在宅（訪問診療）,2040,2040年度（現状投影）,759.3151330896126
R7,18,福井県,1804,嶺南,在宅（訪問診療）,2045,2045年度（現状投影）,792.5063022645418
R7,18,福井県,1804,嶺南,在宅（訪問診療）,2050,2050年度（現状投影）,766.8276524303801
R7,18,福井県,1804,嶺南,外来,2024,2024年度,77581.50000000001
R7,18,福井県,1804,嶺南,外来,2030,2030年度（現状投影）,74641.36249072256
R7,18,福井県,1804,嶺南,外来,2035,2035年度（現状投影）,71731.34232172872
R7,18,福井県,1804,嶺南,外来,2040,2040年度（現状投影）,68363.41644834519
R7,18,福井県,1804,嶺南,外来,2045,2045年度（現状投影）,64723.010688401715
R7,18,福井県,1804,嶺南,外来,2050,2050年度（現状投影）,61174.39454342355
R7,19,山梨県,1901,中北,在宅（訪問診療）,2024,2024年度,2777.5833333333326
R7,19,山梨県,1901,中北,在宅（訪問診療）,2030,2030年度（現状投影）,3214.550430051605
R7,19,山梨県,1901,中北,在宅（訪問診療）,2035,2035年度（現状投影）,3561.180777055739
R7,19,山梨県,1901,中北,在宅（訪問診療）,2040,2040年度（現状投影）,3877.1223070505557
R7,19,山梨県,1901,中北,在宅（訪問診療）,2045,2045年度（現状投影）,4037.6080581077026
R7,19,山梨県,1901,中北,在宅（訪問診療）,2050,2050年度（現状投影）,4033.4738071501065
R7,19,山梨県,1901,中北,外来,2024,2024年度,357609.5833333334
R7,19,山梨県,1901,中北,外来,2030,2030年度（現状投影）,352389.9008980618
R7,19,山梨県,1901,中北,外来,2035,2035年度（現状投影）,346623.2721398256
R7,19,山梨県,1901,中北,外来,2040,2040年度（現状投影）,338706.22663633886
R7,19,山梨県,1901,中北,外来,2045,2045年度（現状投影）,330069.1009087916
R7,19,山梨県,1901,中北,外来,2050,2050年度（現状投影）,320894.25936169986
R7,19,山梨県,1902,峡東,在宅（訪問診療）,2024,2024年度,1256.3333333333333
R7,19,山梨県,1902,峡東,在宅（訪問診療）,2030,2030年度（現状投影）,1381.4321588222322
R7,19,山梨県,1902,峡東,在宅（訪問診療）,2035,2035年度（現状投影）,1496.5416532293298
R7,19,山梨県,1902,峡東,在宅（訪問診療）,2040,2040年度（現状投影）,1592.7016913203586
R7,19,山梨県,1902,峡東,在宅（訪問診療）,2045,2045年度（現状投影）,1624.525300120468
R7,19,山梨県,1902,峡東,在宅（訪問診療）,2050,2050年度（現状投影）,1594.9166313091214
R7,19,山梨県,1902,峡東,外来,2024,2024年度,80389.24999999999
R7,19,山梨県,1902,峡東,外来,2030,2030年度（現状投影）,75632.92302294503
R7,19,山梨県,1902,峡東,外来,2035,2035年度（現状投影）,72785.80119081204
R7,19,山梨県,1902,峡東,外来,2040,2040年度（現状投影）,69455.91391043177
R7,19,山梨県,1902,峡東,外来,2045,2045年度（現状投影）,65922.90823070359
R7,19,山梨県,1902,峡東,外来,2050,2050年度（現状投影）,62250.65941738485
R7,19,山梨県,1903,峡南,在宅（訪問診療）,2024,2024年度,176.58333333333331
R7,19,山梨県,1903,峡南,在宅（訪問診療）,2030,2030年度（現状投影）,174.35576276994937
R7,19,山梨県,1903,峡南,在宅（訪問診療）,2035,2035年度（現状投影）,177.79737779393622
R7,19,山梨県,1903,峡南,在宅（訪問診療）,2040,2040年度（現状投影）,184.57959452559504
R7,19,山梨県,1903,峡南,在宅（訪問診療）,2045,2045年度（現状投影）,187.01166290532754
R7,19,山梨県,1903,峡南,在宅（訪問診療）,2050,2050年度（現状投影）,176.51713960110226
R7,19,山梨県,1903,峡南,外来,2024,2024年度,21203.833333333332
R7,19,山梨県,1903,峡南,外来,2030,2030年度（現状投影）,19305.387741562077
R7,19,山梨県,1903,峡南,外来,2035,2035年度（現状投影）,18026.897616306855
R7,19,山梨県,1903,峡南,外来,2040,2040年度（現状投影）,16551.93335502736
R7,19,山梨県,1903,峡南,外来,2045,2045年度（現状投影）,14993.886056083777
R7,19,山梨県,1903,峡南,外来,2050,2050年度（現状投影）,13471.299316352619
R7,19,山梨県,1904,富士・東部,在宅（訪問診療）,2024,2024年度,584.6666666666666
R7,19,山梨県,1904,富士・東部,在宅（訪問診療）,2030,2030年度（現状投影）,645.4566898946623
R7,19,山梨県,1904,富士・東部,在宅（訪問診療）,2035,2035年度（現状投影）,701.7331587991766
R7,19,山梨県,1904,富士・東部,在宅（訪問診療）,2040,2040年度（現状投影）,762.327659420825
R7,19,山梨県,1904,富士・東部,在宅（訪問診療）,2045,2045年度（現状投影）,804.788123188554
R7,19,山梨県,1904,富士・東部,在宅（訪問診療）,2050,2050年度（現状投影）,798.3134509708985
R7,19,山梨県,1904,富士・東部,外来,2024,2024年度,97991.41666666667
R7,19,山梨県,1904,富士・東部,外来,2030,2030年度（現状投影）,92780.20355459479
R7,19,山梨県,1904,富士・東部,外来,2035,2035年度（現状投影）,89034.03744700357
R7,19,山梨県,1904,富士・東部,外来,2040,2040年度（現状投影）,84522.19272282411
R7,19,山梨県,1904,富士・東部,外来,2045,2045年度（現状投影）,79533.58817289092
R7,19,山梨県,1904,富士・東部,外来,2050,2050年度（現状投影）,74251.79443861531
R7,20,長野県,2001,佐久,在宅（訪問診療）,2024,2024年度,1543.083333333333
R7,20,長野県,2001,佐久,在宅（訪問診療）,2030,2030年度（現状投影）,1746.007047376499
R7,20,長野県,2001,佐久,在宅（訪問診療）,2035,2035年度（現状投影）,1919.7447544655215
R7,20,長野県,2001,佐久,在宅（訪問診療）,2040,2040年度（現状投影）,2114.0859554739204
R7,20,長野県,2001,佐久,在宅（訪問診療）,2045,2045年度（現状投影）,2236.32279575086
R7,20,長野県,2001,佐久,在宅（訪問診療）,2050,2050年度（現状投影）,2219.888127980297
R7,20,長野県,2001,佐久,外来,2024,2024年度,137816.75
R7,20,長野県,2001,佐久,外来,2030,2030年度（現状投影）,133613.59991241145
R7,20,長野県,2001,佐久,外来,2035,2035年度（現状投影）,131175.68850162192
R7,20,長野県,2001,佐久,外来,2040,2040年度（現状投影）,127808.19451549489
R7,20,長野県,2001,佐久,外来,2045,2045年度（現状投影）,124144.73461506025
R7,20,長野県,2001,佐久,外来,2050,2050年度（現状投影）,120297.74426145034
R7,20,長野県,2002,上小,在宅（訪問診療）,2024,2024年度,1551.5000000000002
R7,20,長野県,2002,上小,在宅（訪問診療）,2030,2030年度（現状投影）,1732.607394596158
R7,20,長野県,2002,上小,在宅（訪問診療）,2035,2035年度（現状投影）,1887.385176146276
R7,20,長野県,2002,上小,在宅（訪問診療）,2040,2040年度（現状投影）,2015.4725523405846
R7,20,長野県,2002,上小,在宅（訪問診療）,2045,2045年度（現状投影）,2070.274475601444
R7,20,長野県,2002,上小,在宅（訪問診療）,2050,2050年度（現状投影）,2038.8835314542919
R7,20,長野県,2002,上小,外来,2024,2024年度,126929.75
R7,20,長野県,2002,上小,外来,2030,2030年度（現状投影）,123926.9494056404
R7,20,長野県,2002,上小,外来,2035,2035年度（現状投影）,120924.24316226189
R7,20,長野県,2002,上小,外来,2040,2040年度（現状投影）,117182.03471038691
R7,20,長野県,2002,上小,外来,2045,2045年度（現状投影）,113236.08715190875
R7,20,長野県,2002,上小,外来,2050,2050年度（現状投影）,109305.12428129694
R7,20,長野県,2003,諏訪,在宅（訪問診療）,2024,2024年度,1822.25
R7,20,長野県,2003,諏訪,在宅（訪問診療）,2030,2030年度（現状投影）,2125.6130787250927
R7,20,長野県,2003,諏訪,在宅（訪問診療）,2035,2035年度（現状投影）,2331.770860541993
R7,20,長野県,2003,諏訪,在宅（訪問診療）,2040,2040年度（現状投影）,2460.0444931228267
R7,20,長野県,2003,諏訪,在宅（訪問診療）,2045,2045年度（現状投影）,2458.0752059998968
R7,20,長野県,2003,諏訪,在宅（訪問診療）,2050,2050年度（現状投影）,2345.08210696188
R7,20,長野県,2003,諏訪,外来,2024,2024年度,126131.75000000003
R7,20,長野県,2003,諏訪,外来,2030,2030年度（現状投影）,121536.17700150308
R7,20,長野県,2003,諏訪,外来,2035,2035年度（現状投影）,117036.66258389337
R7,20,長野県,2003,諏訪,外来,2040,2040年度（現状投影）,112299.92469707347
R7,20,長野県,2003,諏訪,外来,2045,2045年度（現状投影）,107927.25690204109
R7,20,長野県,2003,諏訪,外来,2050,2050年度（現状投影）,103798.16707478299
R7,20,長野県,2004,上伊那,在宅（訪問診療）,2024,2024年度,1178.9166666666667
R7,20,長野県,2004,上伊那,在宅（訪問診療）,2030,2030年度（現状投影）,1277.24169719592
R7,20,長野県,2004,上伊那,在宅（訪問診療）,2035,2035年度（現状投影）,1380.9457780121515
R7,20,長野県,2004,上伊那,在宅（訪問診療）,2040,2040年度（現状投影）,1477.5914848597831
R7,20,長野県,2004,上伊那,在宅（訪問診療）,2045,2045年度（現状投影）,1518.4959769915222
R7,20,長野県,2004,上伊那,在宅（訪問診療）,2050,2050年度（現状投影）,1484.2586106390331
R7,20,長野県,2004,上伊那,外来,2024,2024年度,110010.25
R7,20,長野県,2004,上伊那,外来,2030,2030年度（現状投影）,106120.11792164388
R7,20,長野県,2004,上伊那,外来,2035,2035年度（現状投影）,103316.36983317103
R7,20,長野県,2004,上伊那,外来,2040,2040年度（現状投影）,99973.95290846108
R7,20,長野県,2004,上伊那,外来,2045,2045年度（現状投影）,96546.7447952753
R7,20,長野県,2004,上伊那,外来,2050,2050年度（現状投影）,93086.53773421916
R7,20,長野県,2005,飯伊,在宅（訪問診療）,2024,2024年度,1197.1666666666665
R7,20,長野県,2005,飯伊,在宅（訪問診療）,2030,2030年度（現状投影）,1263.2124832856766
R7,20,長野県,2005,飯伊,在宅（訪問診療）,2035,2035年度（現状投影）,1315.7234872894626
R7,20,長野県,2005,飯伊,在宅（訪問診療）,2040,2040年度（現状投影）,1375.692591813947
R7,20,長野県,2005,飯伊,在宅（訪問診療）,2045,2045年度（現状投影）,1406.489970816796
R7,20,長野県,2005,飯伊,在宅（訪問診療）,2050,2050年度（現状投影）,1363.7923038829194
R7,20,長野県,2005,飯伊,外来,2024,2024年度,100756.0833333333
R7,20,長野県,2005,飯伊,外来,2030,2030年度（現状投影）,96043.15084796488
R7,20,長野県,2005,飯伊,外来,2035,2035年度（現状投影）,92262.29195044098
R7,20,長野県,2005,飯伊,外来,2040,2040年度（現状投影）,88127.17179266924
R7,20,長野県,2005,飯伊,外来,2045,2045年度（現状投影）,83916.29498119192
R7,20,長野県,2005,飯伊,外来,2050,2050年度（現状投影）,79665.96816426111
R7,20,長野県,2006,木曽,在宅（訪問診療）,2024,2024年度,47.58333333333333
R7,20,長野県,2006,木曽,在宅（訪問診療）,2030,2030年度（現状投影）,42.99584390359477
R7,20,長野県,2006,木曽,在宅（訪問診療）,2035,2035年度（現状投影）,45.83488474005307
R7,20,長野県,2006,木曽,在宅（訪問診療）,2040,2040年度（現状投影）,48.24772581214069
R7,20,長野県,2006,木曽,在宅（訪問診療）,2045,2045年度（現状投影）,48.90999948749996
R7,20,長野県,2006,木曽,在宅（訪問診療）,2050,2050年度（現状投影）,45.097955871594074
R7,20,長野県,2006,木曽,外来,2024,2024年度,9401.249999999998
R7,20,長野県,2006,木曽,外来,2030,2030年度（現状投影）,8253.638615735063
R7,20,長野県,2006,木曽,外来,2035,2035年度（現状投影）,7661.631453902755
R7,20,長野県,2006,木曽,外来,2040,2040年度（現状投影）,7007.065319286153
R7,20,長野県,2006,木曽,外来,2045,2045年度（現状投影）,6317.283561440346
R7,20,長野県,2006,木曽,外来,2050,2050年度（現状投影）,5649.471209143567
R7,20,長野県,2007,松本,在宅（訪問診療）,2024,2024年度,3870.833333333333
R7,20,長野県,2007,松本,在宅（訪問診療）,2030,2030年度（現状投影）,4453.587609035082
R7,20,長野県,2007,松本,在宅（訪問診療）,2035,2035年度（現状投影）,4889.656351473489
R7,20,長野県,2007,松本,在宅（訪問診療）,2040,2040年度（現状投影）,5267.906960898139
R7,20,長野県,2007,松本,在宅（訪問診療）,2045,2045年度（現状投影）,5429.744417342632
R7,20,長野県,2007,松本,在宅（訪問診療）,2050,2050年度（現状投影）,5417.655269168048
R7,20,長野県,2007,松本,外来,2024,2024年度,298301.83333333326
R7,20,長野県,2007,松本,外来,2030,2030年度（現状投影）,295328.945428574
R7,20,長野県,2007,松本,外来,2035,2035年度（現状投影）,291392.886552748
R7,20,長野県,2007,松本,外来,2040,2040年度（現状投影）,286440.66551873065
R7,20,長野県,2007,松本,外来,2045,2045年度（現状投影）,281433.2456899448
R7,20,長野県,2007,松本,外来,2050,2050年度（現状投影）,275877.16209325404
R7,20,長野県,2008,大北,在宅（訪問診療）,2024,2024年度,442.25000000000006
R7,20,長野県,2008,大北,在宅（訪問診療）,2030,2030年度（現状投影）,461.27505505238486
R7,20,長野県,2008,大北,在宅（訪問診療）,2035,2035年度（現状投影）,490.5387010209015
R7,20,長野県,2008,大北,在宅（訪問診療）,2040,2040年度（現状投影）,508.9815708444009
R7,20,長野県,2008,大北,在宅（訪問診療）,2045,2045年度（現状投影）,509.7606169922231
R7,20,長野県,2008,大北,在宅（訪問診療）,2050,2050年度（現状投影）,482.3781901540775
R7,20,長野県,2008,大北,外来,2024,2024年度,32525.166666666664
R7,20,長野県,2008,大北,外来,2030,2030年度（現状投影）,29762.141850281085
R7,20,長野県,2008,大北,外来,2035,2035年度（現状投影）,28252.300177429144
R7,20,長野県,2008,大北,外来,2040,2040年度（現状投影）,26536.098726515444
R7,20,長野県,2008,大北,外来,2045,2045年度（現状投影）,24775.900127766934
R7,20,長野県,2008,大北,外来,2050,2050年度（現状投影）,23093.301286245995
R7,20,長野県,2009,長野,在宅（訪問診療）,2024,2024年度,4222.083333333333
R7,20,長野県,2009,長野,在宅（訪問診療）,2030,2030年度（現状投影）,4803.570621130495
R7,20,長野県,2009,長野,在宅（訪問診療）,2035,2035年度（現状投影）,5282.262237482009
R7,20,長野県,2009,長野,在宅（訪問診療）,2040,2040年度（現状投影）,5708.058143895627
R7,20,長野県,2009,長野,在宅（訪問診療）,2045,2045年度（現状投影）,5876.247813001875
R7,20,長野県,2009,長野,在宅（訪問診療）,2050,2050年度（現状投影）,5798.125336998314
R7,20,長野県,2009,長野,外来,2024,2024年度,364437.75
R7,20,長野県,2009,長野,外来,2030,2030年度（現状投影）,357860.34324241336
R7,20,長野県,2009,長野,外来,2035,2035年度（現状投影）,349276.688479253
R7,20,長野県,2009,長野,外来,2040,2040年度（現状投影）,338363.4887160229
R7,20,長野県,2009,長野,外来,2045,2045年度（現状投影）,326943.3430075766
R7,20,長野県,2009,長野,外来,2050,2050年度（現状投影）,315237.4697476947
R7,20,長野県,2010,北信,在宅（訪問診療）,2024,2024年度,216.08333333333331
R7,20,長野県,2010,北信,在宅（訪問診療）,2030,2030年度（現状投影）,220.68297340738724
R7,20,長野県,2010,北信,在宅（訪問診療）,2035,2035年度（現状投影）,231.39682371538606
R7,20,長野県,2010,北信,在宅（訪問診療）,2040,2040年度（現状投影）,244.57885150155903
R7,20,長野県,2010,北信,在宅（訪問診療）,2045,2045年度（現状投影）,248.88957381846419
R7,20,長野県,2010,北信,在宅（訪問診療）,2050,2050年度（現状投影）,238.01522099220625
R7,20,長野県,2010,北信,外来,2024,2024年度,53891.166666666664
R7,20,長野県,2010,北信,外来,2030,2030年度（現状投影）,49746.46200358928
R7,20,長野県,2010,北信,外来,2035,2035年度（現状投影）,47165.32141637646
R7,20,長野県,2010,北信,外来,2040,2040年度（現状投影）,44111.2519982748
R7,20,長野県,2010,北信,外来,2045,2045年度（現状投影）,40860.220553701525
R7,20,長野県,2010,北信,外来,2050,2050年度（現状投影）,37674.93455091443
R7,21,岐阜県,2101,岐阜,在宅（訪問診療）,2024,2024年度,10536.833333333332
R7,21,岐阜県,2101,岐阜,在宅（訪問診療）,2030,2030年度（現状投影）,12302.702049005944
R7,21,岐阜県,2101,岐阜,在宅（訪問診療）,2035,2035年度（現状投影）,13492.54178168026
R7,21,岐阜県,2101,岐阜,在宅（訪問診療）,2040,2040年度（現状投影）,14219.87511400383
R7,21,岐阜県,2101,岐阜,在宅（訪問診療）,2045,2045年度（現状投影）,14324.277409172582
R7,21,岐阜県,2101,岐阜,在宅（訪問診療）,2050,2050年度（現状投影）,14253.714651170316
R7,21,岐阜県,2101,岐阜,外来,2024,2024年度,632983.25
R7,21,岐阜県,2101,岐阜,外来,2030,2030年度（現状投影）,618109.2733573585
R7,21,岐阜県,2101,岐阜,外来,2035,2035年度（現状投影）,604029.9583434472
R7,21,岐阜県,2101,岐阜,外来,2040,2040年度（現状投影）,587807.3673262534
R7,21,岐阜県,2101,岐阜,外来,2045,2045年度（現状投影）,571690.976547363
R7,21,岐阜県,2101,岐阜,外来,2050,2050年度（現状投影）,555514.0297511887
R7,21,岐阜県,2102,西濃,在宅（訪問診療）,2024,2024年度,3452.583333333334
R7,21,岐阜県,2102,西濃,在宅（訪問診療）,2030,2030年度（現状投影）,4051.786598871354
R7,21,岐阜県,2102,西濃,在宅（訪問診療）,2035,2035年度（現状投影）,4489.969677841277
R7,21,岐阜県,2102,西濃,在宅（訪問診療）,2040,2040年度（現状投影）,4799.606262093184
R7,21,岐阜県,2102,西濃,在宅（訪問診療）,2045,2045年度（現状投影）,4888.454182260828
R7,21,岐阜県,2102,西濃,在宅（訪問診療）,2050,2050年度（現状投影）,4757.502153756368
R7,21,岐阜県,2102,西濃,外来,2024,2024年度,235875.58333333334
R7,21,岐阜県,2102,西濃,外来,2030,2030年度（現状投影）,225465.8011249466
R7,21,岐阜県,2102,西濃,外来,2035,2035年度（現状投影）,216551.42491821008
R7,21,岐阜県,2102,西濃,外来,2040,2040年度（現状投影）,206482.52845496798
R7,21,岐阜県,2102,西濃,外来,2045,2045年度（現状投影）,196240.08616981836
R7,21,岐阜県,2102,西濃,外来,2050,2050年度（現状投影）,186161.4432432096
R7,21,岐阜県,2103,中濃,在宅（訪問診療）,2024,2024年度,2783.7499999999995
R7,21,岐阜県,2103,中濃,在宅（訪問診療）,2030,2030年度（現状投影）,3149.0524421521973
R7,21,岐阜県,2103,中濃,在宅（訪問診療）,2035,2035年度（現状投影）,3495.3143474321996
R7,21,岐阜県,2103,中濃,在宅（訪問診療）,2040,2040年度（現状投影）,3805.9920315034456
R7,21,岐阜県,2103,中濃,在宅（訪問診療）,2045,2045年度（現状投影）,3893.118185704781
R7,21,岐阜県,2103,中濃,在宅（訪問診療）,2050,2050年度（現状投影）,3795.5714564713544
R7,21,岐阜県,2103,中濃,外来,2024,2024年度,220954.91666666663
R7,21,岐阜県,2103,中濃,外来,2030,2030年度（現状投影）,212385.63701970532
R7,21,岐阜県,2103,中濃,外来,2035,2035年度（現状投影）,205740.06346908226
R7,21,岐阜県,2103,中濃,外来,2040,2040年度（現状投影）,197487.42428389282
R7,21,岐阜県,2103,中濃,外来,2045,2045年度（現状投影）,188654.56881121563
R7,21,岐阜県,2103,中濃,外来,2050,2050年度（現状投影）,180211.92421472294
R7,21,岐阜県,2104,東濃,在宅（訪問診療）,2024,2024年度,3421.1666666666665
R7,21,岐阜県,2104,東濃,在宅（訪問診療）,2030,2030年度（現状投影）,3886.065901466838
R7,21,岐阜県,2104,東濃,在宅（訪問診療）,2035,2035年度（現状投影）,4192.055544866875
R7,21,岐阜県,2104,東濃,在宅（訪問診療）,2040,2040年度（現状投影）,4439.960824591747
R7,21,岐阜県,2104,東濃,在宅（訪問診療）,2045,2045年度（現状投影）,4476.245246527006
R7,21,岐阜県,2104,東濃,在宅（訪問診療）,2050,2050年度（現状投影）,4346.246685320693
R7,21,岐阜県,2104,東濃,外来,2024,2024年度,224910.83333333328
R7,21,岐阜県,2104,東濃,外来,2030,2030年度（現状投影）,213051.74080779156
R7,21,岐阜県,2104,東濃,外来,2035,2035年度（現状投影）,203390.23528557143
R7,21,岐阜県,2104,東濃,外来,2040,2040年度（現状投影）,192920.7414163043
R7,21,岐阜県,2104,東濃,外来,2045,2045年度（現状投影）,182183.60594141873
R7,21,岐阜県,2104,東濃,外来,2050,2050年度（現状投影）,171770.55485993656
R7,21,岐阜県,2105,飛騨,在宅（訪問診療）,2024,2024年度,1133.5
R7,21,岐阜県,2105,飛騨,在宅（訪問診療）,2030,2030年度（現状投影）,1202.0689020564876
R7,21,岐阜県,2105,飛騨,在宅（訪問診療）,2035,2035年度（現状投影）,1246.8823086321445
R7,21,岐阜県,2105,飛騨,在宅（訪問診療）,2040,2040年度（現状投影）,1278.2658646715313
R7,21,岐阜県,2105,飛騨,在宅（訪問診療）,2045,2045年度（現状投影）,1262.7961270259652
R7,21,岐阜県,2105,飛騨,在宅（訪問診療）,2050,2050年度（現状投影）,1189.1302114664866
R7,21,岐阜県,2105,飛騨,外来,2024,2024年度,83395.16666666666
R7,21,岐阜県,2105,飛騨,外来,2030,2030年度（現状投影）,75770.66551988978
R7,21,岐阜県,2105,飛騨,外来,2035,2035年度（現状投影）,70540.23683497639
R7,21,岐阜県,2105,飛騨,外来,2040,2040年度（現状投影）,65406.293617893185
R7,21,岐阜県,2105,飛騨,外来,2045,2045年度（現状投影）,60522.62936103269
R7,21,岐阜県,2105,飛騨,外来,2050,2050年度（現状投影）,55955.355899469054
R7,22,静岡県,2201,賀茂,在宅（訪問診療）,2024,2024年度,393.41666666666663
R7,22,静岡県,2201,賀茂,在宅（訪問診療）,2030,2030年度（現状投影）,430.2992581008934
R7,22,静岡県,2201,賀茂,在宅（訪問診療）,2035,2035年度（現状投影）,453.3946498161639
R7,22,静岡県,2201,賀茂,在宅（訪問診療）,2040,2040年度（現状投影）,454.7229864211291
R7,22,静岡県,2201,賀茂,在宅（訪問診療）,2045,2045年度（現状投影）,426.94669296806006
R7,22,静岡県,2201,賀茂,在宅（訪問診療）,2050,2050年度（現状投影）,377.93126824636596
R7,22,静岡県,2201,賀茂,外来,2024,2024年度,29902.583333333336
R7,22,静岡県,2201,賀茂,外来,2030,2030年度（現状投影）,26891.658278806834
R7,22,静岡県,2201,賀茂,外来,2035,2035年度（現状投影）,24471.602321141752
R7,22,静岡県,2201,賀茂,外来,2040,2040年度（現状投影）,21959.431617688984
R7,22,静岡県,2201,賀茂,外来,2045,2045年度（現状投影）,19586.03782259466
R7,22,静岡県,2201,賀茂,外来,2050,2050年度（現状投影）,17549.663751027863
R7,22,静岡県,2202,熱海伊東,在宅（訪問診療）,2024,2024年度,1637.1666666666665
R7,22,静岡県,2202,熱海伊東,在宅（訪問診療）,2030,2030年度（現状投影）,1924.3633695510796
R7,22,静岡県,2202,熱海伊東,在宅（訪問診療）,2035,2035年度（現状投影）,2103.4608002234118
R7,22,静岡県,2202,熱海伊東,在宅（訪問診療）,2040,2040年度（現状投影）,2181.541852861993
R7,22,静岡県,2202,熱海伊東,在宅（訪問診療）,2045,2045年度（現状投影）,2153.270733556411
R7,22,静岡県,2202,熱海伊東,在宅（訪問診療）,2050,2050年度（現状投影）,2021.559560433549
R7,22,静岡県,2202,熱海伊東,外来,2024,2024年度,71616.66666666666
R7,22,静岡県,2202,熱海伊東,外来,2030,2030年度（現状投影）,66650.28838683378
R7,22,静岡県,2202,熱海伊東,外来,2035,2035年度（現状投影）,62824.58491491393
R7,22,静岡県,2202,熱海伊東,外来,2040,2040年度（現状投影）,58923.57324841595
R7,22,静岡県,2202,熱海伊東,外来,2045,2045年度（現状投影）,55513.15975170225
R7,22,静岡県,2202,熱海伊東,外来,2050,2050年度（現状投影）,52350.34603433884
R7,22,静岡県,2203,駿東田方,在宅（訪問診療）,2024,2024年度,6415.833333333332
R7,22,静岡県,2203,駿東田方,在宅（訪問診療）,2030,2030年度（現状投影）,7624.67215946044
R7,22,静岡県,2203,駿東田方,在宅（訪問診療）,2035,2035年度（現状投影）,8352.869216883446
R7,22,静岡県,2203,駿東田方,在宅（訪問診療）,2040,2040年度（現状投影）,8845.601931542898
R7,22,静岡県,2203,駿東田方,在宅（訪問診療）,2045,2045年度（現状投影）,8966.664703039569
R7,22,静岡県,2203,駿東田方,在宅（訪問診療）,2050,2050年度（現状投影）,8804.956584456671
R7,22,静岡県,2203,駿東田方,外来,2024,2024年度,447729.3333333334
R7,22,静岡県,2203,駿東田方,外来,2030,2030年度（現状投影）,430933.32159577054
R7,22,静岡県,2203,駿東田方,外来,2035,2035年度（現状投影）,417391.03789917956
R7,22,静岡県,2203,駿東田方,外来,2040,2040年度（現状投影）,401968.30303109466
R7,22,静岡県,2203,駿東田方,外来,2045,2045年度（現状投影）,386380.4032955637
R7,22,静岡県,2203,駿東田方,外来,2050,2050年度（現状投影）,370278.0045757225
R7,22,静岡県,2204,富士,在宅（訪問診療）,2024,2024年度,3156
R7,22,静岡県,2204,富士,在宅（訪問診療）,2030,2030年度（現状投影）,3755.1353542507145
R7,22,静岡県,2204,富士,在宅（訪問診療）,2035,2035年度（現状投影）,4202.453938585979
R7,22,静岡県,2204,富士,在宅（訪問診療）,2040,2040年度（現状投影）,4552.241758887141
R7,22,静岡県,2204,富士,在宅（訪問診療）,2045,2045年度（現状投影）,4683.265513745568
R7,22,静岡県,2204,富士,在宅（訪問診療）,2050,2050年度（現状投影）,4634.913776220593
R7,22,静岡県,2204,富士,外来,2024,2024年度,256706.99999999994
R7,22,静岡県,2204,富士,外来,2030,2030年度（現状投影）,247763.62130946622
R7,22,静岡県,2204,富士,外来,2035,2035年度（現状投影）,241784.75025137336
R7,22,静岡県,2204,富士,外来,2040,2040年度（現状投影）,234418.86554756563
R7,22,静岡県,2204,富士,外来,2045,2045年度（現状投影）,226364.23093890963
R7,22,静岡県,2204,富士,外来,2050,2050年度（現状投影）,217810.4536943213
R7,22,静岡県,2205,静岡,在宅（訪問診療）,2024,2024年度,7567.916666666667
R7,22,静岡県,2205,静岡,在宅（訪問診療）,2030,2030年度（現状投影）,8778.970404554426
R7,22,静岡県,2205,静岡,在宅（訪問診療）,2035,2035年度（現状投影）,9543.362669898668
R7,22,静岡県,2205,静岡,在宅（訪問診療）,2040,2040年度（現状投影）,10026.380771584405
R7,22,静岡県,2205,静岡,在宅（訪問診療）,2045,2045年度（現状投影）,10103.113506171501
R7,22,静岡県,2205,静岡,在宅（訪問診療）,2050,2050年度（現状投影）,9884.731876960383
R7,22,静岡県,2205,静岡,外来,2024,2024年度,503803.1666666666
R7,22,静岡県,2205,静岡,外来,2030,2030年度（現状投影）,495358.9647547403
R7,22,静岡県,2205,静岡,外来,2035,2035年度（現状投影）,481176.1894514823
R7,22,静岡県,2205,静岡,外来,2040,2040年度（現状投影）,464901.2669986369
R7,22,静岡県,2205,静岡,外来,2045,2045年度（現状投影）,448860.16453476204
R7,22,静岡県,2205,静岡,外来,2050,2050年度（現状投影）,433676.3695631674
R7,22,静岡県,2206,志太榛原,在宅（訪問診療）,2024,2024年度,2809.9999999999995
R7,22,静岡県,2206,志太榛原,在宅（訪問診療）,2030,2030年度（現状投影）,3189.3898868142787
R7,22,静岡県,2206,志太榛原,在宅（訪問診療）,2035,2035年度（現状投影）,3485.428813597986
R7,22,静岡県,2206,志太榛原,在宅（訪問診療）,2040,2040年度（現状投影）,3730.9370667493295
R7,22,静岡県,2206,志太榛原,在宅（訪問診療）,2045,2045年度（現状投影）,3809.137960932044
R7,22,静岡県,2206,志太榛原,在宅（訪問診療）,2050,2050年度（現状投影）,3724.558368584623
R7,22,静岡県,2206,志太榛原,外来,2024,2024年度,302056.9166666666
R7,22,静岡県,2206,志太榛原,外来,2030,2030年度（現状投影）,292023.07803252
R7,22,静岡県,2206,志太榛原,外来,2035,2035年度（現状投影）,283688.7942763869
R7,22,静岡県,2206,志太榛原,外来,2040,2040年度（現状投影）,273661.1612162271
R7,22,静岡県,2206,志太榛原,外来,2045,2045年度（現状投影）,263180.57619432226
R7,22,静岡県,2206,志太榛原,外来,2050,2050年度（現状投影）,253170.02142833362
R7,22,静岡県,2207,中東遠,在宅（訪問診療）,2024,2024年度,2334.8333333333335
R7,22,静岡県,2207,中東遠,在宅（訪問診療）,2030,2030年度（現状投影）,2655.352437488277
R7,22,静岡県,2207,中東遠,在宅（訪問診療）,2035,2035年度（現状投影）,2945.3634718251715
R7,22,静岡県,2207,中東遠,在宅（訪問診療）,2040,2040年度（現状投影）,3237.5447416371003
R7,22,静岡県,2207,中東遠,在宅（訪問診療）,2045,2045年度（現状投影）,3390.0739549841537
R7,22,静岡県,2207,中東遠,在宅（訪問診療）,2050,2050年度（現状投影）,3356.5690632539804
R7,22,静岡県,2207,中東遠,外来,2024,2024年度,313111.25000000006
R7,22,静岡県,2207,中東遠,外来,2030,2030年度（現状投影）,309876.2476005078
R7,22,静岡県,2207,中東遠,外来,2035,2035年度（現状投影）,305216.3551479349
R7,22,静岡県,2207,中東遠,外来,2040,2040年度（現状投影）,298022.61383245693
R7,22,静岡県,2207,中東遠,外来,2045,2045年度（現状投影）,289450.54408218904
R7,22,静岡県,2207,中東遠,外来,2050,2050年度（現状投影）,281161.6862325492
R7,22,静岡県,2208,西部,在宅（訪問診療）,2024,2024年度,6249.75
R7,22,静岡県,2208,西部,在宅（訪問診療）,2030,2030年度（現状投影）,7325.998047101749
R7,22,静岡県,2208,西部,在宅（訪問診療）,2035,2035年度（現状投影）,8098.488216110423
R7,22,静岡県,2208,西部,在宅（訪問診療）,2040,2040年度（現状投影）,8774.53688323404
R7,22,静岡県,2208,西部,在宅（訪問診療）,2045,2045年度（現状投影）,9078.959692615572
R7,22,静岡県,2208,西部,在宅（訪問診療）,2050,2050年度（現状投影）,9059.479671771829
R7,22,静岡県,2208,西部,外来,2024,2024年度,631617.4166666666
R7,22,静岡県,2208,西部,外来,2030,2030年度（現状投影）,621485.9556301644
R7,22,静岡県,2208,西部,外来,2035,2035年度（現状投影）,611406.2720282617
R7,22,静岡県,2208,西部,外来,2040,2040年度（現状投影）,598273.209079044
R7,22,静岡県,2208,西部,外来,2045,2045年度（現状投影）,583594.7765138183
R7,22,静岡県,2208,西部,外来,2050,2050年度（現状投影）,568118.1576250854
R7,23,愛知県,2302,海部,在宅（訪問診療）,2024,2024年度,2329.75
R7,23,愛知県,2302,海部,在宅（訪問診療）,2030,2030年度（現状投影）,2847.4157704684294
R7,23,愛知県,2302,海部,在宅（訪問診療）,2035,2035年度（現状投影）,3158.188472945722
R7,23,愛知県,2302,海部,在宅（訪問診療）,2040,2040年度（現状投影）,3298.6680596831957
R7,23,愛知県,2302,海部,在宅（訪問診療）,2045,2045年度（現状投影）,3289.739314731012
R7,23,愛知県,2302,海部,在宅（訪問診療）,2050,2050年度（現状投影）,3256.6408121315485
R7,23,愛知県,2302,海部,外来,2024,2024年度,234004.00000000003
R7,23,愛知県,2302,海部,外来,2030,2030年度（現状投影）,225370.29784404702
R7,23,愛知県,2302,海部,外来,2035,2035年度（現状投影）,219626.0615569246
R7,23,愛知県,2302,海部,外来,2040,2040年度（現状投影）,214058.205086774
R7,23,愛知県,2302,海部,外来,2045,2045年度（現状投影）,209268.93508112183
R7,23,愛知県,2302,海部,外来,2050,2050年度（現状投影）,204255.5541468465
R7,23,愛知県,2304,尾張東部,在宅（訪問診療）,2024,2024年度,3368.2500000000005
R7,23,愛知県,2304,尾張東部,在宅（訪問診療）,2030,2030年度（現状投影）,4412.257809049306
R7,23,愛知県,2304,尾張東部,在宅（訪問診療）,2035,2035年度（現状投影）,5084.7059685716295
R7,23,愛知県,2304,尾張東部,在宅（訪問診療）,2040,2040年度（現状投影）,5554.474101031019
R7,23,愛知県,2304,尾張東部,在宅（訪問診療）,2045,2045年度（現状投影）,5769.237418171077
R7,23,愛知県,2304,尾張東部,在宅（訪問診療）,2050,2050年度（現状投影）,5822.351111895642
R7,23,愛知県,2304,尾張東部,外来,2024,2024年度,373994.5
R7,23,愛知県,2304,尾張東部,外来,2030,2030年度（現状投影）,376914.44519944675
R7,23,愛知県,2304,尾張東部,外来,2035,2035年度（現状投影）,375481.79839827225
R7,23,愛知県,2304,尾張東部,外来,2040,2040年度（現状投影）,373320.82646265556
R7,23,愛知県,2304,尾張東部,外来,2045,2045年度（現状投影）,371499.7617394549
R7,23,愛知県,2304,尾張東部,外来,2050,2050年度（現状投影）,368915.800273703
R7,23,愛知県,2305,尾張西部,在宅（訪問診療）,2024,2024年度,6574.083333333333
R7,23,愛知県,2305,尾張西部,在宅（訪問診療）,2030,2030年度（現状投影）,7966.027483183445
R7,23,愛知県,2305,尾張西部,在宅（訪問診療）,2035,2035年度（現状投影）,8722.306785008333
R7,23,愛知県,2305,尾張西部,在宅（訪問診療）,2040,2040年度（現状投影）,9101.121329512762
R7,23,愛知県,2305,尾張西部,在宅（訪問診療）,2045,2045年度（現状投影）,9126.878001206378
R7,23,愛知県,2305,尾張西部,在宅（訪問診療）,2050,2050年度（現状投影）,9192.712554387506
R7,23,愛知県,2305,尾張西部,外来,2024,2024年度,371579.33333333326
R7,23,愛知県,2305,尾張西部,外来,2030,2030年度（現状投影）,365014.77077044063
R7,23,愛知県,2305,尾張西部,外来,2035,2035年度（現状投影）,358824.6268120743
R7,23,愛知県,2305,尾張西部,外来,2040,2040年度（現状投影）,352646.92069870874
R7,23,愛知県,2305,尾張西部,外来,2045,2045年度（現状投影）,347230.918067841
R7,23,愛知県,2305,尾張西部,外来,2050,2050年度（現状投影）,341258.71237538214
R7,23,愛知県,2306,尾張北部,在宅（訪問診療）,2024,2024年度,7817.583333333335
R7,23,愛知県,2306,尾張北部,在宅（訪問診療）,2030,2030年度（現状投影）,9896.953788743835
R7,23,愛知県,2306,尾張北部,在宅（訪問診療）,2035,2035年度（現状投影）,11196.726684921625
R7,23,愛知県,2306,尾張北部,在宅（訪問診療）,2040,2040年度（現状投影）,11861.90986149788
R7,23,愛知県,2306,尾張北部,在宅（訪問診療）,2045,2045年度（現状投影）,11839.588853651127
R7,23,愛知県,2306,尾張北部,在宅（訪問診療）,2050,2050年度（現状投影）,11777.623458872396
R7,23,愛知県,2306,尾張北部,外来,2024,2024年度,501020.91666666657
R7,23,愛知県,2306,尾張北部,外来,2030,2030年度（現状投影）,497245.6942802297
R7,23,愛知県,2306,尾張北部,外来,2035,2035年度（現状投影）,488841.8581901508
R7,23,愛知県,2306,尾張北部,外来,2040,2040年度（現状投影）,479965.05473938776
R7,23,愛知県,2306,尾張北部,外来,2045,2045年度（現状投影）,472941.2114710911
R7,23,愛知県,2306,尾張北部,外来,2050,2050年度（現状投影）,466299.8604737275
R7,23,愛知県,2307,知多半島,在宅（訪問診療）,2024,2024年度,4617.083333333333
R7,23,愛知県,2307,知多半島,在宅（訪問診療）,2030,2030年度（現状投影）,5706.959370396717
R7,23,愛知県,2307,知多半島,在宅（訪問診療）,2035,2035年度（現状投影）,6432.522697489833
R7,23,愛知県,2307,知多半島,在宅（訪問診療）,2040,2040年度（現状投影）,6958.979046248959
R7,23,愛知県,2307,知多半島,在宅（訪問診療）,2045,2045年度（現状投影）,7108.588952547437
R7,23,愛知県,2307,知多半島,在宅（訪問診療）,2050,2050年度（現状投影）,7133.481224695612
R7,23,愛知県,2307,知多半島,外来,2024,2024年度,403589.3333333333
R7,23,愛知県,2307,知多半島,外来,2030,2030年度（現状投影）,403823.390517746
R7,23,愛知県,2307,知多半島,外来,2035,2035年度（現状投影）,401016.1107409552
R7,23,愛知県,2307,知多半島,外来,2040,2040年度（現状投影）,397727.6457554962
R7,23,愛知県,2307,知多半島,外来,2045,2045年度（現状投影）,394884.03328749794
R7,23,愛知県,2307,知多半島,外来,2050,2050年度（現状投影）,391885.11998923577
R7,23,愛知県,2308,西三河北部,在宅（訪問診療）,2024,2024年度,2748.000000000001
R7,23,愛知県,2308,西三河北部,在宅（訪問診療）,2030,2030年度（現状投影）,3344.3279942584923
R7,23,愛知県,2308,西三河北部,在宅（訪問診療）,2035,2035年度（現状投影）,3915.0341237208177
R7,23,愛知県,2308,西三河北部,在宅（訪問診療）,2040,2040年度（現状投影）,4330.4235747962075
R7,23,愛知県,2308,西三河北部,在宅（訪問診療）,2045,2045年度（現状投影）,4483.7687913012405
R7,23,愛知県,2308,西三河北部,在宅（訪問診療）,2050,2050年度（現状投影）,4534.012886947647
R7,23,愛知県,2308,西三河北部,外来,2024,2024年度,314418.1666666667
R7,23,愛知県,2308,西三河北部,外来,2030,2030年度（現状投影）,318083.6670728434
R7,23,愛知県,2308,西三河北部,外来,2035,2035年度（現状投影）,315939.04536149686
R7,23,愛知県,2308,西三河北部,外来,2040,2040年度（現状投影）,311910.09638539224
R7,23,愛知県,2308,西三河北部,外来,2045,2045年度（現状投影）,307621.4566711967
R7,23,愛知県,2308,西三河北部,外来,2050,2050年度（現状投影）,302681.26291709015
R7,23,愛知県,2309,西三河南部西,在宅（訪問診療）,2024,2024年度,4986.333333333334
R7,23,愛知県,2309,西三河南部西,在宅（訪問診療）,2030,2030年度（現状投影）,6118.291004099965
R7,23,愛知県,2309,西三河南部西,在宅（訪問診療）,2035,2035年度（現状投影）,6955.975028229868
R7,23,愛知県,2309,西三河南部西,在宅（訪問診療）,2040,2040年度（現状投影）,7641.741742363809
R7,23,愛知県,2309,西三河南部西,在宅（訪問診療）,2045,2045年度（現状投影）,8083.579506866981
R7,23,愛知県,2309,西三河南部西,在宅（訪問診療）,2050,2050年度（現状投影）,8371.233284951752
R7,23,愛知県,2309,西三河南部西,外来,2024,2024年度,456382.8333333333
R7,23,愛知県,2309,西三河南部西,外来,2030,2030年度（現状投影）,461575.06005318963
R7,23,愛知県,2309,西三河南部西,外来,2035,2035年度（現状投影）,464544.7629897454
R7,23,愛知県,2309,西三河南部西,外来,2040,2040年度（現状投影）,465437.81464954687
R7,23,愛知県,2309,西三河南部西,外来,2045,2045年度（現状投影）,465189.2359014349
R7,23,愛知県,2309,西三河南部西,外来,2050,2050年度（現状投影）,462953.06467561837
R7,23,愛知県,2310,西三河南部東,在宅（訪問診療）,2024,2024年度,2449.9166666666665
R7,23,愛知県,2310,西三河南部東,在宅（訪問診療）,2030,2030年度（現状投影）,2979.933006286906
R7,23,愛知県,2310,西三河南部東,在宅（訪問診療）,2035,2035年度（現状投影）,3463.8540320326088
R7,23,愛知県,2310,西三河南部東,在宅（訪問診療）,2040,2040年度（現状投影）,3880.1538942780394
R7,23,愛知県,2310,西三河南部東,在宅（訪問診療）,2045,2045年度（現状投影）,4092.084513338412
R7,23,愛知県,2310,西三河南部東,在宅（訪問診療）,2050,2050年度（現状投影）,4185.9154593209005
R7,23,愛知県,2310,西三河南部東,外来,2024,2024年度,279320.74999999994
R7,23,愛知県,2310,西三河南部東,外来,2030,2030年度（現状投影）,286087.7460897756
R7,23,愛知県,2310,西三河南部東,外来,2035,2035年度（現状投影）,287904.94257577206
R7,23,愛知県,2310,西三河南部東,外来,2040,2040年度（現状投影）,287738.9486239858
R7,23,愛知県,2310,西三河南部東,外来,2045,2045年度（現状投影）,286631.8219896731
R7,23,愛知県,2310,西三河南部東,外来,2050,2050年度（現状投影）,284870.8305069364
R7,23,愛知県,2311,東三河北部,在宅（訪問診療）,2024,2024年度,187.83333333333334
R7,23,愛知県,2311,東三河北部,在宅（訪問診療）,2030,2030年度（現状投影）,191.25523321504045
R7,23,愛知県,2311,東三河北部,在宅（訪問診療）,2035,2035年度（現状投影）,201.24949673440403
R7,23,愛知県,2311,東三河北部,在宅（訪問診療）,2040,2040年度（現状投影）,208.90945811838526
R7,23,愛知県,2311,東三河北部,在宅（訪問診療）,2045,2045年度（現状投影）,206.0125156036617
R7,23,愛知県,2311,東三河北部,在宅（訪問診療）,2050,2050年度（現状投影）,192.3678015378679
R7,23,愛知県,2311,東三河北部,外来,2024,2024年度,31224.249999999996
R7,23,愛知県,2311,東三河北部,外来,2030,2030年度（現状投影）,28690.392108537722
R7,23,愛知県,2311,東三河北部,外来,2035,2035年度（現状投影）,26803.22334335688
R7,23,愛知県,2311,東三河北部,外来,2040,2040年度（現状投影）,24685.803543911858
R7,23,愛知県,2311,東三河北部,外来,2045,2045年度（現状投影）,22522.21585095132
R7,23,愛知県,2311,東三河北部,外来,2050,2050年度（現状投影）,20542.54870209824
R7,23,愛知県,2312,東三河南部,在宅（訪問診療）,2024,2024年度,4756.416666666667
R7,23,愛知県,2312,東三河南部,在宅（訪問診療）,2030,2030年度（現状投影）,5711.167869851751
R7,23,愛知県,2312,東三河南部,在宅（訪問診療）,2035,2035年度（現状投影）,6367.4813146952565
R7,23,愛知県,2312,東三河南部,在宅（訪問診療）,2040,2040年度（現状投影）,6908.948477369441
R7,23,愛知県,2312,東三河南部,在宅（訪問診療）,2045,2045年度（現状投影）,7117.925881668227
R7,23,愛知県,2312,東三河南部,在宅（訪問診療）,2050,2050年度（現状投影）,7132.365437382488
R7,23,愛知県,2312,東三河南部,外来,2024,2024年度,488196.9999999998
R7,23,愛知県,2312,東三河南部,外来,2030,2030年度（現状投影）,480786.5719584633
R7,23,愛知県,2312,東三河南部,外来,2035,2035年度（現状投影）,473165.662226379
R7,23,愛知県,2312,東三河南部,外来,2040,2040年度（現状投影）,463350.56290176726
R7,23,愛知県,2312,東三河南部,外来,2045,2045年度（現状投影）,453141.0835419391
R7,23,愛知県,2312,東三河南部,外来,2050,2050年度（現状投影）,442660.40464639297
R7,23,愛知県,2313,名古屋・尾張中部,在宅（訪問診療）,2024,2024年度,42432.83333333333
R7,23,愛知県,2313,名古屋・尾張中部,在宅（訪問診療）,2030,2030年度（現状投影）,52239.95855518483
R7,23,愛知県,2313,名古屋・尾張中部,在宅（訪問診療）,2035,2035年度（現状投影）,57177.81981918946
R7,23,愛知県,2313,名古屋・尾張中部,在宅（訪問診療）,2040,2040年度（現状投影）,60702.61430654265
R7,23,愛知県,2313,名古屋・尾張中部,在宅（訪問診療）,2045,2045年度（現状投影）,62377.89507198456
R7,23,愛知県,2313,名古屋・尾張中部,在宅（訪問診療）,2050,2050年度（現状投影）,63496.91116583842
R7,23,愛知県,2313,名古屋・尾張中部,外来,2024,2024年度,1959091.916666666
R7,23,愛知県,2313,名古屋・尾張中部,外来,2030,2030年度（現状投影）,1991556.1504630959
R7,23,愛知県,2313,名古屋・尾張中部,外来,2035,2035年度（現状投影）,1983032.4460353877
R7,23,愛知県,2313,名古屋・尾張中部,外来,2040,2040年度（現状投影）,1968778.5623450072
R7,23,愛知県,2313,名古屋・尾張中部,外来,2045,2045年度（現状投影）,1952723.4536802517
R7,23,愛知県,2313,名古屋・尾張中部,外来,2050,2050年度（現状投影）,1933570.3689531758
R7,24,三重県,2405,桑員,在宅（訪問診療）,2024,2024年度,1612.4166666666665
R7,24,三重県,2405,桑員,在宅（訪問診療）,2030,2030年度（現状投影）,1955.417019452488
R7,24,三重県,2405,桑員,在宅（訪問診療）,2035,2035年度（現状投影）,2201.558199077238
R7,24,三重県,2405,桑員,在宅（訪問診療）,2040,2040年度（現状投影）,2374.9682852700266
R7,24,三重県,2405,桑員,在宅（訪問診療）,2045,2045年度（現状投影）,2434.4728601112165
R7,24,三重県,2405,桑員,在宅（訪問診療）,2050,2050年度（現状投影）,2418.012933971185
R7,24,三重県,2405,桑員,外来,2024,2024年度,144642.3333333333
R7,24,三重県,2405,桑員,外来,2030,2030年度（現状投影）,142825.54840940546
R7,24,三重県,2405,桑員,外来,2035,2035年度（現状投影）,140004.3376934736
R7,24,三重県,2405,桑員,外来,2040,2040年度（現状投影）,136246.256165041
R7,24,三重県,2405,桑員,外来,2045,2045年度（現状投影）,132498.64952817382
R7,24,三重県,2405,桑員,外来,2050,2050年度（現状投影）,128944.92143160087
R7,24,三重県,2406,三泗,在宅（訪問診療）,2024,2024年度,2964.083333333334
R7,24,三重県,2406,三泗,在宅（訪問診療）,2030,2030年度（現状投影）,3436.22509095839
R7,24,三重県,2406,三泗,在宅（訪問診療）,2035,2035年度（現状投影）,3819.9255847872496
R7,24,三重県,2406,三泗,在宅（訪問診療）,2040,2040年度（現状投影）,4084.203132080328
R7,24,三重県,2406,三泗,在宅（訪問診療）,2045,2045年度（現状投影）,4151.431662001389
R7,24,三重県,2406,三泗,在宅（訪問診療）,2050,2050年度（現状投影）,4225.368648978686
R7,24,三重県,2406,三泗,外来,2024,2024年度,263756.3333333333
R7,24,三重県,2406,三泗,外来,2030,2030年度（現状投影）,259017.18376011463
R7,24,三重県,2406,三泗,外来,2035,2035年度（現状投影）,256399.3831728193
R7,24,三重県,2406,三泗,外来,2040,2040年度（現状投影）,253266.14088297827
R7,24,三重県,2406,三泗,外来,2045,2045年度（現状投影）,249748.87071468463
R7,24,三重県,2406,三泗,外来,2050,2050年度（現状投影）,245434.02454637602
R7,24,三重県,2407,鈴亀,在宅（訪問診療）,2024,2024年度,1427.0833333333333
R7,24,三重県,2407,鈴亀,在宅（訪問診療）,2030,2030年度（現状投影）,1776.9363574917381
R7,24,三重県,2407,鈴亀,在宅（訪問診療）,2035,2035年度（現状投影）,2048.783119994725
R7,24,三重県,2407,鈴亀,在宅（訪問診療）,2040,2040年度（現状投影）,2256.7318669860147
R7,24,三重県,2407,鈴亀,在宅（訪問診療）,2045,2045年度（現状投影）,2335.4930393202812
R7,24,三重県,2407,鈴亀,在宅（訪問診療）,2050,2050年度（現状投影）,2373.577517018489
R7,24,三重県,2407,鈴亀,外来,2024,2024年度,166245.91666666666
R7,24,三重県,2407,鈴亀,外来,2030,2030年度（現状投影）,166126.39047766523
R7,24,三重県,2407,鈴亀,外来,2035,2035年度（現状投影）,164773.320299881
R7,24,三重県,2407,鈴亀,外来,2040,2040年度（現状投影）,162139.58503141187
R7,24,三重県,2407,鈴亀,外来,2045,2045年度（現状投影）,158843.8698343377
R7,24,三重県,2407,鈴亀,外来,2050,2050年度（現状投影）,155067.48468895507
R7,24,三重県,2408,津,在宅（訪問診療）,2024,2024年度,2977.3333333333335
R7,24,三重県,2408,津,在宅（訪問診療）,2030,2030年度（現状投影）,3363.1778188389917
R7,24,三重県,2408,津,在宅（訪問診療）,2035,2035年度（現状投影）,3629.9920411555686
R7,24,三重県,2408,津,在宅（訪問診療）,2040,2040年度（現状投影）,3816.3822195935027
R7,24,三重県,2408,津,在宅（訪問診療）,2045,2045年度（現状投影）,3873.053555582649
R7,24,三重県,2408,津,在宅（訪問診療）,2050,2050年度（現状投影）,3858.878414742468
R7,24,三重県,2408,津,外来,2024,2024年度,231239.25000000003
R7,24,三重県,2408,津,外来,2030,2030年度（現状投影）,225018.11044514558
R7,24,三重県,2408,津,外来,2035,2035年度（現状投影）,218808.9434955383
R7,24,三重県,2408,津,外来,2040,2040年度（現状投影）,212025.45097150322
R7,24,三重県,2408,津,外来,2045,2045年度（現状投影）,204987.1927741033
R7,24,三重県,2408,津,外来,2050,2050年度（現状投影）,197776.92210708882
R7,24,三重県,2409,伊賀,在宅（訪問診療）,2024,2024年度,759.75
R7,24,三重県,2409,伊賀,在宅（訪問診療）,2030,2030年度（現状投影）,878.3285291581947
R7,24,三重県,2409,伊賀,在宅（訪問診療）,2035,2035年度（現状投影）,983.9029232950779
R7,24,三重県,2409,伊賀,在宅（訪問診療）,2040,2040年度（現状投影）,1077.766680509031
R7,24,三重県,2409,伊賀,在宅（訪問診療）,2045,2045年度（現状投影）,1102.8945454138088
R7,24,三重県,2409,伊賀,在宅（訪問診療）,2050,2050年度（現状投影）,1058.0136077856441
R7,24,三重県,2409,伊賀,外来,2024,2024年度,110134.83333333333
R7,24,三重県,2409,伊賀,外来,2030,2030年度（現状投影）,105708.12966812657
R7,24,三重県,2409,伊賀,外来,2035,2035年度（現状投影）,101256.29084725991
R7,24,三重県,2409,伊賀,外来,2040,2040年度（現状投影）,95811.48192398317
R7,24,三重県,2409,伊賀,外来,2045,2045年度（現状投影）,90122.44616392042
R7,24,三重県,2409,伊賀,外来,2050,2050年度（現状投影）,84876.47421295888
R7,24,三重県,2410,松阪,在宅（訪問診療）,2024,2024年度,2543.8333333333335
R7,24,三重県,2410,松阪,在宅（訪問診療）,2030,2030年度（現状投影）,2790.461482655805
R7,24,三重県,2410,松阪,在宅（訪問診療）,2035,2035年度（現状投影）,2963.4132063016964
R7,24,三重県,2410,松阪,在宅（訪問診療）,2040,2040年度（現状投影）,3115.3322993403763
R7,24,三重県,2410,松阪,在宅（訪問診療）,2045,2045年度（現状投影）,3152.3445374350345
R7,24,三重県,2410,松阪,在宅（訪問診療）,2050,2050年度（現状投影）,3098.0482017179893
R7,24,三重県,2410,松阪,外来,2024,2024年度,143383.0833333333
R7,24,三重県,2410,松阪,外来,2030,2030年度（現状投影）,137216.0289497899
R7,24,三重県,2410,松阪,外来,2035,2035年度（現状投影）,132581.1218053052
R7,24,三重県,2410,松阪,外来,2040,2040年度（現状投影）,127126.55692895067
R7,24,三重県,2410,松阪,外来,2045,2045年度（現状投影）,121444.71508763291
R7,24,三重県,2410,松阪,外来,2050,2050年度（現状投影）,115720.01994346158
R7,24,三重県,2411,伊勢志摩,在宅（訪問診療）,2024,2024年度,2869.3333333333335
R7,24,三重県,2411,伊勢志摩,在宅（訪問診療）,2030,2030年度（現状投影）,3134.6116052061134
R7,24,三重県,2411,伊勢志摩,在宅（訪問診療）,2035,2035年度（現状投影）,3283.0830956150176
R7,24,三重県,2411,伊勢志摩,在宅（訪問診療）,2040,2040年度（現状投影）,3388.832521331741
R7,24,三重県,2411,伊勢志摩,在宅（訪問診療）,2045,2045年度（現状投影）,3400.166009637678
R7,24,三重県,2411,伊勢志摩,在宅（訪問診療）,2050,2050年度（現状投影）,3273.3714791839075
R7,24,三重県,2411,伊勢志摩,外来,2024,2024年度,159094.3333333333
R7,24,三重県,2411,伊勢志摩,外来,2030,2030年度（現状投影）,147139.37312218986
R7,24,三重県,2411,伊勢志摩,外来,2035,2035年度（現状投影）,137978.02140353768
R7,24,三重県,2411,伊勢志摩,外来,2040,2040年度（現状投影）,128637.88813560613
R7,24,三重県,2411,伊勢志摩,外来,2045,2045年度（現状投影）,119284.98495828887
R7,24,三重県,2411,伊勢志摩,外来,2050,2050年度（現状投影）,110085.24543332834
R7,24,三重県,2412,東紀州,在宅（訪問診療）,2024,2024年度,635.4166666666667
R7,24,三重県,2412,東紀州,在宅（訪問診療）,2030,2030年度（現状投影）,674.2523143502915
R7,24,三重県,2412,東紀州,在宅（訪問診療）,2035,2035年度（現状投影）,683.5782579507015
R7,24,三重県,2412,東紀州,在宅（訪問診療）,2040,2040年度（現状投影）,677.5310557956595
R7,24,三重県,2412,東紀州,在宅（訪問診療）,2045,2045年度（現状投影）,656.6671340859857
R7,24,三重県,2412,東紀州,在宅（訪問診療）,2050,2050年度（現状投影）,599.3113970619204
R7,24,三重県,2412,東紀州,外来,2024,2024年度,35856.83333333333
R7,24,三重県,2412,東紀州,外来,2030,2030年度（現状投影）,32134.244819702588
R7,24,三重県,2412,東紀州,外来,2035,2035年度（現状投影）,29261.23603935336
R7,24,三重県,2412,東紀州,外来,2040,2040年度（現状投影）,26324.87616011165
R7,24,三重県,2412,東紀州,外来,2045,2045年度（現状投影）,23520.547879684225
R7,24,三重県,2412,東紀州,外来,2050,2050年度（現状投影）,20981.445782906
R7,25,滋賀県,2501,大津,在宅（訪問診療）,2024,2024年度,3225.2499999999995
R7,25,滋賀県,2501,大津,在宅（訪問診療）,2030,2030年度（現状投影）,4064.055037117987
R7,25,滋賀県,2501,大津,在宅（訪問診療）,2035,2035年度（現状投影）,4782.315602690828
R7,25,滋賀県,2501,大津,在宅（訪問診療）,2040,2040年度（現状投影）,5413.928379143268
R7,25,滋賀県,2501,大津,在宅（訪問診療）,2045,2045年度（現状投影）,5724.10093004565
R7,25,滋賀県,2501,大津,在宅（訪問診療）,2050,2050年度（現状投影）,5822.2578701998955
R7,25,滋賀県,2501,大津,外来,2024,2024年度,232172.1666666666
R7,25,滋賀県,2501,大津,外来,2030,2030年度（現状投影）,239530.01966480396
R7,25,滋賀県,2501,大津,外来,2035,2035年度（現状投影）,240963.58738260728
R7,25,滋賀県,2501,大津,外来,2040,2040年度（現状投影）,240091.1501007815
R7,25,滋賀県,2501,大津,外来,2045,2045年度（現状投影）,238029.9407173353
R7,25,滋賀県,2501,大津,外来,2050,2050年度（現状投影）,235479.2490115361
R7,25,滋賀県,2502,湖南,在宅（訪問診療）,2024,2024年度,2230.833333333333
R7,25,滋賀県,2502,湖南,在宅（訪問診療）,2030,2030年度（現状投影）,2845.6052380071324
R7,25,滋賀県,2502,湖南,在宅（訪問診療）,2035,2035年度（現状投影）,3346.1630303682423
R7,25,滋賀県,2502,湖南,在宅（訪問診療）,2040,2040年度（現状投影）,3743.521575493185
R7,25,滋賀県,2502,湖南,在宅（訪問診療）,2045,2045年度（現状投影）,3896.976622278077
R7,25,滋賀県,2502,湖南,在宅（訪問診療）,2050,2050年度（現状投影）,3973.9218857875653
R7,25,滋賀県,2502,湖南,外来,2024,2024年度,252061.16666666674
R7,25,滋賀県,2502,湖南,外来,2030,2030年度（現状投影）,262358.3631028432
R7,25,滋賀県,2502,湖南,外来,2035,2035年度（現状投影）,266374.84630657925
R7,25,滋賀県,2502,湖南,外来,2040,2040年度（現状投影）,268401.2147965896
R7,25,滋賀県,2502,湖南,外来,2045,2045年度（現状投影）,269432.372600323
R7,25,滋賀県,2502,湖南,外来,2050,2050年度（現状投影）,269735.5102349441
R7,25,滋賀県,2503,甲賀,在宅（訪問診療）,2024,2024年度,806.4166666666666
R7,25,滋賀県,2503,甲賀,在宅（訪問診療）,2030,2030年度（現状投影）,930.5087209317037
R7,25,滋賀県,2503,甲賀,在宅（訪問診療）,2035,2035年度（現状投影）,1043.3448222543645
R7,25,滋賀県,2503,甲賀,在宅（訪問診療）,2040,2040年度（現状投影）,1142.064506843885
R7,25,滋賀県,2503,甲賀,在宅（訪問診療）,2045,2045年度（現状投影）,1191.5818018620841
R7,25,滋賀県,2503,甲賀,在宅（訪問診療）,2050,2050年度（現状投影）,1185.1912495316162
R7,25,滋賀県,2503,甲賀,外来,2024,2024年度,75028.66666666667
R7,25,滋賀県,2503,甲賀,外来,2030,2030年度（現状投影）,73371.08611453854
R7,25,滋賀県,2503,甲賀,外来,2035,2035年度（現状投影）,71742.71924385367
R7,25,滋賀県,2503,甲賀,外来,2040,2040年度（現状投影）,69328.0643209277
R7,25,滋賀県,2503,甲賀,外来,2045,2045年度（現状投影）,66523.88608451096
R7,25,滋賀県,2503,甲賀,外来,2050,2050年度（現状投影）,63737.41870247388
R7,25,滋賀県,2504,東近江,在宅（訪問診療）,2024,2024年度,1174.9166666666665
R7,25,滋賀県,2504,東近江,在宅（訪問診療）,2030,2030年度（現状投影）,1382.78074889165
R7,25,滋賀県,2504,東近江,在宅（訪問診療）,2035,2035年度（現状投影）,1555.6957739685813
R7,25,滋賀県,2504,東近江,在宅（訪問診療）,2040,2040年度（現状投影）,1726.4850375687543
R7,25,滋賀県,2504,東近江,在宅（訪問診療）,2045,2045年度（現状投影）,1816.6309515709677
R7,25,滋賀県,2504,東近江,在宅（訪問診療）,2050,2050年度（現状投影）,1795.8905852775747
R7,25,滋賀県,2504,東近江,外来,2024,2024年度,137661.83333333337
R7,25,滋賀県,2504,東近江,外来,2030,2030年度（現状投影）,135715.11660138515
R7,25,滋賀県,2504,東近江,外来,2035,2035年度（現状投影）,133231.02274713025
R7,25,滋賀県,2504,東近江,外来,2040,2040年度（現状投影）,129718.50703751222
R7,25,滋賀県,2504,東近江,外来,2045,2045年度（現状投影）,125920.20308729367
R7,25,滋賀県,2504,東近江,外来,2050,2050年度（現状投影）,122234.4295423578
R7,25,滋賀県,2505,湖東,在宅（訪問診療）,2024,2024年度,555.9166666666666
R7,25,滋賀県,2505,湖東,在宅（訪問診療）,2030,2030年度（現状投影）,660.1746733091156
R7,25,滋賀県,2505,湖東,在宅（訪問診療）,2035,2035年度（現状投影）,737.1257986339875
R7,25,滋賀県,2505,湖東,在宅（訪問診療）,2040,2040年度（現状投影）,809.5234601102392
R7,25,滋賀県,2505,湖東,在宅（訪問診療）,2045,2045年度（現状投影）,846.1669434878622
R7,25,滋賀県,2505,湖東,在宅（訪問診療）,2050,2050年度（現状投影）,852.1452583160954
R7,25,滋賀県,2505,湖東,外来,2024,2024年度,88686.58333333336
R7,25,滋賀県,2505,湖東,外来,2030,2030年度（現状投影）,88853.04967277026
R7,25,滋賀県,2505,湖東,外来,2035,2035年度（現状投影）,88487.08409105102
R7,25,滋賀県,2505,湖東,外来,2040,2040年度（現状投影）,87487.34022341199
R7,25,滋賀県,2505,湖東,外来,2045,2045年度（現状投影）,86194.05495190728
R7,25,滋賀県,2505,湖東,外来,2050,2050年度（現状投影）,84742.73565462188
R7,25,滋賀県,2506,湖北,在宅（訪問診療）,2024,2024年度,1263.2500000000002
R7,25,滋賀県,2506,湖北,在宅（訪問診療）,2030,2030年度（現状投影）,1366.97751918289
R7,25,滋賀県,2506,湖北,在宅（訪問診療）,2035,2035年度（現状投影）,1459.8867828540635
R7,25,滋賀県,2506,湖北,在宅（訪問診療）,2040,2040年度（現状投影）,1537.586062070596
R7,25,滋賀県,2506,湖北,在宅（訪問診療）,2045,2045年度（現状投影）,1569.8073826381633
R7,25,滋賀県,2506,湖北,在宅（訪問診療）,2050,2050年度（現状投影）,1557.8655104680033
R7,25,滋賀県,2506,湖北,外来,2024,2024年度,94961.25
R7,25,滋賀県,2506,湖北,外来,2030,2030年度（現状投影）,90097.36546770674
R7,25,滋賀県,2506,湖北,外来,2035,2035年度（現状投影）,86882.72632887038
R7,25,滋賀県,2506,湖北,外来,2040,2040年度（現状投影）,83332.90593856531
R7,25,滋賀県,2506,湖北,外来,2045,2045年度（現状投影）,79604.67986078502
R7,25,滋賀県,2506,湖北,外来,2050,2050年度（現状投影）,75710.03164092716
R7,25,滋賀県,2507,湖西,在宅（訪問診療）,2024,2024年度,348.9166666666667
R7,25,滋賀県,2507,湖西,在宅（訪問診療）,2030,2030年度（現状投影）,377.94858031620436
R7,25,滋賀県,2507,湖西,在宅（訪問診療）,2035,2035年度（現状投影）,403.4126098873643
R7,25,滋賀県,2507,湖西,在宅（訪問診療）,2040,2040年度（現状投影）,428.3608528301076
R7,25,滋賀県,2507,湖西,在宅（訪問診療）,2045,2045年度（現状投影）,434.5221490863163
R7,25,滋賀県,2507,湖西,在宅（訪問診療）,2050,2050年度（現状投影）,417.8899207509203
R7,25,滋賀県,2507,湖西,外来,2024,2024年度,28912.083333333332
R7,25,滋賀県,2507,湖西,外来,2030,2030年度（現状投影）,26977.335642321483
R7,25,滋賀県,2507,湖西,外来,2035,2035年度（現状投影）,25503.463333004835
R7,25,滋賀県,2507,湖西,外来,2040,2040年度（現状投影）,23799.192599609225
R7,25,滋賀県,2507,湖西,外来,2045,2045年度（現状投影）,22022.585762314677
R7,25,滋賀県,2507,湖西,外来,2050,2050年度（現状投影）,20247.369555651912
R7,26,京都府,2601,丹後,在宅（訪問診療）,2024,2024年度,808.3333333333333
R7,26,京都府,2601,丹後,在宅（訪問診療）,2030,2030年度（現状投影）,842.5107668970418
R7,26,京都府,2601,丹後,在宅（訪問診療）,2035,2035年度（現状投影）,868.9516760089532
R7,26,京都府,2601,丹後,在宅（訪問診療）,2040,2040年度（現状投影）,885.7275471066705
R7,26,京都府,2601,丹後,在宅（訪問診療）,2045,2045年度（現状投影）,869.9394049714244
R7,26,京都府,2601,丹後,在宅（訪問診療）,2050,2050年度（現状投影）,810.9868707059903
R7,26,京都府,2601,丹後,外来,2024,2024年度,49109.5
R7,26,京都府,2601,丹後,外来,2030,2030年度（現状投影）,44271.04209599772
R7,26,京都府,2601,丹後,外来,2035,2035年度（現状投影）,40960.44776974534
R7,26,京都府,2601,丹後,外来,2040,2040年度（現状投影）,37526.66041704711
R7,26,京都府,2601,丹後,外来,2045,2045年度（現状投影）,34068.26897293924
R7,26,京都府,2601,丹後,外来,2050,2050年度（現状投影）,30779.429713091176
R7,26,京都府,2602,中丹,在宅（訪問診療）,2024,2024年度,1166.3333333333333
R7,26,京都府,2602,中丹,在宅（訪問診療）,2030,2030年度（現状投影）,1264.4952895594695
R7,26,京都府,2602,中丹,在宅（訪問診療）,2035,2035年度（現状投影）,1323.6185986437906
R7,26,京都府,2602,中丹,在宅（訪問診療）,2040,2040年度（現状投影）,1365.9557376041835
R7,26,京都府,2602,中丹,在宅（訪問診療）,2045,2045年度（現状投影）,1363.8227568861264
R7,26,京都府,2602,中丹,在宅（訪問診療）,2050,2050年度（現状投影）,1292.5166366891183
R7,26,京都府,2602,中丹,外来,2024,2024年度,116384.75
R7,26,京都府,2602,中丹,外来,2030,2030年度（現状投影）,113005.64695032459
R7,26,京都府,2602,中丹,外来,2035,2035年度（現状投影）,108171.82481459105
R7,26,京都府,2602,中丹,外来,2040,2040年度（現状投影）,103082.63132464599
R7,26,京都府,2602,中丹,外来,2045,2045年度（現状投影）,98066.99878815691
R7,26,京都府,2602,中丹,外来,2050,2050年度（現状投影）,93509.09692968152
R7,26,京都府,2603,南丹,在宅（訪問診療）,2024,2024年度,661.7499999999999
R7,26,京都府,2603,南丹,在宅（訪問診療）,2030,2030年度（現状投影）,755.4023751434777
R7,26,京都府,2603,南丹,在宅（訪問診療）,2035,2035年度（現状投影）,826.492000690821
R7,26,京都府,2603,南丹,在宅（訪問診療）,2040,2040年度（現状投影）,870.0589489846179
R7,26,京都府,2603,南丹,在宅（訪問診療）,2045,2045年度（現状投影）,867.8948396865601
R7,26,京都府,2603,南丹,在宅（訪問診療）,2050,2050年度（現状投影）,822.3816185648611
R7,26,京都府,2603,南丹,外来,2024,2024年度,71634.75
R7,26,京都府,2603,南丹,外来,2030,2030年度（現状投影）,67798.90737874666
R7,26,京都府,2603,南丹,外来,2035,2035年度（現状投影）,64439.365290387126
R7,26,京都府,2603,南丹,外来,2040,2040年度（現状投影）,60395.226938907545
R7,26,京都府,2603,南丹,外来,2045,2045年度（現状投影）,56326.005698668654
R7,26,京都府,2603,南丹,外来,2050,2050年度（現状投影）,52551.990140928945
R7,26,京都府,2604,京都・乙訓,在宅（訪問診療）,2024,2024年度,21819.333333333336
R7,26,京都府,2604,京都・乙訓,在宅（訪問診療）,2030,2030年度（現状投影）,27584.33632408944
R7,26,京都府,2604,京都・乙訓,在宅（訪問診療）,2035,2035年度（現状投影）,30615.1183900893
R7,26,京都府,2604,京都・乙訓,在宅（訪問診療）,2040,2040年度（現状投影）,32680.884206161303
R7,26,京都府,2604,京都・乙訓,在宅（訪問診療）,2045,2045年度（現状投影）,33070.513316560464
R7,26,京都府,2604,京都・乙訓,在宅（訪問診療）,2050,2050年度（現状投影）,32592.088606188237
R7,26,京都府,2604,京都・乙訓,外来,2024,2024年度,1141452.9166666667
R7,26,京都府,2604,京都・乙訓,外来,2030,2030年度（現状投影）,1183298.7967254408
R7,26,京都府,2604,京都・乙訓,外来,2035,2035年度（現状投影）,1164089.1224435086
R7,26,京都府,2604,京都・乙訓,外来,2040,2040年度（現状投影）,1138937.9905460028
R7,26,京都府,2604,京都・乙訓,外来,2045,2045年度（現状投影）,1116068.5498077741
R7,26,京都府,2604,京都・乙訓,外来,2050,2050年度（現状投影）,1095725.9152225582
R7,26,京都府,2605,山城北,在宅（訪問診療）,2024,2024年度,2424.75
R7,26,京都府,2605,山城北,在宅（訪問診療）,2030,2030年度（現状投影）,3051.3593592371844
R7,26,京都府,2605,山城北,在宅（訪問診療）,2035,2035年度（現状投影）,3469.8486112541414
R7,26,京都府,2605,山城北,在宅（訪問診療）,2040,2040年度（現状投影）,3715.1424575693222
R7,26,京都府,2605,山城北,在宅（訪問診療）,2045,2045年度（現状投影）,3705.932831273839
R7,26,京都府,2605,山城北,在宅（訪問診療）,2050,2050年度（現状投影）,3507.5966325381737
R7,26,京都府,2605,山城北,外来,2024,2024年度,252281.99999999997
R7,26,京都府,2605,山城北,外来,2030,2030年度（現状投影）,244062.2353204516
R7,26,京都府,2605,山城北,外来,2035,2035年度（現状投影）,234889.67734427116
R7,26,京都府,2605,山城北,外来,2040,2040年度（現状投影）,224178.4015632979
R7,26,京都府,2605,山城北,外来,2045,2045年度（現状投影）,214526.55148225528
R7,26,京都府,2605,山城北,外来,2050,2050年度（現状投影）,206585.40265924617
R7,26,京都府,2606,山城南,在宅（訪問診療）,2024,2024年度,729.2499999999999
R7,26,京都府,2606,山城南,在宅（訪問診療）,2030,2030年度（現状投影）,946.9873372250818
R7,26,京都府,2606,山城南,在宅（訪問診療）,2035,2035年度（現状投影）,1159.1139307726296
R7,26,京都府,2606,山城南,在宅（訪問診療）,2040,2040年度（現状投影）,1332.7496792751663
R7,26,京都府,2606,山城南,在宅（訪問診療）,2045,2045年度（現状投影）,1403.853819011592
R7,26,京都府,2606,山城南,在宅（訪問診療）,2050,2050年度（現状投影）,1383.8776249109742
R7,26,京都府,2606,山城南,外来,2024,2024年度,63193.33333333333
R7,26,京都府,2606,山城南,外来,2030,2030年度（現状投影）,64839.14491175266
R7,26,京都府,2606,山城南,外来,2035,2035年度（現状投影）,65055.782294830526
R7,26,京都府,2606,山城南,外来,2040,2040年度（現状投影）,64666.53363674323
R7,26,京都府,2606,山城南,外来,2045,2045年度（現状投影）,64111.94059915245
R7,26,京都府,2606,山城南,外来,2050,2050年度（現状投影）,63523.35448349619
R7,27,大阪府,2701,豊能,在宅（訪問診療）,2024,2024年度,16080.75
R7,27,大阪府,2701,豊能,在宅（訪問診療）,2030,2030年度（現状投影）,19803.75051995752
R7,27,大阪府,2701,豊能,在宅（訪問診療）,2035,2035年度（現状投影）,22085.05449542114
R7,27,大阪府,2701,豊能,在宅（訪問診療）,2040,2040年度（現状投影）,23583.430996305084
R7,27,大阪府,2701,豊能,在宅（訪問診療）,2045,2045年度（現状投影）,23970.98364752582
R7,27,大阪府,2701,豊能,在宅（訪問診療）,2050,2050年度（現状投影）,24137.80323337857
R7,27,大阪府,2701,豊能,外来,2024,2024年度,756706.6666666665
R7,27,大阪府,2701,豊能,外来,2030,2030年度（現状投影）,760269.5639112048
R7,27,大阪府,2701,豊能,外来,2035,2035年度（現状投影）,755906.0804678553
R7,27,大阪府,2701,豊能,外来,2040,2040年度（現状投影）,749460.8256550725
R7,27,大阪府,2701,豊能,外来,2045,2045年度（現状投影）,745326.818049727
R7,27,大阪府,2701,豊能,外来,2050,2050年度（現状投影）,742571.6020243975
R7,27,大阪府,2702,三島,在宅（訪問診療）,2024,2024年度,10364.75
R7,27,大阪府,2702,三島,在宅（訪問診療）,2030,2030年度（現状投影）,13530.490209156816
R7,27,大阪府,2702,三島,在宅（訪問診療）,2035,2035年度（現状投影）,15423.44622686937
R7,27,大阪府,2702,三島,在宅（訪問診療）,2040,2040年度（現状投影）,16417.52698122994
R7,27,大阪府,2702,三島,在宅（訪問診療）,2045,2045年度（現状投影）,16366.006868956625
R7,27,大阪府,2702,三島,在宅（訪問診療）,2050,2050年度（現状投影）,16109.612236257828
R7,27,大阪府,2702,三島,外来,2024,2024年度,513188.25000000006
R7,27,大阪府,2702,三島,外来,2030,2030年度（現状投影）,517979.31594172196
R7,27,大阪府,2702,三島,外来,2035,2035年度（現状投影）,511256.45538767223
R7,27,大阪府,2702,三島,外来,2040,2040年度（現状投影）,502800.76921795815
R7,27,大阪府,2702,三島,外来,2045,2045年度（現状投影）,496704.8264737617
R7,27,大阪府,2702,三島,外来,2050,2050年度（現状投影）,492728.5464844736
R7,27,大阪府,2703,北河内,在宅（訪問診療）,2024,2024年度,15361.916666666664
R7,27,大阪府,2703,北河内,在宅（訪問診療）,2030,2030年度（現状投影）,20014.359489678365
R7,27,大阪府,2703,北河内,在宅（訪問診療）,2035,2035年度（現状投影）,22592.092008160525
R7,27,大阪府,2703,北河内,在宅（訪問診療）,2040,2040年度（現状投影）,23804.02079786518
R7,27,大阪府,2703,北河内,在宅（訪問診療）,2045,2045年度（現状投影）,23474.668197577557
R7,27,大阪府,2703,北河内,在宅（訪問診療）,2050,2050年度（現状投影）,22821.0782753562
R7,27,大阪府,2703,北河内,外来,2024,2024年度,754587.5000000001
R7,27,大阪府,2703,北河内,外来,2030,2030年度（現状投影）,741164.9972492078
R7,27,大阪府,2703,北河内,外来,2035,2035年度（現状投影）,716072.4240855393
R7,27,大阪府,2703,北河内,外来,2040,2040年度（現状投影）,689229.7694098275
R7,27,大阪府,2703,北河内,外来,2045,2045年度（現状投影）,666143.2902234195
R7,27,大阪府,2703,北河内,外来,2050,2050年度（現状投影）,645439.624582585
R7,27,大阪府,2704,中河内,在宅（訪問診療）,2024,2024年度,11284.583333333332
R7,27,大阪府,2704,中河内,在宅（訪問診療）,2030,2030年度（現状投影）,13830.484876269209
R7,27,大阪府,2704,中河内,在宅（訪問診療）,2035,2035年度（現状投影）,14908.151031234273
R7,27,大阪府,2704,中河内,在宅（訪問診療）,2040,2040年度（現状投影）,15194.36217650779
R7,27,大阪府,2704,中河内,在宅（訪問診療）,2045,2045年度（現状投影）,14981.111598363255
R7,27,大阪府,2704,中河内,在宅（訪問診療）,2050,2050年度（現状投影）,14867.299814075875
R7,27,大阪府,2704,中河内,外来,2024,2024年度,511696.6666666667
R7,27,大阪府,2704,中河内,外来,2030,2030年度（現状投影）,503936.7203937625
R7,27,大阪府,2704,中河内,外来,2035,2035年度（現状投影）,487143.01355755806
R7,27,大阪府,2704,中河内,外来,2040,2040年度（現状投影）,470656.74090473197
R7,27,大阪府,2704,中河内,外来,2045,2045年度（現状投影）,457208.2557490462
R7,27,大阪府,2704,中河内,外来,2050,2050年度（現状投影）,444591.1900544065
R7,27,大阪府,2705,南河内,在宅（訪問診療）,2024,2024年度,8190.333333333334
R7,27,大阪府,2705,南河内,在宅（訪問診療）,2030,2030年度（現状投影）,10075.012902435608
R7,27,大阪府,2705,南河内,在宅（訪問診療）,2035,2035年度（現状投影）,11185.885804686046
R7,27,大阪府,2705,南河内,在宅（訪問診療）,2040,2040年度（現状投影）,11724.896924050798
R7,27,大阪府,2705,南河内,在宅（訪問診療）,2045,2045年度（現状投影）,11523.21048145818
R7,27,大阪府,2705,南河内,在宅（訪問診療）,2050,2050年度（現状投影）,11117.445021415502
R7,27,大阪府,2705,南河内,外来,2024,2024年度,409961.25
R7,27,大阪府,2705,南河内,外来,2030,2030年度（現状投影）,391429.4126877428
R7,27,大阪府,2705,南河内,外来,2035,2035年度（現状投影）,372110.68545554735
R7,27,大阪府,2705,南河内,外来,2040,2040年度（現状投影）,351464.08972047723
R7,27,大阪府,2705,南河内,外来,2045,2045年度（現状投影）,332160.6218923865
R7,27,大阪府,2705,南河内,外来,2050,2050年度（現状投影）,313613.52142533625
R7,27,大阪府,2706,堺市,在宅（訪問診療）,2024,2024年度,17450.666666666668
R7,27,大阪府,2706,堺市,在宅（訪問診療）,2030,2030年度（現状投影）,21496.231479518876
R7,27,大阪府,2706,堺市,在宅（訪問診療）,2035,2035年度（現状投影）,23375.581058751774
R7,27,大阪府,2706,堺市,在宅（訪問診療）,2040,2040年度（現状投影）,23914.715587368646
R7,27,大阪府,2706,堺市,在宅（訪問診療）,2045,2045年度（現状投影）,23254.62513014625
R7,27,大阪府,2706,堺市,在宅（訪問診療）,2050,2050年度（現状投影）,22787.095262656887
R7,27,大阪府,2706,堺市,外来,2024,2024年度,571718.0833333333
R7,27,大阪府,2706,堺市,外来,2030,2030年度（現状投影）,559097.382753594
R7,27,大阪府,2706,堺市,外来,2035,2035年度（現状投影）,541683.0377262016
R7,27,大阪府,2706,堺市,外来,2040,2040年度（現状投影）,523398.2813955467
R7,27,大阪府,2706,堺市,外来,2045,2045年度（現状投影）,508903.7042364824
R7,27,大阪府,2706,堺市,外来,2050,2050年度（現状投影）,497170.0772351255
R7,27,大阪府,2707,泉州,在宅（訪問診療）,2024,2024年度,10728.08333333333
R7,27,大阪府,2707,泉州,在宅（訪問診療）,2030,2030年度（現状投影）,13539.465593828267
R7,27,大阪府,2707,泉州,在宅（訪問診療）,2035,2035年度（現状投影）,15033.694040731061
R7,27,大阪府,2707,泉州,在宅（訪問診療）,2040,2040年度（現状投影）,15899.77461720204
R7,27,大阪府,2707,泉州,在宅（訪問診療）,2045,2045年度（現状投影）,16001.719203509798
R7,27,大阪府,2707,泉州,在宅（訪問診療）,2050,2050年度（現状投影）,15877.914327091778
R7,27,大阪府,2707,泉州,外来,2024,2024年度,567860.0833333333
R7,27,大阪府,2707,泉州,外来,2030,2030年度（現状投影）,555199.4128158573
R7,27,大阪府,2707,泉州,外来,2035,2035年度（現状投影）,538804.8216896971
R7,27,大阪府,2707,泉州,外来,2040,2040年度（現状投影）,519927.8649552195
R7,27,大阪府,2707,泉州,外来,2045,2045年度（現状投影）,501536.94513384067
R7,27,大阪府,2707,泉州,外来,2050,2050年度（現状投影）,482581.36061194754
R7,27,大阪府,2708,大阪市,在宅（訪問診療）,2024,2024年度,60689.5
R7,27,大阪府,2708,大阪市,在宅（訪問診療）,2030,2030年度（現状投影）,71297.03070427077
R7,27,大阪府,2708,大阪市,在宅（訪問診療）,2035,2035年度（現状投影）,75025.15857033938
R7,27,大阪府,2708,大阪市,在宅（訪問診療）,2040,2040年度（現状投影）,76982.58566807247
R7,27,大阪府,2708,大阪市,在宅（訪問診療）,2045,2045年度（現状投影）,77511.74196219178
R7,27,大阪府,2708,大阪市,在宅（訪問診療）,2050,2050年度（現状投影）,78978.86033781843
R7,27,大阪府,2708,大阪市,外来,2024,2024年度,2329816.833333333
R7,27,大阪府,2708,大阪市,外来,2030,2030年度（現状投影）,2335166.8195233736
R7,27,大阪府,2708,大阪市,外来,2035,2035年度（現状投影）,2308243.9371382897
R7,27,大阪府,2708,大阪市,外来,2040,2040年度（現状投影）,2277650.7650044933
R7,27,大阪府,2708,大阪市,外来,2045,2045年度（現状投影）,2248875.6452262034
R7,27,大阪府,2708,大阪市,外来,2050,2050年度（現状投影）,2217840.009720958
R7,28,兵庫県,2801,神戸,在宅（訪問診療）,2024,2024年度,20318.166666666668
R7,28,兵庫県,2801,神戸,在宅（訪問診療）,2030,2030年度（現状投影）,25456.463154506695
R7,28,兵庫県,2801,神戸,在宅（訪問診療）,2035,2035年度（現状投影）,28239.577346279148
R7,28,兵庫県,2801,神戸,在宅（訪問診療）,2040,2040年度（現状投影）,30435.65453138237
R7,28,兵庫県,2801,神戸,在宅（訪問診療）,2045,2045年度（現状投影）,31267.364793273136
R7,28,兵庫県,2801,神戸,在宅（訪問診療）,2050,2050年度（現状投影）,31049.706338237997
R7,28,兵庫県,2801,神戸,外来,2024,2024年度,1147386.4999999998
R7,28,兵庫県,2801,神戸,外来,2030,2030年度（現状投影）,1143501.5181948626
R7,28,兵庫県,2801,神戸,外来,2035,2035年度（現状投影）,1122083.3601345145
R7,28,兵庫県,2801,神戸,外来,2040,2040年度（現状投影）,1094097.1021257942
R7,28,兵庫県,2801,神戸,外来,2045,2045年度（現状投影）,1064811.306930438
R7,28,兵庫県,2801,神戸,外来,2050,2050年度（現状投影）,1034622.6566905192
R7,28,兵庫県,2804,東播磨,在宅（訪問診療）,2024,2024年度,6098.250000000001
R7,28,兵庫県,2804,東播磨,在宅（訪問診療）,2030,2030年度（現状投影）,7820.481687578272
R7,28,兵庫県,2804,東播磨,在宅（訪問診療）,2035,2035年度（現状投影）,8988.768965861276
R7,28,兵庫県,2804,東播磨,在宅（訪問診療）,2040,2040年度（現状投影）,9744.801455562298
R7,28,兵庫県,2804,東播磨,在宅（訪問診療）,2045,2045年度（現状投影）,9800.594138589224
R7,28,兵庫県,2804,東播磨,在宅（訪問診療）,2050,2050年度（現状投影）,9528.367229966694
R7,28,兵庫県,2804,東播磨,外来,2024,2024年度,542829.1666666666
R7,28,兵庫県,2804,東播磨,外来,2030,2030年度（現状投影）,536788.0473172623
R7,28,兵庫県,2804,東播磨,外来,2035,2035年度（現状投影）,524289.7055104048
R7,28,兵庫県,2804,東播磨,外来,2040,2040年度（現状投影）,508504.520869738
R7,28,兵庫県,2804,東播磨,外来,2045,2045年度（現状投影）,493990.36280305655
R7,28,兵庫県,2804,東播磨,外来,2050,2050年度（現状投影）,481050.99695012614
R7,28,兵庫県,2805,北播磨,在宅（訪問診療）,2024,2024年度,2268.4166666666665
R7,28,兵庫県,2805,北播磨,在宅（訪問診療）,2030,2030年度（現状投影）,2620.512488019831
R7,28,兵庫県,2805,北播磨,在宅（訪問診療）,2035,2035年度（現状投影）,2906.3296040292826
R7,28,兵庫県,2805,北播磨,在宅（訪問診療）,2040,2040年度（現状投影）,3080.3183790245257
R7,28,兵庫県,2805,北播磨,在宅（訪問診療）,2045,2045年度（現状投影）,3084.6055458775386
R7,28,兵庫県,2805,北播磨,在宅（訪問診療）,2050,2050年度（現状投影）,2943.017750891948
R7,28,兵庫県,2805,北播磨,外来,2024,2024年度,176247.83333333334
R7,28,兵庫県,2805,北播磨,外来,2030,2030年度（現状投影）,168530.46686876277
R7,28,兵庫県,2805,北播磨,外来,2035,2035年度（現状投影）,160836.55431886684
R7,28,兵庫県,2805,北播磨,外来,2040,2040年度（現状投影）,151948.21488851885
R7,28,兵庫県,2805,北播磨,外来,2045,2045年度（現状投影）,143147.5759567687
R7,28,兵庫県,2805,北播磨,外来,2050,2050年度（現状投影）,134947.22369693624
R7,28,兵庫県,2808,但馬,在宅（訪問診療）,2024,2024年度,1144.4166666666667
R7,28,兵庫県,2808,但馬,在宅（訪問診療）,2030,2030年度（現状投影）,1173.7223357162509
R7,28,兵庫県,2808,但馬,在宅（訪問診療）,2035,2035年度（現状投影）,1213.2300973370309
R7,28,兵庫県,2808,但馬,在宅（訪問診療）,2040,2040年度（現状投影）,1248.333663546813
R7,28,兵庫県,2808,但馬,在宅（訪問診療）,2045,2045年度（現状投影）,1253.4947193897362
R7,28,兵庫県,2808,但馬,在宅（訪問診療）,2050,2050年度（現状投影）,1186.8767535660068
R7,28,兵庫県,2808,但馬,外来,2024,2024年度,97379
R7,28,兵庫県,2808,但馬,外来,2030,2030年度（現状投影）,89637.29696132457
R7,28,兵庫県,2808,但馬,外来,2035,2035年度（現状投影）,84049.5599653338
R7,28,兵庫県,2808,但馬,外来,2040,2040年度（現状投影）,77948.5041072624
R7,28,兵庫県,2808,但馬,外来,2045,2045年度（現状投影）,71777.82794474658
R7,28,兵庫県,2808,但馬,外来,2050,2050年度（現状投影）,65794.32912664232
R7,28,兵庫県,2809,丹波,在宅（訪問診療）,2024,2024年度,572.0833333333333
R7,28,兵庫県,2809,丹波,在宅（訪問診療）,2030,2030年度（現状投影）,600.748720479587
R7,28,兵庫県,2809,丹波,在宅（訪問診療）,2035,2035年度（現状投影）,638.0328536601523
R7,28,兵庫県,2809,丹波,在宅（訪問診療）,2040,2040年度（現状投影）,668.3927343970072
R7,28,兵庫県,2809,丹波,在宅（訪問診療）,2045,2045年度（現状投影）,685.5924548289075
R7,28,兵庫県,2809,丹波,在宅（訪問診療）,2050,2050年度（現状投影）,659.6862936247088
R7,28,兵庫県,2809,丹波,外来,2024,2024年度,64419.666666666664
R7,28,兵庫県,2809,丹波,外来,2030,2030年度（現状投影）,60895.7124565307
R7,28,兵庫県,2809,丹波,外来,2035,2035年度（現状投影）,58058.73079784559
R7,28,兵庫県,2809,丹波,外来,2040,2040年度（現状投影）,54761.21778905548
R7,28,兵庫県,2809,丹波,外来,2045,2045年度（現状投影）,51223.50031450328
R7,28,兵庫県,2809,丹波,外来,2050,2050年度（現状投影）,47857.60373232634
R7,28,兵庫県,2810,淡路,在宅（訪問診療）,2024,2024年度,886.1666666666667
R7,28,兵庫県,2810,淡路,在宅（訪問診療）,2030,2030年度（現状投影）,950.6048527020343
R7,28,兵庫県,2810,淡路,在宅（訪問診療）,2035,2035年度（現状投影）,1001.9705660384418
R7,28,兵庫県,2810,淡路,在宅（訪問診療）,2040,2040年度（現状投影）,1052.2221259179028
R7,28,兵庫県,2810,淡路,在宅（訪問診療）,2045,2045年度（現状投影）,1057.97326564388
R7,28,兵庫県,2810,淡路,在宅（訪問診療）,2050,2050年度（現状投影）,992.2897788153048
R7,28,兵庫県,2810,淡路,外来,2024,2024年度,92120.16666666664
R7,28,兵庫県,2810,淡路,外来,2030,2030年度（現状投影）,85260.85603673762
R7,28,兵庫県,2810,淡路,外来,2035,2035年度（現状投影）,80224.43379167447
R7,28,兵庫県,2810,淡路,外来,2040,2040年度（現状投影）,74606.49356770827
R7,28,兵庫県,2810,淡路,外来,2045,2045年度（現状投影）,68958.63993200801
R7,28,兵庫県,2810,淡路,外来,2050,2050年度（現状投影）,63724.69458327293
R7,28,兵庫県,2811,阪神,在宅（訪問診療）,2024,2024年度,25136.083333333332
R7,28,兵庫県,2811,阪神,在宅（訪問診療）,2030,2030年度（現状投影）,31568.604750363156
R7,28,兵庫県,2811,阪神,在宅（訪問診療）,2035,2035年度（現状投影）,35537.5412672658
R7,28,兵庫県,2811,阪神,在宅（訪問診療）,2040,2040年度（現状投影）,38514.37338305355
R7,28,兵庫県,2811,阪神,在宅（訪問診療）,2045,2045年度（現状投影）,39685.72320399104
R7,28,兵庫県,2811,阪神,在宅（訪問診療）,2050,2050年度（現状投影）,39930.31132288258
R7,28,兵庫県,2811,阪神,外来,2024,2024年度,1276801.9166666665
R7,28,兵庫県,2811,阪神,外来,2030,2030年度（現状投影）,1276099.4613181814
R7,28,兵庫県,2811,阪神,外来,2035,2035年度（現状投影）,1263189.8688337295
R7,28,兵庫県,2811,阪神,外来,2040,2040年度（現状投影）,1245436.8267419552
R7,28,兵庫県,2811,阪神,外来,2045,2045年度（現状投影）,1228208.641100729
R7,28,兵庫県,2811,阪神,外来,2050,2050年度（現状投影）,1209504.372486179
R7,28,兵庫県,2812,播磨姫路,在宅（訪問診療）,2024,2024年度,6513.416666666666
R7,28,兵庫県,2812,播磨姫路,在宅（訪問診療）,2030,2030年度（現状投影）,7667.798273251577
R7,28,兵庫県,2812,播磨姫路,在宅（訪問診療）,2035,2035年度（現状投影）,8473.07369898572
R7,28,兵庫県,2812,播磨姫路,在宅（訪問診療）,2040,2040年度（現状投影）,8986.117733068313
R7,28,兵庫県,2812,播磨姫路,在宅（訪問診療）,2045,2045年度（現状投影）,9013.673461515407
R7,28,兵庫県,2812,播磨姫路,在宅（訪問診療）,2050,2050年度（現状投影）,8791.705412954618
R7,28,兵庫県,2812,播磨姫路,外来,2024,2024年度,558531.5000000001
R7,28,兵庫県,2812,播磨姫路,外来,2030,2030年度（現状投影）,544516.4644474913
R7,28,兵庫県,2812,播磨姫路,外来,2035,2035年度（現状投影）,528021.1311906858
R7,28,兵庫県,2812,播磨姫路,外来,2040,2040年度（現状投影）,508896.2091111162
R7,28,兵庫県,2812,播磨姫路,外来,2045,2045年度（現状投影）,490095.3023941237
R7,28,兵庫県,2812,播磨姫路,外来,2050,2050年度（現状投影）,471962.2364922278
R7,29,奈良県,2901,奈良,在宅（訪問診療）,2024,2024年度,6225.416666666666
R7,29,奈良県,2901,奈良,在宅（訪問診療）,2030,2030年度（現状投影）,7798.596452148245
R7,29,奈良県,2901,奈良,在宅（訪問診療）,2035,2035年度（現状投影）,8883.854611423856
R7,29,奈良県,2901,奈良,在宅（訪問診療）,2040,2040年度（現状投影）,9624.552130964865
R7,29,奈良県,2901,奈良,在宅（訪問診療）,2045,2045年度（現状投影）,9796.261868192012
R7,29,奈良県,2901,奈良,在宅（訪問診療）,2050,2050年度（現状投影）,9596.320458207518
R7,29,奈良県,2901,奈良,外来,2024,2024年度,272223.75
R7,29,奈良県,2901,奈良,外来,2030,2030年度（現状投影）,268589.8388616511
R7,29,奈良県,2901,奈良,外来,2035,2035年度（現状投影）,260408.07488147877
R7,29,奈良県,2901,奈良,外来,2040,2040年度（現状投影）,250175.34814757307
R7,29,奈良県,2901,奈良,外来,2045,2045年度（現状投影）,239974.6505791682
R7,29,奈良県,2901,奈良,外来,2050,2050年度（現状投影）,230644.37237904785
R7,29,奈良県,2902,東和,在宅（訪問診療）,2024,2024年度,2023.1666666666667
R7,29,奈良県,2902,東和,在宅（訪問診療）,2030,2030年度（現状投影）,2320.473229211257
R7,29,奈良県,2902,東和,在宅（訪問診療）,2035,2035年度（現状投影）,2555.441472393339
R7,29,奈良県,2902,東和,在宅（訪問診療）,2040,2040年度（現状投影）,2717.7819929714738
R7,29,奈良県,2902,東和,在宅（訪問診療）,2045,2045年度（現状投影）,2723.259374847507
R7,29,奈良県,2902,東和,在宅（訪問診療）,2050,2050年度（現状投影）,2576.0270118734798
R7,29,奈良県,2902,東和,外来,2024,2024年度,130562.58333333334
R7,29,奈良県,2902,東和,外来,2030,2030年度（現状投影）,122425.35867933287
R7,29,奈良県,2902,東和,外来,2035,2035年度（現状投影）,115770.75496855758
R7,29,奈良県,2902,東和,外来,2040,2040年度（現状投影）,108027.78859748712
R7,29,奈良県,2902,東和,外来,2045,2045年度（現状投影）,100287.428824253
R7,29,奈良県,2902,東和,外来,2050,2050年度（現状投影）,93163.9860332444
R7,29,奈良県,2903,西和,在宅（訪問診療）,2024,2024年度,3158.1666666666665
R7,29,奈良県,2903,西和,在宅（訪問診療）,2030,2030年度（現状投影）,4012.7364013892466
R7,29,奈良県,2903,西和,在宅（訪問診療）,2035,2035年度（現状投影）,4583.677048379251
R7,29,奈良県,2903,西和,在宅（訪問診療）,2040,2040年度（現状投影）,4931.190221998455
R7,29,奈良県,2903,西和,在宅（訪問診療）,2045,2045年度（現状投影）,4975.256371851766
R7,29,奈良県,2903,西和,在宅（訪問診療）,2050,2050年度（現状投影）,4736.415925764471
R7,29,奈良県,2903,西和,外来,2024,2024年度,221546.24999999997
R7,29,奈良県,2903,西和,外来,2030,2030年度（現状投影）,215027.2357018517
R7,29,奈良県,2903,西和,外来,2035,2035年度（現状投影）,207420.06519490835
R7,29,奈良県,2903,西和,外来,2040,2040年度（現状投影）,197990.75200431602
R7,29,奈良県,2903,西和,外来,2045,2045年度（現状投影）,189023.19641558247
R7,29,奈良県,2903,西和,外来,2050,2050年度（現状投影）,181127.66628859733
R7,29,奈良県,2904,中和,在宅（訪問診療）,2024,2024年度,3063.583333333333
R7,29,奈良県,2904,中和,在宅（訪問診療）,2030,2030年度（現状投影）,3787.017266146518
R7,29,奈良県,2904,中和,在宅（訪問診療）,2035,2035年度（現状投影）,4325.791050591713
R7,29,奈良県,2904,中和,在宅（訪問診療）,2040,2040年度（現状投影）,4692.275930785702
R7,29,奈良県,2904,中和,在宅（訪問診療）,2045,2045年度（現状投影）,4761.112747422198
R7,29,奈良県,2904,中和,在宅（訪問診療）,2050,2050年度（現状投影）,4642.898344484282
R7,29,奈良県,2904,中和,外来,2024,2024年度,269695
R7,29,奈良県,2904,中和,外来,2030,2030年度（現状投影）,262779.15244378214
R7,29,奈良県,2904,中和,外来,2035,2035年度（現状投影）,255269.20349525005
R7,29,奈良県,2904,中和,外来,2040,2040年度（現状投影）,245453.61048769386
R7,29,奈良県,2904,中和,外来,2045,2045年度（現状投影）,235345.3564411219
R7,29,奈良県,2904,中和,外来,2050,2050年度（現状投影）,225363.41652886366
R7,29,奈良県,2905,南和,在宅（訪問診療）,2024,2024年度,306.25000000000006
R7,29,奈良県,2905,南和,在宅（訪問診療）,2030,2030年度（現状投影）,314.7557122374556
R7,29,奈良県,2905,南和,在宅（訪問診療）,2035,2035年度（現状投影）,320.94880990980363
R7,29,奈良県,2905,南和,在宅（訪問診療）,2040,2040年度（現状投影）,321.24928602045884
R7,29,奈良県,2905,南和,在宅（訪問診療）,2045,2045年度（現状投影）,321.58066006801164
R7,29,奈良県,2905,南和,在宅（訪問診療）,2050,2050年度（現状投影）,295.7414437296481
R7,29,奈良県,2905,南和,外来,2024,2024年度,34490.75000000001
R7,29,奈良県,2905,南和,外来,2030,2030年度（現状投影）,30622.982794022617
R7,29,奈良県,2905,南和,外来,2035,2035年度（現状投影）,27806.460868607443
R7,29,奈良県,2905,南和,外来,2040,2040年度（現状投影）,24734.2070957588
R7,29,奈良県,2905,南和,外来,2045,2045年度（現状投影）,21586.31789213393
R7,29,奈良県,2905,南和,外来,2050,2050年度（現状投影）,18634.117482462214
R7,30,和歌山県,3001,和歌山,在宅（訪問診療）,2024,2024年度,7935.333333333333
R7,30,和歌山県,3001,和歌山,在宅（訪問診療）,2030,2030年度（現状投影）,9004.519684514526
R7,30,和歌山県,3001,和歌山,在宅（訪問診療）,2035,2035年度（現状投影）,9639.054416996049
R7,30,和歌山県,3001,和歌山,在宅（訪問診療）,2040,2040年度（現状投影）,9941.099084946634
R7,30,和歌山県,3001,和歌山,在宅（訪問診療）,2045,2045年度（現状投影）,9881.809264758136
R7,30,和歌山県,3001,和歌山,在宅（訪問診療）,2050,2050年度（現状投影）,9648.106301146045
R7,30,和歌山県,3001,和歌山,外来,2024,2024年度,349975.50000000006
R7,30,和歌山県,3001,和歌山,外来,2030,2030年度（現状投影）,334284.0245674206
R7,30,和歌山県,3001,和歌山,外来,2035,2035年度（現状投影）,321240.58955371805
R7,30,和歌山県,3001,和歌山,外来,2040,2040年度（現状投影）,307826.7013473655
R7,30,和歌山県,3001,和歌山,外来,2045,2045年度（現状投影）,295246.7507926455
R7,30,和歌山県,3001,和歌山,外来,2050,2050年度（現状投影）,283344.9450561204
R7,30,和歌山県,3002,那賀,在宅（訪問診療）,2024,2024年度,1162.9166666666665
R7,30,和歌山県,3002,那賀,在宅（訪問診療）,2030,2030年度（現状投影）,1375.4325344563508
R7,30,和歌山県,3002,那賀,在宅（訪問診療）,2035,2035年度（現状投影）,1543.817042524116
R7,30,和歌山県,3002,那賀,在宅（訪問診療）,2040,2040年度（現状投影）,1678.7608477440629
R7,30,和歌山県,3002,那賀,在宅（訪問診療）,2045,2045年度（現状投影）,1742.2959885756084
R7,30,和歌山県,3002,那賀,在宅（訪問診療）,2050,2050年度（現状投影）,1741.90612065594
R7,30,和歌山県,3002,那賀,外来,2024,2024年度,80538.41666666667
R7,30,和歌山県,3002,那賀,外来,2030,2030年度（現状投影）,78075.56202686347
R7,30,和歌山県,3002,那賀,外来,2035,2035年度（現状投影）,76200.52536537882
R7,30,和歌山県,3002,那賀,外来,2040,2040年度（現状投影）,73473.42923975529
R7,30,和歌山県,3002,那賀,外来,2045,2045年度（現状投影）,70312.67571381017
R7,30,和歌山県,3002,那賀,外来,2050,2050年度（現状投影）,66940.42804375432
R7,30,和歌山県,3003,橋本,在宅（訪問診療）,2024,2024年度,763.8333333333334
R7,30,和歌山県,3003,橋本,在宅（訪問診療）,2030,2030年度（現状投影）,851.9638769623555
R7,30,和歌山県,3003,橋本,在宅（訪問診療）,2035,2035年度（現状投影）,922.159190071706
R7,30,和歌山県,3003,橋本,在宅（訪問診療）,2040,2040年度（現状投影）,981.2790278050152
R7,30,和歌山県,3003,橋本,在宅（訪問診療）,2045,2045年度（現状投影）,986.8082116417866
R7,30,和歌山県,3003,橋本,在宅（訪問診療）,2050,2050年度（現状投影）,938.9833731517558
R7,30,和歌山県,3003,橋本,外来,2024,2024年度,58826.83333333335
R7,30,和歌山県,3003,橋本,外来,2030,2030年度（現状投影）,54973.499667289216
R7,30,和歌山県,3003,橋本,外来,2035,2035年度（現状投影）,51480.98126286899
R7,30,和歌山県,3003,橋本,外来,2040,2040年度（現状投影）,47554.31893473626
R7,30,和歌山県,3003,橋本,外来,2045,2045年度（現状投影）,43538.760997861835
R7,30,和歌山県,3003,橋本,外来,2050,2050年度（現状投影）,39786.70997820727
R7,30,和歌山県,3004,有田,在宅（訪問診療）,2024,2024年度,414
R7,30,和歌山県,3004,有田,在宅（訪問診療）,2030,2030年度（現状投影）,463.57921227265007
R7,30,和歌山県,3004,有田,在宅（訪問診療）,2035,2035年度（現状投影）,492.26507985630457
R7,30,和歌山県,3004,有田,在宅（訪問診療）,2040,2040年度（現状投影）,515.854697945059
R7,30,和歌山県,3004,有田,在宅（訪問診療）,2045,2045年度（現状投影）,524.9460329952352
R7,30,和歌山県,3004,有田,在宅（訪問診療）,2050,2050年度（現状投影）,503.2711552620708
R7,30,和歌山県,3004,有田,外来,2024,2024年度,48451.99999999999
R7,30,和歌山県,3004,有田,外来,2030,2030年度（現状投影）,45064.67604281021
R7,30,和歌山県,3004,有田,外来,2035,2035年度（現状投影）,42300.739393720745
R7,30,和歌山県,3004,有田,外来,2040,2040年度（現状投影）,39307.62775305955
R7,30,和歌山県,3004,有田,外来,2045,2045年度（現状投影）,36290.73163994728
R7,30,和歌山県,3004,有田,外来,2050,2050年度（現状投影）,33396.60940930304
R7,30,和歌山県,3005,御坊,在宅（訪問診療）,2024,2024年度,486.6666666666667
R7,30,和歌山県,3005,御坊,在宅（訪問診療）,2030,2030年度（現状投影）,526.9995068658474
R7,30,和歌山県,3005,御坊,在宅（訪問診療）,2035,2035年度（現状投影）,556.4604880798881
R7,30,和歌山県,3005,御坊,在宅（訪問診療）,2040,2040年度（現状投影）,583.4122307705223
R7,30,和歌山県,3005,御坊,在宅（訪問診療）,2045,2045年度（現状投影）,591.0593922581961
R7,30,和歌山県,3005,御坊,在宅（訪問診療）,2050,2050年度（現状投影）,570.6273994445288
R7,30,和歌山県,3005,御坊,外来,2024,2024年度,43911.50000000001
R7,30,和歌山県,3005,御坊,外来,2030,2030年度（現状投影）,42131.36922399513
R7,30,和歌山県,3005,御坊,外来,2035,2035年度（現状投影）,39980.26222916698
R7,30,和歌山県,3005,御坊,外来,2040,2040年度（現状投影）,37611.145875800794
R7,30,和歌山県,3005,御坊,外来,2045,2045年度（現状投影）,35205.26204335614
R7,30,和歌山県,3005,御坊,外来,2050,2050年度（現状投影）,32778.73279670387
R7,30,和歌山県,3006,田辺,在宅（訪問診療）,2024,2024年度,1198.0833333333335
R7,30,和歌山県,3006,田辺,在宅（訪問診療）,2030,2030年度（現状投影）,1333.3816653568472
R7,30,和歌山県,3006,田辺,在宅（訪問診療）,2035,2035年度（現状投影）,1405.855485516765
R7,30,和歌山県,3006,田辺,在宅（訪問診療）,2040,2040年度（現状投影）,1459.8860958188059
R7,30,和歌山県,3006,田辺,在宅（訪問診療）,2045,2045年度（現状投影）,1474.6560677990306
R7,30,和歌山県,3006,田辺,在宅（訪問診療）,2050,2050年度（現状投影）,1430.4371340983625
R7,30,和歌山県,3006,田辺,外来,2024,2024年度,83948.08333333334
R7,30,和歌山県,3006,田辺,外来,2030,2030年度（現状投影）,78658.14133862803
R7,30,和歌山県,3006,田辺,外来,2035,2035年度（現状投影）,74648.71890535319
R7,30,和歌山県,3006,田辺,外来,2040,2040年度（現状投影）,70323.3184400947
R7,30,和歌山県,3006,田辺,外来,2045,2045年度（現状投影）,65770.30262662216
R7,30,和歌山県,3006,田辺,外来,2050,2050年度（現状投影）,61224.032984738355
R7,30,和歌山県,3007,新宮,在宅（訪問診療）,2024,2024年度,599.6666666666667
R7,30,和歌山県,3007,新宮,在宅（訪問診療）,2030,2030年度（現状投影）,625.1952286075123
R7,30,和歌山県,3007,新宮,在宅（訪問診療）,2035,2035年度（現状投影）,642.887882745804
R7,30,和歌山県,3007,新宮,在宅（訪問診療）,2040,2040年度（現状投影）,651.2333322607261
R7,30,和歌山県,3007,新宮,在宅（訪問診療）,2045,2045年度（現状投影）,631.3302188165417
R7,30,和歌山県,3007,新宮,在宅（訪問診療）,2050,2050年度（現状投影）,573.4187109099951
R7,30,和歌山県,3007,新宮,外来,2024,2024年度,47507.33333333334
R7,30,和歌山県,3007,新宮,外来,2030,2030年度（現状投影）,42749.94977163052
R7,30,和歌山県,3007,新宮,外来,2035,2035年度（現状投影）,39022.890561317414
R7,30,和歌山県,3007,新宮,外来,2040,2040年度（現状投影）,35189.6891230803
R7,30,和歌山県,3007,新宮,外来,2045,2045年度（現状投影）,31546.917707108165
R7,30,和歌山県,3007,新宮,外来,2050,2050年度（現状投影）,28315.665953847143
R7,31,鳥取県,3101,東部,在宅（訪問診療）,2024,2024年度,2017.3333333333326
R7,31,鳥取県,3101,東部,在宅（訪問診療）,2030,2030年度（現状投影）,2215.7150726381496
R7,31,鳥取県,3101,東部,在宅（訪問診療）,2035,2035年度（現状投影）,2368.346942573988
R7,31,鳥取県,3101,東部,在宅（訪問診療）,2040,2040年度（現状投影）,2560.512208460844
R7,31,鳥取県,3101,東部,在宅（訪問診療）,2045,2045年度（現状投影）,2664.0400539757757
R7,31,鳥取県,3101,東部,在宅（訪問診療）,2050,2050年度（現状投影）,2592.553580824688
R7,31,鳥取県,3101,東部,外来,2024,2024年度,142473
R7,31,鳥取県,3101,東部,外来,2030,2030年度（現状投影）,138399.62903709113
R7,31,鳥取県,3101,東部,外来,2035,2035年度（現状投影）,133442.73835745885
R7,31,鳥取県,3101,東部,外来,2040,2040年度（現状投影）,127418.43961113848
R7,31,鳥取県,3101,東部,外来,2045,2045年度（現状投影）,120881.44212688398
R7,31,鳥取県,3101,東部,外来,2050,2050年度（現状投影）,114488.14485182245
R7,31,鳥取県,3102,中部,在宅（訪問診療）,2024,2024年度,856.9166666666666
R7,31,鳥取県,3102,中部,在宅（訪問診療）,2030,2030年度（現状投影）,921.3839931398918
R7,31,鳥取県,3102,中部,在宅（訪問診療）,2035,2035年度（現状投影）,977.5360945092741
R7,31,鳥取県,3102,中部,在宅（訪問診療）,2040,2040年度（現状投影）,1037.1588891145761
R7,31,鳥取県,3102,中部,在宅（訪問診療）,2045,2045年度（現状投影）,1057.278531379337
R7,31,鳥取県,3102,中部,在宅（訪問診療）,2050,2050年度（現状投影）,1005.732082405603
R7,31,鳥取県,3102,中部,外来,2024,2024年度,62247.416666666664
R7,31,鳥取県,3102,中部,外来,2030,2030年度（現状投影）,59078.10835501687
R7,31,鳥取県,3102,中部,外来,2035,2035年度（現状投影）,56432.70866363676
R7,31,鳥取県,3102,中部,外来,2040,2040年度（現状投影）,53310.95039646557
R7,31,鳥取県,3102,中部,外来,2045,2045年度（現状投影）,49967.258710757
R7,31,鳥取県,3102,中部,外来,2050,2050年度（現状投影）,46762.3912385695
R7,31,鳥取県,3103,西部,在宅（訪問診療）,2024,2024年度,3087.2499999999995
R7,31,鳥取県,3103,西部,在宅（訪問診療）,2030,2030年度（現状投影）,3399.8862816304745
R7,31,鳥取県,3103,西部,在宅（訪問診療）,2035,2035年度（現状投影）,3667.7011429048925
R7,31,鳥取県,3103,西部,在宅（訪問診療）,2040,2040年度（現状投影）,3927.2256261863286
R7,31,鳥取県,3103,西部,在宅（訪問診療）,2045,2045年度（現状投影）,3998.217347878023
R7,31,鳥取県,3103,西部,在宅（訪問診療）,2050,2050年度（現状投影）,3841.198593444314
R7,31,鳥取県,3103,西部,外来,2024,2024年度,175447.08333333334
R7,31,鳥取県,3103,西部,外来,2030,2030年度（現状投影）,169308.59545254923
R7,31,鳥取県,3103,西部,外来,2035,2035年度（現状投影）,163757.9518255769
R7,31,鳥取県,3103,西部,外来,2040,2040年度（現状投影）,157418.8040093868
R7,31,鳥取県,3103,西部,外来,2045,2045年度（現状投影）,151076.83693865957
R7,31,鳥取県,3103,西部,外来,2050,2050年度（現状投影）,145244.9918365845
R7,32,島根県,3201,松江,在宅（訪問診療）,2024,2024年度,2687.9166666666665
R7,32,島根県,3201,松江,在宅（訪問診療）,2030,2030年度（現状投影）,3029.956830226668
R7,32,島根県,3201,松江,在宅（訪問診療）,2035,2035年度（現状投影）,3243.303691105955
R7,32,島根県,3201,松江,在宅（訪問診療）,2040,2040年度（現状投影）,3464.4772507526554
R7,32,島根県,3201,松江,在宅（訪問診療）,2045,2045年度（現状投影）,3523.7344247280444
R7,32,島根県,3201,松江,在宅（訪問診療）,2050,2050年度（現状投影）,3424.5486984441704
R7,32,島根県,3201,松江,外来,2024,2024年度,168599.74999999997
R7,32,島根県,3201,松江,外来,2030,2030年度（現状投影）,167629.27143131182
R7,32,島根県,3201,松江,外来,2035,2035年度（現状投影）,163174.64861768406
R7,32,島根県,3201,松江,外来,2040,2040年度（現状投影）,158024.96985988453
R7,32,島根県,3201,松江,外来,2045,2045年度（現状投影）,152434.54484628036
R7,32,島根県,3201,松江,外来,2050,2050年度（現状投影）,147126.2209573835
R7,32,島根県,3202,雲南,在宅（訪問診療）,2024,2024年度,703.9166666666665
R7,32,島根県,3202,雲南,在宅（訪問診療）,2030,2030年度（現状投影）,688.9947779533646
R7,32,島根県,3202,雲南,在宅（訪問診療）,2035,2035年度（現状投影）,678.1316753800578
R7,32,島根県,3202,雲南,在宅（訪問診療）,2040,2040年度（現状投影）,687.4296338363405
R7,32,島根県,3202,雲南,在宅（訪問診療）,2045,2045年度（現状投影）,675.2803165621337
R7,32,島根県,3202,雲南,在宅（訪問診療）,2050,2050年度（現状投影）,615.8094248104284
R7,32,島根県,3202,雲南,外来,2024,2024年度,26150.916666666664
R7,32,島根県,3202,雲南,外来,2030,2030年度（現状投影）,23581.916176271843
R7,32,島根県,3202,雲南,外来,2035,2035年度（現状投影）,21777.968691131977
R7,32,島根県,3202,雲南,外来,2040,2040年度（現状投影）,19910.131717107393
R7,32,島根県,3202,雲南,外来,2045,2045年度（現状投影）,17981.43677895801
R7,32,島根県,3202,雲南,外来,2050,2050年度（現状投影）,16210.76893082616
R7,32,島根県,3203,出雲,在宅（訪問診療）,2024,2024年度,2062.583333333333
R7,32,島根県,3203,出雲,在宅（訪問診療）,2030,2030年度（現状投影）,2237.7403009270442
R7,32,島根県,3203,出雲,在宅（訪問診療）,2035,2035年度（現状投影）,2391.0630584881687
R7,32,島根県,3203,出雲,在宅（訪問診療）,2040,2040年度（現状投影）,2588.788545277185
R7,32,島根県,3203,出雲,在宅（訪問診療）,2045,2045年度（現状投影）,2655.321850287425
R7,32,島根県,3203,出雲,在宅（訪問診療）,2050,2050年度（現状投影）,2599.2144832199774
R7,32,島根県,3203,出雲,外来,2024,2024年度,143762.5833333333
R7,32,島根県,3203,出雲,外来,2030,2030年度（現状投影）,141403.04882583735
R7,32,島根県,3203,出雲,外来,2035,2035年度（現状投影）,139459.05209939645
R7,32,島根県,3203,出雲,外来,2040,2040年度（現状投影）,136918.84774465638
R7,32,島根県,3203,出雲,外来,2045,2045年度（現状投影）,133975.87122298943
R7,32,島根県,3203,出雲,外来,2050,2050年度（現状投影）,131127.50701826357
R7,32,島根県,3204,大田,在宅（訪問診療）,2024,2024年度,796.9166666666667
R7,32,島根県,3204,大田,在宅（訪問診療）,2030,2030年度（現状投影）,753.0151952721872
R7,32,島根県,3204,大田,在宅（訪問診療）,2035,2035年度（現状投影）,745.9291697461929
R7,32,島根県,3204,大田,在宅（訪問診療）,2040,2040年度（現状投影）,742.8804213411122
R7,32,島根県,3204,大田,在宅（訪問診療）,2045,2045年度（現状投影）,732.927691948962
R7,32,島根県,3204,大田,在宅（訪問診療）,2050,2050年度（現状投影）,667.7089361729628
R7,32,島根県,3204,大田,外来,2024,2024年度,31219.416666666664
R7,32,島根県,3204,大田,外来,2030,2030年度（現状投影）,28396.128602310633
R7,32,島根県,3204,大田,外来,2035,2035年度（現状投影）,26312.2772526369
R7,32,島根県,3204,大田,外来,2040,2040年度（現状投影）,24153.020706716507
R7,32,島根県,3204,大田,外来,2045,2045年度（現状投影）,22064.56546305101
R7,32,島根県,3204,大田,外来,2050,2050年度（現状投影）,20270.68278888935
R7,32,島根県,3205,浜田,在宅（訪問診療）,2024,2024年度,673.75
R7,32,島根県,3205,浜田,在宅（訪問診療）,2030,2030年度（現状投影）,695.7272709042056
R7,32,島根県,3205,浜田,在宅（訪問診療）,2035,2035年度（現状投影）,707.2844362544454
R7,32,島根県,3205,浜田,在宅（訪問診療）,2040,2040年度（現状投影）,733.4010351024857
R7,32,島根県,3205,浜田,在宅（訪問診療）,2045,2045年度（現状投影）,722.648598951348
R7,32,島根県,3205,浜田,在宅（訪問診療）,2050,2050年度（現状投影）,665.7502698850661
R7,32,島根県,3205,浜田,外来,2024,2024年度,52664.166666666664
R7,32,島根県,3205,浜田,外来,2030,2030年度（現状投影）,50376.498530717225
R7,32,島根県,3205,浜田,外来,2035,2035年度（現状投影）,47343.93960476113
R7,32,島根県,3205,浜田,外来,2040,2040年度（現状投影）,44277.25093391304
R7,32,島根県,3205,浜田,外来,2045,2045年度（現状投影）,41334.14314992095
R7,32,島根県,3205,浜田,外来,2050,2050年度（現状投影）,38699.11239930286
R7,32,島根県,3206,益田,在宅（訪問診療）,2024,2024年度,664.5
R7,32,島根県,3206,益田,在宅（訪問診療）,2030,2030年度（現状投影）,673.3861120357294
R7,32,島根県,3206,益田,在宅（訪問診療）,2035,2035年度（現状投影）,674.3954651067575
R7,32,島根県,3206,益田,在宅（訪問診療）,2040,2040年度（現状投影）,691.9209943811549
R7,32,島根県,3206,益田,在宅（訪問診療）,2045,2045年度（現状投影）,684.923557239649
R7,32,島根県,3206,益田,在宅（訪問診療）,2050,2050年度（現状投影）,628.0536120022746
R7,32,島根県,3206,益田,外来,2024,2024年度,43003.58333333333
R7,32,島根県,3206,益田,外来,2030,2030年度（現状投影）,40025.939795464175
R7,32,島根県,3206,益田,外来,2035,2035年度（現状投影）,37435.47607524468
R7,32,島根県,3206,益田,外来,2040,2040年度（現状投影）,34568.338659289715
R7,32,島根県,3206,益田,外来,2045,2045年度（現状投影）,31664.846534006483
R7,32,島根県,3206,益田,外来,2050,2050年度（現状投影）,29189.739404920205
R7,32,島根県,3207,隠岐,在宅（訪問診療）,2024,2024年度,180.16666666666669
R7,32,島根県,3207,隠岐,在宅（訪問診療）,2030,2030年度（現状投影）,185.1381307789634
R7,32,島根県,3207,隠岐,在宅（訪問診療）,2035,2035年度（現状投影）,183.40196893412818
R7,32,島根県,3207,隠岐,在宅（訪問診療）,2040,2040年度（現状投影）,184.58991947823247
R7,32,島根県,3207,隠岐,在宅（訪問診療）,2045,2045年度（現状投影）,189.18036778990913
R7,32,島根県,3207,隠岐,在宅（訪問診療）,2050,2050年度（現状投影）,173.82282647486622
R7,32,島根県,3207,隠岐,外来,2024,2024年度,9284.75
R7,32,島根県,3207,隠岐,外来,2030,2030年度（現状投影）,8553.456805150958
R7,32,島根県,3207,隠岐,外来,2035,2035年度（現状投影）,7923.759488864413
R7,32,島根県,3207,隠岐,外来,2040,2040年度（現状投影）,7269.1160394586495
R7,32,島根県,3207,隠岐,外来,2045,2045年度（現状投影）,6607.073659190236
R7,32,島根県,3207,隠岐,外来,2050,2050年度（現状投影）,6035.140837270717
R7,33,岡山県,3301,県南東部,在宅（訪問診療）,2024,2024年度,8942.5
R7,33,岡山県,3301,県南東部,在宅（訪問診療）,2030,2030年度（現状投影）,10530.709571612922
R7,33,岡山県,3301,県南東部,在宅（訪問診療）,2035,2035年度（現状投影）,11613.09549668068
R7,33,岡山県,3301,県南東部,在宅（訪問診療）,2040,2040年度（現状投影）,12471.459309839947
R7,33,岡山県,3301,県南東部,在宅（訪問診療）,2045,2045年度（現状投影）,12588.032878394235
R7,33,岡山県,3301,県南東部,在宅（訪問診療）,2050,2050年度（現状投影）,12350.068695585749
R7,33,岡山県,3301,県南東部,外来,2024,2024年度,638768
R7,33,岡山県,3301,県南東部,外来,2030,2030年度（現状投影）,642013.0963188469
R7,33,岡山県,3301,県南東部,外来,2035,2035年度（現状投影）,630132.3570646553
R7,33,岡山県,3301,県南東部,外来,2040,2040年度（現状投影）,614754.4891907356
R7,33,岡山県,3301,県南東部,外来,2045,2045年度（現状投影）,599101.9526134538
R7,33,岡山県,3301,県南東部,外来,2050,2050年度（現状投影）,584779.6430547195
R7,33,岡山県,3302,県南西部,在宅（訪問診療）,2024,2024年度,5770.916666666667
R7,33,岡山県,3302,県南西部,在宅（訪問診療）,2030,2030年度（現状投影）,6843.121013090632
R7,33,岡山県,3302,県南西部,在宅（訪問診療）,2035,2035年度（現状投影）,7567.697962433053
R7,33,岡山県,3302,県南西部,在宅（訪問診療）,2040,2040年度（現状投影）,8072.277669897635
R7,33,岡山県,3302,県南西部,在宅（訪問診療）,2045,2045年度（現状投影）,8083.828827205134
R7,33,岡山県,3302,県南西部,在宅（訪問診療）,2050,2050年度（現状投影）,7803.171318931055
R7,33,岡山県,3302,県南西部,外来,2024,2024年度,488713.66666666674
R7,33,岡山県,3302,県南西部,外来,2030,2030年度（現状投影）,478636.2679256466
R7,33,岡山県,3302,県南西部,外来,2035,2035年度（現状投影）,466792.60024804855
R7,33,岡山県,3302,県南西部,外来,2040,2040年度（現状投影）,452792.64142776484
R7,33,岡山県,3302,県南西部,外来,2045,2045年度（現状投影）,439495.08928311913
R7,33,岡山県,3302,県南西部,外来,2050,2050年度（現状投影）,428045.8834522198
R7,33,岡山県,3303,高梁・新見,在宅（訪問診療）,2024,2024年度,182.83333333333334
R7,33,岡山県,3303,高梁・新見,在宅（訪問診療）,2030,2030年度（現状投影）,170.836748621347
R7,33,岡山県,3303,高梁・新見,在宅（訪問診療）,2035,2035年度（現状投影）,163.35777344263244
R7,33,岡山県,3303,高梁・新見,在宅（訪問診療）,2040,2040年度（現状投影）,162.33686396849913
R7,33,岡山県,3303,高梁・新見,在宅（訪問診療）,2045,2045年度（現状投影）,158.40306720000586
R7,33,岡山県,3303,高梁・新見,在宅（訪問診療）,2050,2050年度（現状投影）,144.66260941290588
R7,33,岡山県,3303,高梁・新見,外来,2024,2024年度,28819.166666666668
R7,33,岡山県,3303,高梁・新見,外来,2030,2030年度（現状投影）,25651.578212407716
R7,33,岡山県,3303,高梁・新見,外来,2035,2035年度（現状投影）,23426.56290118419
R7,33,岡山県,3303,高梁・新見,外来,2040,2040年度（現状投影）,21176.80251421645
R7,33,岡山県,3303,高梁・新見,外来,2045,2045年度（現状投影）,18928.462150226474
R7,33,岡山県,3303,高梁・新見,外来,2050,2050年度（現状投影）,16900.154624529936
R7,33,岡山県,3304,真庭,在宅（訪問診療）,2024,2024年度,303.66666666666663
R7,33,岡山県,3304,真庭,在宅（訪問診療）,2030,2030年度（現状投影）,318.5254583827821
R7,33,岡山県,3304,真庭,在宅（訪問診療）,2035,2035年度（現状投影）,323.86637005992725
R7,33,岡山県,3304,真庭,在宅（訪問診療）,2040,2040年度（現状投影）,333.6106516652251
R7,33,岡山県,3304,真庭,在宅（訪問診療）,2045,2045年度（現状投影）,338.9067140935809
R7,33,岡山県,3304,真庭,在宅（訪問診療）,2050,2050年度（現状投影）,314.4154274528166
R7,33,岡山県,3304,真庭,外来,2024,2024年度,25738.41666666666
R7,33,岡山県,3304,真庭,外来,2030,2030年度（現状投影）,23388.86768999424
R7,33,岡山県,3304,真庭,外来,2035,2035年度（現状投影）,21678.61680514989
R7,33,岡山県,3304,真庭,外来,2040,2040年度（現状投影）,19933.136952913
R7,33,岡山県,3304,真庭,外来,2045,2045年度（現状投影）,18194.816620286416
R7,33,岡山県,3304,真庭,外来,2050,2050年度（現状投影）,16617.930649898553
R7,33,岡山県,3305,津山・英田,在宅（訪問診療）,2024,2024年度,1496.083333333333
R7,33,岡山県,3305,津山・英田,在宅（訪問診療）,2030,2030年度（現状投影）,1551.4549045875624
R7,33,岡山県,3305,津山・英田,在宅（訪問診療）,2035,2035年度（現状投影）,1624.061478912589
R7,33,岡山県,3305,津山・英田,在宅（訪問診療）,2040,2040年度（現状投影）,1706.145839559017
R7,33,岡山県,3305,津山・英田,在宅（訪問診療）,2045,2045年度（現状投影）,1710.9977483125836
R7,33,岡山県,3305,津山・英田,在宅（訪問診療）,2050,2050年度（現状投影）,1613.6680740842073
R7,33,岡山県,3305,津山・英田,外来,2024,2024年度,109784.16666666664
R7,33,岡山県,3305,津山・英田,外来,2030,2030年度（現状投影）,103665.57636100086
R7,33,岡山県,3305,津山・英田,外来,2035,2035年度（現状投影）,98500.95708467015
R7,33,岡山県,3305,津山・英田,外来,2040,2040年度（現状投影）,92949.3486285206
R7,33,岡山県,3305,津山・英田,外来,2045,2045年度（現状投影）,87348.1118582464
R7,33,岡山県,3305,津山・英田,外来,2050,2050年度（現状投影）,82298.31936039939
R7,34,広島県,3401,広島,在宅（訪問診療）,2024,2024年度,15509.416666666664
R7,34,広島県,3401,広島,在宅（訪問診療）,2030,2030年度（現状投影）,19095.18455100643
R7,34,広島県,3401,広島,在宅（訪問診療）,2035,2035年度（現状投影）,21596.875287504008
R7,34,広島県,3401,広島,在宅（訪問診療）,2040,2040年度（現状投影）,23509.63851540354
R7,34,広島県,3401,広島,在宅（訪問診療）,2045,2045年度（現状投影）,24116.972645065332
R7,34,広島県,3401,広島,在宅（訪問診療）,2050,2050年度（現状投影）,23843.382998666144
R7,34,広島県,3401,広島,外来,2024,2024年度,987615.0833333335
R7,34,広島県,3401,広島,外来,2030,2030年度（現状投影）,999497.3538390078
R7,34,広島県,3401,広島,外来,2035,2035年度（現状投影）,989199.6234324458
R7,34,広島県,3401,広島,外来,2040,2040年度（現状投影）,971771.9741594077
R7,34,広島県,3401,広島,外来,2045,2045年度（現状投影）,953503.0264647726
R7,34,広島県,3401,広島,外来,2050,2050年度（現状投影）,936986.5770417069
R7,34,広島県,3402,広島西,在宅（訪問診療）,2024,2024年度,1298.7500000000002
R7,34,広島県,3402,広島西,在宅（訪問診療）,2030,2030年度（現状投影）,1484.2882672513852
R7,34,広島県,3402,広島西,在宅（訪問診療）,2035,2035年度（現状投影）,1647.9082668828983
R7,34,広島県,3402,広島西,在宅（訪問診療）,2040,2040年度（現状投影）,1805.3830224427131
R7,34,広島県,3402,広島西,在宅（訪問診療）,2045,2045年度（現状投影）,1858.011778124544
R7,34,広島県,3402,広島西,在宅（訪問診療）,2050,2050年度（現状投影）,1788.0666991519781
R7,34,広島県,3402,広島西,外来,2024,2024年度,99989.5
R7,34,広島県,3402,広島西,外来,2030,2030年度（現状投影）,97561.03505447315
R7,34,広島県,3402,広島西,外来,2035,2035年度（現状投影）,95084.22816544751
R7,34,広島県,3402,広島西,外来,2040,2040年度（現状投影）,91624.90382598153
R7,34,広島県,3402,広島西,外来,2045,2045年度（現状投影）,87965.0522414101
R7,34,広島県,3402,広島西,外来,2050,2050年度（現状投影）,84912.99857768186
R7,34,広島県,3403,呉,在宅（訪問診療）,2024,2024年度,2901.3333333333335
R7,34,広島県,3403,呉,在宅（訪問診療）,2030,2030年度（現状投影）,3083.7712463656626
R7,34,広島県,3403,呉,在宅（訪問診療）,2035,2035年度（現状投影）,3223.10922597649
R7,34,広島県,3403,呉,在宅（訪問診療）,2040,2040年度（現状投影）,3211.3486952912253
R7,34,広島県,3403,呉,在宅（訪問診療）,2045,2045年度（現状投影）,3013.476289131832
R7,34,広島県,3403,呉,在宅（訪問診療）,2050,2050年度（現状投影）,2737.508377486885
R7,34,広島県,3403,呉,外来,2024,2024年度,160944.25
R7,34,広島県,3403,呉,外来,2030,2030年度（現状投影）,147338.30421681626
R7,34,広島県,3403,呉,外来,2035,2035年度（現状投影）,135843.82703319253
R7,34,広島県,3403,呉,外来,2040,2040年度（現状投影）,124695.32162496926
R7,34,広島県,3403,呉,外来,2045,2045年度（現状投影）,115247.34804321828
R7,34,広島県,3403,呉,外来,2050,2050年度（現状投影）,107165.13892654623
R7,34,広島県,3404,広島中央,在宅（訪問診療）,2024,2024年度,1173
R7,34,広島県,3404,広島中央,在宅（訪問診療）,2030,2030年度（現状投影）,1395.8344700689463
R7,34,広島県,3404,広島中央,在宅（訪問診療）,2035,2035年度（現状投影）,1576.194979212853
R7,34,広島県,3404,広島中央,在宅（訪問診療）,2040,2040年度（現状投影）,1742.0214708269407
R7,34,広島県,3404,広島中央,在宅（訪問診療）,2045,2045年度（現状投影）,1782.7843701358106
R7,34,広島県,3404,広島中央,在宅（訪問診療）,2050,2050年度（現状投影）,1746.997395291105
R7,34,広島県,3404,広島中央,外来,2024,2024年度,143839.00000000003
R7,34,広島県,3404,広島中央,外来,2030,2030年度（現状投影）,145835.13168975094
R7,34,広島県,3404,広島中央,外来,2035,2035年度（現状投影）,144077.04204509224
R7,34,広島県,3404,広島中央,外来,2040,2040年度（現状投影）,141156.2807369315
R7,34,広島県,3404,広島中央,外来,2045,2045年度（現状投影）,138076.61194717206
R7,34,広島県,3404,広島中央,外来,2050,2050年度（現状投影）,135316.80470277765
R7,34,広島県,3405,尾三,在宅（訪問診療）,2024,2024年度,2208.4166666666665
R7,34,広島県,3405,尾三,在宅（訪問診療）,2030,2030年度（現状投影）,2359.4077236441562
R7,34,広島県,3405,尾三,在宅（訪問診療）,2035,2035年度（現状投影）,2481.659579481982
R7,34,広島県,3405,尾三,在宅（訪問診療）,2040,2040年度（現状投影）,2582.3395077162113
R7,34,広島県,3405,尾三,在宅（訪問診療）,2045,2045年度（現状投影）,2542.2316205656757
R7,34,広島県,3405,尾三,在宅（訪問診療）,2050,2050年度（現状投影）,2352.9203644689005
R7,34,広島県,3405,尾三,外来,2024,2024年度,157691.3333333333
R7,34,広島県,3405,尾三,外来,2030,2030年度（現状投影）,147306.417153425
R7,34,広島県,3405,尾三,外来,2035,2035年度（現状投影）,138502.2190590977
R7,34,広島県,3405,尾三,外来,2040,2040年度（現状投影）,129043.26295367652
R7,34,広島県,3405,尾三,外来,2045,2045年度（現状投影）,120205.14439870037
R7,34,広島県,3405,尾三,外来,2050,2050年度（現状投影）,112375.37670689348
R7,34,広島県,3406,福山・府中,在宅（訪問診療）,2024,2024年度,4519.333333333333
R7,34,広島県,3406,福山・府中,在宅（訪問診療）,2030,2030年度（現状投影）,5241.8437740804175
R7,34,広島県,3406,福山・府中,在宅（訪問診療）,2035,2035年度（現状投影）,5790.757148468417
R7,34,広島県,3406,福山・府中,在宅（訪問診療）,2040,2040年度（現状投影）,6177.5350926367555
R7,34,広島県,3406,福山・府中,在宅（訪問診療）,2045,2045年度（現状投影）,6198.813020175542
R7,34,広島県,3406,福山・府中,在宅（訪問診療）,2050,2050年度（現状投影）,5972.815450136451
R7,34,広島県,3406,福山・府中,外来,2024,2024年度,344865.4166666668
R7,34,広島県,3406,福山・府中,外来,2030,2030年度（現状投影）,336370.21599183575
R7,34,広島県,3406,福山・府中,外来,2035,2035年度（現状投影）,328383.8084054076
R7,34,広島県,3406,福山・府中,外来,2040,2040年度（現状投影）,318819.51564719237
R7,34,広島県,3406,福山・府中,外来,2045,2045年度（現状投影）,309510.9014746286
R7,34,広島県,3406,福山・府中,外来,2050,2050年度（現状投影）,301393.7509599798
R7,34,広島県,3407,備北,在宅（訪問診療）,2024,2024年度,620.75
R7,34,広島県,3407,備北,在宅（訪問診療）,2030,2030年度（現状投影）,638.0125014319245
R7,34,広島県,3407,備北,在宅（訪問診療）,2035,2035年度（現状投影）,646.8956021302894
R7,34,広島県,3407,備北,在宅（訪問診療）,2040,2040年度（現状投影）,660.15481147074
R7,34,広島県,3407,備北,在宅（訪問診療）,2045,2045年度（現状投影）,656.6968285810158
R7,34,広島県,3407,備北,在宅（訪問診療）,2050,2050年度（現状投影）,607.2367337509345
R7,34,広島県,3407,備北,外来,2024,2024年度,57773.58333333334
R7,34,広島県,3407,備北,外来,2030,2030年度（現状投影）,53672.4356561219
R7,34,広島県,3407,備北,外来,2035,2035年度（現状投影）,50317.533138016755
R7,34,広島県,3407,備北,外来,2040,2040年度（現状投影）,46773.33774118375
R7,34,広島県,3407,備北,外来,2045,2045年度（現状投影）,43228.89924620084
R7,34,広島県,3407,備北,外来,2050,2050年度（現状投影）,40115.29732432414
R7,35,山口県,3501,岩国,在宅（訪問診療）,2024,2024年度,999.4166666666667
R7,35,山口県,3501,岩国,在宅（訪問診療）,2030,2030年度（現状投影）,1112.7087637256666
R7,35,山口県,3501,岩国,在宅（訪問診療）,2035,2035年度（現状投影）,1177.3420861618583
R7,35,山口県,3501,岩国,在宅（訪問診療）,2040,2040年度（現状投影）,1226.4145901414583
R7,35,山口県,3501,岩国,在宅（訪問診療）,2045,2045年度（現状投影）,1212.6992526460726
R7,35,山口県,3501,岩国,在宅（訪問診療）,2050,2050年度（現状投影）,1134.9717771979495
R7,35,山口県,3501,岩国,外来,2024,2024年度,92735
R7,35,山口県,3501,岩国,外来,2030,2030年度（現状投影）,86940.37665092868
R7,35,山口県,3501,岩国,外来,2035,2035年度（現状投影）,82022.15058757177
R7,35,山口県,3501,岩国,外来,2040,2040年度（現状投影）,76814.8767209856
R7,35,山口県,3501,岩国,外来,2045,2045年度（現状投影）,71784.1885101982
R7,35,山口県,3501,岩国,外来,2050,2050年度（現状投影）,67262.27784703918
R7,35,山口県,3502,柳井,在宅（訪問診療）,2024,2024年度,570.9166666666667
R7,35,山口県,3502,柳井,在宅（訪問診療）,2030,2030年度（現状投影）,597.8293181788592
R7,35,山口県,3502,柳井,在宅（訪問診療）,2035,2035年度（現状投影）,617.2984404264648
R7,35,山口県,3502,柳井,在宅（訪問診療）,2040,2040年度（現状投影）,622.5827857133181
R7,35,山口県,3502,柳井,在宅（訪問診療）,2045,2045年度（現状投影）,597.5725248868551
R7,35,山口県,3502,柳井,在宅（訪問診療）,2050,2050年度（現状投影）,535.9719416523197
R7,35,山口県,3502,柳井,外来,2024,2024年度,50291.25
R7,35,山口県,3502,柳井,外来,2030,2030年度（現状投影）,46317.87076803562
R7,35,山口県,3502,柳井,外来,2035,2035年度（現状投影）,42709.53385975766
R7,35,山口県,3502,柳井,外来,2040,2040年度（現状投影）,38959.93180097117
R7,35,山口県,3502,柳井,外来,2045,2045年度（現状投影）,35538.12727806029
R7,35,山口県,3502,柳井,外来,2050,2050年度（現状投影）,32624.20596450884
R7,35,山口県,3503,周南,在宅（訪問診療）,2024,2024年度,1940.8333333333335
R7,35,山口県,3503,周南,在宅（訪問診療）,2030,2030年度（現状投影）,2310.240881308765
R7,35,山口県,3503,周南,在宅（訪問診療）,2035,2035年度（現状投影）,2584.2276508962645
R7,35,山口県,3503,周南,在宅（訪問診療）,2040,2040年度（現状投影）,2748.219242145464
R7,35,山口県,3503,周南,在宅（訪問診療）,2045,2045年度（現状投影）,2708.0055135466637
R7,35,山口県,3503,周南,在宅（訪問診療）,2050,2050年度（現状投影）,2517.2971182737692
R7,35,山口県,3503,周南,外来,2024,2024年度,184945.5
R7,35,山口県,3503,周南,外来,2030,2030年度（現状投影）,175739.957361603
R7,35,山口県,3503,周南,外来,2035,2035年度（現状投影）,167953.09825454283
R7,35,山口県,3503,周南,外来,2040,2040年度（現状投影）,159190.93888639729
R7,35,山口県,3503,周南,外来,2045,2045年度（現状投影）,151150.17468828007
R7,35,山口県,3503,周南,外来,2050,2050年度（現状投影）,144207.02811817906
R7,35,山口県,3504,山口・防府,在宅（訪問診療）,2024,2024年度,2753.166666666667
R7,35,山口県,3504,山口・防府,在宅（訪問診療）,2030,2030年度（現状投影）,3218.528157405263
R7,35,山口県,3504,山口・防府,在宅（訪問診療）,2035,2035年度（現状投影）,3532.402589025594
R7,35,山口県,3504,山口・防府,在宅（訪問診療）,2040,2040年度（現状投影）,3834.148456481554
R7,35,山口県,3504,山口・防府,在宅（訪問診療）,2045,2045年度（現状投影）,3929.916691306452
R7,35,山口県,3504,山口・防府,在宅（訪問診療）,2050,2050年度（現状投影）,3840.375785485323
R7,35,山口県,3504,山口・防府,外来,2024,2024年度,224330.8333333333
R7,35,山口県,3504,山口・防府,外来,2030,2030年度（現状投影）,223658.2150153744
R7,35,山口県,3504,山口・防府,外来,2035,2035年度（現状投影）,219321.97744812156
R7,35,山口県,3504,山口・防府,外来,2040,2040年度（現状投影）,213531.50996482768
R7,35,山口県,3504,山口・防府,外来,2045,2045年度（現状投影）,207424.65542208453
R7,35,山口県,3504,山口・防府,外来,2050,2050年度（現状投影）,202044.47640211057
R7,35,山口県,3505,宇部・小野田,在宅（訪問診療）,2024,2024年度,2835.3333333333335
R7,35,山口県,3505,宇部・小野田,在宅（訪問診療）,2030,2030年度（現状投影）,3172.183394319005
R7,35,山口県,3505,宇部・小野田,在宅（訪問診療）,2035,2035年度（現状投影）,3432.2226816731386
R7,35,山口県,3505,宇部・小野田,在宅（訪問診療）,2040,2040年度（現状投影）,3595.2153288586615
R7,35,山口県,3505,宇部・小野田,在宅（訪問診療）,2045,2045年度（現状投影）,3528.1249940230928
R7,35,山口県,3505,宇部・小野田,在宅（訪問診療）,2050,2050年度（現状投影）,3277.012680491601
R7,35,山口県,3505,宇部・小野田,外来,2024,2024年度,201698.33333333334
R7,35,山口県,3505,宇部・小野田,外来,2030,2030年度（現状投影）,191147.68185982268
R7,35,山口県,3505,宇部・小野田,外来,2035,2035年度（現状投影）,181070.69108471266
R7,35,山口県,3505,宇部・小野田,外来,2040,2040年度（現状投影）,169935.23643784082
R7,35,山口県,3505,宇部・小野田,外来,2045,2045年度（現状投影）,159249.1663997796
R7,35,山口県,3505,宇部・小野田,外来,2050,2050年度（現状投影）,150082.19454795175
R7,35,山口県,3506,下関,在宅（訪問診療）,2024,2024年度,2982.75
R7,35,山口県,3506,下関,在宅（訪問診療）,2030,2030年度（現状投影）,3275.9622380882083
R7,35,山口県,3506,下関,在宅（訪問診療）,2035,2035年度（現状投影）,3463.5411408306177
R7,35,山口県,3506,下関,在宅（訪問診療）,2040,2040年度（現状投影）,3551.035775556649
R7,35,山口県,3506,下関,在宅（訪問診療）,2045,2045年度（現状投影）,3416.2609941508576
R7,35,山口県,3506,下関,在宅（訪問診療）,2050,2050年度（現状投影）,3162.758054614057
R7,35,山口県,3506,下関,外来,2024,2024年度,192024.25
R7,35,山口県,3506,下関,外来,2030,2030年度（現状投影）,179998.69384321372
R7,35,山口県,3506,下関,外来,2035,2035年度（現状投影）,169203.15783968882
R7,35,山口県,3506,下関,外来,2040,2040年度（現状投影）,157780.14876421556
R7,35,山口県,3506,下関,外来,2045,2045年度（現状投影）,147003.2326716511
R7,35,山口県,3506,下関,外来,2050,2050年度（現状投影）,137780.17009263323
R7,35,山口県,3507,長門,在宅（訪問診療）,2024,2024年度,22.666666666666664
R7,35,山口県,3507,長門,在宅（訪問診療）,2030,2030年度（現状投影）,25.861972508399518
R7,35,山口県,3507,長門,在宅（訪問診療）,2035,2035年度（現状投影）,26.58898984169204
R7,35,山口県,3507,長門,在宅（訪問診療）,2040,2040年度（現状投影）,27.635680897637883
R7,35,山口県,3507,長門,在宅（訪問診療）,2045,2045年度（現状投影）,27.33976743570571
R7,35,山口県,3507,長門,在宅（訪問診療）,2050,2050年度（現状投影）,24.32327970922145
R7,35,山口県,3507,長門,外来,2024,2024年度,21589
R7,35,山口県,3507,長門,外来,2030,2030年度（現状投影）,19961.99964512826
R7,35,山口県,3507,長門,外来,2035,2035年度（現状投影）,18188.489933804252
R7,35,山口県,3507,長門,外来,2040,2040年度（現状投影）,16274.053952401444
R7,35,山口県,3507,長門,外来,2045,2045年度（現状投影）,14375.762575413108
R7,35,山口県,3507,長門,外来,2050,2050年度（現状投影）,12771.720478750414
R7,35,山口県,3508,萩,在宅（訪問診療）,2024,2024年度,247
R7,35,山口県,3508,萩,在宅（訪問診療）,2030,2030年度（現状投影）,262.7634979196834
R7,35,山口県,3508,萩,在宅（訪問診療）,2035,2035年度（現状投影）,265.431282094112
R7,35,山口県,3508,萩,在宅（訪問診療）,2040,2040年度（現状投影）,263.33500399686915
R7,35,山口県,3508,萩,在宅（訪問診療）,2045,2045年度（現状投影）,258.5558525536526
R7,35,山口県,3508,萩,在宅（訪問診療）,2050,2050年度（現状投影）,232.17303014383415
R7,35,山口県,3508,萩,外来,2024,2024年度,31521.91666666667
R7,35,山口県,3508,萩,外来,2030,2030年度（現状投影）,27820.718013451562
R7,35,山口県,3508,萩,外来,2035,2035年度（現状投影）,25074.58496886923
R7,35,山口県,3508,萩,外来,2040,2040年度（現状投影）,22259.105651738293
R7,35,山口県,3508,萩,外来,2045,2045年度（現状投影）,19617.59368805918
R7,35,山口県,3508,萩,外来,2050,2050年度（現状投影）,17347.62410335998
R7,36,徳島県,3601,東部,在宅（訪問診療）,2024,2024年度,5058.416666666667
R7,36,徳島県,3601,東部,在宅（訪問診療）,2030,2030年度（現状投影）,5859.601654813204
R7,36,徳島県,3601,東部,在宅（訪問診療）,2035,2035年度（現状投影）,6470.359577389832
R7,36,徳島県,3601,東部,在宅（訪問診療）,2040,2040年度（現状投影）,7055.601650828281
R7,36,徳島県,3601,東部,在宅（訪問診療）,2045,2045年度（現状投影）,7203.3032341940825
R7,36,徳島県,3601,東部,在宅（訪問診療）,2050,2050年度（現状投影）,6940.1814082216915
R7,36,徳島県,3601,東部,外来,2024,2024年度,392930.3333333333
R7,36,徳島県,3601,東部,外来,2030,2030年度（現状投影）,379725.8915483276
R7,36,徳島県,3601,東部,外来,2035,2035年度（現状投影）,365648.21872263664
R7,36,徳島県,3601,東部,外来,2040,2040年度（現状投影）,348150.60818474233
R7,36,徳島県,3601,東部,外来,2045,2045年度（現状投影）,329199.84562137164
R7,36,徳島県,3601,東部,外来,2050,2050年度（現状投影）,311595.8061122984
R7,36,徳島県,3603,南部,在宅（訪問診療）,2024,2024年度,1060.6666666666665
R7,36,徳島県,3603,南部,在宅（訪問診療）,2030,2030年度（現状投影）,1100.0303824024472
R7,36,徳島県,3603,南部,在宅（訪問診療）,2035,2035年度（現状投影）,1145.4337690325447
R7,36,徳島県,3603,南部,在宅（訪問診療）,2040,2040年度（現状投影）,1176.4382688338756
R7,36,徳島県,3603,南部,在宅（訪問診療）,2045,2045年度（現状投影）,1149.15063138296
R7,36,徳島県,3603,南部,在宅（訪問診療）,2050,2050年度（現状投影）,1058.8882655266848
R7,36,徳島県,3603,南部,外来,2024,2024年度,88740.83333333331
R7,36,徳島県,3603,南部,外来,2030,2030年度（現状投影）,80199.10781477646
R7,36,徳島県,3603,南部,外来,2035,2035年度（現状投影）,74279.78483337851
R7,36,徳島県,3603,南部,外来,2040,2040年度（現状投影）,68100.4825151063
R7,36,徳島県,3603,南部,外来,2045,2045年度（現状投影）,62157.70561211352
R7,36,徳島県,3603,南部,外来,2050,2050年度（現状投影）,56936.31965911216
R7,36,徳島県,3605,西部,在宅（訪問診療）,2024,2024年度,445.9166666666667
R7,36,徳島県,3605,西部,在宅（訪問診療）,2030,2030年度（現状投影）,417.6992972112073
R7,36,徳島県,3605,西部,在宅（訪問診療）,2035,2035年度（現状投影）,407.6851981588708
R7,36,徳島県,3605,西部,在宅（訪問診療）,2040,2040年度（現状投影）,416.3881391951103
R7,36,徳島県,3605,西部,在宅（訪問診療）,2045,2045年度（現状投影）,412.39812567390857
R7,36,徳島県,3605,西部,在宅（訪問診療）,2050,2050年度（現状投影）,377.3240799197769
R7,36,徳島県,3605,西部,外来,2024,2024年度,38661.58333333332
R7,36,徳島県,3605,西部,外来,2030,2030年度（現状投影）,34562.69567545294
R7,36,徳島県,3605,西部,外来,2035,2035年度（現状投影）,31731.382192298835
R7,36,徳島県,3605,西部,外来,2040,2040年度（現状投影）,28666.512603977302
R7,36,徳島県,3605,西部,外来,2045,2045年度（現状投影）,25476.597855323118
R7,36,徳島県,3605,西部,外来,2050,2050年度（現状投影）,22529.344087694357
R7,37,香川県,3702,小豆,在宅（訪問診療）,2024,2024年度,270.08333333333337
R7,37,香川県,3702,小豆,在宅（訪問診療）,2030,2030年度（現状投影）,279.3828311838414
R7,37,香川県,3702,小豆,在宅（訪問診療）,2035,2035年度（現状投影）,282.97077393191694
R7,37,香川県,3702,小豆,在宅（訪問診療）,2040,2040年度（現状投影）,289.0511814836225
R7,37,香川県,3702,小豆,在宅（訪問診療）,2045,2045年度（現状投影）,287.4841847987188
R7,37,香川県,3702,小豆,在宅（訪問診療）,2050,2050年度（現状投影）,260.78238349830673
R7,37,香川県,3702,小豆,外来,2024,2024年度,13917.666666666666
R7,37,香川県,3702,小豆,外来,2030,2030年度（現状投影）,12671.265827778874
R7,37,香川県,3702,小豆,外来,2035,2035年度（現状投影）,11655.073712415407
R7,37,香川県,3702,小豆,外来,2040,2040年度（現状投影）,10574.470210707706
R7,37,香川県,3702,小豆,外来,2045,2045年度（現状投影）,9518.04374130561
R7,37,香川県,3702,小豆,外来,2050,2050年度（現状投影）,8575.525618086345
R7,37,香川県,3706,東部,在宅（訪問診療）,2024,2024年度,5502.333333333333
R7,37,香川県,3706,東部,在宅（訪問診療）,2030,2030年度（現状投影）,6291.9060622352745
R7,37,香川県,3706,東部,在宅（訪問診療）,2035,2035年度（現状投影）,6900.597501426325
R7,37,香川県,3706,東部,在宅（訪問診療）,2040,2040年度（現状投影）,7451.610595564394
R7,37,香川県,3706,東部,在宅（訪問診療）,2045,2045年度（現状投影）,7613.7920817420645
R7,37,香川県,3706,東部,在宅（訪問診療）,2050,2050年度（現状投影）,7403.614227434611
R7,37,香川県,3706,東部,外来,2024,2024年度,395269.91666666674
R7,37,香川県,3706,東部,外来,2030,2030年度（現状投影）,379798.20475765207
R7,37,香川県,3706,東部,外来,2035,2035年度（現状投影）,370306.0750638584
R7,37,香川県,3706,東部,外来,2040,2040年度（現状投影）,359208.5927665166
R7,37,香川県,3706,東部,外来,2045,2045年度（現状投影）,347818.33417014213
R7,37,香川県,3706,東部,外来,2050,2050年度（現状投影）,337641.8147955787
R7,37,香川県,3707,西部,在宅（訪問診療）,2024,2024年度,2656.75
R7,37,香川県,3707,西部,在宅（訪問診療）,2030,2030年度（現状投影）,2939.1440535874362
R7,37,香川県,3707,西部,在宅（訪問診療）,2035,2035年度（現状投影）,3169.359943905791
R7,37,香川県,3707,西部,在宅（訪問診療）,2040,2040年度（現状投影）,3350.0067871867486
R7,37,香川県,3707,西部,在宅（訪問診療）,2045,2045年度（現状投影）,3369.850271411474
R7,37,香川県,3707,西部,在宅（訪問診療）,2050,2050年度（現状投影）,3176.6287213948417
R7,37,香川県,3707,西部,外来,2024,2024年度,292402.8333333334
R7,37,香川県,3707,西部,外来,2030,2030年度（現状投影）,278375.56354205456
R7,37,香川県,3707,西部,外来,2035,2035年度（現状投影）,267454.5444196861
R7,37,香川県,3707,西部,外来,2040,2040年度（現状投影）,254762.72407668398
R7,37,香川県,3707,西部,外来,2045,2045年度（現状投影）,242136.3494952915
R7,37,香川県,3707,西部,外来,2050,2050年度（現状投影）,231266.7268698335
R7,38,愛媛県,3801,宇摩,在宅（訪問診療）,2024,2024年度,391.4166666666667
R7,38,愛媛県,3801,宇摩,在宅（訪問診療）,2030,2030年度（現状投影）,439.58637172722246
R7,38,愛媛県,3801,宇摩,在宅（訪問診療）,2035,2035年度（現状投影）,477.3986136744213
R7,38,愛媛県,3801,宇摩,在宅（訪問診療）,2040,2040年度（現状投影）,507.6187788215836
R7,38,愛媛県,3801,宇摩,在宅（訪問診療）,2045,2045年度（現状投影）,524.1828350049358
R7,38,愛媛県,3801,宇摩,在宅（訪問診療）,2050,2050年度（現状投影）,502.82321111168426
R7,38,愛媛県,3801,宇摩,外来,2024,2024年度,51765.08333333333
R7,38,愛媛県,3801,宇摩,外来,2030,2030年度（現状投影）,48242.88315694699
R7,38,愛媛県,3801,宇摩,外来,2035,2035年度（現状投影）,45805.14505094844
R7,38,愛媛県,3801,宇摩,外来,2040,2040年度（現状投影）,42978.116850338105
R7,38,愛媛県,3801,宇摩,外来,2045,2045年度（現状投影）,39957.68261144802
R7,38,愛媛県,3801,宇摩,外来,2050,2050年度（現状投影）,37067.731400289245
R7,38,愛媛県,3802,新居浜・西条,在宅（訪問診療）,2024,2024年度,1640.2499999999998
R7,38,愛媛県,3802,新居浜・西条,在宅（訪問診療）,2030,2030年度（現状投影）,1775.7083595541005
R7,38,愛媛県,3802,新居浜・西条,在宅（訪問診療）,2035,2035年度（現状投影）,1907.0744284815742
R7,38,愛媛県,3802,新居浜・西条,在宅（訪問診療）,2040,2040年度（現状投影）,2003.2828186927077
R7,38,愛媛県,3802,新居浜・西条,在宅（訪問診療）,2045,2045年度（現状投影）,2020.1696511970076
R7,38,愛媛県,3802,新居浜・西条,在宅（訪問診療）,2050,2050年度（現状投影）,1944.083099842392
R7,38,愛媛県,3802,新居浜・西条,外来,2024,2024年度,142959.50000000003
R7,38,愛媛県,3802,新居浜・西条,外来,2030,2030年度（現状投影）,135975.78598925832
R7,38,愛媛県,3802,新居浜・西条,外来,2035,2035年度（現状投影）,130772.63500174295
R7,38,愛媛県,3802,新居浜・西条,外来,2040,2040年度（現状投影）,125128.2666563664
R7,38,愛媛県,3802,新居浜・西条,外来,2045,2045年度（現状投影）,119348.71400857846
R7,38,愛媛県,3802,新居浜・西条,外来,2050,2050年度（現状投影）,113998.35617798704
R7,38,愛媛県,3803,今治,在宅（訪問診療）,2024,2024年度,952.0833333333337
R7,38,愛媛県,3803,今治,在宅（訪問診療）,2030,2030年度（現状投影）,1023.8928612680213
R7,38,愛媛県,3803,今治,在宅（訪問診療）,2035,2035年度（現状投影）,1088.2276359434884
R7,38,愛媛県,3803,今治,在宅（訪問診療）,2040,2040年度（現状投影）,1118.0202744300248
R7,38,愛媛県,3803,今治,在宅（訪問診療）,2045,2045年度（現状投影）,1091.6956048910065
R7,38,愛媛県,3803,今治,在宅（訪問診療）,2050,2050年度（現状投影）,1009.5022777800623
R7,38,愛媛県,3803,今治,外来,2024,2024年度,108859.66666666667
R7,38,愛媛県,3803,今治,外来,2030,2030年度（現状投影）,101075.81880594559
R7,38,愛媛県,3803,今治,外来,2035,2035年度（現状投影）,94584.54990381496
R7,38,愛媛県,3803,今治,外来,2040,2040年度（現状投影）,87903.32927068812
R7,38,愛媛県,3803,今治,外来,2045,2045年度（現状投影）,81854.55510266121
R7,38,愛媛県,3803,今治,外来,2050,2050年度（現状投影）,76703.73685165704
R7,38,愛媛県,3804,松山,在宅（訪問診療）,2024,2024年度,8931.083333333334
R7,38,愛媛県,3804,松山,在宅（訪問診療）,2030,2030年度（現状投影）,10475.223336872648
R7,38,愛媛県,3804,松山,在宅（訪問診療）,2035,2035年度（現状投影）,11596.410397569081
R7,38,愛媛県,3804,松山,在宅（訪問診療）,2040,2040年度（現状投影）,12659.18658275709
R7,38,愛媛県,3804,松山,在宅（訪問診療）,2045,2045年度（現状投影）,13230.718412310664
R7,38,愛媛県,3804,松山,在宅（訪問診療）,2050,2050年度（現状投影）,13153.79710936734
R7,38,愛媛県,3804,松山,外来,2024,2024年度,487182.4166666667
R7,38,愛媛県,3804,松山,外来,2030,2030年度（現状投影）,483268.91392122203
R7,38,愛媛県,3804,松山,外来,2035,2035年度（現状投影）,473911.20467402966
R7,38,愛媛県,3804,松山,外来,2040,2040年度（現状投影）,460678.4261357474
R7,38,愛媛県,3804,松山,外来,2045,2045年度（現状投影）,445835.6859635714
R7,38,愛媛県,3804,松山,外来,2050,2050年度（現状投影）,431549.3974182566
R7,38,愛媛県,3805,八幡浜・大洲,在宅（訪問診療）,2024,2024年度,1555
R7,38,愛媛県,3805,八幡浜・大洲,在宅（訪問診療）,2030,2030年度（現状投影）,1566.419875868101
R7,38,愛媛県,3805,八幡浜・大洲,在宅（訪問診療）,2035,2035年度（現状投影）,1559.1430069327596
R7,38,愛媛県,3805,八幡浜・大洲,在宅（訪問診療）,2040,2040年度（現状投影）,1576.7402511984997
R7,38,愛媛県,3805,八幡浜・大洲,在宅（訪問診療）,2045,2045年度（現状投影）,1550.8795244025846
R7,38,愛媛県,3805,八幡浜・大洲,在宅（訪問診療）,2050,2050年度（現状投影）,1426.7825104075177
R7,38,愛媛県,3805,八幡浜・大洲,外来,2024,2024年度,89344.83333333333
R7,38,愛媛県,3805,八幡浜・大洲,外来,2030,2030年度（現状投影）,79864.72450498451
R7,38,愛媛県,3805,八幡浜・大洲,外来,2035,2035年度（現状投影）,72948.98196258643
R7,38,愛媛県,3805,八幡浜・大洲,外来,2040,2040年度（現状投影）,65988.46810315204
R7,38,愛媛県,3805,八幡浜・大洲,外来,2045,2045年度（現状投影）,59145.68968825477
R7,38,愛媛県,3805,八幡浜・大洲,外来,2050,2050年度（現状投影）,52869.5429577319
R7,38,愛媛県,3806,宇和島,在宅（訪問診療）,2024,2024年度,1311
R7,38,愛媛県,3806,宇和島,在宅（訪問診療）,2030,2030年度（現状投影）,1346.733652741679
R7,38,愛媛県,3806,宇和島,在宅（訪問診療）,2035,2035年度（現状投影）,1373.8131293358374
R7,38,愛媛県,3806,宇和島,在宅（訪問診療）,2040,2040年度（現状投影）,1389.538235701612
R7,38,愛媛県,3806,宇和島,在宅（訪問診療）,2045,2045年度（現状投影）,1335.2557104810242
R7,38,愛媛県,3806,宇和島,在宅（訪問診療）,2050,2050年度（現状投影）,1205.1708553833323
R7,38,愛媛県,3806,宇和島,外来,2024,2024年度,74098.08333333333
R7,38,愛媛県,3806,宇和島,外来,2030,2030年度（現状投影）,66613.62797337606
R7,38,愛媛県,3806,宇和島,外来,2035,2035年度（現状投影）,60592.49532644378
R7,38,愛媛県,3806,宇和島,外来,2040,2040年度（現状投影）,54249.72965949199
R7,38,愛媛県,3806,宇和島,外来,2045,2045年度（現状投影）,48090.593376373574
R7,38,愛媛県,3806,宇和島,外来,2050,2050年度（現状投影）,42605.744524614376
R7,39,高知県,3901,安芸,在宅（訪問診療）,2024,2024年度,253.41666666666666
R7,39,高知県,3901,安芸,在宅（訪問診療）,2030,2030年度（現状投影）,256.9723833932464
R7,39,高知県,3901,安芸,在宅（訪問診療）,2035,2035年度（現状投影）,259.76668630780443
R7,39,高知県,3901,安芸,在宅（訪問診療）,2040,2040年度（現状投影）,260.4996502241895
R7,39,高知県,3901,安芸,在宅（訪問診療）,2045,2045年度（現状投影）,244.79922616957026
R7,39,高知県,3901,安芸,在宅（訪問診療）,2050,2050年度（現状投影）,214.90605241809038
R7,39,高知県,3901,安芸,外来,2024,2024年度,26340.083333333332
R7,39,高知県,3901,安芸,外来,2030,2030年度（現状投影）,22922.224064360264
R7,39,高知県,3901,安芸,外来,2035,2035年度（現状投影）,20646.56040594382
R7,39,高知県,3901,安芸,外来,2040,2040年度（現状投影）,18284.420269105318
R7,39,高知県,3901,安芸,外来,2045,2045年度（現状投影）,16004.95084444313
R7,39,高知県,3901,安芸,外来,2050,2050年度（現状投影）,14074.982938597172
R7,39,高知県,3902,中央,在宅（訪問診療）,2024,2024年度,4420.25
R7,39,高知県,3902,中央,在宅（訪問診療）,2030,2030年度（現状投影）,4926.887108318845
R7,39,高知県,3902,中央,在宅（訪問診療）,2035,2035年度（現状投影）,5282.1206734183925
R7,39,高知県,3902,中央,在宅（訪問診療）,2040,2040年度（現状投影）,5577.552488871728
R7,39,高知県,3902,中央,在宅（訪問診療）,2045,2045年度（現状投影）,5574.160639110241
R7,39,高知県,3902,中央,在宅（訪問診療）,2050,2050年度（現状投影）,5344.006742372884
R7,39,高知県,3902,中央,外来,2024,2024年度,363436.5
R7,39,高知県,3902,中央,外来,2030,2030年度（現状投影）,348876.88738335733
R7,39,高知県,3902,中央,外来,2035,2035年度（現状投影）,334375.1521102298
R7,39,高知県,3902,中央,外来,2040,2040年度（現状投影）,317460.4870893628
R7,39,高知県,3902,中央,外来,2045,2045年度（現状投影）,300259.30018946907
R7,39,高知県,3902,中央,外来,2050,2050年度（現状投影）,284284.28292809014
R7,39,高知県,3903,高幡,在宅（訪問診療）,2024,2024年度,364.5833333333333
R7,39,高知県,3903,高幡,在宅（訪問診療）,2030,2030年度（現状投影）,358.18009780616
R7,39,高知県,3903,高幡,在宅（訪問診療）,2035,2035年度（現状投影）,363.4393368427318
R7,39,高知県,3903,高幡,在宅（訪問診療）,2040,2040年度（現状投影）,366.670228646283
R7,39,高知県,3903,高幡,在宅（訪問診療）,2045,2045年度（現状投影）,354.79842529356335
R7,39,高知県,3903,高幡,在宅（訪問診療）,2050,2050年度（現状投影）,317.77752991410654
R7,39,高知県,3903,高幡,外来,2024,2024年度,21124.33333333333
R7,39,高知県,3903,高幡,外来,2030,2030年度（現状投影）,18810.098639732634
R7,39,高知県,3903,高幡,外来,2035,2035年度（現状投影）,17183.604463258882
R7,39,高知県,3903,高幡,外来,2040,2040年度（現状投影）,15403.78685761891
R7,39,高知県,3903,高幡,外来,2045,2045年度（現状投影）,13654.446242708416
R7,39,高知県,3903,高幡,外来,2050,2050年度（現状投影）,12101.549701975351
R7,39,高知県,3904,幡多,在宅（訪問診療）,2024,2024年度,605.25
R7,39,高知県,3904,幡多,在宅（訪問診療）,2030,2030年度（現状投影）,625.1671242806696
R7,39,高知県,3904,幡多,在宅（訪問診療）,2035,2035年度（現状投影）,641.2791202008932
R7,39,高知県,3904,幡多,在宅（訪問診療）,2040,2040年度（現状投影）,674.82716557857
R7,39,高知県,3904,幡多,在宅（訪問診療）,2045,2045年度（現状投影）,677.9756506821279
R7,39,高知県,3904,幡多,在宅（訪問診療）,2050,2050年度（現状投影）,616.7120178495702
R7,39,高知県,3904,幡多,外来,2024,2024年度,42701.74999999999
R7,39,高知県,3904,幡多,外来,2030,2030年度（現状投影）,38609.897820489256
R7,39,高知県,3904,幡多,外来,2035,2035年度（現状投影）,35545.21587065481
R7,39,高知県,3904,幡多,外来,2040,2040年度（現状投影）,32128.86401947959
R7,39,高知県,3904,幡多,外来,2045,2045年度（現状投影）,28746.55486846746
R7,39,高知県,3904,幡多,外来,2050,2050年度（現状投影）,25807.81769760341
R7,40,福岡県,4001,福岡・糸島,在宅（訪問診療）,2024,2024年度,21948.083333333332
R7,40,福岡県,4001,福岡・糸島,在宅（訪問診療）,2030,2030年度（現状投影）,27171.04117747316
R7,40,福岡県,4001,福岡・糸島,在宅（訪問診療）,2035,2035年度（現状投影）,30913.91379187811
R7,40,福岡県,4001,福岡・糸島,在宅（訪問診療）,2040,2040年度（現状投影）,34528.80821094387
R7,40,福岡県,4001,福岡・糸島,在宅（訪問診療）,2045,2045年度（現状投影）,36787.341307522576
R7,40,福岡県,4001,福岡・糸島,在宅（訪問診療）,2050,2050年度（現状投影）,37682.980924346826
R7,40,福岡県,4001,福岡・糸島,外来,2024,2024年度,1292936.833333333
R7,40,福岡県,4001,福岡・糸島,外来,2030,2030年度（現状投影）,1357832.0455766856
R7,40,福岡県,4001,福岡・糸島,外来,2035,2035年度（現状投影）,1381010.860103725
R7,40,福岡県,4001,福岡・糸島,外来,2040,2040年度（現状投影）,1391628.4990880846
R7,40,福岡県,4001,福岡・糸島,外来,2045,2045年度（現状投影）,1394667.0480065306
R7,40,福岡県,4001,福岡・糸島,外来,2050,2050年度（現状投影）,1393783.711476169
R7,40,福岡県,4002,粕屋,在宅（訪問診療）,2024,2024年度,1303.8333333333333
R7,40,福岡県,4002,粕屋,在宅（訪問診療）,2030,2030年度（現状投影）,1689.7332235380513
R7,40,福岡県,4002,粕屋,在宅（訪問診療）,2035,2035年度（現状投影）,1960.7962409013712
R7,40,福岡県,4002,粕屋,在宅（訪問診療）,2040,2040年度（現状投影）,2207.0797058614507
R7,40,福岡県,4002,粕屋,在宅（訪問診療）,2045,2045年度（現状投影）,2331.5228425905384
R7,40,福岡県,4002,粕屋,在宅（訪問診療）,2050,2050年度（現状投影）,2318.0328322126943
R7,40,福岡県,4002,粕屋,外来,2024,2024年度,176677.00000000003
R7,40,福岡県,4002,粕屋,外来,2030,2030年度（現状投影）,183407.2889470441
R7,40,福岡県,4002,粕屋,外来,2035,2035年度（現状投影）,185559.66171861673
R7,40,福岡県,4002,粕屋,外来,2040,2040年度（現状投影）,186046.1376125412
R7,40,福岡県,4002,粕屋,外来,2045,2045年度（現状投影）,186239.8768274171
R7,40,福岡県,4002,粕屋,外来,2050,2050年度（現状投影）,187082.8651965498
R7,40,福岡県,4003,宗像,在宅（訪問診療）,2024,2024年度,1544.8333333333333
R7,40,福岡県,4003,宗像,在宅（訪問診療）,2030,2030年度（現状投影）,1880.4233576539903
R7,40,福岡県,4003,宗像,在宅（訪問診療）,2035,2035年度（現状投影）,2131.6533397296444
R7,40,福岡県,4003,宗像,在宅（訪問診療）,2040,2040年度（現状投影）,2366.998224389049
R7,40,福岡県,4003,宗像,在宅（訪問診療）,2045,2045年度（現状投影）,2447.992585064399
R7,40,福岡県,4003,宗像,在宅（訪問診療）,2050,2050年度（現状投影）,2392.2698833714976
R7,40,福岡県,4003,宗像,外来,2024,2024年度,103712
R7,40,福岡県,4003,宗像,外来,2030,2030年度（現状投影）,106067.31446952304
R7,40,福岡県,4003,宗像,外来,2035,2035年度（現状投影）,106178.56737694418
R7,40,福岡県,4003,宗像,外来,2040,2040年度（現状投影）,105281.35386406738
R7,40,福岡県,4003,宗像,外来,2045,2045年度（現状投影）,104257.84152144537
R7,40,福岡県,4003,宗像,外来,2050,2050年度（現状投影）,103855.21409865416
R7,40,福岡県,4004,筑紫,在宅（訪問診療）,2024,2024年度,3135.583333333333
R7,40,福岡県,4004,筑紫,在宅（訪問診療）,2030,2030年度（現状投影）,4014.170865419299
R7,40,福岡県,4004,筑紫,在宅（訪問診療）,2035,2035年度（現状投影）,4673.298318343901
R7,40,福岡県,4004,筑紫,在宅（訪問診療）,2040,2040年度（現状投影）,5308.202319492159
R7,40,福岡県,4004,筑紫,在宅（訪問診療）,2045,2045年度（現状投影）,5630.404525268183
R7,40,福岡県,4004,筑紫,在宅（訪問診療）,2050,2050年度（現状投影）,5669.094015383818
R7,40,福岡県,4004,筑紫,外来,2024,2024年度,281241.58333333326
R7,40,福岡県,4004,筑紫,外来,2030,2030年度（現状投影）,287498.0324743958
R7,40,福岡県,4004,筑紫,外来,2035,2035年度（現状投影）,289479.9143623341
R7,40,福岡県,4004,筑紫,外来,2040,2040年度（現状投影）,289219.73710779176
R7,40,福岡県,4004,筑紫,外来,2045,2045年度（現状投影）,287996.6692148126
R7,40,福岡県,4004,筑紫,外来,2050,2050年度（現状投影）,286579.05684773665
R7,40,福岡県,4005,朝倉,在宅（訪問診療）,2024,2024年度,559.5
R7,40,福岡県,4005,朝倉,在宅（訪問診療）,2030,2030年度（現状投影）,625.5177656621913
R7,40,福岡県,4005,朝倉,在宅（訪問診療）,2035,2035年度（現状投影）,678.9881652773818
R7,40,福岡県,4005,朝倉,在宅（訪問診療）,2040,2040年度（現状投影）,737.2763103462341
R7,40,福岡県,4005,朝倉,在宅（訪問診療）,2045,2045年度（現状投影）,757.8943124652485
R7,40,福岡県,4005,朝倉,在宅（訪問診療）,2050,2050年度（現状投影）,721.053406808146
R7,40,福岡県,4005,朝倉,外来,2024,2024年度,51364.91666666667
R7,40,福岡県,4005,朝倉,外来,2030,2030年度（現状投影）,48813.620253638335
R7,40,福岡県,4005,朝倉,外来,2035,2035年度（現状投影）,47129.31416919852
R7,40,福岡県,4005,朝倉,外来,2040,2040年度（現状投影）,44940.03580990404
R7,40,福岡県,4005,朝倉,外来,2045,2045年度（現状投影）,42507.29437933167
R7,40,福岡県,4005,朝倉,外来,2050,2050年度（現状投影）,40411.00270443773
R7,40,福岡県,4006,久留米,在宅（訪問診療）,2024,2024年度,4228.333333333333
R7,40,福岡県,4006,久留米,在宅（訪問診療）,2030,2030年度（現状投影）,4951.840856287661
R7,40,福岡県,4006,久留米,在宅（訪問診療）,2035,2035年度（現状投影）,5451.74267110565
R7,40,福岡県,4006,久留米,在宅（訪問診療）,2040,2040年度（現状投影）,5896.825321182621
R7,40,福岡県,4006,久留米,在宅（訪問診療）,2045,2045年度（現状投影）,6125.63727416009
R7,40,福岡県,4006,久留米,在宅（訪問診療）,2050,2050年度（現状投影）,6047.7172704872955
R7,40,福岡県,4006,久留米,外来,2024,2024年度,359319.6666666666
R7,40,福岡県,4006,久留米,外来,2030,2030年度（現状投影）,358088.9783866413
R7,40,福岡県,4006,久留米,外来,2035,2035年度（現状投影）,351784.66259731806
R7,40,福岡県,4006,久留米,外来,2040,2040年度（現状投影）,343286.6075493186
R7,40,福岡県,4006,久留米,外来,2045,2045年度（現状投影）,334163.679178148
R7,40,福岡県,4006,久留米,外来,2050,2050年度（現状投影）,325413.4844153847
R7,40,福岡県,4007,八女・筑後,在宅（訪問診療）,2024,2024年度,1064.3333333333333
R7,40,福岡県,4007,八女・筑後,在宅（訪問診療）,2030,2030年度（現状投影）,1209.1134652387443
R7,40,福岡県,4007,八女・筑後,在宅（訪問診療）,2035,2035年度（現状投影）,1276.7746603625926
R7,40,福岡県,4007,八女・筑後,在宅（訪問診療）,2040,2040年度（現状投影）,1349.166517311083
R7,40,福岡県,4007,八女・筑後,在宅（訪問診療）,2045,2045年度（現状投影）,1372.9720610863676
R7,40,福岡県,4007,八女・筑後,在宅（訪問診療）,2050,2050年度（現状投影）,1326.2225824073278
R7,40,福岡県,4007,八女・筑後,外来,2024,2024年度,96536.41666666666
R7,40,福岡県,4007,八女・筑後,外来,2030,2030年度（現状投影）,94002.41857716668
R7,40,福岡県,4007,八女・筑後,外来,2035,2035年度（現状投影）,90942.87732270295
R7,40,福岡県,4007,八女・筑後,外来,2040,2040年度（現状投影）,87231.0339629487
R7,40,福岡県,4007,八女・筑後,外来,2045,2045年度（現状投影）,83245.26647205505
R7,40,福岡県,4007,八女・筑後,外来,2050,2050年度（現状投影）,79444.14307416283
R7,40,福岡県,4008,有明,在宅（訪問診療）,2024,2024年度,1888.9166666666667
R7,40,福岡県,4008,有明,在宅（訪問診療）,2030,2030年度（現状投影）,2079.831194155509
R7,40,福岡県,4008,有明,在宅（訪問診療）,2035,2035年度（現状投影）,2158.6773106457144
R7,40,福岡県,4008,有明,在宅（訪問診療）,2040,2040年度（現状投影）,2239.43944901364
R7,40,福岡県,4008,有明,在宅（訪問診療）,2045,2045年度（現状投影）,2219.827126120109
R7,40,福岡県,4008,有明,在宅（訪問診療）,2050,2050年度（現状投影）,2061.1210464879878
R7,40,福岡県,4008,有明,外来,2024,2024年度,163363.41666666666
R7,40,福岡県,4008,有明,外来,2030,2030年度（現状投影）,154379.52231249103
R7,40,福岡県,4008,有明,外来,2035,2035年度（現状投影）,144943.24279796518
R7,40,福岡県,4008,有明,外来,2040,2040年度（現状投影）,134689.96675997926
R7,40,福岡県,4008,有明,外来,2045,2045年度（現状投影）,124607.24412414737
R7,40,福岡県,4008,有明,外来,2050,2050年度（現状投影）,115558.51892038541
R7,40,福岡県,4009,飯塚,在宅（訪問診療）,2024,2024年度,2089.583333333333
R7,40,福岡県,4009,飯塚,在宅（訪問診療）,2030,2030年度（現状投影）,2274.5847104935146
R7,40,福岡県,4009,飯塚,在宅（訪問診療）,2035,2035年度（現状投影）,2422.3218405960624
R7,40,福岡県,4009,飯塚,在宅（訪問診療）,2040,2040年度（現状投影）,2584.277719108171
R7,40,福岡県,4009,飯塚,在宅（訪問診療）,2045,2045年度（現状投影）,2613.5442173981546
R7,40,福岡県,4009,飯塚,在宅（訪問診療）,2050,2050年度（現状投影）,2430.649325865505
R7,40,福岡県,4009,飯塚,外来,2024,2024年度,139204.91666666666
R7,40,福岡県,4009,飯塚,外来,2030,2030年度（現状投影）,132529.18376934598
R7,40,福岡県,4009,飯塚,外来,2035,2035年度（現状投影）,126703.55564931178
R7,40,福岡県,4009,飯塚,外来,2040,2040年度（現状投影）,119870.16510031342
R7,40,福岡県,4009,飯塚,外来,2045,2045年度（現状投影）,113218.06390228533
R7,40,福岡県,4009,飯塚,外来,2050,2050年度（現状投影）,107986.63270755233
R7,40,福岡県,4010,直方・鞍手,在宅（訪問診療）,2024,2024年度,1419.8333333333333
R7,40,福岡県,4010,直方・鞍手,在宅（訪問診療）,2030,2030年度（現状投影）,1630.6720668689713
R7,40,福岡県,4010,直方・鞍手,在宅（訪問診療）,2035,2035年度（現状投影）,1721.1369879827027
R7,40,福岡県,4010,直方・鞍手,在宅（訪問診療）,2040,2040年度（現状投影）,1818.3369898206925
R7,40,福岡県,4010,直方・鞍手,在宅（訪問診療）,2045,2045年度（現状投影）,1799.6780092932327
R7,40,福岡県,4010,直方・鞍手,在宅（訪問診療）,2050,2050年度（現状投影）,1648.5633936888485
R7,40,福岡県,4010,直方・鞍手,外来,2024,2024年度,70089.08333333333
R7,40,福岡県,4010,直方・鞍手,外来,2030,2030年度（現状投影）,67209.87430678868
R7,40,福岡県,4010,直方・鞍手,外来,2035,2035年度（現状投影）,64105.965473453136
R7,40,福岡県,4010,直方・鞍手,外来,2040,2040年度（現状投影）,60504.47966489872
R7,40,福岡県,4010,直方・鞍手,外来,2045,2045年度（現状投影）,56845.44295746718
R7,40,福岡県,4010,直方・鞍手,外来,2050,2050年度（現状投影）,53857.30860920114
R7,40,福岡県,4011,田川,在宅（訪問診療）,2024,2024年度,1180.6666666666665
R7,40,福岡県,4011,田川,在宅（訪問診療）,2030,2030年度（現状投影）,1309.2844163716989
R7,40,福岡県,4011,田川,在宅（訪問診療）,2035,2035年度（現状投影）,1364.271145332079
R7,40,福岡県,4011,田川,在宅（訪問診療）,2040,2040年度（現状投影）,1402.0697597466233
R7,40,福岡県,4011,田川,在宅（訪問診療）,2045,2045年度（現状投影）,1383.7887016406025
R7,40,福岡県,4011,田川,在宅（訪問診療）,2050,2050年度（現状投影）,1250.3930267120559
R7,40,福岡県,4011,田川,外来,2024,2024年度,77068.83333333331
R7,40,福岡県,4011,田川,外来,2030,2030年度（現状投影）,72245.81658652147
R7,40,福岡県,4011,田川,外来,2035,2035年度（現状投影）,68026.92654184208
R7,40,福岡県,4011,田川,外来,2040,2040年度（現状投影）,63034.19877711006
R7,40,福岡県,4011,田川,外来,2045,2045年度（現状投影）,57930.595784337005
R7,40,福岡県,4011,田川,外来,2050,2050年度（現状投影）,53533.4992873621
R7,40,福岡県,4012,北九州,在宅（訪問診療）,2024,2024年度,12218.5
R7,40,福岡県,4012,北九州,在宅（訪問診療）,2030,2030年度（現状投影）,14440.773172850555
R7,40,福岡県,4012,北九州,在宅（訪問診療）,2035,2035年度（現状投影）,15642.981668433466
R7,40,福岡県,4012,北九州,在宅（訪問診療）,2040,2040年度（現状投影）,16555.635236246115
R7,40,福岡県,4012,北九州,在宅（訪問診療）,2045,2045年度（現状投影）,16620.83286493294
R7,40,福岡県,4012,北九州,在宅（訪問診療）,2050,2050年度（現状投影）,15833.049047890305
R7,40,福岡県,4012,北九州,外来,2024,2024年度,809502.0000000001
R7,40,福岡県,4012,北九州,外来,2030,2030年度（現状投影）,792858.2732873192
R7,40,福岡県,4012,北九州,外来,2035,2035年度（現状投影）,765800.4458319156
R7,40,福岡県,4012,北九州,外来,2040,2040年度（現状投影）,734722.995713902
R7,40,福岡県,4012,北九州,外来,2045,2045年度（現状投影）,704750.1625824374
R7,40,福岡県,4012,北九州,外来,2050,2050年度（現状投影）,678615.875355681
R7,40,福岡県,4013,京築,在宅（訪問診療）,2024,2024年度,1175.2499999999998
R7,40,福岡県,4013,京築,在宅（訪問診療）,2030,2030年度（現状投影）,1387.6783874314565
R7,40,福岡県,4013,京築,在宅（訪問診療）,2035,2035年度（現状投影）,1512.509594142056
R7,40,福岡県,4013,京築,在宅（訪問診療）,2040,2040年度（現状投影）,1605.9563662245764
R7,40,福岡県,4013,京築,在宅（訪問診療）,2045,2045年度（現状投影）,1622.59531074658
R7,40,福岡県,4013,京築,在宅（訪問診療）,2050,2050年度（現状投影）,1534.4379935393804
R7,40,福岡県,4013,京築,外来,2024,2024年度,114459.49999999999
R7,40,福岡県,4013,京築,外来,2030,2030年度（現状投影）,111271.54767644836
R7,40,福岡県,4013,京築,外来,2035,2035年度（現状投影）,107772.48508305415
R7,40,福岡県,4013,京築,外来,2040,2040年度（現状投影）,103455.47561304568
R7,40,福岡県,4013,京築,外来,2045,2045年度（現状投影）,99116.17758049045
R7,40,福岡県,4013,京築,外来,2050,2050年度（現状投影）,95453.86584547523
R7,41,佐賀県,4101,中部,在宅（訪問診療）,2024,2024年度,4023.333333333334
R7,41,佐賀県,4101,中部,在宅（訪問診療）,2030,2030年度（現状投影）,4581.096518096128
R7,41,佐賀県,4101,中部,在宅（訪問診療）,2035,2035年度（現状投影）,4999.68063102428
R7,41,佐賀県,4101,中部,在宅（訪問診療）,2040,2040年度（現状投影）,5442.730529271746
R7,41,佐賀県,4101,中部,在宅（訪問診療）,2045,2045年度（現状投影）,5695.681495123547
R7,41,佐賀県,4101,中部,在宅（訪問診療）,2050,2050年度（現状投影）,5641.133359267126
R7,41,佐賀県,4101,中部,外来,2024,2024年度,273380.0833333333
R7,41,佐賀県,4101,中部,外来,2030,2030年度（現状投影）,271541.854125597
R7,41,佐賀県,4101,中部,外来,2035,2035年度（現状投影）,265957.4502465564
R7,41,佐賀県,4101,中部,外来,2040,2040年度（現状投影）,258331.92892260174
R7,41,佐賀県,4101,中部,外来,2045,2045年度（現状投影）,249736.8811093214
R7,41,佐賀県,4101,中部,外来,2050,2050年度（現状投影）,241141.61095535403
R7,41,佐賀県,4102,東部,在宅（訪問診療）,2024,2024年度,2135.0833333333335
R7,41,佐賀県,4102,東部,在宅（訪問診療）,2030,2030年度（現状投影）,2689.4724697387373
R7,41,佐賀県,4102,東部,在宅（訪問診療）,2035,2035年度（現状投影）,3061.926822991585
R7,41,佐賀県,4102,東部,在宅（訪問診療）,2040,2040年度（現状投影）,3424.0108370017824
R7,41,佐賀県,4102,東部,在宅（訪問診療）,2045,2045年度（現状投影）,3603.442559245497
R7,41,佐賀県,4102,東部,在宅（訪問診療）,2050,2050年度（現状投影）,3556.7859326938415
R7,41,佐賀県,4102,東部,外来,2024,2024年度,80700.66666666667
R7,41,佐賀県,4102,東部,外来,2030,2030年度（現状投影）,82284.0334067713
R7,41,佐賀県,4102,東部,外来,2035,2035年度（現状投影）,82051.21398958641
R7,41,佐賀県,4102,東部,外来,2040,2040年度（現状投影）,81024.98857734275
R7,41,佐賀県,4102,東部,外来,2045,2045年度（現状投影）,79745.49940034049
R7,41,佐賀県,4102,東部,外来,2050,2050年度（現状投影）,78657.76179929418
R7,41,佐賀県,4103,北部,在宅（訪問診療）,2024,2024年度,1339.8333333333333
R7,41,佐賀県,4103,北部,在宅（訪問診療）,2030,2030年度（現状投影）,1445.3320731028743
R7,41,佐賀県,4103,北部,在宅（訪問診療）,2035,2035年度（現状投影）,1536.3579649401104
R7,41,佐賀県,4103,北部,在宅（訪問診療）,2040,2040年度（現状投影）,1652.5515813114612
R7,41,佐賀県,4103,北部,在宅（訪問診療）,2045,2045年度（現状投影）,1710.4587050367406
R7,41,佐賀県,4103,北部,在宅（訪問診療）,2050,2050年度（現状投影）,1642.1244116170355
R7,41,佐賀県,4103,北部,外来,2024,2024年度,86910.91666666667
R7,41,佐賀県,4103,北部,外来,2030,2030年度（現状投影）,82680.13112923737
R7,41,佐賀県,4103,北部,外来,2035,2035年度（現状投影）,79092.9749541559
R7,41,佐賀県,4103,北部,外来,2040,2040年度（現状投影）,74939.27967983155
R7,41,佐賀県,4103,北部,外来,2045,2045年度（現状投影）,70443.54593225659
R7,41,佐賀県,4103,北部,外来,2050,2050年度（現状投影）,66157.2808402523
R7,41,佐賀県,4104,西部,在宅（訪問診療）,2024,2024年度,474.6666666666667
R7,41,佐賀県,4104,西部,在宅（訪問診療）,2030,2030年度（現状投影）,498.05300447116247
R7,41,佐賀県,4104,西部,在宅（訪問診療）,2035,2035年度（現状投影）,530.4905624468045
R7,41,佐賀県,4104,西部,在宅（訪問診療）,2040,2040年度（現状投影）,571.1843630077628
R7,41,佐賀県,4104,西部,在宅（訪問診療）,2045,2045年度（現状投影）,606.0515131259916
R7,41,佐賀県,4104,西部,在宅（訪問診療）,2050,2050年度（現状投影）,585.910653168359
R7,41,佐賀県,4104,西部,外来,2024,2024年度,49592.16666666667
R7,41,佐賀県,4104,西部,外来,2030,2030年度（現状投影）,46691.97183219833
R7,41,佐賀県,4104,西部,外来,2035,2035年度（現状投影）,44825.22332922327
R7,41,佐賀県,4104,西部,外来,2040,2040年度（現状投影）,42498.989239426155
R7,41,佐賀県,4104,西部,外来,2045,2045年度（現状投影）,39836.85255176934
R7,41,佐賀県,4104,西部,外来,2050,2050年度（現状投影）,37179.27695245139
R7,41,佐賀県,4105,南部,在宅（訪問診療）,2024,2024年度,1234.4166666666667
R7,41,佐賀県,4105,南部,在宅（訪問診療）,2030,2030年度（現状投影）,1322.9231449110998
R7,41,佐賀県,4105,南部,在宅（訪問診療）,2035,2035年度（現状投影）,1400.026702008645
R7,41,佐賀県,4105,南部,在宅（訪問診療）,2040,2040年度（現状投影）,1523.5660651088594
R7,41,佐賀県,4105,南部,在宅（訪問診療）,2045,2045年度（現状投影）,1575.4084262381184
R7,41,佐賀県,4105,南部,在宅（訪問診療）,2050,2050年度（現状投影）,1509.8243725224715
R7,41,佐賀県,4105,南部,外来,2024,2024年度,116575.91666666667
R7,41,佐賀県,4105,南部,外来,2030,2030年度（現状投影）,111042.70972889272
R7,41,佐賀県,4105,南部,外来,2035,2035年度（現状投影）,105917.80694994611
R7,41,佐賀県,4105,南部,外来,2040,2040年度（現状投影）,100002.97477295349
R7,41,佐賀県,4105,南部,外来,2045,2045年度（現状投影）,93422.68179728698
R7,41,佐賀県,4105,南部,外来,2050,2050年度（現状投影）,87006.28403613533
R7,42,長崎県,4201,長崎,在宅（訪問診療）,2024,2024年度,5493.916666666666
R7,42,長崎県,4201,長崎,在宅（訪問診療）,2030,2030年度（現状投影）,6147.938981638761
R7,42,長崎県,4201,長崎,在宅（訪問診療）,2035,2035年度（現状投影）,6658.566275110394
R7,42,長崎県,4201,長崎,在宅（訪問診療）,2040,2040年度（現状投影）,7240.414194098785
R7,42,長崎県,4201,長崎,在宅（訪問診療）,2045,2045年度（現状投影）,7531.659926293679
R7,42,長崎県,4201,長崎,在宅（訪問診療）,2050,2050年度（現状投影）,7280.612395353326
R7,42,長崎県,4201,長崎,外来,2024,2024年度,399130.00000000006
R7,42,長崎県,4201,長崎,外来,2030,2030年度（現状投影）,382685.0867432977
R7,42,長崎県,4201,長崎,外来,2035,2035年度（現状投影）,366407.5484065539
R7,42,長崎県,4201,長崎,外来,2040,2040年度（現状投影）,345945.72317887924
R7,42,長崎県,4201,長崎,外来,2045,2045年度（現状投影）,324236.7209082733
R7,42,長崎県,4201,長崎,外来,2050,2050年度（現状投影）,303649.17147848464
R7,42,長崎県,4202,佐世保県北,在宅（訪問診療）,2024,2024年度,2553.4166666666665
R7,42,長崎県,4202,佐世保県北,在宅（訪問診療）,2030,2030年度（現状投影）,2725.8375431731256
R7,42,長崎県,4202,佐世保県北,在宅（訪問診療）,2035,2035年度（現状投影）,2898.180038061271
R7,42,長崎県,4202,佐世保県北,在宅（訪問診療）,2040,2040年度（現状投影）,3068.33711071802
R7,42,長崎県,4202,佐世保県北,在宅（訪問診療）,2045,2045年度（現状投影）,3132.0658985314176
R7,42,長崎県,4202,佐世保県北,在宅（訪問診療）,2050,2050年度（現状投影）,2975.812266158876
R7,42,長崎県,4202,佐世保県北,外来,2024,2024年度,210345.75
R7,42,長崎県,4202,佐世保県北,外来,2030,2030年度（現状投影）,197190.5265699442
R7,42,長崎県,4202,佐世保県北,外来,2035,2035年度（現状投影）,187000.34782712357
R7,42,長崎県,4202,佐世保県北,外来,2040,2040年度（現状投影）,175461.15483016495
R7,42,長崎県,4202,佐世保県北,外来,2045,2045年度（現状投影）,163873.61682160874
R7,42,長崎県,4202,佐世保県北,外来,2050,2050年度（現状投影）,153191.62611899246
R7,42,長崎県,4203,県央,在宅（訪問診療）,2024,2024年度,1868.5
R7,42,長崎県,4203,県央,在宅（訪問診療）,2030,2030年度（現状投影）,2148.690169288763
R7,42,長崎県,4203,県央,在宅（訪問診療）,2035,2035年度（現状投影）,2396.739464220921
R7,42,長崎県,4203,県央,在宅（訪問診療）,2040,2040年度（現状投影）,2647.320549885855
R7,42,長崎県,4203,県央,在宅（訪問診療）,2045,2045年度（現状投影）,2816.547907515618
R7,42,長崎県,4203,県央,在宅（訪問診療）,2050,2050年度（現状投影）,2808.480343218654
R7,42,長崎県,4203,県央,外来,2024,2024年度,199978.41666666663
R7,42,長崎県,4203,県央,外来,2030,2030年度（現状投影）,194357.41677275347
R7,42,長崎県,4203,県央,外来,2035,2035年度（現状投影）,190071.6705153551
R7,42,長崎県,4203,県央,外来,2040,2040年度（現状投影）,183656.7712639253
R7,42,長崎県,4203,県央,外来,2045,2045年度（現状投影）,176101.70080843408
R7,42,長崎県,4203,県央,外来,2050,2050年度（現状投影）,168124.56690512717
R7,42,長崎県,4204,県南,在宅（訪問診療）,2024,2024年度,776.9166666666665
R7,42,長崎県,4204,県南,在宅（訪問診療）,2030,2030年度（現状投影）,807.3243060225642
R7,42,長崎県,4204,県南,在宅（訪問診療）,2035,2035年度（現状投影）,832.6373345490514
R7,42,長崎県,4204,県南,在宅（訪問診療）,2040,2040年度（現状投影）,876.0246453022871
R7,42,長崎県,4204,県南,在宅（訪問診療）,2045,2045年度（現状投影）,903.8213678014946
R7,42,長崎県,4204,県南,在宅（訪問診療）,2050,2050年度（現状投影）,869.4565210688147
R7,42,長崎県,4204,県南,外来,2024,2024年度,85757.91666666667
R7,42,長崎県,4204,県南,外来,2030,2030年度（現状投影）,79233.30116391758
R7,42,長崎県,4204,県南,外来,2035,2035年度（現状投影）,74515.73493010241
R7,42,長崎県,4204,県南,外来,2040,2040年度（現状投影）,69031.39011594096
R7,42,長崎県,4204,県南,外来,2045,2045年度（現状投影）,62857.7641135069
R7,42,長崎県,4204,県南,外来,2050,2050年度（現状投影）,56631.83047708944
R7,42,長崎県,4206,五島,在宅（訪問診療）,2024,2024年度,297.16666666666663
R7,42,長崎県,4206,五島,在宅（訪問診療）,2030,2030年度（現状投影）,295.6546923271754
R7,42,長崎県,4206,五島,在宅（訪問診療）,2035,2035年度（現状投影）,300.80172028463295
R7,42,長崎県,4206,五島,在宅（訪問診療）,2040,2040年度（現状投影）,312.8123738011063
R7,42,長崎県,4206,五島,在宅（訪問診療）,2045,2045年度（現状投影）,322.37183491538184
R7,42,長崎県,4206,五島,在宅（訪問診療）,2050,2050年度（現状投影）,306.84923085935657
R7,42,長崎県,4206,五島,外来,2024,2024年度,20533.916666666668
R7,42,長崎県,4206,五島,外来,2030,2030年度（現状投影）,18303.895354027074
R7,42,長崎県,4206,五島,外来,2035,2035年度（現状投影）,16943.87624053389
R7,42,長崎県,4206,五島,外来,2040,2040年度（現状投影）,15396.329961674252
R7,42,長崎県,4206,五島,外来,2045,2045年度（現状投影）,13699.29259138362
R7,42,長崎県,4206,五島,外来,2050,2050年度（現状投影）,12022.755515897752
R7,42,長崎県,4207,上五島,在宅（訪問診療）,2024,2024年度,32.083333333333336
R7,42,長崎県,4207,上五島,在宅（訪問診療）,2030,2030年度（現状投影）,32.4813527648259
R7,42,長崎県,4207,上五島,在宅（訪問診療）,2035,2035年度（現状投影）,31.314623212748355
R7,42,長崎県,4207,上五島,在宅（訪問診療）,2040,2040年度（現状投影）,30.377685937666122
R7,42,長崎県,4207,上五島,在宅（訪問診療）,2045,2045年度（現状投影）,30.10921075185424
R7,42,長崎県,4207,上五島,在宅（訪問診療）,2050,2050年度（現状投影）,28.107500721677745
R7,42,長崎県,4207,上五島,外来,2024,2024年度,8690.5
R7,42,長崎県,4207,上五島,外来,2030,2030年度（現状投影）,7585.727874028679
R7,42,長崎県,4207,上五島,外来,2035,2035年度（現状投影）,6833.265217203849
R7,42,長崎県,4207,上五島,外来,2040,2040年度（現状投影）,6030.072797155288
R7,42,長崎県,4207,上五島,外来,2045,2045年度（現状投影）,5202.197510382661
R7,42,長崎県,4207,上五島,外来,2050,2050年度（現状投影）,4392.165156936621
R7,42,長崎県,4208,壱岐,在宅（訪問診療）,2024,2024年度,107.00000000000001
R7,42,長崎県,4208,壱岐,在宅（訪問診療）,2030,2030年度（現状投影）,108.94510870894518
R7,42,長崎県,4208,壱岐,在宅（訪問診療）,2035,2035年度（現状投影）,110.05041299899766
R7,42,長崎県,4208,壱岐,在宅（訪問診療）,2040,2040年度（現状投影）,110.85277153500624
R7,42,長崎県,4208,壱岐,在宅（訪問診療）,2045,2045年度（現状投影）,111.40102082309953
R7,42,長崎県,4208,壱岐,在宅（訪問診療）,2050,2050年度（現状投影）,104.58379500533104
R7,42,長崎県,4208,壱岐,外来,2024,2024年度,14163.166666666668
R7,42,長崎県,4208,壱岐,外来,2030,2030年度（現状投影）,12729.593904939558
R7,42,長崎県,4208,壱岐,外来,2035,2035年度（現状投影）,11728.01397256028
R7,42,長崎県,4208,壱岐,外来,2040,2040年度（現状投影）,10719.268061756018
R7,42,長崎県,4208,壱岐,外来,2045,2045年度（現状投影）,9682.095591216741
R7,42,長崎県,4208,壱岐,外来,2050,2050年度（現状投影）,8718.908610137436
R7,42,長崎県,4209,対馬,在宅（訪問診療）,2024,2024年度,21.166666666666668
R7,42,長崎県,4209,対馬,在宅（訪問診療）,2030,2030年度（現状投影）,24.25205121875822
R7,42,長崎県,4209,対馬,在宅（訪問診療）,2035,2035年度（現状投影）,24.023875716953274
R7,42,長崎県,4209,対馬,在宅（訪問診療）,2040,2040年度（現状投影）,24.065901368979105
R7,42,長崎県,4209,対馬,在宅（訪問診療）,2045,2045年度（現状投影）,24.43335323313312
R7,42,長崎県,4209,対馬,在宅（訪問診療）,2050,2050年度（現状投影）,23.490466306542586
R7,42,長崎県,4209,対馬,外来,2024,2024年度,14427.416666666668
R7,42,長崎県,4209,対馬,外来,2030,2030年度（現状投影）,12717.471039987973
R7,42,長崎県,4209,対馬,外来,2035,2035年度（現状投影）,11562.751114687022
R7,42,長崎県,4209,対馬,外来,2040,2040年度（現状投影）,10307.08543626429
R7,42,長崎県,4209,対馬,外来,2045,2045年度（現状投影）,9046.935092803911
R7,42,長崎県,4209,対馬,外来,2050,2050年度（現状投影）,7872.390974099653
R7,43,熊本県,4302,宇城,在宅（訪問診療）,2024,2024年度,1182.4166666666665
R7,43,熊本県,4302,宇城,在宅（訪問診療）,2030,2030年度（現状投影）,1316.5807336962623
R7,43,熊本県,4302,宇城,在宅（訪問診療）,2035,2035年度（現状投影）,1380.249677583735
R7,43,熊本県,4302,宇城,在宅（訪問診療）,2040,2040年度（現状投影）,1472.181778425649
R7,43,熊本県,4302,宇城,在宅（訪問診療）,2045,2045年度（現状投影）,1523.1011630771359
R7,43,熊本県,4302,宇城,在宅（訪問診療）,2050,2050年度（現状投影）,1472.7909892615717
R7,43,熊本県,4302,宇城,外来,2024,2024年度,64338.74999999999
R7,43,熊本県,4302,宇城,外来,2030,2030年度（現状投影）,61497.83258857192
R7,43,熊本県,4302,宇城,外来,2035,2035年度（現状投影）,59230.516717344755
R7,43,熊本県,4302,宇城,外来,2040,2040年度（現状投影）,56541.048388793315
R7,43,熊本県,4302,宇城,外来,2045,2045年度（現状投影）,53369.694031001396
R7,43,熊本県,4302,宇城,外来,2050,2050年度（現状投影）,50199.482347566816
R7,43,熊本県,4303,有明,在宅（訪問診療）,2024,2024年度,973.6666666666667
R7,43,熊本県,4303,有明,在宅（訪問診療）,2030,2030年度（現状投影）,1052.193182433139
R7,43,熊本県,4303,有明,在宅（訪問診療）,2035,2035年度（現状投影）,1106.072852205765
R7,43,熊本県,4303,有明,在宅（訪問診療）,2040,2040年度（現状投影）,1169.469995324185
R7,43,熊本県,4303,有明,在宅（訪問診療）,2045,2045年度（現状投影）,1209.1141543324877
R7,43,熊本県,4303,有明,在宅（訪問診療）,2050,2050年度（現状投影）,1142.5664714257468
R7,43,熊本県,4303,有明,外来,2024,2024年度,100551.91666666666
R7,43,熊本県,4303,有明,外来,2030,2030年度（現状投影）,94436.08127435403
R7,43,熊本県,4303,有明,外来,2035,2035年度（現状投影）,89530.4398599561
R7,43,熊本県,4303,有明,外来,2040,2040年度（現状投影）,84031.4910924823
R7,43,熊本県,4303,有明,外来,2045,2045年度（現状投影）,78359.57012322852
R7,43,熊本県,4303,有明,外来,2050,2050年度（現状投影）,73305.74271258058
R7,43,熊本県,4304,鹿本,在宅（訪問診療）,2024,2024年度,220.50000000000003
R7,43,熊本県,4304,鹿本,在宅（訪問診療）,2030,2030年度（現状投影）,222.44047522317277
R7,43,熊本県,4304,鹿本,在宅（訪問診療）,2035,2035年度（現状投影）,226.41268752661006
R7,43,熊本県,4304,鹿本,在宅（訪問診療）,2040,2040年度（現状投影）,236.5924210037163
R7,43,熊本県,4304,鹿本,在宅（訪問診療）,2045,2045年度（現状投影）,243.2275914949285
R7,43,熊本県,4304,鹿本,在宅（訪問診療）,2050,2050年度（現状投影）,230.25204977014798
R7,43,熊本県,4304,鹿本,外来,2024,2024年度,36511.5
R7,43,熊本県,4304,鹿本,外来,2030,2030年度（現状投影）,33635.09663108661
R7,43,熊本県,4304,鹿本,外来,2035,2035年度（現状投影）,31768.13166503378
R7,43,熊本県,4304,鹿本,外来,2040,2040年度（現状投影）,29518.73544374541
R7,43,熊本県,4304,鹿本,外来,2045,2045年度（現状投影）,27137.608012609562
R7,43,熊本県,4304,鹿本,外来,2050,2050年度（現状投影）,24913.873058304398
R7,43,熊本県,4305,菊池,在宅（訪問診療）,2024,2024年度,785.6666666666666
R7,43,熊本県,4305,菊池,在宅（訪問診療）,2030,2030年度（現状投影）,888.2774866493114
R7,43,熊本県,4305,菊池,在宅（訪問診療）,2035,2035年度（現状投影）,1011.7440253660275
R7,43,熊本県,4305,菊池,在宅（訪問診療）,2040,2040年度（現状投影）,1134.7994789828938
R7,43,熊本県,4305,菊池,在宅（訪問診療）,2045,2045年度（現状投影）,1210.0680665391822
R7,43,熊本県,4305,菊池,在宅（訪問診療）,2050,2050年度（現状投影）,1213.5752751793998
R7,43,熊本県,4305,菊池,外来,2024,2024年度,115791.83333333333
R7,43,熊本県,4305,菊池,外来,2030,2030年度（現状投影）,117570.59144594209
R7,43,熊本県,4305,菊池,外来,2035,2035年度（現状投影）,118558.38484913504
R7,43,熊本県,4305,菊池,外来,2040,2040年度（現状投影）,118439.30208716317
R7,43,熊本県,4305,菊池,外来,2045,2045年度（現状投影）,117550.8365708914
R7,43,熊本県,4305,菊池,外来,2050,2050年度（現状投影）,116378.26345278969
R7,43,熊本県,4306,阿蘇,在宅（訪問診療）,2024,2024年度,273
R7,43,熊本県,4306,阿蘇,在宅（訪問診療）,2030,2030年度（現状投影）,288.160037830042
R7,43,熊本県,4306,阿蘇,在宅（訪問診療）,2035,2035年度（現状投影）,294.2926993008998
R7,43,熊本県,4306,阿蘇,在宅（訪問診療）,2040,2040年度（現状投影）,316.6087736041094
R7,43,熊本県,4306,阿蘇,在宅（訪問診療）,2045,2045年度（現状投影）,334.33776760939287
R7,43,熊本県,4306,阿蘇,在宅（訪問診療）,2050,2050年度（現状投影）,317.63319007217876
R7,43,熊本県,4306,阿蘇,外来,2024,2024年度,24826.166666666664
R7,43,熊本県,4306,阿蘇,外来,2030,2030年度（現状投影）,23132.960617440927
R7,43,熊本県,4306,阿蘇,外来,2035,2035年度（現状投影）,22097.40994201252
R7,43,熊本県,4306,阿蘇,外来,2040,2040年度（現状投影）,20784.817115217247
R7,43,熊本県,4306,阿蘇,外来,2045,2045年度（現状投影）,19223.98328758252
R7,43,熊本県,4306,阿蘇,外来,2050,2050年度（現状投影）,17719.121808191
R7,43,熊本県,4308,八代,在宅（訪問診療）,2024,2024年度,1124.1666666666667
R7,43,熊本県,4308,八代,在宅（訪問診療）,2030,2030年度（現状投影）,1228.3222033885295
R7,43,熊本県,4308,八代,在宅（訪問診療）,2035,2035年度（現状投影）,1288.4569390656516
R7,43,熊本県,4308,八代,在宅（訪問診療）,2040,2040年度（現状投影）,1351.369164454755
R7,43,熊本県,4308,八代,在宅（訪問診療）,2045,2045年度（現状投影）,1372.8800647036715
R7,43,熊本県,4308,八代,在宅（訪問診療）,2050,2050年度（現状投影）,1312.9093463678896
R7,43,熊本県,4308,八代,外来,2024,2024年度,104467.83333333331
R7,43,熊本県,4308,八代,外来,2030,2030年度（現状投影）,99720.53839060136
R7,43,熊本県,4308,八代,外来,2035,2035年度（現状投影）,95196.90147436834
R7,43,熊本県,4308,八代,外来,2040,2040年度（現状投影）,89992.74842318408
R7,43,熊本県,4308,八代,外来,2045,2045年度（現状投影）,84582.16926061553
R7,43,熊本県,4308,八代,外来,2050,2050年度（現状投影）,79406.09545909222
R7,43,熊本県,4309,芦北,在宅（訪問診療）,2024,2024年度,395.66666666666663
R7,43,熊本県,4309,芦北,在宅（訪問診療）,2030,2030年度（現状投影）,402.45323600043207
R7,43,熊本県,4309,芦北,在宅（訪問診療）,2035,2035年度（現状投影）,403.6149442899633
R7,43,熊本県,4309,芦北,在宅（訪問診療）,2040,2040年度（現状投影）,407.7950373944467
R7,43,熊本県,4309,芦北,在宅（訪問診療）,2045,2045年度（現状投影）,401.47575661146027
R7,43,熊本県,4309,芦北,在宅（訪問診療）,2050,2050年度（現状投影）,365.6152012806103
R7,43,熊本県,4309,芦北,外来,2024,2024年度,33769.333333333336
R7,43,熊本県,4309,芦北,外来,2030,2030年度（現状投影）,30089.20156069596
R7,43,熊本県,4309,芦北,外来,2035,2035年度（現状投影）,27293.08879669072
R7,43,熊本県,4309,芦北,外来,2040,2040年度（現状投影）,24451.151139846617
R7,43,熊本県,4309,芦北,外来,2045,2045年度（現状投影）,21663.795100643638
R7,43,熊本県,4309,芦北,外来,2050,2050年度（現状投影）,19076.137063413647
R7,43,熊本県,4310,球磨,在宅（訪問診療）,2024,2024年度,376.83333333333326
R7,43,熊本県,4310,球磨,在宅（訪問診療）,2030,2030年度（現状投影）,386.9708702986801
R7,43,熊本県,4310,球磨,在宅（訪問診療）,2035,2035年度（現状投影）,400.4485944455255
R7,43,熊本県,4310,球磨,在宅（訪問診療）,2040,2040年度（現状投影）,417.17954166355975
R7,43,熊本県,4310,球磨,在宅（訪問診療）,2045,2045年度（現状投影）,423.1554774713466
R7,43,熊本県,4310,球磨,在宅（訪問診療）,2050,2050年度（現状投影）,395.7292204088739
R7,43,熊本県,4310,球磨,外来,2024,2024年度,58026.499999999985
R7,43,熊本県,4310,球磨,外来,2030,2030年度（現状投影）,52857.13969438614
R7,43,熊本県,4310,球磨,外来,2035,2035年度（現状投影）,49292.96129992216
R7,43,熊本県,4310,球磨,外来,2040,2040年度（現状投影）,45545.542148112225
R7,43,熊本県,4310,球磨,外来,2045,2045年度（現状投影）,41558.54294661377
R7,43,熊本県,4310,球磨,外来,2050,2050年度（現状投影）,37690.78794461992
R7,43,熊本県,4311,天草,在宅（訪問診療）,2024,2024年度,739.5833333333334
R7,43,熊本県,4311,天草,在宅（訪問診療）,2030,2030年度（現状投影）,750.2164199858582
R7,43,熊本県,4311,天草,在宅（訪問診療）,2035,2035年度（現状投影）,757.2206612361783
R7,43,熊本県,4311,天草,在宅（訪問診療）,2040,2040年度（現状投影）,779.9701187943631
R7,43,熊本県,4311,天草,在宅（訪問診療）,2045,2045年度（現状投影）,779.7502682918955
R7,43,熊本県,4311,天草,在宅（訪問診療）,2050,2050年度（現状投影）,724.9659287531832
R7,43,熊本県,4311,天草,外来,2024,2024年度,72145.83333333331
R7,43,熊本県,4311,天草,外来,2030,2030年度（現状投影）,65439.08898055135
R7,43,熊本県,4311,天草,外来,2035,2035年度（現状投影）,60087.250447335624
R7,43,熊本県,4311,天草,外来,2040,2040年度（現状投影）,54218.07864346495
R7,43,熊本県,4311,天草,外来,2045,2045年度（現状投影）,48127.30272960354
R7,43,熊本県,4311,天草,外来,2050,2050年度（現状投影）,42335.791169725795
R7,43,熊本県,4312,熊本・上益城,在宅（訪問診療）,2024,2024年度,8721
R7,43,熊本県,4312,熊本・上益城,在宅（訪問診療）,2030,2030年度（現状投影）,9953.66697116024
R7,43,熊本県,4312,熊本・上益城,在宅（訪問診療）,2035,2035年度（現状投影）,11000.43102887068
R7,43,熊本県,4312,熊本・上益城,在宅（訪問診療）,2040,2040年度（現状投影）,12097.774922057137
R7,43,熊本県,4312,熊本・上益城,在宅（訪問診療）,2045,2045年度（現状投影）,12812.762486007094
R7,43,熊本県,4312,熊本・上益城,在宅（訪問診療）,2050,2050年度（現状投影）,12850.083166388675
R7,43,熊本県,4312,熊本・上益城,外来,2024,2024年度,676066.6666666669
R7,43,熊本県,4312,熊本・上益城,外来,2030,2030年度（現状投影）,677573.0436489864
R7,43,熊本県,4312,熊本・上益城,外来,2035,2035年度（現状投影）,672011.9859920172
R7,43,熊本県,4312,熊本・上益城,外来,2040,2040年度（現状投影）,661018.6208021044
R7,43,熊本県,4312,熊本・上益城,外来,2045,2045年度（現状投影）,646396.4093331778
R7,43,熊本県,4312,熊本・上益城,外来,2050,2050年度（現状投影）,630764.3981580589
R7,44,大分県,4401,東部,在宅（訪問診療）,2024,2024年度,2577.833333333333
R7,44,大分県,4401,東部,在宅（訪問診療）,2030,2030年度（現状投影）,2880.574425893635
R7,44,大分県,4401,東部,在宅（訪問診療）,2035,2035年度（現状投影）,3032.032461872029
R7,44,大分県,4401,東部,在宅（訪問診療）,2040,2040年度（現状投影）,3137.5365787155993
R7,44,大分県,4401,東部,在宅（訪問診療）,2045,2045年度（現状投影）,3114.639450118802
R7,44,大分県,4401,東部,在宅（訪問診療）,2050,2050年度（現状投影）,2941.807341475418
R7,44,大分県,4401,東部,外来,2024,2024年度,142307.9166666667
R7,44,大分県,4401,東部,外来,2030,2030年度（現状投影）,134983.4116541734
R7,44,大分県,4401,東部,外来,2035,2035年度（現状投影）,128226.46496419859
R7,44,大分県,4401,東部,外来,2040,2040年度（現状投影）,120978.36738878161
R7,44,大分県,4401,東部,外来,2045,2045年度（現状投影）,113959.84234413158
R7,44,大分県,4401,東部,外来,2050,2050年度（現状投影）,107632.10240714133
R7,44,大分県,4403,中部,在宅（訪問診療）,2024,2024年度,7563.833333333332
R7,44,大分県,4403,中部,在宅（訪問診療）,2030,2030年度（現状投影）,8846.528723219928
R7,44,大分県,4403,中部,在宅（訪問診療）,2035,2035年度（現状投影）,9997.756029474891
R7,44,大分県,4403,中部,在宅（訪問診療）,2040,2040年度（現状投影）,11041.182957334302
R7,44,大分県,4403,中部,在宅（訪問診療）,2045,2045年度（現状投影）,11464.671037109882
R7,44,大分県,4403,中部,在宅（訪問診療）,2050,2050年度（現状投影）,11229.835626224416
R7,44,大分県,4403,中部,外来,2024,2024年度,417156.9166666666
R7,44,大分県,4403,中部,外来,2030,2030年度（現状投影）,412215.37978231633
R7,44,大分県,4403,中部,外来,2035,2035年度（現状投影）,404944.54306813213
R7,44,大分県,4403,中部,外来,2040,2040年度（現状投影）,394067.9598143908
R7,44,大分県,4403,中部,外来,2045,2045年度（現状投影）,382004.07043434307
R7,44,大分県,4403,中部,外来,2050,2050年度（現状投影）,370783.8057724719
R7,44,大分県,4405,南部,在宅（訪問診療）,2024,2024年度,794.8333333333333
R7,44,大分県,4405,南部,在宅（訪問診療）,2030,2030年度（現状投影）,845.7655161600777
R7,44,大分県,4405,南部,在宅（訪問診療）,2035,2035年度（現状投影）,864.1097301487439
R7,44,大分県,4405,南部,在宅（訪問診療）,2040,2040年度（現状投影）,886.6189981540731
R7,44,大分県,4405,南部,在宅（訪問診療）,2045,2045年度（現状投影）,862.3327695674129
R7,44,大分県,4405,南部,在宅（訪問診療）,2050,2050年度（現状投影）,782.8861923052566
R7,44,大分県,4405,南部,外来,2024,2024年度,42012.333333333336
R7,44,大分県,4405,南部,外来,2030,2030年度（現状投影）,37861.465661339826
R7,44,大分県,4405,南部,外来,2035,2035年度（現状投影）,34751.529665988746
R7,44,大分県,4405,南部,外来,2040,2040年度（現状投影）,31561.45706817257
R7,44,大分県,4405,南部,外来,2045,2045年度（現状投影）,28432.508945302183
R7,44,大分県,4405,南部,外来,2050,2050年度（現状投影）,25579.057001730594
R7,44,大分県,4406,豊肥,在宅（訪問診療）,2024,2024年度,664.25
R7,44,大分県,4406,豊肥,在宅（訪問診療）,2030,2030年度（現状投影）,659.8831785102496
R7,44,大分県,4406,豊肥,在宅（訪問診療）,2035,2035年度（現状投影）,636.7066205824491
R7,44,大分県,4406,豊肥,在宅（訪問診療）,2040,2040年度（現状投影）,638.2267364390395
R7,44,大分県,4406,豊肥,在宅（訪問診療）,2045,2045年度（現状投影）,626.7721813230984
R7,44,大分県,4406,豊肥,在宅（訪問診療）,2050,2050年度（現状投影）,564.3277671543092
R7,44,大分県,4406,豊肥,外来,2024,2024年度,32976.916666666664
R7,44,大分県,4406,豊肥,外来,2030,2030年度（現状投影）,29172.897618093495
R7,44,大分県,4406,豊肥,外来,2035,2035年度（現状投影）,26599.027019137033
R7,44,大分県,4406,豊肥,外来,2040,2040年度（現状投影）,23987.555715869992
R7,44,大分県,4406,豊肥,外来,2045,2045年度（現状投影）,21389.791441709323
R7,44,大分県,4406,豊肥,外来,2050,2050年度（現状投影）,19077.998661781978
R7,44,大分県,4408,西部,在宅（訪問診療）,2024,2024年度,550.3333333333334
R7,44,大分県,4408,西部,在宅（訪問診療）,2030,2030年度（現状投影）,566.918821587139
R7,44,大分県,4408,西部,在宅（訪問診療）,2035,2035年度（現状投影）,585.7483258081834
R7,44,大分県,4408,西部,在宅（訪問診療）,2040,2040年度（現状投影）,614.7105487478157
R7,44,大分県,4408,西部,在宅（訪問診療）,2045,2045年度（現状投影）,616.0461701439405
R7,44,大分県,4408,西部,在宅（訪問診療）,2050,2050年度（現状投影）,572.7228475149051
R7,44,大分県,4408,西部,外来,2024,2024年度,59429.16666666666
R7,44,大分県,4408,西部,外来,2030,2030年度（現状投影）,54613.772752113044
R7,44,大分県,4408,西部,外来,2035,2035年度（現状投影）,51166.05608529691
R7,44,大分県,4408,西部,外来,2040,2040年度（現状投影）,47336.264885085904
R7,44,大分県,4408,西部,外来,2045,2045年度（現状投影）,43405.36190422466
R7,44,大分県,4408,西部,外来,2050,2050年度（現状投影）,39750.92312572481
R7,44,大分県,4409,北部,在宅（訪問診療）,2024,2024年度,1127.9166666666667
R7,44,大分県,4409,北部,在宅（訪問診療）,2030,2030年度（現状投影）,1204.7192995659584
R7,44,大分県,4409,北部,在宅（訪問診療）,2035,2035年度（現状投影）,1268.8860066506095
R7,44,大分県,4409,北部,在宅（訪問診療）,2040,2040年度（現状投影）,1341.652569349358
R7,44,大分県,4409,北部,在宅（訪問診療）,2045,2045年度（現状投影）,1348.6607012943655
R7,44,大分県,4409,北部,在宅（訪問診療）,2050,2050年度（現状投影）,1286.105594195808
R7,44,大分県,4409,北部,外来,2024,2024年度,108228.33333333331
R7,44,大分県,4409,北部,外来,2030,2030年度（現状投影）,104094.09579451963
R7,44,大分県,4409,北部,外来,2035,2035年度（現状投影）,100456.99781120781
R7,44,大分県,4409,北部,外来,2040,2040年度（現状投影）,96360.53049293059
R7,44,大分県,4409,北部,外来,2045,2045年度（現状投影）,92116.84471521158
R7,44,大分県,4409,北部,外来,2050,2050年度（現状投影）,88331.23667597177
R7,45,宮崎県,4501,宮崎東諸県,在宅（訪問診療）,2024,2024年度,6049.166666666667
R7,45,宮崎県,4501,宮崎東諸県,在宅（訪問診療）,2030,2030年度（現状投影）,7320.127879506835
R7,45,宮崎県,4501,宮崎東諸県,在宅（訪問診療）,2035,2035年度（現状投影）,8289.919223618823
R7,45,宮崎県,4501,宮崎東諸県,在宅（訪問診療）,2040,2040年度（現状投影）,9320.848350806169
R7,45,宮崎県,4501,宮崎東諸県,在宅（訪問診療）,2045,2045年度（現状投影）,9942.561975021299
R7,45,宮崎県,4501,宮崎東諸県,在宅（訪問診療）,2050,2050年度（現状投影）,9921.730074641397
R7,45,宮崎県,4501,宮崎東諸県,外来,2024,2024年度,336611.16666666674
R7,45,宮崎県,4501,宮崎東諸県,外来,2030,2030年度（現状投影）,340028.5711179153
R7,45,宮崎県,4501,宮崎東諸県,外来,2035,2035年度（現状投影）,336585.45793432766
R7,45,宮崎県,4501,宮崎東諸県,外来,2040,2040年度（現状投影）,330121.0164715743
R7,45,宮崎県,4501,宮崎東諸県,外来,2045,2045年度（現状投影）,321870.6943439663
R7,45,宮崎県,4501,宮崎東諸県,外来,2050,2050年度（現状投影）,313471.6893069277
R7,45,宮崎県,4502,都城北諸県,在宅（訪問診療）,2024,2024年度,1312.8333333333335
R7,45,宮崎県,4502,都城北諸県,在宅（訪問診療）,2030,2030年度（現状投影）,1458.8644677082382
R7,45,宮崎県,4502,都城北諸県,在宅（訪問診療）,2035,2035年度（現状投影）,1537.4676777758516
R7,45,宮崎県,4502,都城北諸県,在宅（訪問診療）,2040,2040年度（現状投影）,1656.5506247638416
R7,45,宮崎県,4502,都城北諸県,在宅（訪問診療）,2045,2045年度（現状投影）,1729.8493739028181
R7,45,宮崎県,4502,都城北諸県,在宅（訪問診療）,2050,2050年度（現状投影）,1688.4720359418197
R7,45,宮崎県,4502,都城北諸県,外来,2024,2024年度,151125.75000000006
R7,45,宮崎県,4502,都城北諸県,外来,2030,2030年度（現状投影）,144517.08594210856
R7,45,宮崎県,4502,都城北諸県,外来,2035,2035年度（現状投影）,140801.1030570847
R7,45,宮崎県,4502,都城北諸県,外来,2040,2040年度（現状投影）,136225.5338589953
R7,45,宮崎県,4502,都城北諸県,外来,2045,2045年度（現状投影）,130967.30268953514
R7,45,宮崎県,4502,都城北諸県,外来,2050,2050年度（現状投影）,125888.3810178451
R7,45,宮崎県,4503,延岡西臼杵,在宅（訪問診療）,2024,2024年度,1242.2499999999998
R7,45,宮崎県,4503,延岡西臼杵,在宅（訪問診療）,2030,2030年度（現状投影）,1335.8125942156335
R7,45,宮崎県,4503,延岡西臼杵,在宅（訪問診療）,2035,2035年度（現状投影）,1384.000719535793
R7,45,宮崎県,4503,延岡西臼杵,在宅（訪問診療）,2040,2040年度（現状投影）,1448.37913550877
R7,45,宮崎県,4503,延岡西臼杵,在宅（訪問診療）,2045,2045年度（現状投影）,1464.5982142135585
R7,45,宮崎県,4503,延岡西臼杵,在宅（訪問診療）,2050,2050年度（現状投影）,1377.5110861942542
R7,45,宮崎県,4503,延岡西臼杵,外来,2024,2024年度,89172.75
R7,45,宮崎県,4503,延岡西臼杵,外来,2030,2030年度（現状投影）,82727.67918615561
R7,45,宮崎県,4503,延岡西臼杵,外来,2035,2035年度（現状投影）,77699.92373187431
R7,45,宮崎県,4503,延岡西臼杵,外来,2040,2040年度（現状投影）,72357.79614389307
R7,45,宮崎県,4503,延岡西臼杵,外来,2045,2045年度（現状投影）,66829.49623209916
R7,45,宮崎県,4503,延岡西臼杵,外来,2050,2050年度（現状投影）,61686.30999244183
R7,45,宮崎県,4504,日南串間,在宅（訪問診療）,2024,2024年度,212.66666666666669
R7,45,宮崎県,4504,日南串間,在宅（訪問診療）,2030,2030年度（現状投影）,223.34810787766907
R7,45,宮崎県,4504,日南串間,在宅（訪問診療）,2035,2035年度（現状投影）,221.0247876239442
R7,45,宮崎県,4504,日南串間,在宅（訪問診療）,2040,2040年度（現状投影）,221.60819537187152
R7,45,宮崎県,4504,日南串間,在宅（訪問診療）,2045,2045年度（現状投影）,224.6798136428427
R7,45,宮崎県,4504,日南串間,在宅（訪問診療）,2050,2050年度（現状投影）,212.0752494476966
R7,45,宮崎県,4504,日南串間,外来,2024,2024年度,43341.083333333336
R7,45,宮崎県,4504,日南串間,外来,2030,2030年度（現状投影）,39339.28990065985
R7,45,宮崎県,4504,日南串間,外来,2035,2035年度（現状投影）,36365.73378976653
R7,45,宮崎県,4504,日南串間,外来,2040,2040年度（現状投影）,33316.206533590776
R7,45,宮崎県,4504,日南串間,外来,2045,2045年度（現状投影）,30172.08956111857
R7,45,宮崎県,4504,日南串間,外来,2050,2050年度（現状投影）,27313.398958452373
R7,45,宮崎県,4505,西諸,在宅（訪問診療）,2024,2024年度,599.5
R7,45,宮崎県,4505,西諸,在宅（訪問診療）,2030,2030年度（現状投影）,612.3305397016483
R7,45,宮崎県,4505,西諸,在宅（訪問診療）,2035,2035年度（現状投影）,629.728814817683
R7,45,宮崎県,4505,西諸,在宅（訪問診療）,2040,2040年度（現状投影）,660.9956068879786
R7,45,宮崎県,4505,西諸,在宅（訪問診療）,2045,2045年度（現状投影）,676.1470977419192
R7,45,宮崎県,4505,西諸,在宅（訪問診療）,2050,2050年度（現状投影）,635.1761525127881
R7,45,宮崎県,4505,西諸,外来,2024,2024年度,49690.333333333336
R7,45,宮崎県,4505,西諸,外来,2030,2030年度（現状投影）,45975.96114129183
R7,45,宮崎県,4505,西諸,外来,2035,2035年度（現状投影）,43239.62290764304
R7,45,宮崎県,4505,西諸,外来,2040,2040年度（現状投影）,40219.490118335525
R7,45,宮崎県,4505,西諸,外来,2045,2045年度（現状投影）,36943.76913071548
R7,45,宮崎県,4505,西諸,外来,2050,2050年度（現状投影）,33837.62405803139
R7,45,宮崎県,4506,西都児湯,在宅（訪問診療）,2024,2024年度,273.5833333333333
R7,45,宮崎県,4506,西都児湯,在宅（訪問診療）,2030,2030年度（現状投影）,300.17541978463424
R7,45,宮崎県,4506,西都児湯,在宅（訪問診療）,2035,2035年度（現状投影）,317.1842684535508
R7,45,宮崎県,4506,西都児湯,在宅（訪問診療）,2040,2040年度（現状投影）,338.3424971425487
R7,45,宮崎県,4506,西都児湯,在宅（訪問診療）,2045,2045年度（現状投影）,347.02470215134235
R7,45,宮崎県,4506,西都児湯,在宅（訪問診療）,2050,2050年度（現状投影）,326.9821220656038
R7,45,宮崎県,4506,西都児湯,外来,2024,2024年度,49600.75000000001
R7,45,宮崎県,4506,西都児湯,外来,2030,2030年度（現状投影）,46635.25835047687
R7,45,宮崎県,4506,西都児湯,外来,2035,2035年度（現状投影）,44351.11085347984
R7,45,宮崎県,4506,西都児湯,外来,2040,2040年度（現状投影）,41646.31684377181
R7,45,宮崎県,4506,西都児湯,外来,2045,2045年度（現状投影）,38621.77132248861
R7,45,宮崎県,4506,西都児湯,外来,2050,2050年度（現状投影）,35797.72341307698
R7,45,宮崎県,4507,日向入郷,在宅（訪問診療）,2024,2024年度,263.9166666666667
R7,45,宮崎県,4507,日向入郷,在宅（訪問診療）,2030,2030年度（現状投影）,299.4993106859721
R7,45,宮崎県,4507,日向入郷,在宅（訪問診療）,2035,2035年度（現状投影）,319.6748903796746
R7,45,宮崎県,4507,日向入郷,在宅（訪問診療）,2040,2040年度（現状投影）,347.9173677672106
R7,45,宮崎県,4507,日向入郷,在宅（訪問診療）,2045,2045年度（現状投影）,370.4085699079775
R7,45,宮崎県,4507,日向入郷,在宅（訪問診療）,2050,2050年度（現状投影）,354.91622835667926
R7,45,宮崎県,4507,日向入郷,外来,2024,2024年度,52280.916666666664
R7,45,宮崎県,4507,日向入郷,外来,2030,2030年度（現状投影）,49412.199041676824
R7,45,宮崎県,4507,日向入郷,外来,2035,2035年度（現状投影）,47189.23423203478
R7,45,宮崎県,4507,日向入郷,外来,2040,2040年度（現状投影）,44634.61752111534
R7,45,宮崎県,4507,日向入郷,外来,2045,2045年度（現状投影）,41876.086070396945
R7,45,宮崎県,4507,日向入郷,外来,2050,2050年度（現状投影）,39210.676221980364
R7,46,鹿児島県,4601,鹿児島,在宅（訪問診療）,2024,2024年度,8922.75
R7,46,鹿児島県,4601,鹿児島,在宅（訪問診療）,2030,2030年度（現状投影）,10322.960882185245
R7,46,鹿児島県,4601,鹿児島,在宅（訪問診療）,2035,2035年度（現状投影）,11415.110039340734
R7,46,鹿児島県,4601,鹿児島,在宅（訪問診療）,2040,2040年度（現状投影）,12678.792091862033
R7,46,鹿児島県,4601,鹿児島,在宅（訪問診療）,2045,2045年度（現状投影）,13503.321569593292
R7,46,鹿児島県,4601,鹿児島,在宅（訪問診療）,2050,2050年度（現状投影）,13492.592747046006
R7,46,鹿児島県,4601,鹿児島,外来,2024,2024年度,519621.6666666668
R7,46,鹿児島県,4601,鹿児島,外来,2030,2030年度（現状投影）,515603.51561934216
R7,46,鹿児島県,4601,鹿児島,外来,2035,2035年度（現状投影）,507062.3533168611
R7,46,鹿児島県,4601,鹿児島,外来,2040,2040年度（現状投影）,493345.49101225706
R7,46,鹿児島県,4601,鹿児島,外来,2045,2045年度（現状投影）,476795.74589246843
R7,46,鹿児島県,4601,鹿児島,外来,2050,2050年度（現状投影）,460087.2365514446
R7,46,鹿児島県,4603,南薩,在宅（訪問診療）,2024,2024年度,929.9166666666666
R7,46,鹿児島県,4603,南薩,在宅（訪問診療）,2030,2030年度（現状投影）,900.6892650252679
R7,46,鹿児島県,4603,南薩,在宅（訪問診療）,2035,2035年度（現状投影）,900.8489576760765
R7,46,鹿児島県,4603,南薩,在宅（訪問診療）,2040,2040年度（現状投影）,934.2083361595447
R7,46,鹿児島県,4603,南薩,在宅（訪問診療）,2045,2045年度（現状投影）,949.4318205599685
R7,46,鹿児島県,4603,南薩,在宅（訪問診療）,2050,2050年度（現状投影）,886.8570970981974
R7,46,鹿児島県,4603,南薩,外来,2024,2024年度,88857.4166666667
R7,46,鹿児島県,4603,南薩,外来,2030,2030年度（現状投影）,81271.5057560153
R7,46,鹿児島県,4603,南薩,外来,2035,2035年度（現状投影）,75382.2867115398
R7,46,鹿児島県,4603,南薩,外来,2040,2040年度（現状投影）,68859.38116168873
R7,46,鹿児島県,4603,南薩,外来,2045,2045年度（現状投影）,62133.492077623174
R7,46,鹿児島県,4603,南薩,外来,2050,2050年度（現状投影）,55970.856041886655
R7,46,鹿児島県,4605,川薩,在宅（訪問診療）,2024,2024年度,930.3333333333333
R7,46,鹿児島県,4605,川薩,在宅（訪問診療）,2030,2030年度（現状投影）,940.0288285601017
R7,46,鹿児島県,4605,川薩,在宅（訪問診療）,2035,2035年度（現状投影）,950.6132556388235
R7,46,鹿児島県,4605,川薩,在宅（訪問診療）,2040,2040年度（現状投影）,999.8009205758366
R7,46,鹿児島県,4605,川薩,在宅（訪問診療）,2045,2045年度（現状投影）,1049.9297323101946
R7,46,鹿児島県,4605,川薩,在宅（訪問診療）,2050,2050年度（現状投影）,1026.9757356515534
R7,46,鹿児島県,4605,川薩,外来,2024,2024年度,82898
R7,46,鹿児島県,4605,川薩,外来,2030,2030年度（現状投影）,78465.79152962619
R7,46,鹿児島県,4605,川薩,外来,2035,2035年度（現状投影）,75078.87853370853
R7,46,鹿児島県,4605,川薩,外来,2040,2040年度（現状投影）,71218.84820210136
R7,46,鹿児島県,4605,川薩,外来,2045,2045年度（現状投影）,67060.52706263257
R7,46,鹿児島県,4605,川薩,外来,2050,2050年度（現状投影）,63043.93108241407
R7,46,鹿児島県,4606,出水,在宅（訪問診療）,2024,2024年度,781.4166666666667
R7,46,鹿児島県,4606,出水,在宅（訪問診療）,2030,2030年度（現状投影）,829.6594192591699
R7,46,鹿児島県,4606,出水,在宅（訪問診療）,2035,2035年度（現状投影）,842.5901583173737
R7,46,鹿児島県,4606,出水,在宅（訪問診療）,2040,2040年度（現状投影）,898.3951537951833
R7,46,鹿児島県,4606,出水,在宅（訪問診療）,2045,2045年度（現状投影）,937.2361185991609
R7,46,鹿児島県,4606,出水,在宅（訪問診療）,2050,2050年度（現状投影）,901.3299135985649
R7,46,鹿児島県,4606,出水,外来,2024,2024年度,55720.00000000001
R7,46,鹿児島県,4606,出水,外来,2030,2030年度（現状投影）,52035.358185796955
R7,46,鹿児島県,4606,出水,外来,2035,2035年度（現状投影）,49335.10816678204
R7,46,鹿児島県,4606,出水,外来,2040,2040年度（現状投影）,46396.00886225266
R7,46,鹿児島県,4606,出水,外来,2045,2045年度（現状投影）,43178.36333859326
R7,46,鹿児島県,4606,出水,外来,2050,2050年度（現状投影）,39981.151803783774
R7,46,鹿児島県,4607,姶良・伊佐,在宅（訪問診療）,2024,2024年度,2001.2499999999998
R7,46,鹿児島県,4607,姶良・伊佐,在宅（訪問診療）,2030,2030年度（現状投影）,2166.296301386981
R7,46,鹿児島県,4607,姶良・伊佐,在宅（訪問診療）,2035,2035年度（現状投影）,2325.049293386146
R7,46,鹿児島県,4607,姶良・伊佐,在宅（訪問診療）,2040,2040年度（現状投影）,2560.0297440492586
R7,46,鹿児島県,4607,姶良・伊佐,在宅（訪問診療）,2045,2045年度（現状投影）,2726.1440335759607
R7,46,鹿児島県,4607,姶良・伊佐,在宅（訪問診療）,2050,2050年度（現状投影）,2714.180791807368
R7,46,鹿児島県,4607,姶良・伊佐,外来,2024,2024年度,164336.8333333333
R7,46,鹿児島県,4607,姶良・伊佐,外来,2030,2030年度（現状投影）,159987.50074828914
R7,46,鹿児島県,4607,姶良・伊佐,外来,2035,2035年度（現状投影）,156354.81790382238
R7,46,鹿児島県,4607,姶良・伊佐,外来,2040,2040年度（現状投影）,151349.67840204187
R7,46,鹿児島県,4607,姶良・伊佐,外来,2045,2045年度（現状投影）,145669.5534007881
R7,46,鹿児島県,4607,姶良・伊佐,外来,2050,2050年度（現状投影）,140090.21374234956
R7,46,鹿児島県,4609,曽於,在宅（訪問診療）,2024,2024年度,477.4166666666667
R7,46,鹿児島県,4609,曽於,在宅（訪問診療）,2030,2030年度（現状投影）,482.21592656770594
R7,46,鹿児島県,4609,曽於,在宅（訪問診療）,2035,2035年度（現状投影）,484.60293450366146
R7,46,鹿児島県,4609,曽於,在宅（訪問診療）,2040,2040年度（現状投影）,497.2667354254128
R7,46,鹿児島県,4609,曽於,在宅（訪問診療）,2045,2045年度（現状投影）,512.2491575242408
R7,46,鹿児島県,4609,曽於,在宅（訪問診療）,2050,2050年度（現状投影）,483.8152140255876
R7,46,鹿児島県,4609,曽於,外来,2024,2024年度,34525.33333333333
R7,46,鹿児島県,4609,曽於,外来,2030,2030年度（現状投影）,30778.17128571291
R7,46,鹿児島県,4609,曽於,外来,2035,2035年度（現状投影）,28575.80134351006
R7,46,鹿児島県,4609,曽於,外来,2040,2040年度（現状投影）,26358.278729412275
R7,46,鹿児島県,4609,曽於,外来,2045,2045年度（現状投影）,23985.93156431867
R7,46,鹿児島県,4609,曽於,外来,2050,2050年度（現状投影）,21678.536210136874
R7,46,鹿児島県,4610,肝属,在宅（訪問診療）,2024,2024年度,1731.75
R7,46,鹿児島県,4610,肝属,在宅（訪問診療）,2030,2030年度（現状投影）,1789.3861656180698
R7,46,鹿児島県,4610,肝属,在宅（訪問診療）,2035,2035年度（現状投影）,1820.9733991698208
R7,46,鹿児島県,4610,肝属,在宅（訪問診療）,2040,2040年度（現状投影）,1923.5890068395734
R7,46,鹿児島県,4610,肝属,在宅（訪問診療）,2045,2045年度（現状投影）,2015.590329166336
R7,46,鹿児島県,4610,肝属,在宅（訪問診療）,2050,2050年度（現状投影）,1970.4229762325735
R7,46,鹿児島県,4610,肝属,外来,2024,2024年度,99139.58333333334
R7,46,鹿児島県,4610,肝属,外来,2030,2030年度（現状投影）,92715.46034611926
R7,46,鹿児島県,4610,肝属,外来,2035,2035年度（現状投影）,88465.88734588833
R7,46,鹿児島県,4610,肝属,外来,2040,2040年度（現状投影）,83835.50207339111
R7,46,鹿児島県,4610,肝属,外来,2045,2045年度（現状投影）,78773.56565605167
R7,46,鹿児島県,4610,肝属,外来,2050,2050年度（現状投影）,74008.59893828435
R7,46,鹿児島県,4611,熊毛,在宅（訪問診療）,2024,2024年度,236.49999999999994
R7,46,鹿児島県,4611,熊毛,在宅（訪問診療）,2030,2030年度（現状投影）,254.28073177471185
R7,46,鹿児島県,4611,熊毛,在宅（訪問診療）,2035,2035年度（現状投影）,257.5523781649944
R7,46,鹿児島県,4611,熊毛,在宅（訪問診療）,2040,2040年度（現状投影）,263.0540453250243
R7,46,鹿児島県,4611,熊毛,在宅（訪問診療）,2045,2045年度（現状投影）,269.7316938028843
R7,46,鹿児島県,4611,熊毛,在宅（訪問診療）,2050,2050年度（現状投影）,258.51090741354346
R7,46,鹿児島県,4611,熊毛,外来,2024,2024年度,16888
R7,46,鹿児島県,4611,熊毛,外来,2030,2030年度（現状投影）,15780.214537749343
R7,46,鹿児島県,4611,熊毛,外来,2035,2035年度（現状投影）,14848.979944957768
R7,46,鹿児島県,4611,熊毛,外来,2040,2040年度（現状投影）,13879.125351784132
R7,46,鹿児島県,4611,熊毛,外来,2045,2045年度（現状投影）,12864.927083974811
R7,46,鹿児島県,4611,熊毛,外来,2050,2050年度（現状投影）,11836.091745822829
R7,46,鹿児島県,4612,奄美,在宅（訪問診療）,2024,2024年度,1414.9999999999998
R7,46,鹿児島県,4612,奄美,在宅（訪問診療）,2030,2030年度（現状投影）,1433.6614011839756
R7,46,鹿児島県,4612,奄美,在宅（訪問診療）,2035,2035年度（現状投影）,1478.8574603809132
R7,46,鹿児島県,4612,奄美,在宅（訪問診療）,2040,2040年度（現状投影）,1581.2045351480594
R7,46,鹿児島県,4612,奄美,在宅（訪問診療）,2045,2045年度（現状投影）,1673.265443229339
R7,46,鹿児島県,4612,奄美,在宅（訪問診療）,2050,2050年度（現状投影）,1640.2082388367292
R7,46,鹿児島県,4612,奄美,外来,2024,2024年度,55483.50000000001
R7,46,鹿児島県,4612,奄美,外来,2030,2030年度（現状投影）,51933.837135121576
R7,46,鹿児島県,4612,奄美,外来,2035,2035年度（現状投影）,49608.84578170173
R7,46,鹿児島県,4612,奄美,外来,2040,2040年度（現状投影）,46709.41077487803
R7,46,鹿児島県,4612,奄美,外来,2045,2045年度（現状投影）,43520.24263632262
R7,46,鹿児島県,4612,奄美,外来,2050,2050年度（現状投影）,40400.011450329104
R7,47,沖縄県,4701,北部,在宅（訪問診療）,2024,2024年度,303.8333333333333
R7,47,沖縄県,4701,北部,在宅（訪問診療）,2030,2030年度（現状投影）,329.2343779705977
R7,47,沖縄県,4701,北部,在宅（訪問診療）,2035,2035年度（現状投影）,360.58566104348176
R7,47,沖縄県,4701,北部,在宅（訪問診療）,2040,2040年度（現状投影）,409.3575273409044
R7,47,沖縄県,4701,北部,在宅（訪問診療）,2045,2045年度（現状投影）,459.12967717094904
R7,47,沖縄県,4701,北部,在宅（訪問診療）,2050,2050年度（現状投影）,474.4990373878758
R7,47,沖縄県,4701,北部,外来,2024,2024年度,54241.416666666664
R7,47,沖縄県,4701,北部,外来,2030,2030年度（現状投影）,53688.73338329045
R7,47,沖縄県,4701,北部,外来,2035,2035年度（現状投影）,53783.19913157104
R7,47,沖縄県,4701,北部,外来,2040,2040年度（現状投影）,53222.01133430206
R7,47,沖縄県,4701,北部,外来,2045,2045年度（現状投影）,52060.88858509628
R7,47,沖縄県,4701,北部,外来,2050,2050年度（現状投影）,50582.173457901416
R7,47,沖縄県,4702,中部,在宅（訪問診療）,2024,2024年度,2117.7499999999995
R7,47,沖縄県,4702,中部,在宅（訪問診療）,2030,2030年度（現状投影）,2646.9501629724487
R7,47,沖縄県,4702,中部,在宅（訪問診療）,2035,2035年度（現状投影）,2996.636799760814
R7,47,沖縄県,4702,中部,在宅（訪問診療）,2040,2040年度（現状投影）,3430.0278969059964
R7,47,沖縄県,4702,中部,在宅（訪問診療）,2045,2045年度（現状投影）,3918.0491703828466
R7,47,沖縄県,4702,中部,在宅（訪問診療）,2050,2050年度（現状投影）,4155.981091331886
R7,47,沖縄県,4702,中部,外来,2024,2024年度,254141.41666666672
R7,47,沖縄県,4702,中部,外来,2030,2030年度（現状投影）,264617.7391185009
R7,47,沖縄県,4702,中部,外来,2035,2035年度（現状投影）,271589.2578024241
R7,47,沖縄県,4702,中部,外来,2040,2040年度（現状投影）,276310.04715440556
R7,47,沖縄県,4702,中部,外来,2045,2045年度（現状投影）,278373.2209365987
R7,47,沖縄県,4702,中部,外来,2050,2050年度（現状投影）,278112.52187468286
R7,47,沖縄県,4703,南部,在宅（訪問診療）,2024,2024年度,6247.250000000001
R7,47,沖縄県,4703,南部,在宅（訪問診療）,2030,2030年度（現状投影）,7543.493382343236
R7,47,沖縄県,4703,南部,在宅（訪問診療）,2035,2035年度（現状投影）,8431.299830251051
R7,47,沖縄県,4703,南部,在宅（訪問診療）,2040,2040年度（現状投影）,9475.92504746579
R7,47,沖縄県,4703,南部,在宅（訪問診療）,2045,2045年度（現状投影）,10503.775916141443
R7,47,沖縄県,4703,南部,在宅（訪問診療）,2050,2050年度（現状投影）,10931.03391052225
R7,47,沖縄県,4703,南部,外来,2024,2024年度,476802.5000000001
R7,47,沖縄県,4703,南部,外来,2030,2030年度（現状投影）,485188.44741958706
R7,47,沖縄県,4703,南部,外来,2035,2035年度（現状投影）,491422.7757053377
R7,47,沖縄県,4703,南部,外来,2040,2040年度（現状投影）,494300.4825203141
R7,47,沖縄県,4703,南部,外来,2045,2045年度（現状投影）,493165.087969405
R7,47,沖縄県,4703,南部,外来,2050,2050年度（現状投影）,488854.9278360808
R7,47,沖縄県,4704,宮古,在宅（訪問診療）,2024,2024年度,681.5
R7,47,沖縄県,4704,宮古,在宅（訪問診療）,2030,2030年度（現状投影）,707.8316495676202
R7,47,沖縄県,4704,宮古,在宅（訪問診療）,2035,2035年度（現状投影）,755.848224396457
R7,47,沖縄県,4704,宮古,在宅（訪問診療）,2040,2040年度（現状投影）,847.4899057667833
R7,47,沖縄県,4704,宮古,在宅（訪問診療）,2045,2045年度（現状投影）,945.8662411170274
R7,47,沖縄県,4704,宮古,在宅（訪問診療）,2050,2050年度（現状投影）,975.6207986520901
R7,47,沖縄県,4704,宮古,外来,2024,2024年度,33000.33333333333
R7,47,沖縄県,4704,宮古,外来,2030,2030年度（現状投影）,32629.21593670294
R7,47,沖縄県,4704,宮古,外来,2035,2035年度（現状投影）,32870.22731159023
R7,47,沖縄県,4704,宮古,外来,2040,2040年度（現状投影）,32635.705654716487
R7,47,沖縄県,4704,宮古,外来,2045,2045年度（現状投影）,31975.018128916552
R7,47,沖縄県,4704,宮古,外来,2050,2050年度（現状投影）,31136.95221679523
R7,47,沖縄県,4705,八重山,在宅（訪問診療）,2024,2024年度,331.74999999999994
R7,47,沖縄県,4705,八重山,在宅（訪問診療）,2030,2030年度（現状投影）,368.14587789129826
R7,47,沖縄県,4705,八重山,在宅（訪問診療）,2035,2035年度（現状投影）,409.0083081662635
R7,47,沖縄県,4705,八重山,在宅（訪問診療）,2040,2040年度（現状投影）,468.31749261996794
R7,47,沖縄県,4705,八重山,在宅（訪問診療）,2045,2045年度（現状投影）,524.1129413444017
R7,47,沖縄県,4705,八重山,在宅（訪問診療）,2050,2050年度（現状投影）,546.2401372010662
R7,47,沖縄県,4705,八重山,外来,2024,2024年度,29609.75
R7,47,沖縄県,4705,八重山,外来,2030,2030年度（現状投影）,29411.061858328565
R7,47,沖縄県,4705,八重山,外来,2035,2035年度（現状投影）,29939.131842255694
R7,47,沖縄県,4705,八重山,外来,2040,2040年度（現状投影）,30226.938644285354
R7,47,沖縄県,4705,八重山,外来,2045,2045年度（現状投影）,30108.158890546092
R7,47,沖縄県,4705,八重山,外来,2050,2050年度（現状投影）,29742.017069716076
