published_fy,pref_code,pref_name,area_code,area_name,record_id,source_sheet,source_row,facility_seq,facility_name,municipality
R7,01,北海道,0101,南渡島,R7-0101-14,101北海道南渡島,14,1,市立函館病院,函館市
R7,01,北海道,0101,南渡島,R7-0101-15,101北海道南渡島,15,2,函館中央病院,函館市
R7,01,北海道,0101,南渡島,R7-0101-16,101北海道南渡島,16,3,函館五稜郭病院,函館市
R7,01,北海道,0101,南渡島,R7-0101-17,101北海道南渡島,17,4,共愛会病院,函館市
R7,01,北海道,0101,南渡島,R7-0101-18,101北海道南渡島,18,5,独立行政法人国立病院機構函館医療センター,函館市
R7,01,北海道,0101,南渡島,R7-0101-19,101北海道南渡島,19,6,社会福祉法人北海道社会事業協会函館病院,函館市
R7,01,北海道,0101,南渡島,R7-0101-20,101北海道南渡島,20,7,函館市医師会病院,函館市
R7,01,北海道,0101,南渡島,R7-0101-21,101北海道南渡島,21,8,ななえ新病院,七飯町
R7,01,北海道,0101,南渡島,R7-0101-22,101北海道南渡島,22,9,亀田病院,函館市
R7,01,北海道,0101,南渡島,R7-0101-23,101北海道南渡島,23,10,社会医療法人仁生会西堀病院,函館市
R7,01,北海道,0101,南渡島,R7-0101-24,101北海道南渡島,24,11,医療法人雄心会函館新都市病院,函館市
R7,01,北海道,0101,南渡島,R7-0101-25,101北海道南渡島,25,12,函館赤十字病院,函館市
R7,01,北海道,0101,南渡島,R7-0101-26,101北海道南渡島,26,13,社会医療法人函館脳神経外科　函館脳神経外科病院,函館市
R7,01,北海道,0101,南渡島,R7-0101-27,101北海道南渡島,27,14,函館渡辺病院,函館市
R7,01,北海道,0101,南渡島,R7-0101-28,101北海道南渡島,28,15,社会医療法人高橋病院,函館市
R7,01,北海道,0101,南渡島,R7-0101-29,101北海道南渡島,29,16,医療法人同仁会函館記念病院,函館市
R7,01,北海道,0101,南渡島,R7-0101-30,101北海道南渡島,30,17,社会医療法人道南勤労者医療協会道南勤医協函館稜北病院,函館市
R7,01,北海道,0101,南渡島,R7-0101-31,101北海道南渡島,31,18,木古内町国民健康保険病院,木古内町
R7,01,北海道,0101,南渡島,R7-0101-32,101北海道南渡島,32,19,医療法人聖仁会森病院,函館市
R7,01,北海道,0101,南渡島,R7-0101-33,101北海道南渡島,33,20,医療法人雄心会新都市砂原病院,森町
R7,01,北海道,0101,南渡島,R7-0101-34,101北海道南渡島,34,21,特定医療法人富田病院,函館市
R7,01,北海道,0101,南渡島,R7-0101-35,101北海道南渡島,35,22,花園記念病院,函館市
R7,01,北海道,0101,南渡島,R7-0101-36,101北海道南渡島,36,23,市立函館恵山病院,函館市
R7,01,北海道,0101,南渡島,R7-0101-37,101北海道南渡島,37,24,松前町立松前病院,松前町
R7,01,北海道,0101,南渡島,R7-0101-38,101北海道南渡島,38,25,森町国民健康保険病院,森町
R7,01,北海道,0101,南渡島,R7-0101-39,101北海道南渡島,39,26,市立函館南茅部病院,函館市
R7,01,北海道,0101,南渡島,R7-0101-40,101北海道南渡島,40,27,医療法人社団健和会函館おおむら整形外科病院,函館市
R7,01,北海道,0101,南渡島,R7-0101-41,101北海道南渡島,41,28,江口眼科病院,函館市
R7,01,北海道,0101,南渡島,R7-0101-42,101北海道南渡島,42,29,医療法人社団玄心会吉田眼科病院,函館市
R7,01,北海道,0101,南渡島,R7-0101-43,101北海道南渡島,43,30,医療法人社団立青会なるかわ病院,七飯町
R7,01,北海道,0101,南渡島,R7-0101-44,101北海道南渡島,44,31,医療法人敬仁会函館おしま病院,函館市
R7,01,北海道,0101,南渡島,R7-0101-45,101北海道南渡島,45,32,医療法人社団陵仁会えんどう桔梗マタニティクリニック,函館市
R7,01,北海道,0101,南渡島,R7-0101-46,101北海道南渡島,46,33,医療法人社団山樹会平山医院,函館市
R7,01,北海道,0101,南渡島,R7-0101-47,101北海道南渡島,47,34,平田泌尿器科,函館市
R7,01,北海道,0101,南渡島,R7-0101-48,101北海道南渡島,48,35,医療法人秀真会藤岡眼科,函館市
R7,01,北海道,0101,南渡島,R7-0101-49,101北海道南渡島,49,36,ひでしま内科クリニック,函館市
R7,01,北海道,0101,南渡島,R7-0101-50,101北海道南渡島,50,37,医療法人悠康会函館整形外科クリニック,函館市
R7,01,北海道,0101,南渡島,R7-0101-51,101北海道南渡島,51,38,中島内科循環器科メンタルクリニック,函館市
R7,01,北海道,0101,南渡島,R7-0101-52,101北海道南渡島,52,39,町立江良診療所,松前町
R7,01,北海道,0101,南渡島,R7-0101-53,101北海道南渡島,53,40,渡島リハビリテーションセンター診療所,鹿部町
R7,01,北海道,0101,南渡島,R7-0101-54,101北海道南渡島,54,41,医療法人社団向整形外科クリニック,森町
R7,01,北海道,0101,南渡島,R7-0101-55,101北海道南渡島,55,42,医療法人社団明誠会こじま産婦人科,函館市
R7,01,北海道,0101,南渡島,R7-0101-56,101北海道南渡島,56,43,深瀬医院,函館市
R7,01,北海道,0101,南渡島,R7-0101-57,101北海道南渡島,57,44,函館泌尿器科,函館市
R7,01,北海道,0101,南渡島,R7-0101-58,101北海道南渡島,58,45,秋山ウィメンズ・ＡＲＴクリニック,函館市
R7,01,北海道,0101,南渡島,R7-0101-59,101北海道南渡島,59,46,医療法人社団花園眼科医院,函館市
R7,01,北海道,0101,南渡島,R7-0101-60,101北海道南渡島,60,47,三浦レディースクリニック,函館市
R7,01,北海道,0101,南渡島,R7-0101-61,101北海道南渡島,61,48,医療法人社団産科婦人科白鳥クリニック,函館市
R7,01,北海道,0101,南渡島,R7-0101-62,101北海道南渡島,62,49,湯の川女性クリニック,函館市
R7,01,北海道,0101,南渡島,R7-0101-63,101北海道南渡島,63,50,医療法人正衛会しいき循環器科内科医院,北斗市
R7,01,北海道,0102,南檜山,R7-0102-14,102北海道南檜山,14,1,北海道立江差病院,江差町
R7,01,北海道,0102,南檜山,R7-0102-15,102北海道南檜山,15,2,厚沢部町国民健康保険病院,厚沢部町
R7,01,北海道,0102,南檜山,R7-0102-16,102北海道南檜山,16,3,乙部町国民健康保険病院,乙部町
R7,01,北海道,0102,南檜山,R7-0102-17,102北海道南檜山,17,4,医療法人社団恵愛会佐々木病院,江差町
R7,01,北海道,0102,南檜山,R7-0102-18,102北海道南檜山,18,5,奥尻町国民健康保険病院,奥尻町
R7,01,北海道,0102,南檜山,R7-0102-19,102北海道南檜山,19,6,町立上ノ国診療所,上ノ国町
R7,01,北海道,0102,南檜山,R7-0102-20,102北海道南檜山,20,7,医療法人雄心会江差脳神経外科クリニック,江差町
R7,01,北海道,0103,北渡島檜山,R7-0103-14,103北海道北渡島檜山,14,1,八雲総合病院,八雲町
R7,01,北海道,0103,北渡島檜山,R7-0103-15,103北海道北渡島檜山,15,2,医療法人財団明理会道南ロイヤル病院,せたな町
R7,01,北海道,0103,北渡島檜山,R7-0103-16,103北海道北渡島檜山,16,3,八雲町熊石国民健康保険病院,八雲町
R7,01,北海道,0103,北渡島檜山,R7-0103-17,103北海道北渡島檜山,17,4,長万部町立病院,長万部町
R7,01,北海道,0103,北渡島檜山,R7-0103-18,103北海道北渡島檜山,18,5,せたな町立国保病院,せたな町
R7,01,北海道,0103,北渡島檜山,R7-0103-19,103北海道北渡島檜山,19,6,今金町国保病院,今金町
R7,01,北海道,0104,札幌,R7-0104-14,104北海道札幌,14,1,北海道大学病院,札幌市北区
R7,01,北海道,0104,札幌,R7-0104-15,104北海道札幌,15,2,札幌医科大学附属病院,札幌市中央区
R7,01,北海道,0104,札幌,R7-0104-16,104北海道札幌,16,3,手稲渓仁会病院,札幌市手稲区
R7,01,北海道,0104,札幌,R7-0104-17,104北海道札幌,17,4,市立札幌病院,札幌市中央区
R7,01,北海道,0104,札幌,R7-0104-18,104北海道札幌,18,5,札幌西円山病院,札幌市中央区
R7,01,北海道,0104,札幌,R7-0104-19,104北海道札幌,19,6,独立行政法人国立病院機構 北海道医療センター,札幌市西区
R7,01,北海道,0104,札幌,R7-0104-20,104北海道札幌,20,7,ＪＡ北海道厚生連札幌厚生病院,札幌市中央区
R7,01,北海道,0104,札幌,R7-0104-21,104北海道札幌,21,8,社会医療法人 医仁会 中村記念病院,札幌市中央区
R7,01,北海道,0104,札幌,R7-0104-22,104北海道札幌,22,9,医療法人愛全病院,札幌市南区
R7,01,北海道,0104,札幌,R7-0104-23,104北海道札幌,23,10,勤医協中央病院,札幌市東区
R7,01,北海道,0104,札幌,R7-0104-24,104北海道札幌,24,11,独立行政法人国立病院機構北海道がんセンター,札幌市白石区
R7,01,北海道,0104,札幌,R7-0104-25,104北海道札幌,25,12,ＫＫＲ札幌医療センター,札幌市豊平区
R7,01,北海道,0104,札幌,R7-0104-26,104北海道札幌,26,13,医療法人中山会 新札幌パウロ病院,札幌市厚別区
R7,01,北海道,0104,札幌,R7-0104-27,104北海道札幌,27,14,医療法人札幌宮の沢病院,札幌市手稲区
R7,01,北海道,0104,札幌,R7-0104-28,104北海道札幌,28,15,医療法人札幌緑誠病院,札幌市手稲区
R7,01,北海道,0104,札幌,R7-0104-29,104北海道札幌,29,16,医療法人福和会 札幌立花病院,札幌市手稲区
R7,01,北海道,0104,札幌,R7-0104-30,104北海道札幌,30,17,医療法人徳洲会 札幌東徳洲会病院,札幌市東区
R7,01,北海道,0104,札幌,R7-0104-31,104北海道札幌,31,18,札幌田中病院,札幌市手稲区
R7,01,北海道,0104,札幌,R7-0104-32,104北海道札幌,32,19,カレス記念病院,札幌市東区
R7,01,北海道,0104,札幌,R7-0104-33,104北海道札幌,33,20,ＪＲ札幌病院,札幌市中央区
R7,01,北海道,0104,札幌,R7-0104-34,104北海道札幌,34,21,独立行政法人地域医療機能推進機構北海道病院,札幌市豊平区
R7,01,北海道,0104,札幌,R7-0104-35,104北海道札幌,35,22,医療法人徳洲会 札幌徳洲会病院,札幌市厚別区
R7,01,北海道,0104,札幌,R7-0104-36,104北海道札幌,36,23,ＮＴＴ東日本札幌病院,札幌市中央区
R7,01,北海道,0104,札幌,R7-0104-37,104北海道札幌,37,24,医療法人札幌山の上病院,札幌市西区
R7,01,北海道,0104,札幌,R7-0104-38,104北海道札幌,38,25,医療法人晴生会　晴生会さっぽろ病院,札幌市南区
R7,01,北海道,0104,札幌,R7-0104-39,104北海道札幌,39,26,国家公務員共済組合連合会 斗南病院,札幌市中央区
R7,01,北海道,0104,札幌,R7-0104-40,104北海道札幌,40,27,社会医療法人北楡会 札幌北楡病院,札幌市白石区
R7,01,北海道,0104,札幌,R7-0104-41,104北海道札幌,41,28,定山渓病院,札幌市南区
R7,01,北海道,0104,札幌,R7-0104-42,104北海道札幌,42,29,医療法人尚仁会 真栄病院,札幌市清田区
R7,01,北海道,0104,札幌,R7-0104-43,104北海道札幌,43,30,社会医療法人孝仁会　札幌孝仁会記念病院,札幌市西区
R7,01,北海道,0104,札幌,R7-0104-44,104北海道札幌,44,31,独立行政法人地域医療機能推進機構札幌北辰病院,札幌市厚別区
R7,01,北海道,0104,札幌,R7-0104-45,104北海道札幌,45,32,医療法人社団北樹会病院,札幌市豊平区
R7,01,北海道,0104,札幌,R7-0104-46,104北海道札幌,46,33,江別市立病院,江別市
R7,01,北海道,0104,札幌,R7-0104-47,104北海道札幌,47,34,社会医療法人禎心会 札幌禎心会病院,札幌市東区
R7,01,北海道,0104,札幌,R7-0104-48,104北海道札幌,48,35,社会医療法人康和会 札幌しらかば台病院,札幌市豊平区
R7,01,北海道,0104,札幌,R7-0104-49,104北海道札幌,49,36,天使病院,札幌市東区
R7,01,北海道,0104,札幌,R7-0104-50,104北海道札幌,50,37,医療法人社団明日佳 札幌明日佳病院,札幌市中央区
R7,01,北海道,0104,札幌,R7-0104-51,104北海道札幌,51,38,医療法人東札幌病院,札幌市白石区
R7,01,北海道,0104,札幌,R7-0104-52,104北海道札幌,52,39,医療法人社団恵和会 宮の森病院,札幌市中央区
R7,01,北海道,0104,札幌,R7-0104-53,104北海道札幌,53,40,医療法人社団豊武会 幌東病院,札幌市白石区
R7,01,北海道,0104,札幌,R7-0104-54,104北海道札幌,54,41,北海道整形外科記念病院,札幌市豊平区
R7,01,北海道,0104,札幌,R7-0104-55,104北海道札幌,55,42,医療法人札幌平岡病院,札幌市清田区
R7,01,北海道,0104,札幌,R7-0104-56,104北海道札幌,56,43,社会医療法人康和会 札幌しらかば台篠路病院,札幌市北区
R7,01,北海道,0104,札幌,R7-0104-57,104北海道札幌,57,44,恵庭第一病院,恵庭市
R7,01,北海道,0104,札幌,R7-0104-58,104北海道札幌,58,45,社会医療法人恵佑会札幌病院,札幌市白石区
R7,01,北海道,0104,札幌,R7-0104-59,104北海道札幌,59,46,社会医療法人社団三草会 クラーク病院,札幌市東区
R7,01,北海道,0104,札幌,R7-0104-60,104北海道札幌,60,47,医療法人社団 札幌百合の会病院,札幌市北区
R7,01,北海道,0104,札幌,R7-0104-61,104北海道札幌,61,48,医療法人社団明日佳 白石明日佳病院,札幌市白石区
R7,01,北海道,0104,札幌,R7-0104-62,104北海道札幌,62,49,医療法人社団西の里恵仁会病院,北広島市
R7,01,北海道,0104,札幌,R7-0104-63,104北海道札幌,63,50,北海道立子ども総合医療・療育センター,札幌市手稲区
R7,01,北海道,0104,札幌,R7-0104-64,104北海道札幌,64,51,医療法人　札幌東和病院,札幌市東区
R7,01,北海道,0104,札幌,R7-0104-65,104北海道札幌,65,52,医療法人渓和会江別病院,江別市
R7,01,北海道,0104,札幌,R7-0104-66,104北海道札幌,66,53,社会医療法人北晨会恵み野病院,恵庭市
R7,01,北海道,0104,札幌,R7-0104-67,104北海道札幌,67,54,医療法人社団　静和会　静和記念病院,札幌市西区
R7,01,北海道,0104,札幌,R7-0104-68,104北海道札幌,68,55,社会医療法人豊生会　東苗穂病院,札幌市東区
R7,01,北海道,0104,札幌,R7-0104-69,104北海道札幌,69,56,市立千歳市民病院,千歳市
R7,01,北海道,0104,札幌,R7-0104-70,104北海道札幌,70,57,医療法人為久会 札幌共立五輪橋病院,札幌市南区
R7,01,北海道,0104,札幌,R7-0104-71,104北海道札幌,71,58,医療法人　讃生会　北野病院,札幌市清田区
R7,01,北海道,0104,札幌,R7-0104-72,104北海道札幌,72,59,医療福祉センター札幌あゆみの園,札幌市白石区
R7,01,北海道,0104,札幌,R7-0104-73,104北海道札幌,73,60,交雄会新さっぽろ病院,札幌市厚別区
R7,01,北海道,0104,札幌,R7-0104-74,104北海道札幌,74,61,医療法人社団 明生会 イムス札幌消化器中央総合病院,札幌市西区
R7,01,北海道,0104,札幌,R7-0104-75,104北海道札幌,75,62,医療法人社団エス・エス・ジェイ 札幌整形循環器病院,札幌市清田区
R7,01,北海道,0104,札幌,R7-0104-76,104北海道札幌,76,63,札幌中央病院,札幌市中央区
R7,01,北海道,0104,札幌,R7-0104-77,104北海道札幌,77,64,北海道内科リウマチ科病院,札幌市西区
R7,01,北海道,0104,札幌,R7-0104-78,104北海道札幌,78,65,医療法人喬成会花川病院,石狩市
R7,01,北海道,0104,札幌,R7-0104-79,104北海道札幌,79,66,医療法人彰和会 北海道消化器科病院,札幌市東区
R7,01,北海道,0104,札幌,R7-0104-80,104北海道札幌,80,67,社会医療法人　医仁会 中村記念南病院,札幌市南区
R7,01,北海道,0104,札幌,R7-0104-81,104北海道札幌,81,68,自衛隊札幌病院,札幌市南区
R7,01,北海道,0104,札幌,R7-0104-82,104北海道札幌,82,69,社会医療法人柏葉会　札幌柏葉会病院,札幌市豊平区
R7,01,北海道,0104,札幌,R7-0104-83,104北海道札幌,83,70,医療法人北志会 札幌ライラック病院,札幌市豊平区
R7,01,北海道,0104,札幌,R7-0104-84,104北海道札幌,84,71,一般財団法人 札幌同交会病院,札幌市中央区
R7,01,北海道,0104,札幌,R7-0104-85,104北海道札幌,85,72,医療法人菊郷会 愛育病院,札幌市中央区
R7,01,北海道,0104,札幌,R7-0104-86,104北海道札幌,86,73,社会医療法人 札幌清田整形外科病院,札幌市清田区
R7,01,北海道,0104,札幌,R7-0104-87,104北海道札幌,87,74,医療法人社団藤花会江別谷藤病院,江別市
R7,01,北海道,0104,札幌,R7-0104-88,104北海道札幌,88,75,医療法人社団札幌道都病院,札幌市東区
R7,01,北海道,0104,札幌,R7-0104-89,104北海道札幌,89,76,札幌渓仁会リハビリテーション病院,札幌市中央区
R7,01,北海道,0104,札幌,R7-0104-90,104北海道札幌,90,77,医療法人菊郷会 札幌センチュリー病院,札幌市白石区
R7,01,北海道,0104,札幌,R7-0104-91,104北海道札幌,91,78,医療法人社団明生会 イムス札幌リハビリテーション病院,札幌市手稲区
R7,01,北海道,0104,札幌,R7-0104-92,104北海道札幌,92,79,医療法人社団我汝会えにわ病院,恵庭市
R7,01,北海道,0104,札幌,R7-0104-93,104北海道札幌,93,80,医療法人社団恵庭南病院,恵庭市
R7,01,北海道,0104,札幌,R7-0104-94,104北海道札幌,94,81,札幌南一条病院,札幌市中央区
R7,01,北海道,0104,札幌,R7-0104-95,104北海道札幌,95,82,医療法人社団翔仁会輪厚三愛病院,北広島市
R7,01,北海道,0104,札幌,R7-0104-96,104北海道札幌,96,83,医療法人 札幌麻生脳神経外科病院,札幌市東区
R7,01,北海道,0104,札幌,R7-0104-97,104北海道札幌,97,84,勤医協札幌西区病院,札幌市西区
R7,01,北海道,0104,札幌,R7-0104-98,104北海道札幌,98,85,社会医療法人貞仁会　新札幌ひばりが丘病院,札幌市厚別区
R7,01,北海道,0104,札幌,R7-0104-99,104北海道札幌,99,86,医療法人秀友会 札幌秀友会病院,札幌市手稲区
R7,01,北海道,0104,札幌,R7-0104-100,104北海道札幌,100,87,社会医療法人孝仁会 札幌第一病院,札幌市西区
R7,01,北海道,0104,札幌,R7-0104-101,104北海道札幌,101,88,医療法人豊和会 新札幌豊和会病院,札幌市厚別区
R7,01,北海道,0104,札幌,R7-0104-102,104北海道札幌,102,89,医療法人社団いずみ会北星病院,千歳市
R7,01,北海道,0104,札幌,R7-0104-103,104北海道札幌,103,90,社会医療法人即仁会北広島病院,北広島市
R7,01,北海道,0104,札幌,R7-0104-104,104北海道札幌,104,91,社会医療法人延山会 北成病院,札幌市北区
R7,01,北海道,0104,札幌,R7-0104-105,104北海道札幌,105,92,慈啓会病院,札幌市中央区
R7,01,北海道,0104,札幌,R7-0104-106,104北海道札幌,106,93,社会医療法人恵佑会第２病院,札幌市白石区
R7,01,北海道,0104,札幌,R7-0104-107,104北海道札幌,107,94,新さっぽろ脳神経外科病院,札幌市厚別区
R7,01,北海道,0104,札幌,R7-0104-108,104北海道札幌,108,95,医療法人社団 土田病院,札幌市中央区
R7,01,北海道,0104,札幌,R7-0104-109,104北海道札幌,109,96,医療法人社団翔嶺館 札幌優翔館病院,札幌市北区
R7,01,北海道,0104,札幌,R7-0104-110,104北海道札幌,110,97,医療法人社団 研仁会 北海道脳神経外科記念病院,札幌市西区
R7,01,北海道,0104,札幌,R7-0104-111,104北海道札幌,111,98,医療法人社団豊友会千歳豊友会病院,千歳市
R7,01,北海道,0104,札幌,R7-0104-112,104北海道札幌,112,99,医療法人三和会 札幌南整形外科病院,札幌市南区
R7,01,北海道,0104,札幌,R7-0104-113,104北海道札幌,113,100,医療法人社団静和会 平和リハビリテーション病院,札幌市西区
R7,01,北海道,0104,札幌,R7-0104-114,104北海道札幌,114,101,医療法人知仁会 八木整形外科病院,札幌市西区
R7,01,北海道,0104,札幌,R7-0104-115,104北海道札幌,115,102,医療法人北武会 美しが丘病院,札幌市清田区
R7,01,北海道,0104,札幌,R7-0104-116,104北海道札幌,116,103,医療法人社団恵愛会茨戸病院,石狩市
R7,01,北海道,0104,札幌,R7-0104-117,104北海道札幌,117,104,医療法人社団北裕会 札幌記念病院,札幌市西区
R7,01,北海道,0104,札幌,R7-0104-118,104北海道札幌,118,105,医療法人北武会 北都病院,札幌市手稲区
R7,01,北海道,0104,札幌,R7-0104-119,104北海道札幌,119,106,社会医療法人朋仁会　整形外科北新病院,札幌市東区
R7,01,北海道,0104,札幌,R7-0104-120,104北海道札幌,120,107,医療法人札幌円山整形外科病院,札幌市中央区
R7,01,北海道,0104,札幌,R7-0104-121,104北海道札幌,121,108,医療法人讃生会 宮の森記念病院,札幌市中央区
R7,01,北海道,0104,札幌,R7-0104-122,104北海道札幌,122,109,石狩病院,石狩市
R7,01,北海道,0104,札幌,R7-0104-123,104北海道札幌,123,110,社会医療法人 アルデバラン 手稲いなづみ病院,札幌市手稲区
R7,01,北海道,0104,札幌,R7-0104-124,104北海道札幌,124,111,社会医療法人延山会 西成病院,札幌市手稲区
R7,01,北海道,0104,札幌,R7-0104-125,104北海道札幌,125,112,社会医療法人 札幌清田病院,札幌市清田区
R7,01,北海道,0104,札幌,R7-0104-126,104北海道札幌,126,113,医療法人　聖愛会　発寒リハビリテーション病院,札幌市西区
R7,01,北海道,0104,札幌,R7-0104-127,104北海道札幌,127,114,札幌心臓血管クリニック,札幌市東区
R7,01,北海道,0104,札幌,R7-0104-128,104北海道札幌,128,115,医療法人菊郷会 石橋胃腸病院,札幌市白石区
R7,01,北海道,0104,札幌,R7-0104-129,104北海道札幌,129,116,北海道脳神経内科病院,札幌市西区
R7,01,北海道,0104,札幌,R7-0104-130,104北海道札幌,130,117,札幌白石記念病院,札幌市白石区
R7,01,北海道,0104,札幌,R7-0104-131,104北海道札幌,131,118,医療法人同仁会 札幌南病院,札幌市南区
R7,01,北海道,0104,札幌,R7-0104-132,104北海道札幌,132,119,医療法人徳洲会　札幌外科記念病院,札幌市中央区
R7,01,北海道,0104,札幌,R7-0104-133,104北海道札幌,133,120,札幌南三条病院,札幌市中央区
R7,01,北海道,0104,札幌,R7-0104-134,104北海道札幌,134,121,社会医療法人三樹会  三樹会泌尿器科病院,札幌市白石区
R7,01,北海道,0104,札幌,R7-0104-135,104北海道札幌,135,122,医療法人讃生会　月寒あい病院,札幌市豊平区
R7,01,北海道,0104,札幌,R7-0104-136,104北海道札幌,136,123,医療法人社団明日佳　宮の沢明日佳病院,札幌市西区
R7,01,北海道,0104,札幌,R7-0104-137,104北海道札幌,137,124,医療法人社団明日佳 桜台明日佳病院,札幌市厚別区
R7,01,北海道,0104,札幌,R7-0104-138,104北海道札幌,138,125,新札幌循環器病院,札幌市厚別区
R7,01,北海道,0104,札幌,R7-0104-139,104北海道札幌,139,126,勇気会医療法人 北央病院,札幌市厚別区
R7,01,北海道,0104,札幌,R7-0104-140,104北海道札幌,140,127,社会医療法人蘭友会 札幌里塚病院,札幌市清田区
R7,01,北海道,0104,札幌,R7-0104-141,104北海道札幌,141,128,西岡病院,札幌市豊平区
R7,01,北海道,0104,札幌,R7-0104-142,104北海道札幌,142,129,社会医療法人北海道循環器病院,札幌市中央区
R7,01,北海道,0104,札幌,R7-0104-143,104北海道札幌,143,130,医療法人社団 北札幌病院,札幌市北区
R7,01,北海道,0104,札幌,R7-0104-144,104北海道札幌,144,131,医療法人 五輪橋整形外科病院,札幌市南区
R7,01,北海道,0104,札幌,R7-0104-145,104北海道札幌,145,132,医療法人資生会創成東病院,札幌市中央区
R7,01,北海道,0104,札幌,R7-0104-146,104北海道札幌,146,133,医療法人社団清和会 南札幌病院,札幌市中央区
R7,01,北海道,0104,札幌,R7-0104-147,104北海道札幌,147,134,社会福祉法人ノテ福祉会　日本医療大学病院,札幌市豊平区
R7,01,北海道,0104,札幌,R7-0104-148,104北海道札幌,148,135,札幌循環器病院,札幌市中央区
R7,01,北海道,0104,札幌,R7-0104-149,104北海道札幌,149,136,医療法人藻友会 札幌いしやま病院,札幌市中央区
R7,01,北海道,0104,札幌,R7-0104-150,104北海道札幌,150,137,医療法人 新川新道整形外科病院,札幌市北区
R7,01,北海道,0104,札幌,R7-0104-151,104北海道札幌,151,138,医療法人信佑会 吉田記念病院,札幌市白石区
R7,01,北海道,0104,札幌,R7-0104-152,104北海道札幌,152,139,医療法人徳洲会 札幌真駒内病院,札幌市南区
R7,01,北海道,0104,札幌,R7-0104-153,104北海道札幌,153,140,医療法人社団 我汝会 さっぽろ病院,札幌市東区
R7,01,北海道,0104,札幌,R7-0104-154,104北海道札幌,154,141,医療法人徳洲会　札幌南徳洲会病院,札幌市清田区
R7,01,北海道,0104,札幌,R7-0104-155,104北海道札幌,155,142,医療法人 新札幌整形外科病院,札幌市厚別区
R7,01,北海道,0104,札幌,R7-0104-156,104北海道札幌,156,143,医療法人社団銀杏会さっぽろ銀杏会記念病院,札幌市中央区
R7,01,北海道,0104,札幌,R7-0104-157,104北海道札幌,157,144,特定医療法人平成会　平成会病院,札幌市中央区
R7,01,北海道,0104,札幌,R7-0104-158,104北海道札幌,158,145,医療法人同仁会千歳第一病院,千歳市
R7,01,北海道,0104,札幌,R7-0104-159,104北海道札幌,159,146,医療法人社団いとう整形外科病院,札幌市中央区
R7,01,北海道,0104,札幌,R7-0104-160,104北海道札幌,160,147,医療法人セレス さっぽろ神経内科病院,札幌市東区
R7,01,北海道,0104,札幌,R7-0104-161,104北海道札幌,161,148,仁楡会札幌病院,札幌市豊平区
R7,01,北海道,0104,札幌,R7-0104-162,104北海道札幌,162,149,長生会病院,札幌市北区
R7,01,北海道,0104,札幌,R7-0104-163,104北海道札幌,163,150,勤医協札幌病院,札幌市白石区
R7,01,北海道,0104,札幌,R7-0104-164,104北海道札幌,164,151,医療法人友愛会友愛記念病院,江別市
R7,01,北海道,0104,札幌,R7-0104-165,104北海道札幌,165,152,社会医療法人社団愛心館 愛心メモリアル病院,札幌市東区
R7,01,北海道,0104,札幌,R7-0104-166,104北海道札幌,166,153,医療法人社団翔嶺館 新札幌聖陵ホスピタル,札幌市厚別区
R7,01,北海道,0104,札幌,R7-0104-167,104北海道札幌,167,154,医療法人英生会野幌病院,江別市
R7,01,北海道,0104,札幌,R7-0104-168,104北海道札幌,168,155,医療法人桑園中央病院,札幌市中央区
R7,01,北海道,0104,札幌,R7-0104-169,104北海道札幌,169,156,医療法人社団悠仁会 羊ヶ丘病院,札幌市厚別区
R7,01,北海道,0104,札幌,R7-0104-170,104北海道札幌,170,157,医療法人　育愛会 札幌東豊病院,札幌市東区
R7,01,北海道,0104,札幌,R7-0104-171,104北海道札幌,171,158,医療法人萬田記念病院,札幌市中央区
R7,01,北海道,0104,札幌,R7-0104-172,104北海道札幌,172,159,医療法人社団 太黒胃腸内科病院,札幌市北区
R7,01,北海道,0104,札幌,R7-0104-173,104北海道札幌,173,160,松田整形外科記念病院,札幌市北区
R7,01,北海道,0104,札幌,R7-0104-174,104北海道札幌,174,161,社会医療法人 仁陽会 西岡第一病院,札幌市豊平区
R7,01,北海道,0104,札幌,R7-0104-175,104北海道札幌,175,162,医療法人社団深仁会 ふかざわ病院,札幌市西区
R7,01,北海道,0104,札幌,R7-0104-176,104北海道札幌,176,163,医療法人同仁会向陽台病院,千歳市
R7,01,北海道,0104,札幌,R7-0104-177,104北海道札幌,177,164,医療法人社団哲栄会順天病院,北広島市
R7,01,北海道,0104,札幌,R7-0104-178,104北海道札幌,178,165,社会医療法人　北腎会　坂泌尿器科病院,札幌市西区
R7,01,北海道,0104,札幌,R7-0104-179,104北海道札幌,179,166,医療法人美脳 札幌美しが丘脳神経外科病院,札幌市清田区
R7,01,北海道,0104,札幌,R7-0104-180,104北海道札幌,180,167,社会医療法人憲仁会　牧田病院,札幌市北区
R7,01,北海道,0104,札幌,R7-0104-181,104北海道札幌,181,168,華岡青洲記念病院,札幌市豊平区
R7,01,北海道,0104,札幌,R7-0104-182,104北海道札幌,182,169,医療法人 西さっぽろ病院,札幌市西区
R7,01,北海道,0104,札幌,R7-0104-183,104北海道札幌,183,170,医療法人社団英仁会 札苗病院,札幌市東区
R7,01,北海道,0104,札幌,R7-0104-184,104北海道札幌,184,171,医療法人 麻生整形外科病院,札幌市北区
R7,01,北海道,0104,札幌,R7-0104-185,104北海道札幌,185,172,社会医療法人秀眸会 大塚眼科病院,札幌市北区
R7,01,北海道,0104,札幌,R7-0104-186,104北海道札幌,186,173,医療法人杏医会 札幌呼吸器科病院,札幌市白石区
R7,01,北海道,0104,札幌,R7-0104-187,104北海道札幌,187,174,医療法人社団　履信会　りしん会整形外科病院,札幌市豊平区
R7,01,北海道,0104,札幌,R7-0104-188,104北海道札幌,188,175,医療法人重仁会 大谷地病院,札幌市厚別区
R7,01,北海道,0104,札幌,R7-0104-189,104北海道札幌,189,176,社会医療法人柏葉会　脳神経内科かしわば病院,札幌市豊平区
R7,01,北海道,0104,札幌,R7-0104-190,104北海道札幌,190,177,医療法人社団豊志会 肛門科なかやま病院,札幌市厚別区
R7,01,北海道,0104,札幌,R7-0104-191,104北海道札幌,191,178,社会医療法人 アルデバラン さっぽろ二十四軒病院,札幌市西区
R7,01,北海道,0104,札幌,R7-0104-192,104北海道札幌,192,179,医療法人徹仁会 厚別耳鼻咽喉科病院,札幌市厚別区
R7,01,北海道,0104,札幌,R7-0104-193,104北海道札幌,193,180,医療法人社団尾形病院,恵庭市
R7,01,北海道,0104,札幌,R7-0104-194,104北海道札幌,194,181,医療法人勉仁会 中垣病院,札幌市手稲区
R7,01,北海道,0104,札幌,R7-0104-195,104北海道札幌,195,182,医療法人社団明珠会 札幌白石産科婦人科病院,札幌市白石区
R7,01,北海道,0104,札幌,R7-0104-196,104北海道札幌,196,183,医療法人社団心和会 心和病院,札幌市中央区
R7,01,北海道,0104,札幌,R7-0104-197,104北海道札幌,197,184,北海道泌尿器科記念病院,札幌市東区
R7,01,北海道,0104,札幌,R7-0104-198,104北海道札幌,198,185,社会医療法人 耳鼻咽喉科麻生病院,札幌市東区
R7,01,北海道,0104,札幌,R7-0104-199,104北海道札幌,199,186,石狩幸惺会病院,石狩市
R7,01,北海道,0104,札幌,R7-0104-200,104北海道札幌,200,187,医療法人社団正心会 岡本病院,札幌市中央区
R7,01,北海道,0104,札幌,R7-0104-201,104北海道札幌,201,188,医療法人社団康仁会 中田泌尿器科病院,札幌市西区
R7,01,北海道,0104,札幌,R7-0104-202,104北海道札幌,202,189,医療法人社団 荒木病院,札幌市北区
R7,01,北海道,0104,札幌,R7-0104-203,104北海道札幌,203,190,北海道医療大学病院,札幌市北区
R7,01,北海道,0104,札幌,R7-0104-204,104北海道札幌,204,191,札幌ハートクリニック,札幌市東区
R7,01,北海道,0104,札幌,R7-0104-205,104北海道札幌,205,192,札幌乳腺外科クリニック,札幌市中央区
R7,01,北海道,0104,札幌,R7-0104-206,104北海道札幌,206,193,桑園整形外科,札幌市中央区
R7,01,北海道,0104,札幌,R7-0104-207,104北海道札幌,207,194,医療法人社団 中野整形外科医院,札幌市中央区
R7,01,北海道,0104,札幌,R7-0104-208,104北海道札幌,208,195,医療法人社団 産婦人科吉尾医院,札幌市中央区
R7,01,北海道,0104,札幌,R7-0104-209,104北海道札幌,209,196,医療法人社団清俊会 やまむらクリニック,札幌市中央区
R7,01,北海道,0104,札幌,R7-0104-210,104北海道札幌,210,197,医療法人社団 廣仁会 豊水総合メディカルクリニック,札幌市中央区
R7,01,北海道,0104,札幌,R7-0104-211,104北海道札幌,211,198,医療法人社団遼風会　札幌いがらし人工関節クリニック,札幌市北区
R7,01,北海道,0104,札幌,R7-0104-212,104北海道札幌,212,199,医療法人社団北匠会　札幌北脳神経外科,札幌市北区
R7,01,北海道,0104,札幌,R7-0104-213,104北海道札幌,213,200,医療法人社団 萌水会 ＭＯＥ内科循環器クリニック,札幌市北区
R7,01,北海道,0104,札幌,R7-0104-214,104北海道札幌,214,201,医療法人社団 北つむぎ会 さっぽろ麻生乳腺甲状腺クリニック,札幌市北区
R7,01,北海道,0104,札幌,R7-0104-215,104北海道札幌,215,202,医療法人社団朋佑会 札幌産科婦人科,札幌市北区
R7,01,北海道,0104,札幌,R7-0104-216,104北海道札幌,216,203,医療法人社団眞明会 今医院,札幌市北区
R7,01,北海道,0104,札幌,R7-0104-217,104北海道札幌,217,204,医療法人社団 札幌新川駅前内科,札幌市北区
R7,01,北海道,0104,札幌,R7-0104-218,104北海道札幌,218,205,医療法人社団 ふるや内科,札幌市北区
R7,01,北海道,0104,札幌,R7-0104-219,104北海道札幌,219,206,医療法人社団 布施川内科医院,札幌市北区
R7,01,北海道,0104,札幌,R7-0104-220,104北海道札幌,220,207,医療法人社団 石垣整形外科医院,札幌市東区
R7,01,北海道,0104,札幌,R7-0104-221,104北海道札幌,221,208,さっぽろ脊椎外科クリニック,札幌市北区
R7,01,北海道,0104,札幌,R7-0104-222,104北海道札幌,222,209,医療法人社団石田内科小児科医院,札幌市東区
R7,01,北海道,0104,札幌,R7-0104-223,104北海道札幌,223,210,医療法人社団美加未会 モエレ外科胃腸科,札幌市東区
R7,01,北海道,0104,札幌,R7-0104-224,104北海道札幌,224,211,コスモ脳神経外科,札幌市東区
R7,01,北海道,0104,札幌,R7-0104-225,104北海道札幌,225,212,医療法人社団 元町泌尿器科,札幌市東区
R7,01,北海道,0104,札幌,R7-0104-226,104北海道札幌,226,213,医療法人社団弘恵会整形外科内科沢口医院,札幌市白石区
R7,01,北海道,0104,札幌,R7-0104-227,104北海道札幌,227,214,医療法人社団仁秀会白石整形外科,札幌市白石区
R7,01,北海道,0104,札幌,R7-0104-228,104北海道札幌,228,215,医療法人社団 菊水整形外科,札幌市白石区
R7,01,北海道,0104,札幌,R7-0104-229,104北海道札幌,229,216,医療法人社団 にれの杜クリニック,札幌市白石区
R7,01,北海道,0104,札幌,R7-0104-230,104北海道札幌,230,217,平岸外科整形外科医院,札幌市豊平区
R7,01,北海道,0104,札幌,R7-0104-231,104北海道札幌,231,218,医療法人社団 札幌つきさむ中央整形外科,札幌市豊平区
R7,01,北海道,0104,札幌,R7-0104-232,104北海道札幌,232,219,医療法人社団新芽会　美園産婦人科,札幌市豊平区
R7,01,北海道,0104,札幌,R7-0104-233,104北海道札幌,233,220,医療法人徳洲会 五輪橋マタニティクリニック,札幌市南区
R7,01,北海道,0104,札幌,R7-0104-234,104北海道札幌,234,221,医療法人社団 札幌藤が丘整形外科医院,札幌市南区
R7,01,北海道,0104,札幌,R7-0104-235,104北海道札幌,235,222,南札幌脳神経外科,札幌市南区
R7,01,北海道,0104,札幌,R7-0104-236,104北海道札幌,236,223,医療法人社団もなみ もなみクリニック,札幌市南区
R7,01,北海道,0104,札幌,R7-0104-237,104北海道札幌,237,224,医療法人社団元氣会 札幌整形外科,札幌市西区
R7,01,北海道,0104,札幌,R7-0104-238,104北海道札幌,238,225,医療法人社団 札幌西整形外科,札幌市西区
R7,01,北海道,0104,札幌,R7-0104-239,104北海道札幌,239,226,医療法人社団 小原眼科医院,札幌市西区
R7,01,北海道,0104,札幌,R7-0104-240,104北海道札幌,240,227,医療法人社団元氣会　おぐま循環器内科・リハビリテーションクリニック,札幌市西区
R7,01,北海道,0104,札幌,R7-0104-241,104北海道札幌,241,228,医療法人社団 札幌ことに乳腺クリニック,札幌市西区
R7,01,北海道,0104,札幌,R7-0104-242,104北海道札幌,242,229,医療法人社団信和会 石川泌尿器科・腎臓内科,札幌市西区
R7,01,北海道,0104,札幌,R7-0104-243,104北海道札幌,243,230,医療法人 札幌円山整形外科 札幌琴似整形外科,札幌市西区
R7,01,北海道,0104,札幌,R7-0104-244,104北海道札幌,244,231,医療法人社団 青葉産婦人科クリニック,札幌市厚別区
R7,01,北海道,0104,札幌,R7-0104-245,104北海道札幌,245,232,医療法人社団 はしもとクリニック,札幌市厚別区
R7,01,北海道,0104,札幌,R7-0104-246,104北海道札幌,246,233,医療法人社団 厚別中央整形外科,札幌市厚別区
R7,01,北海道,0104,札幌,R7-0104-247,104北海道札幌,247,234,医療法人社団 Ｈ・Ｎ・メディック,札幌市厚別区
R7,01,北海道,0104,札幌,R7-0104-248,104北海道札幌,248,235,手稲脳神経外科クリニック,札幌市手稲区
R7,01,北海道,0104,札幌,R7-0104-249,104北海道札幌,249,236,医療法人社団 手稲あけぼのレディースクリニック,札幌市手稲区
R7,01,北海道,0104,札幌,R7-0104-250,104北海道札幌,250,237,ていね整形外科リハビリクリニック,札幌市手稲区
R7,01,北海道,0104,札幌,R7-0104-251,104北海道札幌,251,238,医療法人社団伸孝会 ていね泌尿器科,札幌市手稲区
R7,01,北海道,0104,札幌,R7-0104-252,104北海道札幌,252,239,医療法人育愛会 愛産婦人科,札幌市手稲区
R7,01,北海道,0104,札幌,R7-0104-253,104北海道札幌,253,240,医療法人社団 美しが丘整形外科,札幌市清田区
R7,01,北海道,0104,札幌,R7-0104-254,104北海道札幌,254,241,医療法人社団 サン内科外科医院,札幌市清田区
R7,01,北海道,0104,札幌,R7-0104-255,104北海道札幌,255,242,札幌みらいクリニック,札幌市清田区
R7,01,北海道,0104,札幌,R7-0104-256,104北海道札幌,256,243,医療法人社団さくら会江別泌尿器科,江別市
R7,01,北海道,0104,札幌,R7-0104-257,104北海道札幌,257,244,医療法人社団江別やまもと整形外科,江別市
R7,01,北海道,0104,札幌,R7-0104-258,104北海道札幌,258,245,医療法人社団尾谷内科,千歳市
R7,01,北海道,0104,札幌,R7-0104-259,104北海道札幌,259,246,医療法人社団幸樹会千歳脳神経外科,千歳市
R7,01,北海道,0104,札幌,R7-0104-260,104北海道札幌,260,247,北の台クリニック,北広島市
R7,01,北海道,0104,札幌,R7-0104-261,104北海道札幌,261,248,医療法人社団北碧会石狩中央整形外科,石狩市
R7,01,北海道,0104,札幌,R7-0104-262,104北海道札幌,262,249,医療法人社団佐々木整形外科医院,石狩市
R7,01,北海道,0104,札幌,R7-0104-263,104北海道札幌,263,250,すこやかクリニック新篠津,新篠津村
R7,01,北海道,0104,札幌,R7-0104-264,104北海道札幌,264,251,医療法人社団石史山会札幌スポーツクリニック,札幌市中央区
R7,01,北海道,0104,札幌,R7-0104-265,104北海道札幌,265,252,北野循環器クリニック,札幌市清田区
R7,01,北海道,0104,札幌,R7-0104-266,104北海道札幌,266,253,医療法人社団福住向ヶ丘通整形外科,札幌市豊平区
R7,01,北海道,0104,札幌,R7-0104-267,104北海道札幌,267,254,医療法人新産健会　きた在宅クリニック,札幌市北区
R7,01,北海道,0104,札幌,R7-0104-268,104北海道札幌,268,255,医療法人社団　東都会　八軒整形外科　せぼね・関節クリニック,札幌市西区
R7,01,北海道,0104,札幌,R7-0104-269,104北海道札幌,269,256,暮らしによりそう診療所,札幌市西区
R7,01,北海道,0104,札幌,R7-0104-270,104北海道札幌,270,257,医療法人社団 福住泌尿器科クリニック,札幌市豊平区
R7,01,北海道,0104,札幌,R7-0104-271,104北海道札幌,271,258,医療法人社団 川沿中央医院,札幌市南区
R7,01,北海道,0104,札幌,R7-0104-272,104北海道札幌,272,259,手稲いなほ外科・整形外科,札幌市手稲区
R7,01,北海道,0104,札幌,R7-0104-273,104北海道札幌,273,260,医療法人 新産健会 ひがし在宅クリニック,札幌市東区
R7,01,北海道,0104,札幌,R7-0104-274,104北海道札幌,274,261,豊平整形外科　脊椎・関節クリニック,札幌市豊平区
R7,01,北海道,0104,札幌,R7-0104-275,104北海道札幌,275,262,医療法人 はだ産婦人科クリニック,札幌市手稲区
R7,01,北海道,0104,札幌,R7-0104-276,104北海道札幌,276,263,エナレディースクリニック,石狩市
R7,01,北海道,0104,札幌,R7-0104-277,104北海道札幌,277,264,医療法人社団慈昂会 昂希内科クリニック,札幌市中央区
R7,01,北海道,0104,札幌,R7-0104-278,104北海道札幌,278,265,医療法人社団 野沢医院,札幌市東区
R7,01,北海道,0104,札幌,R7-0104-279,104北海道札幌,279,266,医療法人 福住産科婦人科クリニック,札幌市豊平区
R7,01,北海道,0104,札幌,R7-0104-280,104北海道札幌,280,267,社会医療法人アルデバラン　琴似産科婦人科クリニック,札幌市西区
R7,01,北海道,0104,札幌,R7-0104-281,104北海道札幌,281,268,新札幌乳腺クリニック,札幌市厚別区
R7,01,北海道,0104,札幌,R7-0104-282,104北海道札幌,282,269,社会福祉法人楡の会 こどもクリニック,札幌市厚別区
R7,01,北海道,0104,札幌,R7-0104-283,104北海道札幌,283,270,医療法人社団 かなもり外科胃腸科肛門科クリニック,札幌市手稲区
R7,01,北海道,0104,札幌,R7-0104-284,104北海道札幌,284,271,医療法人社団 札幌メモリアル眼科,札幌市清田区
R7,01,北海道,0104,札幌,R7-0104-285,104北海道札幌,285,272,おおこうち産科婦人科,札幌市中央区
R7,01,北海道,0104,札幌,R7-0104-286,104北海道札幌,286,273,医療法人社団プリモウイメンズクリニック,江別市
R7,01,北海道,0104,札幌,R7-0104-287,104北海道札幌,287,274,医療法人仁友会 日之出歯科真駒内診療所,札幌市南区
R7,01,北海道,0104,札幌,R7-0104-288,104北海道札幌,288,275,医療法人社団ひとみ会回明堂眼科・歯科,札幌市豊平区
R7,01,北海道,0104,札幌,R7-0104-289,104北海道札幌,289,276,松家内科小児科医院,札幌市中央区
R7,01,北海道,0104,札幌,R7-0104-290,104北海道札幌,290,277,札幌市医師会夜間急病センター,札幌市中央区
R7,01,北海道,0104,札幌,R7-0104-291,104北海道札幌,291,278,医療法人社団 札幌西レディースクリニック,札幌市西区
R7,01,北海道,0104,札幌,R7-0104-292,104北海道札幌,292,279,苗穂レディスクリニック,札幌市東区
R7,01,北海道,0104,札幌,R7-0104-293,104北海道札幌,293,280,医療法人はまなす 篠路はまなすクリニック,札幌市北区
R7,01,北海道,0104,札幌,R7-0104-294,104北海道札幌,294,281,マミーズクリニックちとせ,千歳市
R7,01,北海道,0104,札幌,R7-0104-295,104北海道札幌,295,282,医療法人社団 南１１条眼科,札幌市中央区
R7,01,北海道,0104,札幌,R7-0104-296,104北海道札幌,296,283,ひまわり内科小児科医院,札幌市北区
R7,01,北海道,0104,札幌,R7-0104-297,104北海道札幌,297,284,医療法人社団 こんの産婦人科,札幌市東区
R7,01,北海道,0104,札幌,R7-0104-298,104北海道札幌,298,285,医療法人はまなすはまなす医院,石狩市
R7,01,北海道,0104,札幌,R7-0104-299,104北海道札幌,299,286,札幌脊椎内視鏡・整形外科,札幌市東区
R7,01,北海道,0104,札幌,R7-0104-300,104北海道札幌,300,287,医療法人社団 北都眼科,札幌市白石区
R7,01,北海道,0104,札幌,R7-0104-301,104北海道札幌,301,288,医療法人 札幌きい眼科,札幌市南区
R7,01,北海道,0104,札幌,R7-0104-302,104北海道札幌,302,289,医療法人社団近藤眼科,江別市
R7,01,北海道,0104,札幌,R7-0104-303,104北海道札幌,303,290,いしかりこどもクリニック,石狩市
R7,01,北海道,0104,札幌,R7-0104-304,104北海道札幌,304,291,エルムの杜内科クリニック,札幌市北区
R7,01,北海道,0104,札幌,R7-0104-305,104北海道札幌,305,292,医療法人社団 小野眼科医院,札幌市北区
R7,01,北海道,0104,札幌,R7-0104-306,104北海道札幌,306,293,医療法人社団 札幌東クリニック,札幌市白石区
R7,01,北海道,0104,札幌,R7-0104-307,104北海道札幌,307,294,医療法人社団 芸術の森泌尿器科,札幌市南区
R7,01,北海道,0104,札幌,R7-0104-308,104北海道札幌,308,295,医療法人社団花川眼科,石狩市
R7,01,北海道,0104,札幌,R7-0104-309,104北海道札幌,309,296,医療法人社団 北辰 クリニック１・９・８札幌,札幌市中央区
R7,01,北海道,0104,札幌,R7-0104-310,104北海道札幌,310,297,エム・オー・エー札幌クリニック,札幌市西区
R7,01,北海道,0104,札幌,R7-0104-311,104北海道札幌,311,298,めぐみの眼科,恵庭市
R7,01,北海道,0104,札幌,R7-0104-312,104北海道札幌,312,299,医療法人社団彩美会石丸眼科,札幌市東区
R7,01,北海道,0104,札幌,R7-0104-313,104北海道札幌,313,300,医療法人社団慈昂会 白石内科クリニック,札幌市白石区
R7,01,北海道,0104,札幌,R7-0104-314,104北海道札幌,314,301,医療法人社団 大橋眼科,札幌市白石区
R7,01,北海道,0104,札幌,R7-0104-315,104北海道札幌,315,302,さくらレディースクリニック,札幌市手稲区
R7,01,北海道,0104,札幌,R7-0104-316,104北海道札幌,316,303,医療法人社団 ゆほな会 はやしたくみ女性クリニック,札幌市中央区
R7,01,北海道,0104,札幌,R7-0104-317,104北海道札幌,317,304,医療法人 円山レディースクリニック,札幌市中央区
R7,01,北海道,0104,札幌,R7-0104-318,104北海道札幌,318,305,医療法人社団 きよた泌尿器科クリニック,札幌市清田区
R7,01,北海道,0104,札幌,R7-0104-319,104北海道札幌,319,306,医療法人社団ゆめみレディースクリニック,札幌市西区
R7,01,北海道,0104,札幌,R7-0104-320,104北海道札幌,320,307,栄町レディースクリニック,札幌市東区
R7,01,北海道,0104,札幌,R7-0104-321,104北海道札幌,321,308,医療法人同仁会 札幌ススキノ病院,札幌市中央区
R7,01,北海道,0104,札幌,R7-0104-322,104北海道札幌,322,309,医療法人社団 みぶな会 産科・婦人科ひなたクリニック,札幌市中央区
R7,01,北海道,0104,札幌,R7-0104-323,104北海道札幌,323,310,中央メディカルクリニック,札幌市中央区
R7,01,北海道,0104,札幌,R7-0104-324,104北海道札幌,324,311,医療法人社団 ルミネレディースクリニック,札幌市中央区
R7,01,北海道,0104,札幌,R7-0104-325,104北海道札幌,325,312,医療法人社団 神谷レディースクリニック,札幌市中央区
R7,01,北海道,0104,札幌,R7-0104-326,104北海道札幌,326,313,のだレディースクリニック,札幌市中央区
R7,01,北海道,0104,札幌,R7-0104-327,104北海道札幌,327,314,リズミック産婦人科クリニック,札幌市北区
R7,01,北海道,0104,札幌,R7-0104-328,104北海道札幌,328,315,医療法人社団　Ｎｏｒｉｋｏウィメンズヘルスクリニック,札幌市北区
R7,01,北海道,0104,札幌,R7-0104-329,104北海道札幌,329,316,医療法人社団いちご会 美加レディースクリニック,札幌市豊平区
R7,01,北海道,0104,札幌,R7-0104-330,104北海道札幌,330,317,医療法人社団 ともこレディースクリニック,札幌市西区
R7,01,北海道,0104,札幌,R7-0104-331,104北海道札幌,331,318,医療法人社団産婦人科・小児科クリニックリブ,恵庭市
R7,01,北海道,0104,札幌,R7-0104-332,104北海道札幌,332,319,医療法人にしかわウイメンズヘルスクリニック,札幌市中央区
R7,01,北海道,0104,札幌,R7-0104-333,104北海道札幌,333,320,たばた産婦人科クリニック,札幌市中央区
R7,01,北海道,0104,札幌,R7-0104-334,104北海道札幌,334,321,宮の沢スマイルレディースクリニック,札幌市西区
R7,01,北海道,0104,札幌,R7-0104-335,104北海道札幌,335,322,ペルル女性クリニック,札幌市西区
R7,01,北海道,0104,札幌,R7-0104-336,104北海道札幌,336,323,宮の森レディースクリニック,札幌市中央区
R7,01,北海道,0104,札幌,R7-0104-337,104北海道札幌,337,324,医療法人孝心会元町レディースクリニック,札幌市東区
R7,01,北海道,0104,札幌,R7-0104-338,104北海道札幌,338,325,札幌マタニティ・ウイメンズホスピタル,
R7,01,北海道,0104,札幌,R7-0104-339,104北海道札幌,339,326,医療法人社団銀杏会北広島希望ヶ丘病院,
R7,01,北海道,0104,札幌,R7-0104-340,104北海道札幌,340,327,渓仁会円山クリニック,
R7,01,北海道,0104,札幌,R7-0104-341,104北海道札幌,341,328,医療法人明雪会 環状通東整形外科,
R7,01,北海道,0104,札幌,R7-0104-342,104北海道札幌,342,329,医療法人社団 カワカミウィメンズクリニック,
R7,01,北海道,0104,札幌,R7-0104-343,104北海道札幌,343,330,矢尾外科胃腸科,
R7,01,北海道,0104,札幌,R7-0104-344,104北海道札幌,344,331,医療法人社団ひこばえの会恵庭みどりのクリニック,
R7,01,北海道,0104,札幌,R7-0104-345,104北海道札幌,345,332,医療法人札幌共立医院,
R7,01,北海道,0104,札幌,R7-0104-346,104北海道札幌,346,333,テラ　クリニック,
R7,01,北海道,0105,後志,R7-0105-14,105北海道後志,14,1,社会福祉法人 恩賜財団 済生会支部 北海道済生会小樽病院,小樽市
R7,01,北海道,0105,後志,R7-0105-15,105北海道後志,15,2,小樽市立病院,小樽市
R7,01,北海道,0105,後志,R7-0105-16,105北海道後志,16,3,社会福祉法人 北海道社会事業協会小樽病院,小樽市
R7,01,北海道,0105,後志,R7-0105-17,105北海道後志,17,4,医療法人 ひまわり会 札樽病院,小樽市
R7,01,北海道,0105,後志,R7-0105-18,105北海道後志,18,5,社会福祉法人北海道社会事業協会余市病院,余市町
R7,01,北海道,0105,後志,R7-0105-19,105北海道後志,19,6,ＪＡ北海道厚生連ニセコ羊蹄広域倶知安厚生病院,倶知安町
R7,01,北海道,0105,後志,R7-0105-20,105北海道後志,20,7,公益社団法人日本海員掖済会 小樽掖済会病院,小樽市
R7,01,北海道,0105,後志,R7-0105-21,105北海道後志,21,8,医療法人社団 青優会 南小樽病院,小樽市
R7,01,北海道,0105,後志,R7-0105-22,105北海道後志,22,9,医療法人社団心優会 野口病院,小樽市
R7,01,北海道,0105,後志,R7-0105-23,105北海道後志,23,10,医療法人 勉仁会 東小樽病院,小樽市
R7,01,北海道,0105,後志,R7-0105-24,105北海道後志,24,11,社会福祉法人北海道社会事業協会岩内病院,岩内町
R7,01,北海道,0105,後志,R7-0105-25,105北海道後志,25,12,医療法人社団 北匠会 小樽中央病院,小樽市
R7,01,北海道,0105,後志,R7-0105-26,105北海道後志,26,13,医療法人社団 三ツ山病院,小樽市
R7,01,北海道,0105,後志,R7-0105-27,105北海道後志,27,14,医療法人社団静和会昆布温泉病院,蘭越町
R7,01,北海道,0105,後志,R7-0105-28,105北海道後志,28,15,医療法人たんぽぽ会 島田脳神経外科,小樽市
R7,01,北海道,0105,後志,R7-0105-29,105北海道後志,29,16,脳神経外科おたる港南クリニック,小樽市
R7,01,北海道,0105,後志,R7-0105-30,105北海道後志,30,17,医療法人社団 松島内科,小樽市
R7,01,北海道,0105,後志,R7-0105-31,105北海道後志,31,18,医療法人社団 太田整形外科医院,小樽市
R7,01,北海道,0105,後志,R7-0105-32,105北海道後志,32,19,寿都町立寿都診療所,寿都町
R7,01,北海道,0105,後志,R7-0105-33,105北海道後志,33,20,黒松内町国保くろまつないブナの森診療所,黒松内町
R7,01,北海道,0105,後志,R7-0105-34,105北海道後志,34,21,医療法人社団小林整形外科医院,岩内町
R7,01,北海道,0105,後志,R7-0105-35,105北海道後志,35,22,岩内大浜医院,岩内町
R7,01,北海道,0105,後志,R7-0105-36,105北海道後志,36,23,医療法人社団森内科胃腸科医院,仁木町
R7,01,北海道,0105,後志,R7-0105-37,105北海道後志,37,24,医療法人社団倫仁会小嶋内科,余市町
R7,01,北海道,0105,後志,R7-0105-38,105北海道後志,38,25,医療法人社団北内科クリニック,岩内町
R7,01,北海道,0105,後志,R7-0105-39,105北海道後志,39,26,医療法人 うのクリニック,小樽市
R7,01,北海道,0105,後志,R7-0105-40,105北海道後志,40,27,おたるレディースクリニック,小樽市
R7,01,北海道,0105,後志,R7-0105-41,105北海道後志,41,28,医療法人社団 明治眼科医院,小樽市
R7,01,北海道,0105,後志,R7-0105-42,105北海道後志,42,29,医療法人社団 仲眼科,小樽市
R7,01,北海道,0105,後志,R7-0105-43,105北海道後志,43,30,医療法人社団 大橋内科胃腸科クリニック,小樽市
R7,01,北海道,0105,後志,R7-0105-44,105北海道後志,44,31,島牧診療所,島牧村
R7,01,北海道,0105,後志,R7-0105-45,105北海道後志,45,32,ながいよしえ倶知安クリニック,倶知安町
R7,01,北海道,0105,後志,R7-0105-46,105北海道後志,46,33,医療法人 北光会 朝里中央病院,
R7,01,北海道,0106,南空知,R7-0106-14,106北海道南空知,14,1,岩見沢市立総合病院,岩見沢市
R7,01,北海道,0106,南空知,R7-0106-15,106北海道南空知,15,2,独立行政法人労働者健康安全機構北海道中央労災病院,岩見沢市
R7,01,北海道,0106,南空知,R7-0106-16,106北海道南空知,16,3,独立行政法人労働者健康安全機構北海道せき損センター,美唄市
R7,01,北海道,0106,南空知,R7-0106-17,106北海道南空知,17,4,医療法人社団 明日佳 岩見沢明日佳病院,岩見沢市
R7,01,北海道,0106,南空知,R7-0106-18,106北海道南空知,18,5,栗山赤十字病院,栗山町
R7,01,北海道,0106,南空知,R7-0106-19,106北海道南空知,19,6,医療法人社団幾生会 南そらち記念病院,三笠市
R7,01,北海道,0106,南空知,R7-0106-20,106北海道南空知,20,7,医療法人北翔会岩見沢北翔会病院,岩見沢市
R7,01,北海道,0106,南空知,R7-0106-21,106北海道南空知,21,8,市立三笠総合病院,三笠市
R7,01,北海道,0106,南空知,R7-0106-22,106北海道南空知,22,9,町立長沼病院,長沼町
R7,01,北海道,0106,南空知,R7-0106-23,106北海道南空知,23,10,市立美唄病院,美唄市
R7,01,北海道,0106,南空知,R7-0106-24,106北海道南空知,24,11,国民健康保険町立南幌病院,南幌町
R7,01,北海道,0106,南空知,R7-0106-25,106北海道南空知,25,12,医療法人社団慶北会花田病院,美唄市
R7,01,北海道,0106,南空知,R7-0106-26,106北海道南空知,26,13,岩見沢市立栗沢病院,岩見沢市
R7,01,北海道,0106,南空知,R7-0106-27,106北海道南空知,27,14,国民健康保険月形町立病院,月形町
R7,01,北海道,0106,南空知,R7-0106-28,106北海道南空知,28,15,夕張市立診療所,夕張市
R7,01,北海道,0106,南空知,R7-0106-29,106北海道南空知,29,16,医療法人社団 腎友会 岩見沢クリニック,岩見沢市
R7,01,北海道,0106,南空知,R7-0106-30,106北海道南空知,30,17,医療法人社団 久佑会 得地内科医院,岩見沢市
R7,01,北海道,0106,南空知,R7-0106-31,106北海道南空知,31,18,医療法人社団 中央医院,岩見沢市
R7,01,北海道,0106,南空知,R7-0106-32,106北海道南空知,32,19,医療法人 萌佑会 岩見沢脳神経外科,岩見沢市
R7,01,北海道,0106,南空知,R7-0106-33,106北海道南空知,33,20,医療法人社団 倉増整形外科,岩見沢市
R7,01,北海道,0106,南空知,R7-0106-34,106北海道南空知,34,21,医療法人社団 宮本泌尿器科医院,岩見沢市
R7,01,北海道,0106,南空知,R7-0106-35,106北海道南空知,35,22,医療法人 やわらぎ みどり野医院,南幌町
R7,01,北海道,0106,南空知,R7-0106-36,106北海道南空知,36,23,国民健康保険由仁町立診療所,由仁町
R7,01,北海道,0106,南空知,R7-0106-37,106北海道南空知,37,24,医療法人社団 耀仁会 長沼整形外科・リハビリテーション科,長沼町
R7,01,北海道,0106,南空知,R7-0106-38,106北海道南空知,38,25,医療法人社団緑稜会みどりクリニック長沼,長沼町
R7,01,北海道,0106,南空知,R7-0106-39,106北海道南空知,39,26,海老原医院,岩見沢市
R7,01,北海道,0106,南空知,R7-0106-40,106北海道南空知,40,27,医療法人社団 岩見沢レディースクリニック,岩見沢市
R7,01,北海道,0107,中空知,R7-0107-14,107北海道中空知,14,1,砂川市立病院,砂川市
R7,01,北海道,0107,中空知,R7-0107-15,107北海道中空知,15,2,滝川市立病院,滝川市
R7,01,北海道,0107,中空知,R7-0107-16,107北海道中空知,16,3,医療法人優仁会若葉台病院,滝川市
R7,01,北海道,0107,中空知,R7-0107-17,107北海道中空知,17,4,空知中央病院,新十津川町
R7,01,北海道,0107,中空知,R7-0107-18,107北海道中空知,18,5,医療法人翔陽会滝川脳神経外科病院,滝川市
R7,01,北海道,0107,中空知,R7-0107-19,107北海道中空知,19,6,新雨竜第一病院,雨竜町
R7,01,北海道,0107,中空知,R7-0107-20,107北海道中空知,20,7,市立芦別病院,芦別市
R7,01,北海道,0107,中空知,R7-0107-21,107北海道中空知,21,8,あかびら市立病院,赤平市
R7,01,北海道,0107,中空知,R7-0107-22,107北海道中空知,22,9,歌志内市立病院,歌志内市
R7,01,北海道,0107,中空知,R7-0107-23,107北海道中空知,23,10,奈井江町立国民健康保険病院,奈井江町
R7,01,北海道,0107,中空知,R7-0107-24,107北海道中空知,24,11,平岸病院,赤平市
R7,01,北海道,0107,中空知,R7-0107-25,107北海道中空知,25,12,医療法人圭仁会佐藤病院,滝川市
R7,01,北海道,0107,中空知,R7-0107-26,107北海道中空知,26,13,医療法人圭仁会佐藤医院,滝川市
R7,01,北海道,0107,中空知,R7-0107-27,107北海道中空知,27,14,浦臼町立診療所,浦臼町
R7,01,北海道,0107,中空知,R7-0107-28,107北海道中空知,28,15,医療法人社団和漢全人会花月クリニック,新十津川町
R7,01,北海道,0107,中空知,R7-0107-29,107北海道中空知,29,16,眼科近藤医院,滝川市
R7,01,北海道,0107,中空知,R7-0107-30,107北海道中空知,30,17,医療法人社団そらち乳腺・肛門外科クリニック,滝川市
R7,01,北海道,0107,中空知,R7-0107-31,107北海道中空知,31,18,医療法人北武会野口病院,
R7,01,北海道,0108,北空知,R7-0108-14,108北海道北空知,14,1,深川第一病院,深川市
R7,01,北海道,0108,北空知,R7-0108-15,108北海道北空知,15,2,深川市立病院,深川市
R7,01,北海道,0108,北空知,R7-0108-16,108北海道北空知,16,3,北海道中央病院,深川市
R7,01,北海道,0109,西胆振,R7-0109-14,109北海道西胆振,14,1,市立室蘭総合病院,室蘭市
R7,01,北海道,0109,西胆振,R7-0109-15,109北海道西胆振,15,2,日鋼記念病院,室蘭市
R7,01,北海道,0109,西胆振,R7-0109-16,109北海道西胆振,16,3,社会医療法人製鉄記念室蘭病院,室蘭市
R7,01,北海道,0109,西胆振,R7-0109-17,109北海道西胆振,17,4,社会医療法人慈恵会聖ケ丘病院,伊達市
R7,01,北海道,0109,西胆振,R7-0109-18,109北海道西胆振,18,5,総合病院伊達赤十字病院,伊達市
R7,01,北海道,0109,西胆振,R7-0109-19,109北海道西胆振,19,6,医療法人室蘭太平洋病院,室蘭市
R7,01,北海道,0109,西胆振,R7-0109-20,109北海道西胆振,20,7,社会福祉法人北海道社会事業協会洞爺病院,洞爺湖町
R7,01,北海道,0109,西胆振,R7-0109-21,109北海道西胆振,21,8,大川原脳神経外科病院,室蘭市
R7,01,北海道,0109,西胆振,R7-0109-22,109北海道西胆振,22,9,医療法人社団ＣＨＣＰヘルスケアシステム　洞爺温泉病院,洞爺湖町
R7,01,北海道,0109,西胆振,R7-0109-23,109北海道西胆振,23,10,医療法人登別すずらん病院,登別市
R7,01,北海道,0109,西胆振,R7-0109-24,109北海道西胆振,24,11,医療法人社団上田病院,室蘭市
R7,01,北海道,0109,西胆振,R7-0109-25,109北海道西胆振,25,12,登別記念病院,登別市
R7,01,北海道,0109,西胆振,R7-0109-26,109北海道西胆振,26,13,独立行政法人地域医療機能推進機構登別病院,登別市
R7,01,北海道,0109,西胆振,R7-0109-27,109北海道西胆振,27,14,医療法人社団楽生会皆川病院,登別市
R7,01,北海道,0109,西胆振,R7-0109-28,109北海道西胆振,28,15,医療法人社団千寿会三愛病院,登別市
R7,01,北海道,0109,西胆振,R7-0109-29,109北海道西胆振,29,16,豊浦町国民健康保険病院,豊浦町
R7,01,北海道,0109,西胆振,R7-0109-30,109北海道西胆振,30,17,交雄会だて病院,伊達市
R7,01,北海道,0109,西胆振,R7-0109-31,109北海道西胆振,31,18,社会医療法人友愛会恵愛病院,登別市
R7,01,北海道,0109,西胆振,R7-0109-32,109北海道西胆振,32,19,医療法人社団なかむら整形外科クリニック,伊達市
R7,01,北海道,0109,西胆振,R7-0109-33,109北海道西胆振,33,20,医療法人社団いぶり腎泌尿器科クリニック,伊達市
R7,01,北海道,0109,西胆振,R7-0109-34,109北海道西胆振,34,21,医療法人社団順心会澤崎眼科,室蘭市
R7,01,北海道,0110,東胆振,R7-0110-14,110北海道東胆振,14,1,王子総合病院,苫小牧市
R7,01,北海道,0110,東胆振,R7-0110-15,110北海道東胆振,15,2,苫小牧市立病院,苫小牧市
R7,01,北海道,0110,東胆振,R7-0110-16,110北海道東胆振,16,3,社会医療法人平成醫塾　苫小牧東病院,苫小牧市
R7,01,北海道,0110,東胆振,R7-0110-17,110北海道東胆振,17,4,医療法人同樹会苫小牧病院,苫小牧市
R7,01,北海道,0110,東胆振,R7-0110-18,110北海道東胆振,18,5,医療法人社団養生館苫小牧日翔病院,苫小牧市
R7,01,北海道,0110,東胆振,R7-0110-19,110北海道東胆振,19,6,勤医協苫小牧病院,苫小牧市
R7,01,北海道,0110,東胆振,R7-0110-20,110北海道東胆振,20,7,社会医療法人延山会苫小牧澄川病院,苫小牧市
R7,01,北海道,0110,東胆振,R7-0110-21,110北海道東胆振,21,8,医療法人社団眞和會苫小牧病院,苫小牧市
R7,01,北海道,0110,東胆振,R7-0110-22,110北海道東胆振,22,9,医療法人社団養生館青葉病院,苫小牧市
R7,01,北海道,0110,東胆振,R7-0110-23,110北海道東胆振,23,10,白老町立国民健康保険病院,白老町
R7,01,北海道,0110,東胆振,R7-0110-24,110北海道東胆振,24,11,むかわ町鵡川厚生病院,むかわ町
R7,01,北海道,0110,東胆振,R7-0110-25,110北海道東胆振,25,12,医療法人社団嵩仁会苫都病院,苫小牧市
R7,01,北海道,0110,東胆振,R7-0110-26,110北海道東胆振,26,13,光洋いきいきクリニック,苫小牧市
R7,01,北海道,0110,東胆振,R7-0110-27,110北海道東胆振,27,14,医療法人社団苫小牧泌尿器科・循環器内科,苫小牧市
R7,01,北海道,0110,東胆振,R7-0110-28,110北海道東胆振,28,15,医療法人社団苫小牧東部脳神経外科,苫小牧市
R7,01,北海道,0110,東胆振,R7-0110-29,110北海道東胆振,29,16,医療法人社団保生会沖医院,苫小牧市
R7,01,北海道,0110,東胆振,R7-0110-30,110北海道東胆振,30,17,とまこまい脳神経外科,苫小牧市
R7,01,北海道,0110,東胆振,R7-0110-31,110北海道東胆振,31,18,医療法人社団生田医院,白老町
R7,01,北海道,0110,東胆振,R7-0110-32,110北海道東胆振,32,19,むかわ町国民健康保険穂別診療所,むかわ町
R7,01,北海道,0110,東胆振,R7-0110-33,110北海道東胆振,33,20,医療法人社団みんなのうた　とまこまい心血管クリニック,苫小牧市
R7,01,北海道,0110,東胆振,R7-0110-34,110北海道東胆振,34,21,医療法人社団喜早眼科,苫小牧市
R7,01,北海道,0110,東胆振,R7-0110-35,110北海道東胆振,35,22,医療法人社団のぞみ会レディースクリニックぬまのはた,苫小牧市
R7,01,北海道,0110,東胆振,R7-0110-36,110北海道東胆振,36,23,えざか産婦人科,苫小牧市
R7,01,北海道,0110,東胆振,R7-0110-37,110北海道東胆振,37,24,苫小牧消化器外科,
R7,01,北海道,0110,東胆振,R7-0110-38,110北海道東胆振,38,25,医療法人社団未来ケイ・アンド・エイ・クリニック,
R7,01,北海道,0111,日高,R7-0111-14,111北海道日高,14,1,医療法人徳洲会日高徳洲会病院,新ひだか町
R7,01,北海道,0111,日高,R7-0111-15,111北海道日高,15,2,総合病院浦河赤十字病院,浦河町
R7,01,北海道,0111,日高,R7-0111-16,111北海道日高,16,3,新ひだか町立三石国民健康保険病院,新ひだか町
R7,01,北海道,0111,日高,R7-0111-17,111北海道日高,17,4,新ひだか町立静内病院,新ひだか町
R7,01,北海道,0111,日高,R7-0111-18,111北海道日高,18,5,平取町国民健康保険病院,平取町
R7,01,北海道,0111,日高,R7-0111-19,111北海道日高,19,6,日高町立門別国民健康保険病院,日高町
R7,01,北海道,0111,日高,R7-0111-20,111北海道日高,20,7,えりも町国民健康保険診療所,えりも町
R7,01,北海道,0111,日高,R7-0111-21,111北海道日高,21,8,新冠町立国民健康保険診療所,新冠町
R7,01,北海道,0111,日高,R7-0111-22,111北海道日高,22,9,日高町立日高国民健康保険診療所,日高町
R7,01,北海道,0112,上川中部,R7-0112-14,112北海道上川中部,14,1,旭川医科大学病院,旭川市
R7,01,北海道,0112,上川中部,R7-0112-15,112北海道上川中部,15,2,旭川赤十字病院,旭川市
R7,01,北海道,0112,上川中部,R7-0112-16,112北海道上川中部,16,3,ＪＡ北海道厚生連旭川厚生病院,旭川市
R7,01,北海道,0112,上川中部,R7-0112-17,112北海道上川中部,17,4,市立旭川病院,旭川市
R7,01,北海道,0112,上川中部,R7-0112-18,112北海道上川中部,18,5,大西病院,旭川市
R7,01,北海道,0112,上川中部,R7-0112-19,112北海道上川中部,19,6,旭川リハビリテーション病院,旭川市
R7,01,北海道,0112,上川中部,R7-0112-20,112北海道上川中部,20,7,独立行政法人国立病院機構旭川医療センター,旭川市
R7,01,北海道,0112,上川中部,R7-0112-21,112北海道上川中部,21,8,医療法人社団慶友会吉田病院,旭川市
R7,01,北海道,0112,上川中部,R7-0112-22,112北海道上川中部,22,9,旭川十条病院,旭川市
R7,01,北海道,0112,上川中部,R7-0112-23,112北海道上川中部,23,10,社会医療法人元生会森山病院,旭川市
R7,01,北海道,0112,上川中部,R7-0112-24,112北海道上川中部,24,11,北海道療育園,旭川市
R7,01,北海道,0112,上川中部,R7-0112-25,112北海道上川中部,25,12,豊岡中央病院,旭川市
R7,01,北海道,0112,上川中部,R7-0112-26,112北海道上川中部,26,13,道北勤医協一条通病院,旭川市
R7,01,北海道,0112,上川中部,R7-0112-27,112北海道上川中部,27,14,医療法人社団旭豊会旭川三愛病院,旭川市
R7,01,北海道,0112,上川中部,R7-0112-28,112北海道上川中部,28,15,医療法人健康会くにもと病院,旭川市
R7,01,北海道,0112,上川中部,R7-0112-29,112北海道上川中部,29,16,旭川脳神経外科循環器内科病院,旭川市
R7,01,北海道,0112,上川中部,R7-0112-30,112北海道上川中部,30,17,医療法人社団博彰会旭川記念病院,旭川市
R7,01,北海道,0112,上川中部,R7-0112-31,112北海道上川中部,31,18,医療法人仁友会北彩都病院,旭川市
R7,01,北海道,0112,上川中部,R7-0112-32,112北海道上川中部,32,19,社会医療法人元生会森山メモリアル病院,旭川市
R7,01,北海道,0112,上川中部,R7-0112-33,112北海道上川中部,33,20,東旭川病院,旭川市
R7,01,北海道,0112,上川中部,R7-0112-34,112北海道上川中部,34,21,整形外科進藤病院,旭川市
R7,01,北海道,0112,上川中部,R7-0112-35,112北海道上川中部,35,22,医療法人社団恩和会旭川高砂台病院,旭川市
R7,01,北海道,0112,上川中部,R7-0112-36,112北海道上川中部,36,23,医療法人中島病院,旭川市
R7,01,北海道,0112,上川中部,R7-0112-37,112北海道上川中部,37,24,医療法人社団杏仁会大雪病院,旭川市
R7,01,北海道,0112,上川中部,R7-0112-38,112北海道上川中部,38,25,美瑛町立病院,美瑛町
R7,01,北海道,0112,上川中部,R7-0112-39,112北海道上川中部,39,26,医療法人社団創成旭川南病院,旭川市
R7,01,北海道,0112,上川中部,R7-0112-40,112北海道上川中部,40,27,北海道立旭川子ども総合療育センター,旭川市
R7,01,北海道,0112,上川中部,R7-0112-41,112北海道上川中部,41,28,医療法人唐沢病院,旭川市
R7,01,北海道,0112,上川中部,R7-0112-42,112北海道上川中部,42,29,医療法人健光会旭川ﾍﾟｲﾝｸﾘﾆｯｸ病院,旭川市
R7,01,北海道,0112,上川中部,R7-0112-43,112北海道上川中部,43,30,医療法人清陵会藤井病院,旭川市
R7,01,北海道,0112,上川中部,R7-0112-44,112北海道上川中部,44,31,医療法人社団功和会佐久間病院,旭川市
R7,01,北海道,0112,上川中部,R7-0112-45,112北海道上川中部,45,32,医療法人社団弘和会森産科婦人科病院,旭川市
R7,01,北海道,0112,上川中部,R7-0112-46,112北海道上川中部,46,33,医療法人社団心優会沼﨑病院,旭川市
R7,01,北海道,0112,上川中部,R7-0112-47,112北海道上川中部,47,34,フクダクリニック,旭川市
R7,01,北海道,0112,上川中部,R7-0112-48,112北海道上川中部,48,35,医療法人仁友会豊岡内科整形外科クリニック,旭川市
R7,01,北海道,0112,上川中部,R7-0112-49,112北海道上川中部,49,36,医療法人社団及川医院,旭川市
R7,01,北海道,0112,上川中部,R7-0112-50,112北海道上川中部,50,37,医療法人社団真口内科小児科医院,旭川市
R7,01,北海道,0112,上川中部,R7-0112-51,112北海道上川中部,51,38,医療法人社団にしきまち通りクリニック,旭川市
R7,01,北海道,0112,上川中部,R7-0112-52,112北海道上川中部,52,39,医療法人社団みどり野クリニック,旭川市
R7,01,北海道,0112,上川中部,R7-0112-53,112北海道上川中部,53,40,医療法人社団幾晃会木原循環器科内科医院,旭川市
R7,01,北海道,0112,上川中部,R7-0112-54,112北海道上川中部,54,41,医療法人社団キュアメディクス旭川キュアメディクス,旭川市
R7,01,北海道,0112,上川中部,R7-0112-55,112北海道上川中部,55,42,医療法人社団さとう整形外科,旭川市
R7,01,北海道,0112,上川中部,R7-0112-56,112北海道上川中部,56,43,医療法人社団真佑会旭川消化器肛門クリニック,旭川市
R7,01,北海道,0112,上川中部,R7-0112-57,112北海道上川中部,57,44,医療法人社団豊和会豊岡産科婦人科医院,旭川市
R7,01,北海道,0112,上川中部,R7-0112-58,112北海道上川中部,58,45,国民健康保険上川医療センター,上川町
R7,01,北海道,0112,上川中部,R7-0112-59,112北海道上川中部,59,46,国民健康保険東川町立診療所,東川町
R7,01,北海道,0112,上川中部,R7-0112-60,112北海道上川中部,60,47,医療法人社団とくひろ整形外科クリニック,旭川市
R7,01,北海道,0112,上川中部,R7-0112-61,112北海道上川中部,61,48,医療法人社団東光マタニティクリニック,旭川市
R7,01,北海道,0112,上川中部,R7-0112-62,112北海道上川中部,62,49,医療法人社団たけだ産婦人科クリニック,旭川市
R7,01,北海道,0112,上川中部,R7-0112-63,112北海道上川中部,63,50,医療法人社団腎愛会だてクリニック,旭川市
R7,01,北海道,0112,上川中部,R7-0112-64,112北海道上川中部,64,51,医療法人社団山田眼科,旭川市
R7,01,北海道,0112,上川中部,R7-0112-65,112北海道上川中部,65,52,松井眼科医院,旭川市
R7,01,北海道,0112,上川中部,R7-0112-66,112北海道上川中部,66,53,なかの呼吸器科内科クリニック,旭川市
R7,01,北海道,0112,上川中部,R7-0112-67,112北海道上川中部,67,54,医療法人社団みずうち産科婦人科,旭川市
R7,01,北海道,0112,上川中部,R7-0112-68,112北海道上川中部,68,55,医療法人社団東旭川宏生会林医院,旭川市
R7,01,北海道,0112,上川中部,R7-0112-69,112北海道上川中部,69,56,医療法人社団浅井医院,鷹栖町
R7,01,北海道,0112,上川中部,R7-0112-70,112北海道上川中部,70,57,上村産科婦人科医院,旭川市
R7,01,北海道,0112,上川中部,R7-0112-71,112北海道上川中部,71,58,はらだ内科内視鏡健診クリニック,旭川市
R7,01,北海道,0113,上川北部,R7-0113-14,113北海道上川北部,14,1,名寄市立総合病院,名寄市
R7,01,北海道,0113,上川北部,R7-0113-15,113北海道上川北部,15,2,士別市立病院,士別市
R7,01,北海道,0113,上川北部,R7-0113-16,113北海道上川北部,16,3,名寄東病院,名寄市
R7,01,北海道,0113,上川北部,R7-0113-17,113北海道上川北部,17,4,医療法人社団三愛会名寄三愛病院,名寄市
R7,01,北海道,0113,上川北部,R7-0113-18,113北海道上川北部,18,5,ＪＡ北海道厚生連美深厚生病院,美深町
R7,01,北海道,0113,上川北部,R7-0113-19,113北海道上川北部,19,6,医療法人臨生会吉田病院,名寄市
R7,01,北海道,0113,上川北部,R7-0113-20,113北海道上川北部,20,7,町立下川病院,下川町
R7,01,北海道,0113,上川北部,R7-0113-21,113北海道上川北部,21,8,音威子府村立診療所,音威子府村
R7,01,北海道,0113,上川北部,R7-0113-22,113北海道上川北部,22,9,中川町立診療所,中川町
R7,01,北海道,0114,富良野,R7-0114-14,114北海道富良野,14,1,社会福祉法人北海道社会事業協会富良野病院,富良野市
R7,01,北海道,0114,富良野,R7-0114-15,114北海道富良野,15,2,医療法人社団ふらの西病院,富良野市
R7,01,北海道,0114,富良野,R7-0114-16,114北海道富良野,16,3,上富良野町立病院,上富良野町
R7,01,北海道,0114,富良野,R7-0114-17,114北海道富良野,17,4,医療法人社団かわむら整形外科医院,富良野市
R7,01,北海道,0115,留萌,R7-0115-14,115北海道留萌,14,1,医療法人社団心優会留萌記念病院,留萌市
R7,01,北海道,0115,留萌,R7-0115-15,115北海道留萌,15,2,留萌市立病院,留萌市
R7,01,北海道,0115,留萌,R7-0115-16,115北海道留萌,16,3,北海道立羽幌病院,羽幌町
R7,01,北海道,0115,留萌,R7-0115-17,115北海道留萌,17,4,天塩町立国民健康保険病院,天塩町
R7,01,北海道,0115,留萌,R7-0115-18,115北海道留萌,18,5,社会医療法人 孝仁会 留萌セントラルクリニック,留萌市
R7,01,北海道,0115,留萌,R7-0115-19,115北海道留萌,19,6,遠別町国民健康保険診療所,遠別町
R7,01,北海道,0116,宗谷,R7-0116-14,116北海道宗谷,14,1,市立稚内病院,稚内市
R7,01,北海道,0116,宗谷,R7-0116-15,116北海道宗谷,15,2,社会医療法人禎心会稚内禎心会病院,稚内市
R7,01,北海道,0116,宗谷,R7-0116-16,116北海道宗谷,16,3,枝幸町国民健康保険病院,枝幸町
R7,01,北海道,0116,宗谷,R7-0116-17,116北海道宗谷,17,4,利尻島国保中央病院,利尻町
R7,01,北海道,0116,宗谷,R7-0116-18,116北海道宗谷,18,5,浜頓別町国民健康保険病院,浜頓別町
R7,01,北海道,0116,宗谷,R7-0116-19,116北海道宗谷,19,6,中頓別町国民健康保険病院,中頓別町
R7,01,北海道,0116,宗谷,R7-0116-20,116北海道宗谷,20,7,クリニック森の風,稚内市
R7,01,北海道,0116,宗谷,R7-0116-21,116北海道宗谷,21,8,豊富町国民健康保険診療所,豊富町
R7,01,北海道,0116,宗谷,R7-0116-22,116北海道宗谷,22,9,礼文町国民健康保険船泊診療所,礼文町
R7,01,北海道,0116,宗谷,R7-0116-23,116北海道宗谷,23,10,幌延町国民健康保険診療所,幌延町
R7,01,北海道,0116,宗谷,R7-0116-24,116北海道宗谷,24,11,猿払村国民健康保険診療所,猿払村
R7,01,北海道,0117,北網,R7-0117-14,117北海道北網,14,1,北見赤十字病院,北見市
R7,01,北海道,0117,北網,R7-0117-15,117北海道北網,15,2,医療法人社団桜会　小林病院,北見市
R7,01,北海道,0117,北網,R7-0117-16,117北海道北網,16,3,ＪＡ北海道厚生連網走厚生病院,網走市
R7,01,北海道,0117,北網,R7-0117-17,117北海道北網,17,4,医療法人讃生会網走記念病院,網走市
R7,01,北海道,0117,北網,R7-0117-18,117北海道北網,18,5,医療法人社団高翔会 北星記念病院,北見市
R7,01,北海道,0117,北網,R7-0117-19,117北海道北網,19,6,医療法人ケイ・アイオホーツク海病院,北見市
R7,01,北海道,0117,北網,R7-0117-20,117北海道北網,20,7,美幌町立国民健康保険病院,美幌町
R7,01,北海道,0117,北網,R7-0117-21,117北海道北網,21,8,斜里町国民健康保険病院,斜里町
R7,01,北海道,0117,北網,R7-0117-22,117北海道北網,22,9,置戸赤十字病院,置戸町
R7,01,北海道,0117,北網,R7-0117-23,117北海道北網,23,10,美幌療育病院,美幌町
R7,01,北海道,0117,北網,R7-0117-24,117北海道北網,24,11,小清水赤十字病院,小清水町
R7,01,北海道,0117,北網,R7-0117-25,117北海道北網,25,12,社会医療法人明生会道東の森総合病院,北見市
R7,01,北海道,0117,北網,R7-0117-26,117北海道北網,26,13,医療法人社団双心会女満別中央病院,大空町
R7,01,北海道,0117,北網,R7-0117-27,117北海道北網,27,14,北見北斗病院,北見市
R7,01,北海道,0117,北網,R7-0117-28,117北海道北網,28,15,北海道立北見病院,北見市
R7,01,北海道,0117,北網,R7-0117-29,117北海道北網,29,16,津別病院,津別町
R7,01,北海道,0117,北網,R7-0117-30,117北海道北網,30,17,ＪＡ北海道厚生連常呂厚生病院,北見市
R7,01,北海道,0117,北網,R7-0117-31,117北海道北網,31,18,オホーツク勤医協北見病院,北見市
R7,01,北海道,0117,北網,R7-0117-32,117北海道北網,32,19,社会医療法人耳鼻咽喉科麻生北見病院,北見市
R7,01,北海道,0117,北網,R7-0117-33,117北海道北網,33,20,医療法人社団公和会中村記念愛成病院,北見市
R7,01,北海道,0117,北網,R7-0117-34,117北海道北網,34,21,医療法人社団網走中央病院,網走市
R7,01,北海道,0117,北網,R7-0117-35,117北海道北網,35,22,医療法人社団久仁会白川整形外科内科,北見市
R7,01,北海道,0117,北網,R7-0117-36,117北海道北網,36,23,医療法人社団煌生会北見循環器クリニック,北見市
R7,01,北海道,0117,北網,R7-0117-37,117北海道北網,37,24,医療法人社団南5条クリニック藤田整形外科内科,網走市
R7,01,北海道,0117,北網,R7-0117-38,117北海道北網,38,25,金川医院,網走市
R7,01,北海道,0117,北網,R7-0117-39,117北海道北網,39,26,訓子府クリニック,訓子府町
R7,01,北海道,0117,北網,R7-0117-40,117北海道北網,40,27,産科・婦人科北見レディースクリニック,北見市
R7,01,北海道,0117,北網,R7-0117-41,117北海道北網,41,28,医療法人社団北見眼科,北見市
R7,01,北海道,0117,北網,R7-0117-42,117北海道北網,42,29,医療法人社団悠々会北見消化器クリニック,北見市
R7,01,北海道,0117,北網,R7-0117-43,117北海道北網,43,30,やまかわウィメンズクリニック,北見市
R7,01,北海道,0118,遠紋,R7-0118-14,118北海道遠紋,14,1,ＪＡ北海道厚生連遠軽厚生病院,遠軽町
R7,01,北海道,0118,遠紋,R7-0118-15,118北海道遠紋,15,2,広域紋別病院,紋別市
R7,01,北海道,0118,遠紋,R7-0118-16,118北海道遠紋,16,3,医療法人社団幸栄病院,紋別市
R7,01,北海道,0118,遠紋,R7-0118-17,118北海道遠紋,17,4,興部町国民健康保険病院,興部町
R7,01,北海道,0118,遠紋,R7-0118-18,118北海道遠紋,18,5,医療法人社団耕仁会曽我病院,湧別町
R7,01,北海道,0118,遠紋,R7-0118-19,118北海道遠紋,19,6,雄武町国民健康保険病院,雄武町
R7,01,北海道,0118,遠紋,R7-0118-20,118北海道遠紋,20,7,小林整形外科,紋別市
R7,01,北海道,0118,遠紋,R7-0118-21,118北海道遠紋,21,8,クリニックさろま,佐呂間町
R7,01,北海道,0118,遠紋,R7-0118-22,118北海道遠紋,22,9,滝上町国民健康保険診療所,滝上町
R7,01,北海道,0118,遠紋,R7-0118-23,118北海道遠紋,23,10,大原医院,紋別市
R7,01,北海道,0118,遠紋,R7-0118-24,118北海道遠紋,24,11,医療法人縁紡会遠軽共立医院,遠軽町
R7,01,北海道,0118,遠紋,R7-0118-25,118北海道遠紋,25,12,医療法人社団耕仁会曽我クリニック,紋別市
R7,01,北海道,0119,十勝,R7-0119-14,119北海道十勝,14,1,ＪＡ北海道厚生連帯広厚生病院,帯広市
R7,01,北海道,0119,十勝,R7-0119-15,119北海道十勝,15,2,社会福祉法人北海道社会事業協会帯広病院,帯広市
R7,01,北海道,0119,十勝,R7-0119-16,119北海道十勝,16,3,社会医療法人 北斗 北斗病院,帯広市
R7,01,北海道,0119,十勝,R7-0119-17,119北海道十勝,17,4,帯広記念病院,帯広市
R7,01,北海道,0119,十勝,R7-0119-18,119北海道十勝,18,5,社会医療法人北斗十勝リハビリテーションセンター,帯広市
R7,01,北海道,0119,十勝,R7-0119-19,119北海道十勝,19,6,社会医療法人博愛会開西病院,帯広市
R7,01,北海道,0119,十勝,R7-0119-20,119北海道十勝,20,7,公益財団法人北海道医療団帯広第一病院,帯広市
R7,01,北海道,0119,十勝,R7-0119-21,119北海道十勝,21,8,帯広中央病院,帯広市
R7,01,北海道,0119,十勝,R7-0119-22,119北海道十勝,22,9,医療法人社団刀圭会　協立病院,帯広市
R7,01,北海道,0119,十勝,R7-0119-23,119北海道十勝,23,10,医療法人社団翔嶺館音更宏明館病院,音更町
R7,01,北海道,0119,十勝,R7-0119-24,119北海道十勝,24,11,医療法人徳洲会帯広徳洲会病院,音更町
R7,01,北海道,0119,十勝,R7-0119-25,119北海道十勝,25,12,医療法人社団芳誠会十勝脳神経外科病院,帯広市
R7,01,北海道,0119,十勝,R7-0119-26,119北海道十勝,26,13,公立芽室病院,芽室町
R7,01,北海道,0119,十勝,R7-0119-27,119北海道十勝,27,14,医療法人社団翔嶺館十勝の杜病院,幕別町
R7,01,北海道,0119,十勝,R7-0119-28,119北海道十勝,28,15,公益財団法人北海道医療団音更病院,音更町
R7,01,北海道,0119,十勝,R7-0119-29,119北海道十勝,29,16,社会福祉法人真宗協会帯広光南病院,帯広市
R7,01,北海道,0119,十勝,R7-0119-30,119北海道十勝,30,17,清水赤十字病院,清水町
R7,01,北海道,0119,十勝,R7-0119-31,119北海道十勝,31,18,公益財団法人北海道医療団帯広西病院,帯広市
R7,01,北海道,0119,十勝,R7-0119-32,119北海道十勝,32,19,十勝いけだ地域医療センター,池田町
R7,01,北海道,0119,十勝,R7-0119-33,119北海道十勝,33,20,本別町国民健康保険病院,本別町
R7,01,北海道,0119,十勝,R7-0119-34,119北海道十勝,34,21,足寄町国民健康保険病院,足寄町
R7,01,北海道,0119,十勝,R7-0119-35,119北海道十勝,35,22,医療法人社団慶愛慶愛病院,帯広市
R7,01,北海道,0119,十勝,R7-0119-36,119北海道十勝,36,23,十勝勤医協帯広病院,帯広市
R7,01,北海道,0119,十勝,R7-0119-37,119北海道十勝,37,24,士幌町国民健康保険病院,士幌町
R7,01,北海道,0119,十勝,R7-0119-38,119北海道十勝,38,25,鹿追町国民健康保険病院,鹿追町
R7,01,北海道,0119,十勝,R7-0119-39,119北海道十勝,39,26,大樹町立国民健康保険病院,大樹町
R7,01,北海道,0119,十勝,R7-0119-40,119北海道十勝,40,27,広尾町国民健康保険病院,広尾町
R7,01,北海道,0119,十勝,R7-0119-41,119北海道十勝,41,28,医療法人進和会西２条腎泌尿器科病院,帯広市
R7,01,北海道,0119,十勝,R7-0119-42,119北海道十勝,42,29,帯広整形外科,帯広市
R7,01,北海道,0119,十勝,R7-0119-43,119北海道十勝,43,30,医療法人社団上徳整形外科医院,帯広市
R7,01,北海道,0119,十勝,R7-0119-44,119北海道十勝,44,31,医療法人前田クリニックサホロクリニック,新得町
R7,01,北海道,0119,十勝,R7-0119-45,119北海道十勝,45,32,医療法人前田クリニック,清水町
R7,01,北海道,0119,十勝,R7-0119-46,119北海道十勝,46,33,更別村国民健康保険診療所,更別村
R7,01,北海道,0119,十勝,R7-0119-47,119北海道十勝,47,34,豊頃町立豊頃医院,豊頃町
R7,01,北海道,0119,十勝,R7-0119-48,119北海道十勝,48,35,浦幌町立診療所,浦幌町
R7,01,北海道,0119,十勝,R7-0119-49,119北海道十勝,49,36,医療法人社団典俊会帯広泌尿器科,帯広市
R7,01,北海道,0119,十勝,R7-0119-50,119北海道十勝,50,37,医療法人社団さくら慈愛会帯広眼科,帯広市
R7,01,北海道,0119,十勝,R7-0119-51,119北海道十勝,51,38,医療法人社団高山泌尿器科,帯広市
R7,01,北海道,0119,十勝,R7-0119-52,119北海道十勝,52,39,陸別町国民健康保険関寛斎診療所,陸別町
R7,01,北海道,0119,十勝,R7-0119-53,119北海道十勝,53,40,原田眼科医院,帯広市
R7,01,北海道,0119,十勝,R7-0119-54,119北海道十勝,54,41,御影診療所,清水町
R7,01,北海道,0119,十勝,R7-0119-55,119北海道十勝,55,42,社会医療法人北斗上士幌クリニック,上士幌町
R7,01,北海道,0119,十勝,R7-0119-56,119北海道十勝,56,43,社会医療法人博愛会新井医院,帯広市
R7,01,北海道,0119,十勝,R7-0119-57,119北海道十勝,57,44,帯広レディースクリニック,帯広市
R7,01,北海道,0119,十勝,R7-0119-58,119北海道十勝,58,45,医療法人社団慶香会坂野産科婦人科,帯広市
R7,01,北海道,0119,十勝,R7-0119-59,119北海道十勝,59,46,独立行政法人国立病院機構帯広病院,
R7,01,北海道,0120,釧路,R7-0120-14,120北海道釧路,14,1,市立釧路総合病院,釧路市
R7,01,北海道,0120,釧路,R7-0120-15,120北海道釧路,15,2,総合病院釧路赤十字病院,釧路市
R7,01,北海道,0120,釧路,R7-0120-16,120北海道釧路,16,3,独立行政法人労働者健康安全機構釧路労災病院,釧路市
R7,01,北海道,0120,釧路,R7-0120-17,120北海道釧路,17,4,医療法人豊慈会釧路北病院,釧路市
R7,01,北海道,0120,釧路,R7-0120-18,120北海道釧路,18,5,社会医療法人孝仁会 釧路孝仁会記念病院,釧路市
R7,01,北海道,0120,釧路,R7-0120-19,120北海道釧路,19,6,医療法人東北海道病院,釧路市
R7,01,北海道,0120,釧路,R7-0120-20,120北海道釧路,20,7,医療法人扶恵会釧路中央病院,釧路市
R7,01,北海道,0120,釧路,R7-0120-21,120北海道釧路,21,8,社会医療法人孝仁会 釧路孝仁会リハビリデーション病院,釧路市
R7,01,北海道,0120,釧路,R7-0120-22,120北海道釧路,22,9,医療法人社団三慈会釧路三慈会病院,釧路市
R7,01,北海道,0120,釧路,R7-0120-23,120北海道釧路,23,10,道東勤医協釧路協立病院,釧路市
R7,01,北海道,0120,釧路,R7-0120-24,120北海道釧路,24,11,医療法人社団敬愛会白樺台病院,釧路市
R7,01,北海道,0120,釧路,R7-0120-25,120北海道釧路,25,12,医療法人太平洋記念みなみ病院,釧路市
R7,01,北海道,0120,釧路,R7-0120-26,120北海道釧路,26,13,医療法人共生会川湯の森病院,弟子屈町
R7,01,北海道,0120,釧路,R7-0120-27,120北海道釧路,27,14,ＪＡ北海道厚生連摩周厚生病院,弟子屈町
R7,01,北海道,0120,釧路,R7-0120-28,120北海道釧路,28,15,医療法人社団美生会釧路第一病院,釧路市
R7,01,北海道,0120,釧路,R7-0120-29,120北海道釧路,29,16,標茶町立病院,標茶町
R7,01,北海道,0120,釧路,R7-0120-30,120北海道釧路,30,17,町立厚岸病院,厚岸町
R7,01,北海道,0120,釧路,R7-0120-31,120北海道釧路,31,18,医療法人社団藤花会 釧路谷藤病院,釧路市
R7,01,北海道,0120,釧路,R7-0120-32,120北海道釧路,32,19,中村眼科医院,釧路市
R7,01,北海道,0120,釧路,R7-0120-33,120北海道釧路,33,20,医療法人社団新橋肛門科クリニック,釧路市
R7,01,北海道,0120,釧路,R7-0120-34,120北海道釧路,34,21,市立釧路国民健康保険音別診療所,釧路市
R7,01,北海道,0120,釧路,R7-0120-35,120北海道釧路,35,22,市立釧路国民健康保険阿寒診療所,釧路市
R7,01,北海道,0120,釧路,R7-0120-36,120北海道釧路,36,23,医療法人社団明眸会カケハシ眼科内科,釧路市
R7,01,北海道,0120,釧路,R7-0120-37,120北海道釧路,37,24,足立泌尿器科クリニック,釧路市
R7,01,北海道,0120,釧路,R7-0120-38,120北海道釧路,38,25,浜中町立浜中診療所,浜中町
R7,01,北海道,0120,釧路,R7-0120-39,120北海道釧路,39,26,医療法人社団三慈会西池彰記念クリニック,釧路市
R7,01,北海道,0120,釧路,R7-0120-40,120北海道釧路,40,27,医療法人社団林田クリニック,釧路市
R7,01,北海道,0120,釧路,R7-0120-41,120北海道釧路,41,28,医療法人社団足立産婦人科クリニック,釧路市
R7,01,北海道,0120,釧路,R7-0120-42,120北海道釧路,42,29,くしろレディースクリニック,釧路市
R7,01,北海道,0120,釧路,R7-0120-43,120北海道釧路,43,30,釧央脳神経外科病院,
R7,01,北海道,0121,根室,R7-0121-14,121北海道根室,14,1,町立中標津病院,中標津町
R7,01,北海道,0121,根室,R7-0121-15,121北海道根室,15,2,市立根室病院,根室市
R7,01,北海道,0121,根室,R7-0121-16,121北海道根室,16,3,町立別海病院,別海町
R7,01,北海道,0121,根室,R7-0121-17,121北海道根室,17,4,医療法人樹恵会石田病院,中標津町
R7,01,北海道,0121,根室,R7-0121-18,121北海道根室,18,5,標津町国民健康保険標津病院,標津町
R7,01,北海道,0121,根室,R7-0121-19,121北海道根室,19,6,知床らうす国民健康保険診療所,羅臼町
R7,02,青森県,0201,津軽地域,R7-0201-14,201青森県津軽地域,14,1,弘前大学医学部附属病院,弘前市
R7,02,青森県,0201,津軽地域,R7-0201-15,201青森県津軽地域,15,2,独立行政法人国立病院機構弘前総合医療センター,弘前市
R7,02,青森県,0201,津軽地域,R7-0201-16,201青森県津軽地域,16,3,津軽保健生活協同組合 健生病院,弘前市
R7,02,青森県,0201,津軽地域,R7-0201-17,201青森県津軽地域,17,4,弘前脳卒中・リハビリテーションセンター,弘前市
R7,02,青森県,0201,津軽地域,R7-0201-18,201青森県津軽地域,18,5,一般財団法人双仁会黒石厚生病院,黒石市
R7,02,青森県,0201,津軽地域,R7-0201-19,201青森県津軽地域,19,6,黒石市国民健康保険黒石病院,黒石市
R7,02,青森県,0201,津軽地域,R7-0201-20,201青森県津軽地域,20,7,弘前中央病院,弘前市
R7,02,青森県,0201,津軽地域,R7-0201-21,201青森県津軽地域,21,8,弘前記念病院,弘前市
R7,02,青森県,0201,津軽地域,R7-0201-22,201青森県津軽地域,22,9,ときわ会病院,藤崎町
R7,02,青森県,0201,津軽地域,R7-0201-23,201青森県津軽地域,23,10,弘前メディカルセンター,弘前市
R7,02,青森県,0201,津軽地域,R7-0201-24,201青森県津軽地域,24,11,鳴海病院,弘前市
R7,02,青森県,0201,津軽地域,R7-0201-25,201青森県津軽地域,25,12,公益財団法人鷹揚郷腎研究所弘前病院,弘前市
R7,02,青森県,0201,津軽地域,R7-0201-26,201青森県津軽地域,26,13,医療法人元秀会弘前小野病院,弘前市
R7,02,青森県,0201,津軽地域,R7-0201-27,201青森県津軽地域,27,14,弘愛会病院,弘前市
R7,02,青森県,0201,津軽地域,R7-0201-28,201青森県津軽地域,28,15,国民健康保険板柳中央病院,板柳町
R7,02,青森県,0201,津軽地域,R7-0201-29,201青森県津軽地域,29,16,しらとりレディスクリニック,弘前市
R7,02,青森県,0201,津軽地域,R7-0201-30,201青森県津軽地域,30,17,弘前温泉養生医院,弘前市
R7,02,青森県,0201,津軽地域,R7-0201-31,201青森県津軽地域,31,18,医療法人社団クロース・トゥ・ユーESTクリニック,弘前市
R7,02,青森県,0201,津軽地域,R7-0201-32,201青森県津軽地域,32,19,医療法人市川整形外科クリニック,弘前市
R7,02,青森県,0201,津軽地域,R7-0201-33,201青森県津軽地域,33,20,一般社団法人慈育会福士医院,弘前市
R7,02,青森県,0201,津軽地域,R7-0201-34,201青森県津軽地域,34,21,関医院中津軽診療所,弘前市
R7,02,青森県,0201,津軽地域,R7-0201-35,201青森県津軽地域,35,22,近江整形外科,弘前市
R7,02,青森県,0201,津軽地域,R7-0201-36,201青森県津軽地域,36,23,さがらクリニック,弘前市
R7,02,青森県,0201,津軽地域,R7-0201-37,201青森県津軽地域,37,24,津軽三育医院,田舎館村
R7,02,青森県,0201,津軽地域,R7-0201-38,201青森県津軽地域,38,25,渡部胃腸科内科,板柳町
R7,02,青森県,0201,津軽地域,R7-0201-39,201青森県津軽地域,39,26,町立大鰐診療所,大鰐町
R7,02,青森県,0201,津軽地域,R7-0201-40,201青森県津軽地域,40,27,早川内科肛門科,弘前市
R7,02,青森県,0201,津軽地域,R7-0201-41,201青森県津軽地域,41,28,野宮医院,板柳町
R7,02,青森県,0201,津軽地域,R7-0201-42,201青森県津軽地域,42,29,医療法人吉祥会 吉田クリニック,弘前市
R7,02,青森県,0201,津軽地域,R7-0201-43,201青森県津軽地域,43,30,下田クリニック,弘前市
R7,02,青森県,0201,津軽地域,R7-0201-44,201青森県津軽地域,44,31,医療法人社団クロース・トゥ・ユーESTクリニック2,弘前市
R7,02,青森県,0201,津軽地域,R7-0201-45,201青森県津軽地域,45,32,医療法人成心会 なりた内科クリニック,弘前市
R7,02,青森県,0201,津軽地域,R7-0201-46,201青森県津軽地域,46,33,ふくしまクリニック,平川市
R7,02,青森県,0201,津軽地域,R7-0201-47,201青森県津軽地域,47,34,レディスクリニックすごう,弘前市
R7,02,青森県,0201,津軽地域,R7-0201-48,201青森県津軽地域,48,35,たかはし内科胃腸科小児科,弘前市
R7,02,青森県,0201,津軽地域,R7-0201-49,201青森県津軽地域,49,36,藤盛医院,弘前市
R7,02,青森県,0201,津軽地域,R7-0201-50,201青森県津軽地域,50,37,医療法人施仁会ゆざわ産婦人科クリニック,弘前市
R7,02,青森県,0201,津軽地域,R7-0201-51,201青森県津軽地域,51,38,いちろうクリニック,弘前市
R7,02,青森県,0201,津軽地域,R7-0201-52,201青森県津軽地域,52,39,医療法人いくこ耳鼻科クリニック,弘前市
R7,02,青森県,0201,津軽地域,R7-0201-53,201青森県津軽地域,53,40,メーラ.レディスクリニック,弘前市
R7,02,青森県,0201,津軽地域,R7-0201-54,201青森県津軽地域,54,41,松本眼科,弘前市
R7,02,青森県,0201,津軽地域,R7-0201-55,201青森県津軽地域,55,42,山形内科クリニック,弘前市
R7,02,青森県,0201,津軽地域,R7-0201-56,201青森県津軽地域,56,43,医療法人吉田耳鼻咽喉科医院よしだ耳鼻科・小児科,弘前市
R7,02,青森県,0201,津軽地域,R7-0201-57,201青森県津軽地域,57,44,おおた眼科,弘前市
R7,02,青森県,0201,津軽地域,R7-0201-58,201青森県津軽地域,58,45,医療法人聖誠会 石澤内科胃腸科,弘前市
R7,02,青森県,0201,津軽地域,R7-0201-59,201青森県津軽地域,59,46,おおはしクリニック,弘前市
R7,02,青森県,0201,津軽地域,R7-0201-60,201青森県津軽地域,60,47,副島胃腸科内科,弘前市
R7,02,青森県,0201,津軽地域,R7-0201-61,201青森県津軽地域,61,48,くどう内科　消化器・肝臓クリニック,弘前市
R7,02,青森県,0202,八戸地域,R7-0202-14,202青森県八戸地域,14,1,八戸市立市民病院,八戸市
R7,02,青森県,0202,八戸地域,R7-0202-15,202青森県八戸地域,15,2,八戸赤十字病院,八戸市
R7,02,青森県,0202,八戸地域,R7-0202-16,202青森県八戸地域,16,3,独立行政法人労働者健康安全機構青森労災病院,八戸市
R7,02,青森県,0202,八戸地域,R7-0202-17,202青森県八戸地域,17,4,メディカルコート八戸西病院,八戸市
R7,02,青森県,0202,八戸地域,R7-0202-18,202青森県八戸地域,18,5,独立行政法人国立病院機構八戸病院,八戸市
R7,02,青森県,0202,八戸地域,R7-0202-19,202青森県八戸地域,19,6,みちのく記念病院,八戸市
R7,02,青森県,0202,八戸地域,R7-0202-20,202青森県八戸地域,20,7,総合リハビリ美保野病院,八戸市
R7,02,青森県,0202,八戸地域,R7-0202-21,202青森県八戸地域,21,8,八戸平和病院,八戸市
R7,02,青森県,0202,八戸地域,R7-0202-22,202青森県八戸地域,22,9,八戸城北病院,八戸市
R7,02,青森県,0202,八戸地域,R7-0202-23,202青森県八戸地域,23,10,国民健康保険五戸総合病院,五戸町
R7,02,青森県,0202,八戸地域,R7-0202-24,202青森県八戸地域,24,11,岸原病院,八戸市
R7,02,青森県,0202,八戸地域,R7-0202-25,202青森県八戸地域,25,12,三戸町国民健康保険三戸中央病院,三戸町
R7,02,青森県,0202,八戸地域,R7-0202-26,202青森県八戸地域,26,13,青森県立はまなす医療療育センター,八戸市
R7,02,青森県,0202,八戸地域,R7-0202-27,202青森県八戸地域,27,14,国民健康保険おいらせ病院,おいらせ町
R7,02,青森県,0202,八戸地域,R7-0202-28,202青森県八戸地域,28,15,国民健康保険南部町医療センター,南部町
R7,02,青森県,0202,八戸地域,R7-0202-29,202青森県八戸地域,29,16,社会医療法人博進会南部病院,南部町
R7,02,青森県,0202,八戸地域,R7-0202-30,202青森県八戸地域,30,17,室岡整形外科記念病院,八戸市
R7,02,青森県,0202,八戸地域,R7-0202-31,202青森県八戸地域,31,18,医療法人於本病院,八戸市
R7,02,青森県,0202,八戸地域,R7-0202-32,202青森県八戸地域,32,19,圭仁会病院,八戸市
R7,02,青森県,0202,八戸地域,R7-0202-33,202青森県八戸地域,33,20,内科種市病院,八戸市
R7,02,青森県,0202,八戸地域,R7-0202-34,202青森県八戸地域,34,21,石田温泉病院,おいらせ町
R7,02,青森県,0202,八戸地域,R7-0202-35,202青森県八戸地域,35,22,なかざわスポーツクリニック,八戸市
R7,02,青森県,0202,八戸地域,R7-0202-36,202青森県八戸地域,36,23,はちのへ９９クリニック,八戸市
R7,02,青森県,0202,八戸地域,R7-0202-37,202青森県八戸地域,37,24,はちのへハートセンタークリニック,八戸市
R7,02,青森県,0202,八戸地域,R7-0202-38,202青森県八戸地域,38,25,関口内科クリニック,八戸市
R7,02,青森県,0202,八戸地域,R7-0202-39,202青森県八戸地域,39,26,田名部整形外科,八戸市
R7,02,青森県,0202,八戸地域,R7-0202-40,202青森県八戸地域,40,27,八戸クリニック,八戸市
R7,02,青森県,0202,八戸地域,R7-0202-41,202青森県八戸地域,41,28,下長内科クリニック,八戸市
R7,02,青森県,0202,八戸地域,R7-0202-42,202青森県八戸地域,42,29,坂本内科クリニック,八戸市
R7,02,青森県,0202,八戸地域,R7-0202-43,202青森県八戸地域,43,30,医療法人苫米地レディースクリニック,八戸市
R7,02,青森県,0202,八戸地域,R7-0202-44,202青森県八戸地域,44,31,八戸整形外科,八戸市
R7,02,青森県,0202,八戸地域,R7-0202-45,202青森県八戸地域,45,32,馬場町眼科クリニック,八戸市
R7,02,青森県,0202,八戸地域,R7-0202-46,202青森県八戸地域,46,33,熊谷眼科・形成外科医院,八戸市
R7,02,青森県,0202,八戸地域,R7-0202-47,202青森県八戸地域,47,34,山崎眼科,八戸市
R7,02,青森県,0202,八戸地域,R7-0202-48,202青森県八戸地域,48,35,ナンブクリニック,南部町
R7,02,青森県,0202,八戸地域,R7-0202-49,202青森県八戸地域,49,36,医療法人仁樹会鹿内眼科医院,八戸市
R7,02,青森県,0202,八戸地域,R7-0202-50,202青森県八戸地域,50,37,松橋眼科クリニック,八戸市
R7,02,青森県,0202,八戸地域,R7-0202-51,202青森県八戸地域,51,38,医療法人一松堂医院,八戸市
R7,02,青森県,0202,八戸地域,R7-0202-52,202青森県八戸地域,52,39,吹上眼科,八戸市
R7,02,青森県,0202,八戸地域,R7-0202-53,202青森県八戸地域,53,40,八戸医療生活協同組合 八戸生協診療所,八戸市
R7,02,青森県,0203,青森地域,R7-0203-14,203青森県青森地域,14,1,青森県立中央病院,青森市
R7,02,青森県,0203,青森地域,R7-0203-15,203青森県青森地域,15,2,青森市民病院,青森市
R7,02,青森県,0203,青森地域,R7-0203-16,203青森県青森地域,16,3,独立行政法人国立病院機構青森病院,青森市
R7,02,青森県,0203,青森地域,R7-0203-17,203青森県青森地域,17,4,青森慈恵会病院,青森市
R7,02,青森県,0203,青森地域,R7-0203-18,203青森県青森地域,18,5,あおもり協立病院,青森市
R7,02,青森県,0203,青森地域,R7-0203-19,203青森県青森地域,19,6,一般財団法人 双仁会 青森厚生病院,青森市
R7,02,青森県,0203,青森地域,R7-0203-20,203青森県青森地域,20,7,医療法人雄心会 青森新都市病院,青森市
R7,02,青森県,0203,青森地域,R7-0203-21,203青森県青森地域,21,8,医療法人芙蓉会村上病院,青森市
R7,02,青森県,0203,青森地域,R7-0203-22,203青森県青森地域,22,9,青森敬仁会病院,青森市
R7,02,青森県,0203,青森地域,R7-0203-23,203青森県青森地域,23,10,平内町国民健康保険 平内中央病院,平内町
R7,02,青森県,0203,青森地域,R7-0203-24,203青森県青森地域,24,11,村上新町病院,青森市
R7,02,青森県,0203,青森地域,R7-0203-25,203青森県青森地域,25,12,医療法人同仁会 浪打病院,青森市
R7,02,青森県,0203,青森地域,R7-0203-26,203青森県青森地域,26,13,こころのケアセンターふよう,青森市
R7,02,青森県,0203,青森地域,R7-0203-27,203青森県青森地域,27,14,公益財団法人鷹揚郷 腎研究所 青森病院,青森市
R7,02,青森県,0203,青森地域,R7-0203-28,203青森県青森地域,28,15,外ケ浜町国民健康保険外ケ浜中央病院,外ヶ浜町
R7,02,青森県,0203,青森地域,R7-0203-29,203青森県青森地域,29,16,青森市立浪岡病院,青森市
R7,02,青森県,0203,青森地域,R7-0203-30,203青森県青森地域,30,17,しんまちクリニック,青森市
R7,02,青森県,0203,青森地域,R7-0203-31,203青森県青森地域,31,18,まちだ内科クリニック,青森市
R7,02,青森県,0203,青森地域,R7-0203-32,203青森県青森地域,32,19,ミッドライフクリニックＡＭＣ,青森市
R7,02,青森県,0203,青森地域,R7-0203-33,203青森県青森地域,33,20,青い海公園クリニック,青森市
R7,02,青森県,0203,青森地域,R7-0203-34,203青森県青森地域,34,21,斉藤内科小児科医院,青森市
R7,02,青森県,0203,青森地域,R7-0203-35,203青森県青森地域,35,22,村林内科クリニック,青森市
R7,02,青森県,0203,青森地域,R7-0203-36,203青森県青森地域,36,23,ＡＭＣクリニック,青森市
R7,02,青森県,0203,青森地域,R7-0203-37,203青森県青森地域,37,24,西部整形外科医院,青森市
R7,02,青森県,0203,青森地域,R7-0203-38,203青森県青森地域,38,25,南内科循環器科医院,青森市
R7,02,青森県,0203,青森地域,R7-0203-39,203青森県青森地域,39,26,津軽今別医院,今別町
R7,02,青森県,0203,青森地域,R7-0203-40,203青森県青森地域,40,27,医療法人聖徳会　北川ひ尿器科クリニック,青森市
R7,02,青森県,0203,青森地域,R7-0203-41,203青森県青森地域,41,28,医療法人 レディスクリニック セントセシリア,青森市
R7,02,青森県,0203,青森地域,R7-0203-42,203青森県青森地域,42,29,青森県立あすなろ療育福祉センター診療部,青森市
R7,02,青森県,0203,青森地域,R7-0203-43,203青森県青森地域,43,30,小松整形外科スポーツクリニック,青森市
R7,02,青森県,0203,青森地域,R7-0203-44,203青森県青森地域,44,31,エフ．クリニック,青森市
R7,02,青森県,0203,青森地域,R7-0203-45,203青森県青森地域,45,32,あおもり腎透析・泌尿器科クリニック,青森市
R7,02,青森県,0203,青森地域,R7-0203-46,203青森県青森地域,46,33,とよあきクリニック,青森市
R7,02,青森県,0203,青森地域,R7-0203-47,203青森県青森地域,47,34,青森眼科クリニック,青森市
R7,02,青森県,0203,青森地域,R7-0203-48,203青森県青森地域,48,35,千歳産婦人科医院,青森市
R7,02,青森県,0203,青森地域,R7-0203-49,203青森県青森地域,49,36,ごん眼科,青森市
R7,02,青森県,0203,青森地域,R7-0203-50,203青森県青森地域,50,37,青森クリニック,青森市
R7,02,青森県,0203,青森地域,R7-0203-51,203青森県青森地域,51,38,川口内科,青森市
R7,02,青森県,0203,青森地域,R7-0203-52,203青森県青森地域,52,39,国立療養所松丘保養園,青森市
R7,02,青森県,0203,青森地域,R7-0203-53,203青森県青森地域,53,40,白取医院,青森市
R7,02,青森県,0204,西北五地域,R7-0204-14,204青森県西北五地域,14,1,つがる西北五広域連合つがる総合病院,五所川原市
R7,02,青森県,0204,西北五地域,R7-0204-15,204青森県西北五地域,15,2,医療法人済生堂 増田病院,五所川原市
R7,02,青森県,0204,西北五地域,R7-0204-16,204青森県西北五地域,16,3,つがる西北五広域連合かなぎ病院,五所川原市
R7,02,青森県,0204,西北五地域,R7-0204-17,204青森県西北五地域,17,4,つがる西北五広域連合鰺ヶ沢病院,鰺ヶ沢町
R7,02,青森県,0204,西北五地域,R7-0204-18,204青森県西北五地域,18,5,医療法人誠仁会尾野病院,つがる市
R7,02,青森県,0204,西北五地域,R7-0204-19,204青森県西北五地域,19,6,医療法人慈仁会尾野病院,五所川原市
R7,02,青森県,0204,西北五地域,R7-0204-20,204青森県西北五地域,20,7,白生会クリニック,五所川原市
R7,02,青森県,0204,西北五地域,R7-0204-21,204青森県西北五地域,21,8,エルム女性クリニック,五所川原市
R7,02,青森県,0205,上十三地域,R7-0205-14,205青森県上十三地域,14,1,十和田市立中央病院,十和田市
R7,02,青森県,0205,上十三地域,R7-0205-15,205青森県上十三地域,15,2,三沢市立三沢病院,三沢市
R7,02,青森県,0205,上十三地域,R7-0205-16,205青森県上十三地域,16,3,公立野辺地病院,野辺地町
R7,02,青森県,0205,上十三地域,R7-0205-17,205青森県上十三地域,17,4,医療法人社団良風会ちびき病院,東北町
R7,02,青森県,0205,上十三地域,R7-0205-18,205青森県上十三地域,18,5,一般財団法人仁和会 三沢中央病院,三沢市
R7,02,青森県,0205,上十三地域,R7-0205-19,205青森県上十三地域,19,6,公立七戸病院,七戸町
R7,02,青森県,0205,上十三地域,R7-0205-20,205青森県上十三地域,20,7,医療法人泰仁会十和田第一病院,十和田市
R7,02,青森県,0205,上十三地域,R7-0205-21,205青森県上十三地域,21,8,医療法人赤心会十和田東病院,十和田市
R7,02,青森県,0205,上十三地域,R7-0205-22,205青森県上十三地域,22,9,はし眼科,十和田市
R7,02,青森県,0205,上十三地域,R7-0205-23,205青森県上十三地域,23,10,工藤医院,七戸町
R7,02,青森県,0205,上十三地域,R7-0205-24,205青森県上十三地域,24,11,六戸町国民健康保険診療所,六戸町
R7,02,青森県,0205,上十三地域,R7-0205-25,205青森県上十三地域,25,12,医療法人瑞翔会 旭日クリニック,東北町
R7,02,青森県,0205,上十三地域,R7-0205-26,205青森県上十三地域,26,13,公益社団法人地域医療振興協会六ヶ所村地域家庭医療センター,六ヶ所村
R7,02,青森県,0205,上十三地域,R7-0205-27,205青森県上十三地域,27,14,戸館内科整形外科医院,野辺地町
R7,02,青森県,0205,上十三地域,R7-0205-28,205青森県上十三地域,28,15,しんクリニック産婦人科・皮ふ科,十和田市
R7,02,青森県,0205,上十三地域,R7-0205-29,205青森県上十三地域,29,16,医療法人明央会 福田眼科医院,六戸町
R7,02,青森県,0205,上十三地域,R7-0205-30,205青森県上十三地域,30,17,さとる整形外科クリニック,十和田市
R7,02,青森県,0205,上十三地域,R7-0205-31,205青森県上十三地域,31,18,十和田眼科クリニック,十和田市
R7,02,青森県,0205,上十三地域,R7-0205-32,205青森県上十三地域,32,19,医療法人博收会得居泌尿器科医院,三沢市
R7,02,青森県,0205,上十三地域,R7-0205-33,205青森県上十三地域,33,20,のへじクリニック,野辺地町
R7,02,青森県,0206,下北地域,R7-0206-14,206青森県下北地域,14,1,むつ総合病院,むつ市
R7,02,青森県,0206,下北地域,R7-0206-15,206青森県下北地域,15,2,むつリハビリテーション病院,むつ市
R7,02,青森県,0206,下北地域,R7-0206-16,206青森県下北地域,16,3,国民健康保険大間病院,大間町
R7,02,青森県,0206,下北地域,R7-0206-17,206青森県下北地域,17,4,国民健康保険 川内診療所,むつ市
R7,02,青森県,0206,下北地域,R7-0206-18,206青森県下北地域,18,5,一部事務組合下北医療センター東通村診療所,東通村
R7,03,岩手県,0301,盛岡,R7-0301-14,301岩手県盛岡,14,1,岩手医科大学附属病院,矢巾町
R7,03,岩手県,0301,盛岡,R7-0301-15,301岩手県盛岡,15,2,岩手県立中央病院,盛岡市
R7,03,岩手県,0301,盛岡,R7-0301-16,301岩手県盛岡,16,3,医療法人友愛会 盛岡友愛病院,盛岡市
R7,03,岩手県,0301,盛岡,R7-0301-17,301岩手県盛岡,17,4,盛岡赤十字病院,盛岡市
R7,03,岩手県,0301,盛岡,R7-0301-18,301岩手県盛岡,18,5,独立行政法人国立病院機構盛岡医療センター,盛岡市
R7,03,岩手県,0301,盛岡,R7-0301-19,301岩手県盛岡,19,6,盛岡市立病院,盛岡市
R7,03,岩手県,0301,盛岡,R7-0301-20,301岩手県盛岡,20,7,社団医療法人啓愛会 孝仁病院,盛岡市
R7,03,岩手県,0301,盛岡,R7-0301-21,301岩手県盛岡,21,8,南昌病院,矢巾町
R7,03,岩手県,0301,盛岡,R7-0301-22,301岩手県盛岡,22,9,特定医療法人 盛岡つなぎ温泉病院,盛岡市
R7,03,岩手県,0301,盛岡,R7-0301-23,301岩手県盛岡,23,10,医療法人社団愛和会 盛岡南病院,盛岡市
R7,03,岩手県,0301,盛岡,R7-0301-24,301岩手県盛岡,24,11,東八幡平病院,八幡平市
R7,03,岩手県,0301,盛岡,R7-0301-25,301岩手県盛岡,25,12,栃内第二病院,滝沢市
R7,03,岩手県,0301,盛岡,R7-0301-26,301岩手県盛岡,26,13,盛岡医療生活協同組合川久保病院,盛岡市
R7,03,岩手県,0301,盛岡,R7-0301-27,301岩手県盛岡,27,14,医療法人仁妙光会渋民中央病院,盛岡市
R7,03,岩手県,0301,盛岡,R7-0301-28,301岩手県盛岡,28,15,いわてリハビリテーションセンター,雫石町
R7,03,岩手県,0301,盛岡,R7-0301-29,301岩手県盛岡,29,16,髙松病院,盛岡市
R7,03,岩手県,0301,盛岡,R7-0301-30,301岩手県盛岡,30,17,栃内病院,盛岡市
R7,03,岩手県,0301,盛岡,R7-0301-31,301岩手県盛岡,31,18,医療法人青樹会内丸病院,盛岡市
R7,03,岩手県,0301,盛岡,R7-0301-32,301岩手県盛岡,32,19,医療法人共生会松園第二病院,盛岡市
R7,03,岩手県,0301,盛岡,R7-0301-33,301岩手県盛岡,33,20,鶯宿温泉病院,雫石町
R7,03,岩手県,0301,盛岡,R7-0301-34,301岩手県盛岡,34,21,医療法人社団松誠会滝沢中央病院,滝沢市
R7,03,岩手県,0301,盛岡,R7-0301-35,301岩手県盛岡,35,22,医療法人遠山病院,盛岡市
R7,03,岩手県,0301,盛岡,R7-0301-36,301岩手県盛岡,36,23,岩手県立療育センター,矢巾町
R7,03,岩手県,0301,盛岡,R7-0301-37,301岩手県盛岡,37,24,八幡平市立病院,八幡平市
R7,03,岩手県,0301,盛岡,R7-0301-38,301岩手県盛岡,38,25,国民健康保険葛巻病院,葛巻町
R7,03,岩手県,0301,盛岡,R7-0301-39,301岩手県盛岡,39,26,みちのく療育園メディカルセンター,矢巾町
R7,03,岩手県,0301,盛岡,R7-0301-40,301岩手県盛岡,40,27,荻野病院,盛岡市
R7,03,岩手県,0301,盛岡,R7-0301-41,301岩手県盛岡,41,28,医療法人社団恵仁会 三愛病院,盛岡市
R7,03,岩手県,0301,盛岡,R7-0301-42,301岩手県盛岡,42,29,八角病院,盛岡市
R7,03,岩手県,0301,盛岡,R7-0301-43,301岩手県盛岡,43,30,岩手医科大学附属内丸メディカルセンター,盛岡市
R7,03,岩手県,0301,盛岡,R7-0301-44,301岩手県盛岡,44,31,谷藤眼科医院,盛岡市
R7,03,岩手県,0301,盛岡,R7-0301-45,301岩手県盛岡,45,32,雫石町立雫石診療所,雫石町
R7,03,岩手県,0301,盛岡,R7-0301-46,301岩手県盛岡,46,33,医療法人 徳政堂 佐渡医院,岩手町
R7,03,岩手県,0301,盛岡,R7-0301-47,301岩手県盛岡,47,34,岩手県立中央病院附属沼宮内地域診療センター,岩手町
R7,03,岩手県,0301,盛岡,R7-0301-48,301岩手県盛岡,48,35,やはば産婦人科,矢巾町
R7,03,岩手県,0301,盛岡,R7-0301-49,301岩手県盛岡,49,36,医療法人葵会 もりおか往診ホームケアクリニック,盛岡市
R7,03,岩手県,0301,盛岡,R7-0301-50,301岩手県盛岡,50,37,医療法人仁慈 近藤眼科医院,盛岡市
R7,03,岩手県,0301,盛岡,R7-0301-51,301岩手県盛岡,51,38,産科婦人科吉田医院,盛岡市
R7,03,岩手県,0301,盛岡,R7-0301-52,301岩手県盛岡,52,39,医療法人 一舟会 みうら産婦人科医院,盛岡市
R7,03,岩手県,0301,盛岡,R7-0301-53,301岩手県盛岡,53,40,医療法人 黒川産婦人科医院,盛岡市
R7,03,岩手県,0301,盛岡,R7-0301-54,301岩手県盛岡,54,41,村井産婦人科小児歯科医院,盛岡市
R7,03,岩手県,0301,盛岡,R7-0301-55,301岩手県盛岡,55,42,細井外科医院,盛岡市
R7,03,岩手県,0301,盛岡,R7-0301-56,301岩手県盛岡,56,43,たにむらクリニック,盛岡市
R7,03,岩手県,0301,盛岡,R7-0301-57,301岩手県盛岡,57,44,しんたろうクリニック,盛岡市
R7,03,岩手県,0301,盛岡,R7-0301-58,301岩手県盛岡,58,45,ひろし外科肛門科,盛岡市
R7,03,岩手県,0301,盛岡,R7-0301-59,301岩手県盛岡,59,46,今井産婦人科内科クリニック,盛岡市
R7,03,岩手県,0301,盛岡,R7-0301-60,301岩手県盛岡,60,47,西島産婦人科医院,盛岡市
R7,03,岩手県,0301,盛岡,R7-0301-61,301岩手県盛岡,61,48,ふるだて加藤肛門外科クリニック,紫波町
R7,03,岩手県,0301,盛岡,R7-0301-62,301岩手県盛岡,62,49,小笠原眼科クリニック,盛岡市
R7,03,岩手県,0301,盛岡,R7-0301-63,301岩手県盛岡,63,50,医療法人 仁済会 鈴木肛門外科・守口内科,盛岡市
R7,03,岩手県,0301,盛岡,R7-0301-64,301岩手県盛岡,64,51,医療法人 天音会 おいかわ内科クリニック,盛岡市
R7,03,岩手県,0301,盛岡,R7-0301-65,301岩手県盛岡,65,52,もりおか静眠堂医院,盛岡市
R7,03,岩手県,0301,盛岡,R7-0301-66,301岩手県盛岡,66,53,かなざわ内科クリニック,盛岡市
R7,03,岩手県,0301,盛岡,R7-0301-67,301岩手県盛岡,67,54,むらた眼科クリニック,盛岡市
R7,03,岩手県,0301,盛岡,R7-0301-68,301岩手県盛岡,68,55,ゆい内科呼吸器科クリニック,盛岡市
R7,03,岩手県,0301,盛岡,R7-0301-69,301岩手県盛岡,69,56,八幡平市立安代診療所,八幡平市
R7,03,岩手県,0302,岩手中部,R7-0302-14,302岩手県岩手中部,14,1,岩手県立中部病院,北上市
R7,03,岩手県,0302,岩手中部,R7-0302-15,302岩手県岩手中部,15,2,社会福祉法人恩賜財団済生会北上済生会病院,北上市
R7,03,岩手県,0302,岩手中部,R7-0302-16,302岩手県岩手中部,16,3,北上駅前病院,北上市
R7,03,岩手県,0302,岩手中部,R7-0302-17,302岩手県岩手中部,17,4,総合花巻病院,花巻市
R7,03,岩手県,0302,岩手中部,R7-0302-18,302岩手県岩手中部,18,5,宝陽病院,花巻市
R7,03,岩手県,0302,岩手中部,R7-0302-19,302岩手県岩手中部,19,6,岩手県立遠野病院,遠野市
R7,03,岩手県,0302,岩手中部,R7-0302-20,302岩手県岩手中部,20,7,岩手県立東和病院,花巻市
R7,03,岩手県,0302,岩手中部,R7-0302-21,302岩手県岩手中部,21,8,独立行政法人国立病院機構花巻病院,花巻市
R7,03,岩手県,0302,岩手中部,R7-0302-22,302岩手県岩手中部,22,9,町立西和賀さわうち病院,西和賀町
R7,03,岩手県,0302,岩手中部,R7-0302-23,302岩手県岩手中部,23,10,花巻市石鳥谷医療センター,花巻市
R7,03,岩手県,0302,岩手中部,R7-0302-24,302岩手県岩手中部,24,11,岩手県立中央病院附属大迫地域診療センター,花巻市
R7,03,岩手県,0302,岩手中部,R7-0302-25,302岩手県岩手中部,25,12,高木丘クリニック,花巻市
R7,03,岩手県,0302,岩手中部,R7-0302-26,302岩手県岩手中部,26,13,医療法人工藤医院,花巻市
R7,03,岩手県,0302,岩手中部,R7-0302-27,302岩手県岩手中部,27,14,医療法人 斉藤産婦人科医院,北上市
R7,03,岩手県,0302,岩手中部,R7-0302-28,302岩手県岩手中部,28,15,社団医療法人ひとみ会 花巻中央眼科,花巻市
R7,03,岩手県,0302,岩手中部,R7-0302-29,302岩手県岩手中部,29,16,きたかみ腎クリニック,北上市
R7,03,岩手県,0302,岩手中部,R7-0302-30,302岩手県岩手中部,30,17,ＫＵＢＯクリニック,花巻市
R7,03,岩手県,0302,岩手中部,R7-0302-31,302岩手県岩手中部,31,18,かさい睡眠呼吸器クリニック,北上市
R7,03,岩手県,0303,胆江,R7-0303-14,303岩手県胆江,14,1,岩手県立胆沢病院,奥州市
R7,03,岩手県,0303,胆江,R7-0303-15,303岩手県胆江,15,2,美希病院,奥州市
R7,03,岩手県,0303,胆江,R7-0303-16,303岩手県胆江,16,3,美山病院,奥州市
R7,03,岩手県,0303,胆江,R7-0303-17,303岩手県胆江,17,4,奥州病院,奥州市
R7,03,岩手県,0303,胆江,R7-0303-18,303岩手県胆江,18,5,奥州市総合水沢病院,奥州市
R7,03,岩手県,0303,胆江,R7-0303-19,303岩手県胆江,19,6,岩手県立江刺病院,奥州市
R7,03,岩手県,0303,胆江,R7-0303-20,303岩手県胆江,20,7,奥州市国民健康保険まごころ病院,奥州市
R7,03,岩手県,0303,胆江,R7-0303-21,303岩手県胆江,21,8,社団医療法人 石川病院,奥州市
R7,03,岩手県,0303,胆江,R7-0303-22,303岩手県胆江,22,9,奥州市国民健康保険前沢診療所,奥州市
R7,03,岩手県,0303,胆江,R7-0303-23,303岩手県胆江,23,10,奥州市国民健康保険衣川診療所,奥州市
R7,03,岩手県,0303,胆江,R7-0303-24,303岩手県胆江,24,11,医療法人如水会 鈴木眼科吉小路,奥州市
R7,03,岩手県,0304,両磐,R7-0304-14,304岩手県両磐,14,1,岩手県立磐井病院,一関市
R7,03,岩手県,0304,両磐,R7-0304-15,304岩手県両磐,15,2,独立行政法人国立病院機構岩手病院,一関市
R7,03,岩手県,0304,両磐,R7-0304-16,304岩手県両磐,16,3,一関病院,一関市
R7,03,岩手県,0304,両磐,R7-0304-17,304岩手県両磐,17,4,岩手県立千厩病院,一関市
R7,03,岩手県,0304,両磐,R7-0304-18,304岩手県両磐,18,5,医療法人社団愛生会昭和病院,一関市
R7,03,岩手県,0304,両磐,R7-0304-19,304岩手県両磐,19,6,一関市国民健康保険藤沢病院,一関市
R7,03,岩手県,0304,両磐,R7-0304-20,304岩手県両磐,20,7,岩手県立大東病院,一関市
R7,03,岩手県,0304,両磐,R7-0304-21,304岩手県両磐,21,8,齊藤産婦人科医院,一関市
R7,03,岩手県,0304,両磐,R7-0304-22,304岩手県両磐,22,9,一関中央クリニック,一関市
R7,03,岩手県,0304,両磐,R7-0304-23,304岩手県両磐,23,10,医療法人清和会 岩手クリニック一関,一関市
R7,03,岩手県,0304,両磐,R7-0304-24,304岩手県両磐,24,11,医療法人　コスモスレディースクリニック,一関市
R7,03,岩手県,0304,両磐,R7-0304-25,304岩手県両磐,25,12,二宮眼科医院,一関市
R7,03,岩手県,0304,両磐,R7-0304-26,304岩手県両磐,26,13,くわしま眼科クリニック,一関市
R7,03,岩手県,0305,気仙,R7-0305-14,305岩手県気仙,14,1,岩手県立大船渡病院,大船渡市
R7,03,岩手県,0305,気仙,R7-0305-15,305岩手県気仙,15,2,希望ケ丘病院,陸前高田市
R7,03,岩手県,0305,気仙,R7-0305-16,305岩手県気仙,16,3,岩手県立高田病院,陸前高田市
R7,03,岩手県,0305,気仙,R7-0305-17,305岩手県気仙,17,4,医療法人勝久会 地ノ森クリニック,大船渡市
R7,03,岩手県,0305,気仙,R7-0305-18,305岩手県気仙,18,5,医療法人勝久会 松原クリニック,陸前高田市
R7,03,岩手県,0305,気仙,R7-0305-19,305岩手県気仙,19,6,岩手県立大船渡病院附属住田地域診療センター,住田町
R7,03,岩手県,0306,釜石,R7-0306-14,306岩手県釜石,14,1,岩手県立釜石病院,釜石市
R7,03,岩手県,0306,釜石,R7-0306-15,306岩手県釜石,15,2,独立行政法人国立病院機構釜石病院,釜石市
R7,03,岩手県,0306,釜石,R7-0306-16,306岩手県釜石,16,3,釜石のぞみ病院,釜石市
R7,03,岩手県,0306,釜石,R7-0306-17,306岩手県釜石,17,4,せいてつ記念病院,釜石市
R7,03,岩手県,0306,釜石,R7-0306-18,306岩手県釜石,18,5,岩手県立大槌病院,大槌町
R7,03,岩手県,0306,釜石,R7-0306-19,306岩手県釜石,19,6,庄子医院,釜石市
R7,03,岩手県,0306,釜石,R7-0306-20,306岩手県釜石,20,7,医療法人堀医院 堀耳鼻咽喉科眼科医院,釜石市
R7,03,岩手県,0307,宮古,R7-0307-14,307岩手県宮古,14,1,岩手県立宮古病院,宮古市
R7,03,岩手県,0307,宮古,R7-0307-15,307岩手県宮古,15,2,宮古第一病院,宮古市
R7,03,岩手県,0307,宮古,R7-0307-16,307岩手県宮古,16,3,社会福祉法人恩賜財団岩手県済生会岩泉病院,岩泉町
R7,03,岩手県,0307,宮古,R7-0307-17,307岩手県宮古,17,4,岩手県立山田病院,山田町
R7,03,岩手県,0307,宮古,R7-0307-18,307岩手県宮古,18,5,医療法人社団こうぶん会　みやこ後藤医院,宮古市
R7,03,岩手県,0307,宮古,R7-0307-19,307岩手県宮古,19,6,さかもと眼科クリニック,宮古市
R7,03,岩手県,0307,宮古,R7-0307-20,307岩手県宮古,20,7,山下眼科医院,宮古市
R7,03,岩手県,0308,久慈,R7-0308-14,308岩手県久慈,14,1,岩手県立久慈病院,久慈市
R7,03,岩手県,0308,久慈,R7-0308-15,308岩手県久慈,15,2,久慈恵愛病院,久慈市
R7,03,岩手県,0308,久慈,R7-0308-16,308岩手県久慈,16,3,洋野町国民健康保険種市病院,洋野町
R7,03,岩手県,0308,久慈,R7-0308-17,308岩手県久慈,17,4,久慈市国民健康保険山形診療所,久慈市
R7,03,岩手県,0308,久慈,R7-0308-18,308岩手県久慈,18,5,普代村国民健康保険診療所,普代村
R7,03,岩手県,0308,久慈,R7-0308-19,308岩手県久慈,19,6,洋野町国民健康保険大野診療所,洋野町
R7,03,岩手県,0309,二戸,R7-0309-14,309岩手県二戸,14,1,岩手県立二戸病院,二戸市
R7,03,岩手県,0309,二戸,R7-0309-15,309岩手県二戸,15,2,岩手県立軽米病院,軽米町
R7,03,岩手県,0309,二戸,R7-0309-16,309岩手県二戸,16,3,岩手県立一戸病院,一戸町
R7,03,岩手県,0309,二戸,R7-0309-17,309岩手県二戸,17,4,岩手県立二戸病院附属九戸地域診療センター,九戸村
R7,03,岩手県,0309,二戸,R7-0309-18,309岩手県二戸,18,5,松井内科医院,一戸町
R7,03,岩手県,0309,二戸,R7-0309-19,309岩手県二戸,19,6,二戸市国民健康保険浄法寺診療所,二戸市
R7,03,岩手県,0309,二戸,R7-0309-20,309岩手県二戸,20,7,二戸クリニック,二戸市
R7,04,宮城県,0401,仙南,R7-0401-14,401宮城県仙南,14,1,みやぎ県南中核病院,大河原町
R7,04,宮城県,0401,仙南,R7-0401-15,401宮城県仙南,15,2,公立刈田綜合病院,白石市
R7,04,宮城県,0401,仙南,R7-0401-16,401宮城県仙南,16,3,医療法人浄仁会 大泉記念病院,白石市
R7,04,宮城県,0401,仙南,R7-0401-17,401宮城県仙南,17,4,医療法人本多友愛会 仙南病院,角田市
R7,04,宮城県,0401,仙南,R7-0401-18,401宮城県仙南,18,5,丸森町国民健康保険丸森病院,丸森町
R7,04,宮城県,0401,仙南,R7-0401-19,401宮城県仙南,19,6,医療法人金上仁友会金上病院,角田市
R7,04,宮城県,0401,仙南,R7-0401-20,401宮城県仙南,20,7,国民健康保険川崎病院,川崎町
R7,04,宮城県,0401,仙南,R7-0401-21,401宮城県仙南,21,8,川崎こころ病院,川崎町
R7,04,宮城県,0401,仙南,R7-0401-22,401宮城県仙南,22,9,医療法人社団北杜会船岡今野病院,柴田町
R7,04,宮城県,0401,仙南,R7-0401-23,401宮城県仙南,23,10,蔵王町国民健康保険蔵王病院,蔵王町
R7,04,宮城県,0401,仙南,R7-0401-24,401宮城県仙南,24,11,医療法人安達同済会同済病院,角田市
R7,04,宮城県,0401,仙南,R7-0401-25,401宮城県仙南,25,12,宮上クリニック,柴田町
R7,04,宮城県,0401,仙南,R7-0401-26,401宮城県仙南,26,13,毛利産婦人科医院,柴田町
R7,04,宮城県,0401,仙南,R7-0401-27,401宮城県仙南,27,14,大槻眼科医院,角田市
R7,04,宮城県,0401,仙南,R7-0401-28,401宮城県仙南,28,15,浅野眼科医院,白石市
R7,04,宮城県,0401,仙南,R7-0401-29,401宮城県仙南,29,16,やすだ耳鼻咽喉科・アレルギー科クリニック,柴田町
R7,04,宮城県,0403,仙台,R7-0403-14,403宮城県仙台,14,1,東北大学病院,仙台市青葉区
R7,04,宮城県,0403,仙台,R7-0403-15,403宮城県仙台,15,2,独立行政法人国立病院機構仙台医療センター,仙台市宮城野区
R7,04,宮城県,0403,仙台,R7-0403-16,403宮城県仙台,16,3,東北医科薬科大学病院,仙台市宮城野区
R7,04,宮城県,0403,仙台,R7-0403-17,403宮城県仙台,17,4,独立行政法人労働者健康安全機構東北労災病院,仙台市青葉区
R7,04,宮城県,0403,仙台,R7-0403-18,403宮城県仙台,18,5,仙台市立病院,仙台市太白区
R7,04,宮城県,0403,仙台,R7-0403-19,403宮城県仙台,19,6,独立行政法人国立病院機構仙台西多賀病院,仙台市太白区
R7,04,宮城県,0403,仙台,R7-0403-20,403宮城県仙台,20,7,仙台厚生病院,仙台市青葉区
R7,04,宮城県,0403,仙台,R7-0403-21,403宮城県仙台,21,8,仙台赤十字病院,仙台市太白区
R7,04,宮城県,0403,仙台,R7-0403-22,403宮城県仙台,22,9,国家公務員共済組合連合会東北公済病院,仙台市青葉区
R7,04,宮城県,0403,仙台,R7-0403-23,403宮城県仙台,23,10,独立行政法人地域医療機能推進機構 仙台病院,仙台市泉区
R7,04,宮城県,0403,仙台,R7-0403-24,403宮城県仙台,24,11,宮城県立がんセンター,名取市
R7,04,宮城県,0403,仙台,R7-0403-25,403宮城県仙台,25,12,公益財団法人宮城厚生協会 坂総合病院,塩竈市
R7,04,宮城県,0403,仙台,R7-0403-26,403宮城県仙台,26,13,医療法人 徳洲会 仙台徳洲会病院,仙台市泉区
R7,04,宮城県,0403,仙台,R7-0403-27,403宮城県仙台,27,14,西仙台病院,仙台市青葉区
R7,04,宮城県,0403,仙台,R7-0403-28,403宮城県仙台,28,15,公益財団法人仙台市医療センター　仙台オープン病院,仙台市宮城野区
R7,04,宮城県,0403,仙台,R7-0403-29,403宮城県仙台,29,16,独立行政法人国立病院機構宮城病院,山元町
R7,04,宮城県,0403,仙台,R7-0403-30,403宮城県仙台,30,17,総合南東北病院,岩沼市
R7,04,宮城県,0403,仙台,R7-0403-31,403宮城県仙台,31,18,宮城県立こども病院,仙台市青葉区
R7,04,宮城県,0403,仙台,R7-0403-32,403宮城県仙台,32,19,一般財団法人広南会 広南病院,仙台市太白区
R7,04,宮城県,0403,仙台,R7-0403-33,403宮城県仙台,33,20,独立行政法人地域医療機能推進機構 仙台南病院,仙台市太白区
R7,04,宮城県,0403,仙台,R7-0403-34,403宮城県仙台,34,21,公立黒川病院,大和町
R7,04,宮城県,0403,仙台,R7-0403-35,403宮城県仙台,35,22,ＪＲ仙台病院,仙台市青葉区
R7,04,宮城県,0403,仙台,R7-0403-36,403宮城県仙台,36,23,富谷中央病院,富谷市
R7,04,宮城県,0403,仙台,R7-0403-37,403宮城県仙台,37,24,塩竈市立病院,塩竈市
R7,04,宮城県,0403,仙台,R7-0403-38,403宮城県仙台,38,25,医療法人翠十字　杜都千愛病院,仙台市太白区
R7,04,宮城県,0403,仙台,R7-0403-39,403宮城県仙台,39,26,中嶋病院,仙台市宮城野区
R7,04,宮城県,0403,仙台,R7-0403-40,403宮城県仙台,40,27,医療法人寶樹会 仙塩総合病院,多賀城市
R7,04,宮城県,0403,仙台,R7-0403-41,403宮城県仙台,41,28,仙台整形外科病院,仙台市若林区
R7,04,宮城県,0403,仙台,R7-0403-42,403宮城県仙台,42,29,光ヶ丘スペルマン病院,仙台市宮城野区
R7,04,宮城県,0403,仙台,R7-0403-43,403宮城県仙台,43,30,自衛隊仙台病院,仙台市宮城野区
R7,04,宮城県,0403,仙台,R7-0403-44,403宮城県仙台,44,31,公益財団法人宮城厚生協会長町病院,仙台市太白区
R7,04,宮城県,0403,仙台,R7-0403-45,403宮城県仙台,45,32,医療法人財団明理会イムス明理会仙台総合病院,仙台市青葉区
R7,04,宮城県,0403,仙台,R7-0403-46,403宮城県仙台,46,33,東北医科薬科大学若林病院,仙台市若林区
R7,04,宮城県,0403,仙台,R7-0403-47,403宮城県仙台,47,34,医療法人松田会 松田病院,仙台市泉区
R7,04,宮城県,0403,仙台,R7-0403-48,403宮城県仙台,48,35,医療法人社団葵会 葵会仙台病院,仙台市若林区
R7,04,宮城県,0403,仙台,R7-0403-49,403宮城県仙台,49,36,仙台エコー医療療育センター,仙台市青葉区
R7,04,宮城県,0403,仙台,R7-0403-50,403宮城県仙台,50,37,一般財団法人宮城県成人病予防協会附属仙台循環器病センター,仙台市泉区
R7,04,宮城県,0403,仙台,R7-0403-51,403宮城県仙台,51,38,公益財団法人宮城厚生協会泉病院,仙台市泉区
R7,04,宮城県,0403,仙台,R7-0403-52,403宮城県仙台,52,39,岩切病院,仙台市宮城野区
R7,04,宮城県,0403,仙台,R7-0403-53,403宮城県仙台,53,40,宮城利府掖済会病院,利府町
R7,04,宮城県,0403,仙台,R7-0403-54,403宮城県仙台,54,41,医療法人寶樹会 仙塩利府病院,利府町
R7,04,宮城県,0403,仙台,R7-0403-55,403宮城県仙台,55,42,泉ヶ丘クリニック,仙台市泉区
R7,04,宮城県,0403,仙台,R7-0403-56,403宮城県仙台,56,43,医療法人ひろせ会 広瀬病院,仙台市青葉区
R7,04,宮城県,0403,仙台,R7-0403-57,403宮城県仙台,57,44,仙台東脳神経外科病院,仙台市宮城野区
R7,04,宮城県,0403,仙台,R7-0403-58,403宮城県仙台,58,45,仙台リハビリテーション病院,富谷市
R7,04,宮城県,0403,仙台,R7-0403-59,403宮城県仙台,59,46,一般財団法人周行会 内科佐藤病院,仙台市青葉区
R7,04,宮城県,0403,仙台,R7-0403-60,403宮城県仙台,60,47,医療法人社団赤石会 赤石病院,塩竈市
R7,04,宮城県,0403,仙台,R7-0403-61,403宮城県仙台,61,48,スズキ記念病院,岩沼市
R7,04,宮城県,0403,仙台,R7-0403-62,403宮城県仙台,62,49,貝山中央病院,仙台市青葉区
R7,04,宮城県,0403,仙台,R7-0403-63,403宮城県仙台,63,50,仙台中江病院,仙台市青葉区
R7,04,宮城県,0403,仙台,R7-0403-64,403宮城県仙台,64,51,宮城中央病院,仙台市青葉区
R7,04,宮城県,0403,仙台,R7-0403-65,403宮城県仙台,65,52,泉整形外科病院,仙台市泉区
R7,04,宮城県,0403,仙台,R7-0403-66,403宮城県仙台,66,53,松島病院,松島町
R7,04,宮城県,0403,仙台,R7-0403-67,403宮城県仙台,67,54,医療法人宏人会 木町病院,仙台市青葉区
R7,04,宮城県,0403,仙台,R7-0403-68,403宮城県仙台,68,55,早坂愛生会病院,仙台市青葉区
R7,04,宮城県,0403,仙台,R7-0403-69,403宮城県仙台,69,56,河原町病院,仙台市若林区
R7,04,宮城県,0403,仙台,R7-0403-70,403宮城県仙台,70,57,仙台中央病院,仙台市若林区
R7,04,宮城県,0403,仙台,R7-0403-71,403宮城県仙台,71,58,伊藤病院,仙台市青葉区
R7,04,宮城県,0403,仙台,R7-0403-72,403宮城県仙台,72,59,泌尿器科泉中央病院,仙台市泉区
R7,04,宮城県,0403,仙台,R7-0403-73,403宮城県仙台,73,60,平成眼科病院,仙台市青葉区
R7,04,宮城県,0403,仙台,R7-0403-74,403宮城県仙台,74,61,安田病院,仙台市宮城野区
R7,04,宮城県,0403,仙台,R7-0403-75,403宮城県仙台,75,62,メリーレディースクリニック,仙台市青葉区
R7,04,宮城県,0403,仙台,R7-0403-76,403宮城県仙台,76,63,堀田内科,仙台市青葉区
R7,04,宮城県,0403,仙台,R7-0403-77,403宮城県仙台,77,64,佐藤裕也眼科医院,仙台市青葉区
R7,04,宮城県,0403,仙台,R7-0403-78,403宮城県仙台,78,65,川平内科,仙台市青葉区
R7,04,宮城県,0403,仙台,R7-0403-79,403宮城県仙台,79,66,草刈内科医院,仙台市青葉区
R7,04,宮城県,0403,仙台,R7-0403-80,403宮城県仙台,80,67,クリニックソアーズ,仙台市太白区
R7,04,宮城県,0403,仙台,R7-0403-81,403宮城県仙台,81,68,本間記念東北整形外科・東北歯科,仙台市泉区
R7,04,宮城県,0403,仙台,R7-0403-82,403宮城県仙台,82,69,たんぽぽクリニック,仙台市泉区
R7,04,宮城県,0403,仙台,R7-0403-83,403宮城県仙台,83,70,仙台胃腸クリニック,仙台市泉区
R7,04,宮城県,0403,仙台,R7-0403-84,403宮城県仙台,84,71,桂高森Ｓ・Ｓレディースクリニック,仙台市泉区
R7,04,宮城県,0403,仙台,R7-0403-85,403宮城県仙台,85,72,長命ケ丘針生・舟田クリニック,仙台市泉区
R7,04,宮城県,0403,仙台,R7-0403-86,403宮城県仙台,86,73,大腸肛門科仙台桃太郎クリニック,仙台市泉区
R7,04,宮城県,0403,仙台,R7-0403-87,403宮城県仙台,87,74,鳥越塩釜腎クリニック,塩竈市
R7,04,宮城県,0403,仙台,R7-0403-88,403宮城県仙台,88,75,医療法人財団五倫会 ももせクリニック,塩竈市
R7,04,宮城県,0403,仙台,R7-0403-89,403宮城県仙台,89,76,多賀城腎・泌尿器クリニック,多賀城市
R7,04,宮城県,0403,仙台,R7-0403-90,403宮城県仙台,90,77,緑の里クリニック,岩沼市
R7,04,宮城県,0403,仙台,R7-0403-91,403宮城県仙台,91,78,医療法人社団新富谷Ｓ・Ｓレディースクリニック,富谷市
R7,04,宮城県,0403,仙台,R7-0403-92,403宮城県仙台,92,79,ウィメンズクリニック利府,利府町
R7,04,宮城県,0403,仙台,R7-0403-93,403宮城県仙台,93,80,りふの内科クリニック,利府町
R7,04,宮城県,0403,仙台,R7-0403-94,403宮城県仙台,94,81,吉岡まほろばクリニック,大和町
R7,04,宮城県,0403,仙台,R7-0403-95,403宮城県仙台,95,82,仙台柳生クリニック,仙台市太白区
R7,04,宮城県,0403,仙台,R7-0403-96,403宮城県仙台,96,83,本間記念仙台北整形外科,仙台市泉区
R7,04,宮城県,0403,仙台,R7-0403-97,403宮城県仙台,97,84,医療法人　敬仁会　遠藤医院　遠藤マタニティクリニック,多賀城市
R7,04,宮城県,0403,仙台,R7-0403-98,403宮城県仙台,98,85,佐々木悦子産科婦人科クリニック,仙台市太白区
R7,04,宮城県,0403,仙台,R7-0403-99,403宮城県仙台,99,86,医療法人社団益和会 富谷医院,富谷市
R7,04,宮城県,0403,仙台,R7-0403-100,403宮城県仙台,100,87,セイントマザークリニック,仙台市青葉区
R7,04,宮城県,0403,仙台,R7-0403-101,403宮城県仙台,101,88,春ウイメンズクリニック,名取市
R7,04,宮城県,0403,仙台,R7-0403-102,403宮城県仙台,102,89,星内科小児科医院,仙台市宮城野区
R7,04,宮城県,0403,仙台,R7-0403-103,403宮城県仙台,103,90,Ｔ′ｓレディースクリニック,仙台市若林区
R7,04,宮城県,0403,仙台,R7-0403-104,403宮城県仙台,104,91,仙台北部整形外科,仙台市泉区
R7,04,宮城県,0403,仙台,R7-0403-105,403宮城県仙台,105,92,おおば医院,多賀城市
R7,04,宮城県,0403,仙台,R7-0403-106,403宮城県仙台,106,93,仙台腎泌尿器科,仙台市青葉区
R7,04,宮城県,0403,仙台,R7-0403-107,403宮城県仙台,107,94,仙台ペインクリニック,仙台市宮城野区
R7,04,宮城県,0403,仙台,R7-0403-108,403宮城県仙台,108,95,将監耳鼻咽喉科,仙台市泉区
R7,04,宮城県,0403,仙台,R7-0403-109,403宮城県仙台,109,96,前川眼科医院,仙台市若林区
R7,04,宮城県,0403,仙台,R7-0403-110,403宮城県仙台,110,97,渡辺眼科医院,仙台市青葉区
R7,04,宮城県,0403,仙台,R7-0403-111,403宮城県仙台,111,98,わく沢眼科医院,名取市
R7,04,宮城県,0403,仙台,R7-0403-112,403宮城県仙台,112,99,医療法人　敬仁会　遠藤医院　遠藤レディスクリニック,塩竈市
R7,04,宮城県,0403,仙台,R7-0403-113,403宮城県仙台,113,100,板橋眼科医院,岩沼市
R7,04,宮城県,0403,仙台,R7-0403-114,403宮城県仙台,114,101,山田孝彦眼科,仙台市泉区
R7,04,宮城県,0403,仙台,R7-0403-115,403宮城県仙台,115,102,かとう眼科医院,大和町
R7,04,宮城県,0403,仙台,R7-0403-116,403宮城県仙台,116,103,杉山医院,大郷町
R7,04,宮城県,0403,仙台,R7-0403-117,403宮城県仙台,117,104,タカジン眼科,仙台市宮城野区
R7,04,宮城県,0403,仙台,R7-0403-118,403宮城県仙台,118,105,渡辺眼科医院,塩竈市
R7,04,宮城県,0403,仙台,R7-0403-119,403宮城県仙台,119,106,医療法人社団鈴木眼科医院,塩竈市
R7,04,宮城県,0403,仙台,R7-0403-120,403宮城県仙台,120,107,亘理浅野眼科医院,亘理町
R7,04,宮城県,0403,仙台,R7-0403-121,403宮城県仙台,121,108,医療法人SMOC　仙台みやぎ整形外科クリニック,仙台市青葉区
R7,04,宮城県,0403,仙台,R7-0403-122,403宮城県仙台,122,109,鬼怒川眼科医院,仙台市青葉区
R7,04,宮城県,0403,仙台,R7-0403-123,403宮城県仙台,123,110,シオノ眼科医院,仙台市泉区
R7,04,宮城県,0403,仙台,R7-0403-124,403宮城県仙台,124,111,やすい眼科,利府町
R7,04,宮城県,0403,仙台,R7-0403-125,403宮城県仙台,125,112,岡部クリニック,仙台市泉区
R7,04,宮城県,0403,仙台,R7-0403-126,403宮城県仙台,126,113,柴崎内科小児科医院,仙台市青葉区
R7,04,宮城県,0403,仙台,R7-0403-127,403宮城県仙台,127,114,向仁会 永井産婦人科,仙台市青葉区
R7,04,宮城県,0403,仙台,R7-0403-128,403宮城県仙台,128,115,渡辺耳鼻咽喉科気管食道科医院,塩竈市
R7,04,宮城県,0403,仙台,R7-0403-129,403宮城県仙台,129,116,村口きよ女性クリニック,仙台市宮城野区
R7,04,宮城県,0406,大崎・栗原,R7-0406-14,406宮城県大崎・栗原,14,1,大崎市民病院,大崎市
R7,04,宮城県,0406,大崎・栗原,R7-0406-15,406宮城県大崎・栗原,15,2,星陵あすか病院,大崎市
R7,04,宮城県,0406,大崎・栗原,R7-0406-16,406宮城県大崎・栗原,16,3,栗原市立栗原中央病院,栗原市
R7,04,宮城県,0406,大崎・栗原,R7-0406-17,406宮城県大崎・栗原,17,4,三浦病院,大崎市
R7,04,宮城県,0406,大崎・栗原,R7-0406-18,406宮城県大崎・栗原,18,5,野崎病院,美里町
R7,04,宮城県,0406,大崎・栗原,R7-0406-19,406宮城県大崎・栗原,19,6,古川星陵病院,大崎市
R7,04,宮城県,0406,大崎・栗原,R7-0406-20,406宮城県大崎・栗原,20,7,涌谷町国民健康保険病院,涌谷町
R7,04,宮城県,0406,大崎・栗原,R7-0406-21,406宮城県大崎・栗原,21,8,公立加美病院,色麻町
R7,04,宮城県,0406,大崎・栗原,R7-0406-22,406宮城県大崎・栗原,22,9,栗原市立若柳病院,栗原市
R7,04,宮城県,0406,大崎・栗原,R7-0406-23,406宮城県大崎・栗原,23,10,一般社団法人片倉病院,大崎市
R7,04,宮城県,0406,大崎・栗原,R7-0406-24,406宮城県大崎・栗原,24,11,一般財団法人佐藤病院,大崎市
R7,04,宮城県,0406,大崎・栗原,R7-0406-25,406宮城県大崎・栗原,25,12,医療法人財団弘慈会石橋病院,栗原市
R7,04,宮城県,0406,大崎・栗原,R7-0406-26,406宮城県大崎・栗原,26,13,大崎市民病院鹿島台分院,大崎市
R7,04,宮城県,0406,大崎・栗原,R7-0406-27,406宮城県大崎・栗原,27,14,徳永整形外科病院,大崎市
R7,04,宮城県,0406,大崎・栗原,R7-0406-28,406宮城県大崎・栗原,28,15,公益財団法人宮城厚生協会 古川民主病院,大崎市
R7,04,宮城県,0406,大崎・栗原,R7-0406-29,406宮城県大崎・栗原,29,16,美里町立南郷病院,美里町
R7,04,宮城県,0406,大崎・栗原,R7-0406-30,406宮城県大崎・栗原,30,17,医療法人永仁会 永仁会病院,大崎市
R7,04,宮城県,0406,大崎・栗原,R7-0406-31,406宮城県大崎・栗原,31,18,栗原市立栗駒病院,栗原市
R7,04,宮城県,0406,大崎・栗原,R7-0406-32,406宮城県大崎・栗原,32,19,大崎市民病院岩出山分院,大崎市
R7,04,宮城県,0406,大崎・栗原,R7-0406-33,406宮城県大崎・栗原,33,20,大崎市民病院鳴子温泉分院,大崎市
R7,04,宮城県,0406,大崎・栗原,R7-0406-34,406宮城県大崎・栗原,34,21,医療法人社団常仁会 東泉堂病院,涌谷町
R7,04,宮城県,0406,大崎・栗原,R7-0406-35,406宮城県大崎・栗原,35,22,医療法人社団静信会日野外科内科,栗原市
R7,04,宮城県,0406,大崎・栗原,R7-0406-36,406宮城県大崎・栗原,36,23,一迫内科クリニック,栗原市
R7,04,宮城県,0406,大崎・栗原,R7-0406-37,406宮城県大崎・栗原,37,24,医療法人社団玄成会 達内科,栗原市
R7,04,宮城県,0406,大崎・栗原,R7-0406-38,406宮城県大崎・栗原,38,25,大崎ミッドタウン総合メディケアクリニック,大崎市
R7,04,宮城県,0406,大崎・栗原,R7-0406-39,406宮城県大崎・栗原,39,26,みやぎ北部循環器科,大崎市
R7,04,宮城県,0406,大崎・栗原,R7-0406-40,406宮城県大崎・栗原,40,27,医療法人英正会 関井レディースクリニック,大崎市
R7,04,宮城県,0406,大崎・栗原,R7-0406-41,406宮城県大崎・栗原,41,28,こごた整形外科クリニック,美里町
R7,04,宮城県,0406,大崎・栗原,R7-0406-42,406宮城県大崎・栗原,42,29,わんや産婦人科医院,大崎市
R7,04,宮城県,0406,大崎・栗原,R7-0406-43,406宮城県大崎・栗原,43,30,北みやぎ外科クリニック,大崎市
R7,04,宮城県,0406,大崎・栗原,R7-0406-44,406宮城県大崎・栗原,44,31,医療法人星眼科医院,大崎市
R7,04,宮城県,0406,大崎・栗原,R7-0406-45,406宮城県大崎・栗原,45,32,わたなべ産婦人科 内科・小児科,大崎市
R7,04,宮城県,0406,大崎・栗原,R7-0406-46,406宮城県大崎・栗原,46,33,ささき産婦人科クリニック,栗原市
R7,04,宮城県,0409,石巻・登米・気仙沼,R7-0409-14,409宮城県石巻・登米・気仙沼,14,1,石巻赤十字病院,石巻市
R7,04,宮城県,0409,石巻・登米・気仙沼,R7-0409-15,409宮城県石巻・登米・気仙沼,15,2,気仙沼市立病院,気仙沼市
R7,04,宮城県,0409,石巻・登米・気仙沼,R7-0409-16,409宮城県石巻・登米・気仙沼,16,3,医療法人啓仁会 石巻ロイヤル病院,石巻市
R7,04,宮城県,0409,石巻・登米・気仙沼,R7-0409-17,409宮城県石巻・登米・気仙沼,17,4,登米市立登米市民病院,登米市
R7,04,宮城県,0409,石巻・登米・気仙沼,R7-0409-18,409宮城県石巻・登米・気仙沼,18,5,国立療養所東北新生園,登米市
R7,04,宮城県,0409,石巻・登米・気仙沼,R7-0409-19,409宮城県石巻・登米・気仙沼,19,6,石巻市立病院,石巻市
R7,04,宮城県,0409,石巻・登米・気仙沼,R7-0409-20,409宮城県石巻・登米・気仙沼,20,7,齋藤病院,石巻市
R7,04,宮城県,0409,石巻・登米・気仙沼,R7-0409-21,409宮城県石巻・登米・気仙沼,21,8,医療法人社団健育会 石巻健育会病院,石巻市
R7,04,宮城県,0409,石巻・登米・気仙沼,R7-0409-22,409宮城県石巻・登米・気仙沼,22,9,真壁病院,東松島市
R7,04,宮城県,0409,石巻・登米・気仙沼,R7-0409-23,409宮城県石巻・登米・気仙沼,23,10,医療法人社団仙石病院,東松島市
R7,04,宮城県,0409,石巻・登米・気仙沼,R7-0409-24,409宮城県石巻・登米・気仙沼,24,11,登米市立米谷病院,登米市
R7,04,宮城県,0409,石巻・登米・気仙沼,R7-0409-25,409宮城県石巻・登米・気仙沼,25,12,登米市立豊里病院,登米市
R7,04,宮城県,0409,石巻・登米・気仙沼,R7-0409-26,409宮城県石巻・登米・気仙沼,26,13,南三陸病院,南三陸町
R7,04,宮城県,0409,石巻・登米・気仙沼,R7-0409-27,409宮城県石巻・登米・気仙沼,27,14,石巻市立牡鹿病院,石巻市
R7,04,宮城県,0409,石巻・登米・気仙沼,R7-0409-28,409宮城県石巻・登米・気仙沼,28,15,栗原医院,石巻市
R7,04,宮城県,0409,石巻・登米・気仙沼,R7-0409-29,409宮城県石巻・登米・気仙沼,29,16,医療法人社団豊衛会佐藤医院,登米市
R7,04,宮城県,0409,石巻・登米・気仙沼,R7-0409-30,409宮城県石巻・登米・気仙沼,30,17,関節外科スポーツクリニック石巻,石巻市
R7,04,宮城県,0409,石巻・登米・気仙沼,R7-0409-31,409宮城県石巻・登米・気仙沼,31,18,あべクリニック産科婦人科,石巻市
R7,04,宮城県,0409,石巻・登米・気仙沼,R7-0409-32,409宮城県石巻・登米・気仙沼,32,19,女川町地域医療センター,女川町
R7,04,宮城県,0409,石巻・登米・気仙沼,R7-0409-33,409宮城県石巻・登米・気仙沼,33,20,ごとう眼科,登米市
R7,04,宮城県,0409,石巻・登米・気仙沼,R7-0409-34,409宮城県石巻・登米・気仙沼,34,21,医療法人　やもと眼科,東松島市
R7,04,宮城県,0409,石巻・登米・気仙沼,R7-0409-35,409宮城県石巻・登米・気仙沼,35,22,医療法人尚仁会 森田医院,気仙沼市
R7,05,秋田県,0501,大館・鹿角,R7-0501-14,501秋田県大館・鹿角,14,1,大館市立総合病院,大館市
R7,05,秋田県,0501,大館・鹿角,R7-0501-15,501秋田県大館・鹿角,15,2,独立行政法人労働者健康安全機構 秋田労災病院,大館市
R7,05,秋田県,0501,大館・鹿角,R7-0501-16,501秋田県大館・鹿角,16,3,かづの厚生病院,鹿角市
R7,05,秋田県,0501,大館・鹿角,R7-0501-17,501秋田県大館・鹿角,17,4,医療法人楽山会 大湯リハビリ温泉病院,鹿角市
R7,05,秋田県,0501,大館・鹿角,R7-0501-18,501秋田県大館・鹿角,18,5,大館記念病院,大館市
R7,05,秋田県,0501,大館・鹿角,R7-0501-19,501秋田県大館・鹿角,19,6,医療法人恵愛会 鹿角中央病院,鹿角市
R7,05,秋田県,0501,大館・鹿角,R7-0501-20,501秋田県大館・鹿角,20,7,大館市立扇田病院,大館市
R7,05,秋田県,0501,大館・鹿角,R7-0501-21,501秋田県大館・鹿角,21,8,大里医院,鹿角市
R7,05,秋田県,0501,大館・鹿角,R7-0501-22,501秋田県大館・鹿角,22,9,福永医院,鹿角市
R7,05,秋田県,0502,北秋田,R7-0502-14,502秋田県北秋田,14,1,北秋田市民病院,北秋田市
R7,05,秋田県,0502,北秋田,R7-0502-15,502秋田県北秋田,15,2,小林眼科医院,北秋田市
R7,05,秋田県,0503,能代・山本,R7-0503-14,503秋田県能代・山本,14,1,能代厚生医療センター,能代市
R7,05,秋田県,0503,能代・山本,R7-0503-15,503秋田県能代・山本,15,2,能代山本医師会病院,能代市
R7,05,秋田県,0503,能代・山本,R7-0503-16,503秋田県能代・山本,16,3,独立行政法人地域医療機能推進機構 秋田病院,能代市
R7,05,秋田県,0503,能代・山本,R7-0503-17,503秋田県能代・山本,17,4,医療法人双山会 森岳温泉病院,三種町
R7,05,秋田県,0503,能代・山本,R7-0503-18,503秋田県能代・山本,18,5,能代病院,能代市
R7,05,秋田県,0503,能代・山本,R7-0503-19,503秋田県能代・山本,19,6,平野医院,能代市
R7,05,秋田県,0503,能代・山本,R7-0503-20,503秋田県能代・山本,20,7,さいとう医院,能代市
R7,05,秋田県,0503,能代・山本,R7-0503-21,503秋田県能代・山本,21,8,白坂内科胃腸科医院,能代市
R7,05,秋田県,0503,能代・山本,R7-0503-22,503秋田県能代・山本,22,9,工藤泌尿器科医院,能代市
R7,05,秋田県,0503,能代・山本,R7-0503-23,503秋田県能代・山本,23,10,木村医院,能代市
R7,05,秋田県,0503,能代・山本,R7-0503-24,503秋田県能代・山本,24,11,のしろ眼科クリニック,能代市
R7,05,秋田県,0504,秋田周辺,R7-0504-14,504秋田県秋田周辺,14,1,秋田大学医学部附属病院,秋田市
R7,05,秋田県,0504,秋田周辺,R7-0504-15,504秋田県秋田周辺,15,2,中通総合病院,秋田市
R7,05,秋田県,0504,秋田周辺,R7-0504-16,504秋田県秋田周辺,16,3,秋田赤十字病院,秋田市
R7,05,秋田県,0504,秋田周辺,R7-0504-17,504秋田県秋田周辺,17,4,秋田厚生医療センター,秋田市
R7,05,秋田県,0504,秋田周辺,R7-0504-18,504秋田県秋田周辺,18,5,市立秋田総合病院,秋田市
R7,05,秋田県,0504,秋田周辺,R7-0504-19,504秋田県秋田周辺,19,6,医療法人惇慧会 外旭川病院,秋田市
R7,05,秋田県,0504,秋田周辺,R7-0504-20,504秋田県秋田周辺,20,7,中通リハビリテーション病院,秋田市
R7,05,秋田県,0504,秋田周辺,R7-0504-21,504秋田県秋田周辺,21,8,秋田県立循環器・脳脊髄センター,秋田市
R7,05,秋田県,0504,秋田周辺,R7-0504-22,504秋田県秋田周辺,22,9,医療法人正観会 御野場病院,秋田市
R7,05,秋田県,0504,秋田周辺,R7-0504-23,504秋田県秋田周辺,23,10,杉山病院,潟上市
R7,05,秋田県,0504,秋田周辺,R7-0504-24,504秋田県秋田周辺,24,11,藤原記念病院,潟上市
R7,05,秋田県,0504,秋田周辺,R7-0504-25,504秋田県秋田周辺,25,12,医療法人運忠会 土崎病院,秋田市
R7,05,秋田県,0504,秋田周辺,R7-0504-26,504秋田県秋田周辺,26,13,男鹿みなと市民病院,男鹿市
R7,05,秋田県,0504,秋田周辺,R7-0504-27,504秋田県秋田周辺,27,14,医療法人梅栄会 細谷病院,秋田市
R7,05,秋田県,0504,秋田周辺,R7-0504-28,504秋田県秋田周辺,28,15,秋田県立医療療育センター,秋田市
R7,05,秋田県,0504,秋田周辺,R7-0504-29,504秋田県秋田周辺,29,16,湖東厚生病院,八郎潟町
R7,05,秋田県,0504,秋田周辺,R7-0504-30,504秋田県秋田周辺,30,17,小泉病院,秋田市
R7,05,秋田県,0504,秋田周辺,R7-0504-31,504秋田県秋田周辺,31,18,社会医療法人正和会　五十嵐記念病院,秋田市
R7,05,秋田県,0504,秋田周辺,R7-0504-32,504秋田県秋田周辺,32,19,山王胃腸科,秋田市
R7,05,秋田県,0504,秋田周辺,R7-0504-33,504秋田県秋田周辺,33,20,向島医院,秋田市
R7,05,秋田県,0504,秋田周辺,R7-0504-34,504秋田県秋田周辺,34,21,医療法人城東整形外科,秋田市
R7,05,秋田県,0504,秋田周辺,R7-0504-35,504秋田県秋田周辺,35,22,木曽医院,秋田市
R7,05,秋田県,0504,秋田周辺,R7-0504-36,504秋田県秋田周辺,36,23,医療法人 小川内科医院,秋田市
R7,05,秋田県,0504,秋田周辺,R7-0504-37,504秋田県秋田周辺,37,24,南秋田整形外科医院,潟上市
R7,05,秋田県,0504,秋田周辺,R7-0504-38,504秋田県秋田周辺,38,25,社会医療法人正和会　小玉医院,潟上市
R7,05,秋田県,0504,秋田周辺,R7-0504-39,504秋田県秋田周辺,39,26,城東スポーツ整形クリニック,秋田市
R7,05,秋田県,0504,秋田周辺,R7-0504-40,504秋田県秋田周辺,40,27,秋田南クリニック,秋田市
R7,05,秋田県,0504,秋田周辺,R7-0504-41,504秋田県秋田周辺,41,28,あきたレディースクリニック安田,秋田市
R7,05,秋田県,0504,秋田周辺,R7-0504-42,504秋田県秋田周辺,42,29,医療法人並木クリニック,秋田市
R7,05,秋田県,0504,秋田周辺,R7-0504-43,504秋田県秋田周辺,43,30,高橋眼科医院,秋田市
R7,05,秋田県,0504,秋田周辺,R7-0504-44,504秋田県秋田周辺,44,31,うちやま眼科医院,秋田市
R7,05,秋田県,0504,秋田周辺,R7-0504-45,504秋田県秋田周辺,45,32,玉田眼科,秋田市
R7,05,秋田県,0504,秋田周辺,R7-0504-46,504秋田県秋田周辺,46,33,おのば眼科,秋田市
R7,05,秋田県,0504,秋田周辺,R7-0504-47,504秋田県秋田周辺,47,34,細部眼科医院,秋田市
R7,05,秋田県,0504,秋田周辺,R7-0504-48,504秋田県秋田周辺,48,35,医療法人晴功会　わしや歯科医院,五城目町
R7,05,秋田県,0505,由利本荘・にかほ,R7-0505-14,505秋田県由利本荘・にかほ,14,1,由利組合総合病院,由利本荘市
R7,05,秋田県,0505,由利本荘・にかほ,R7-0505-15,505秋田県由利本荘・にかほ,15,2,独立行政法人国立病院機構あきた病院,由利本荘市
R7,05,秋田県,0505,由利本荘・にかほ,R7-0505-16,505秋田県由利本荘・にかほ,16,3,医療法人佐藤病院,由利本荘市
R7,05,秋田県,0505,由利本荘・にかほ,R7-0505-17,505秋田県由利本荘・にかほ,17,4,本荘第一病院,由利本荘市
R7,05,秋田県,0505,由利本荘・にかほ,R7-0505-18,505秋田県由利本荘・にかほ,18,5,由利本荘医師会病院,由利本荘市
R7,05,秋田県,0505,由利本荘・にかほ,R7-0505-19,505秋田県由利本荘・にかほ,19,6,医療法人圭尚会 きさかたクリニック,にかほ市
R7,05,秋田県,0505,由利本荘・にかほ,R7-0505-20,505秋田県由利本荘・にかほ,20,7,清水泌尿器科内科医院,由利本荘市
R7,05,秋田県,0505,由利本荘・にかほ,R7-0505-21,505秋田県由利本荘・にかほ,21,8,前田眼科,由利本荘市
R7,05,秋田県,0505,由利本荘・にかほ,R7-0505-22,505秋田県由利本荘・にかほ,22,9,さいとうクリニック,にかほ市
R7,05,秋田県,0505,由利本荘・にかほ,R7-0505-23,505秋田県由利本荘・にかほ,23,10,浅野耳鼻咽喉科医院,由利本荘市
R7,05,秋田県,0506,大仙・仙北,R7-0506-14,506秋田県大仙・仙北,14,1,大曲厚生医療センター,大仙市
R7,05,秋田県,0506,大仙・仙北,R7-0506-15,506秋田県大仙・仙北,15,2,社会医療法人明和会 大曲中通病院,大仙市
R7,05,秋田県,0506,大仙・仙北,R7-0506-16,506秋田県大仙・仙北,16,3,市立角館総合病院,仙北市
R7,05,秋田県,0506,大仙・仙北,R7-0506-17,506秋田県大仙・仙北,17,4,秋田県立リハビリテーション・精神医療センター,大仙市
R7,05,秋田県,0506,大仙・仙北,R7-0506-18,506秋田県大仙・仙北,18,5,市立田沢湖病院,仙北市
R7,05,秋田県,0506,大仙・仙北,R7-0506-19,506秋田県大仙・仙北,19,6,協和病院,大仙市
R7,05,秋田県,0506,大仙・仙北,R7-0506-20,506秋田県大仙・仙北,20,7,医療法人あけぼの会 花園病院,大仙市
R7,05,秋田県,0506,大仙・仙北,R7-0506-21,506秋田県大仙・仙北,21,8,医療法人 大仙眼科クリニック,大仙市
R7,05,秋田県,0506,大仙・仙北,R7-0506-22,506秋田県大仙・仙北,22,9,佐藤レディースクリニック,大仙市
R7,05,秋田県,0506,大仙・仙北,R7-0506-23,506秋田県大仙・仙北,23,10,高階医院,大仙市
R7,05,秋田県,0507,横手,R7-0507-14,507秋田県横手,14,1,平鹿総合病院,横手市
R7,05,秋田県,0507,横手,R7-0507-15,507秋田県横手,15,2,市立横手病院,横手市
R7,05,秋田県,0507,横手,R7-0507-16,507秋田県横手,16,3,市立大森病院,横手市
R7,05,秋田県,0507,横手,R7-0507-17,507秋田県横手,17,4,山田眼科医院,横手市
R7,05,秋田県,0507,横手,R7-0507-18,507秋田県横手,18,5,高橋耳鼻咽喉科眼科クリニック,横手市
R7,05,秋田県,0508,湯沢・雄勝,R7-0508-14,508秋田県湯沢・雄勝,14,1,雄勝中央病院,湯沢市
R7,05,秋田県,0508,湯沢・雄勝,R7-0508-15,508秋田県湯沢・雄勝,15,2,羽後町立羽後病院,羽後町
R7,05,秋田県,0508,湯沢・雄勝,R7-0508-16,508秋田県湯沢・雄勝,16,3,医療法人尚仁会 松田記念泌尿器科クリニック,湯沢市
R7,05,秋田県,0508,湯沢・雄勝,R7-0508-17,508秋田県湯沢・雄勝,17,4,渡部外科内科,湯沢市
R7,05,秋田県,0508,湯沢・雄勝,R7-0508-18,508秋田県湯沢・雄勝,18,5,池田産婦人科クリニック,湯沢市
R7,05,秋田県,0508,湯沢・雄勝,R7-0508-19,508秋田県湯沢・雄勝,19,6,医療法人小野崎医院,湯沢市
R7,06,山形県,0601,村山,R7-0601-14,601山形県村山,14,1,山形県立中央病院,山形市
R7,06,山形県,0601,村山,R7-0601-15,601山形県村山,15,2,国立大学法人山形大学医学部附属病院,山形市
R7,06,山形県,0601,村山,R7-0601-16,601山形県村山,16,3,山形市立病院済生館,山形市
R7,06,山形県,0601,村山,R7-0601-17,601山形県村山,17,4,社会福祉法人恩賜財団済生会 山形済生病院,山形市
R7,06,山形県,0601,村山,R7-0601-18,601山形県村山,18,5,医療法人篠田好生会篠田総合病院,山形市
R7,06,山形県,0601,村山,R7-0601-19,601山形県村山,19,6,医療法人財団　明理会　山形ロイヤル病院,東根市
R7,06,山形県,0601,村山,R7-0601-20,601山形県村山,20,7,独立行政法人国立病院機構山形病院,山形市
R7,06,山形県,0601,村山,R7-0601-21,601山形県村山,21,8,北村山公立病院,東根市
R7,06,山形県,0601,村山,R7-0601-22,601山形県村山,22,9,山形徳洲会病院,山形市
R7,06,山形県,0601,村山,R7-0601-23,601山形県村山,23,10,公立学校共済組合東北中央病院,山形市
R7,06,山形県,0601,村山,R7-0601-24,601山形県村山,24,11,社会医療法人松柏会至誠堂総合病院,山形市
R7,06,山形県,0601,村山,R7-0601-25,601山形県村山,25,12,みゆき会病院,上山市
R7,06,山形県,0601,村山,R7-0601-26,601山形県村山,26,13,医療法人社団小白川至誠堂病院,山形市
R7,06,山形県,0601,村山,R7-0601-27,601山形県村山,27,14,山形県立河北病院,河北町
R7,06,山形県,0601,村山,R7-0601-28,601山形県村山,28,15,吉岡病院,天童市
R7,06,山形県,0601,村山,R7-0601-29,601山形県村山,29,16,寒河江市立病院,寒河江市
R7,06,山形県,0601,村山,R7-0601-30,601山形県村山,30,17,天童市民病院,天童市
R7,06,山形県,0601,村山,R7-0601-31,601山形県村山,31,18,山形県立こども医療療育センター,上山市
R7,06,山形県,0601,村山,R7-0601-32,601山形県村山,32,19,医療法人篠田好生会天童温泉篠田病院,天童市
R7,06,山形県,0601,村山,R7-0601-33,601山形県村山,33,20,矢吹病院,山形市
R7,06,山形県,0601,村山,R7-0601-34,601山形県村山,34,21,朝日町立病院,朝日町
R7,06,山形県,0601,村山,R7-0601-35,601山形県村山,35,22,医療法人横山厚生会横山病院,山形市
R7,06,山形県,0601,村山,R7-0601-36,601山形県村山,36,23,西川町立病院,西川町
R7,06,山形県,0601,村山,R7-0601-37,601山形県村山,37,24,井出眼科病院,山形市
R7,06,山形県,0601,村山,R7-0601-38,601山形県村山,38,25,医療法人敬愛会 尾花沢病院,尾花沢市
R7,06,山形県,0601,村山,R7-0601-39,601山形県村山,39,26,山田菊地医院,山形市
R7,06,山形県,0601,村山,R7-0601-40,601山形県村山,40,27,さとうウィメンズクリニック,天童市
R7,06,山形県,0601,村山,R7-0601-41,601山形県村山,41,28,尾花沢市中央診療所,尾花沢市
R7,06,山形県,0601,村山,R7-0601-42,601山形県村山,42,29,白田医院,大江町
R7,06,山形県,0601,村山,R7-0601-43,601山形県村山,43,30,国井クリニック,寒河江市
R7,06,山形県,0601,村山,R7-0601-44,601山形県村山,44,31,菅クリニック,東根市
R7,06,山形県,0601,村山,R7-0601-45,601山形県村山,45,32,医療法人社団羽根田産婦人科クリニック,山形市
R7,06,山形県,0601,村山,R7-0601-46,601山形県村山,46,33,吾妻クリニック,大石田町
R7,06,山形県,0601,村山,R7-0601-47,601山形県村山,47,34,佐藤眼科医院,山形市
R7,06,山形県,0601,村山,R7-0601-48,601山形県村山,48,35,後藤眼科医院,東根市
R7,06,山形県,0601,村山,R7-0601-49,601山形県村山,49,36,土屋眼科医院,山形市
R7,06,山形県,0601,村山,R7-0601-50,601山形県村山,50,37,高野せきね外科・眼科クリニック,上山市
R7,06,山形県,0601,村山,R7-0601-51,601山形県村山,51,38,山形眼科歯科,山形市
R7,06,山形県,0601,村山,R7-0601-52,601山形県村山,52,39,大竹内科呼吸器科医院,天童市
R7,06,山形県,0601,村山,R7-0601-53,601山形県村山,53,40,長岡医院,山形市
R7,06,山形県,0601,村山,R7-0601-54,601山形県村山,54,41,医療法人社団伍光会北村山在宅診療所,東根市
R7,06,山形県,0602,最上,R7-0602-14,602山形県最上,14,1,山形県立新庄病院,新庄市
R7,06,山形県,0602,最上,R7-0602-15,602山形県最上,15,2,新庄徳洲会病院,新庄市
R7,06,山形県,0602,最上,R7-0602-16,602山形県最上,16,3,最上町立最上病院,最上町
R7,06,山形県,0602,最上,R7-0602-17,602山形県最上,17,4,町立真室川病院,真室川町
R7,06,山形県,0602,最上,R7-0602-18,602山形県最上,18,5,三條医院,新庄市
R7,06,山形県,0603,置賜,R7-0603-14,603山形県置賜,14,1,公立置賜総合病院,川西町
R7,06,山形県,0603,置賜,R7-0603-15,603山形県置賜,15,2,米沢市立病院,米沢市
R7,06,山形県,0603,置賜,R7-0603-16,603山形県置賜,16,3,独立行政法人国立病院機構米沢病院,米沢市
R7,06,山形県,0603,置賜,R7-0603-17,603山形県置賜,17,4,三友堂病院,米沢市
R7,06,山形県,0603,置賜,R7-0603-18,603山形県置賜,18,5,医療法人 舟山病院,米沢市
R7,06,山形県,0603,置賜,R7-0603-19,603山形県置賜,19,6,公立高畠病院,高畠町
R7,06,山形県,0603,置賜,R7-0603-20,603山形県置賜,20,7,医療法人社団緑愛会川西湖山病院,川西町
R7,06,山形県,0603,置賜,R7-0603-21,603山形県置賜,21,8,白鷹町立病院,白鷹町
R7,06,山形県,0603,置賜,R7-0603-22,603山形県置賜,22,9,公立置賜長井病院,長井市
R7,06,山形県,0603,置賜,R7-0603-23,603山形県置賜,23,10,公立置賜南陽病院,南陽市
R7,06,山形県,0603,置賜,R7-0603-24,603山形県置賜,24,11,医療法人杏山会吉川記念病院,長井市
R7,06,山形県,0603,置賜,R7-0603-25,603山形県置賜,25,12,小国町立病院,小国町
R7,06,山形県,0603,置賜,R7-0603-26,603山形県置賜,26,13,医療法人産科婦人科島貫医院,米沢市
R7,06,山形県,0603,置賜,R7-0603-27,603山形県置賜,27,14,医療法人さくらクリニック,米沢市
R7,06,山形県,0603,置賜,R7-0603-28,603山形県置賜,28,15,医療法人社団慈敬会よねざわ眼科,米沢市
R7,06,山形県,0603,置賜,R7-0603-29,603山形県置賜,29,16,桑島眼科医院,長井市
R7,06,山形県,0603,置賜,R7-0603-30,603山形県置賜,30,17,医療法人堀内医院,米沢市
R7,06,山形県,0603,置賜,R7-0603-31,603山形県置賜,31,18,松田外科医院,米沢市
R7,06,山形県,0604,庄内,R7-0604-14,604山形県庄内,14,1,日本海総合病院,酒田市
R7,06,山形県,0604,庄内,R7-0604-15,604山形県庄内,15,2,鶴岡市立荘内病院,鶴岡市
R7,06,山形県,0604,庄内,R7-0604-16,604山形県庄内,16,3,医療法人徳洲会 庄内余目病院,庄内町
R7,06,山形県,0604,庄内,R7-0604-17,604山形県庄内,17,4,医療法人本間病院,酒田市
R7,06,山形県,0604,庄内,R7-0604-18,604山形県庄内,18,5,鶴岡協立リハビリテーション病院,鶴岡市
R7,06,山形県,0604,庄内,R7-0604-19,604山形県庄内,19,6,鶴岡協立病院,鶴岡市
R7,06,山形県,0604,庄内,R7-0604-20,604山形県庄内,20,7,鶴岡市立湯田川温泉リハビリテーション病院,鶴岡市
R7,06,山形県,0604,庄内,R7-0604-21,604山形県庄内,21,8,日本海酒田リハビリテーション病院,酒田市
R7,06,山形県,0604,庄内,R7-0604-22,604山形県庄内,22,9,順仁堂遊佐病院,遊佐町
R7,06,山形県,0604,庄内,R7-0604-23,604山形県庄内,23,10,医療法人社団愛陽会 三川病院,三川町
R7,06,山形県,0604,庄内,R7-0604-24,604山形県庄内,24,11,産婦人科・小児科三井病院,鶴岡市
R7,06,山形県,0604,庄内,R7-0604-25,604山形県庄内,25,12,藤吉内科医院,鶴岡市
R7,06,山形県,0604,庄内,R7-0604-26,604山形県庄内,26,13,みやはらクリニック,鶴岡市
R7,06,山形県,0604,庄内,R7-0604-27,604山形県庄内,27,14,医療法人社団緑伸会　真島医院,鶴岡市
R7,06,山形県,0604,庄内,R7-0604-28,604山形県庄内,28,15,いちごレディースクリニック,酒田市
R7,06,山形県,0604,庄内,R7-0604-29,604山形県庄内,29,16,村上医院,遊佐町
R7,06,山形県,0604,庄内,R7-0604-30,604山形県庄内,30,17,医療法人社団池田内科医院,酒田市
R7,06,山形県,0604,庄内,R7-0604-31,604山形県庄内,31,18,上田診療所,酒田市
R7,06,山形県,0604,庄内,R7-0604-32,604山形県庄内,32,19,福原医院,鶴岡市
R7,06,山形県,0604,庄内,R7-0604-33,604山形県庄内,33,20,丸岡医院,酒田市
R7,07,福島県,0701,県北,R7-0701-14,701福島県県北,14,1,公立大学法人 福島県立医科大学附属病院,福島市
R7,07,福島県,0701,県北,R7-0701-15,701福島県県北,15,2,一般財団法人大原記念財団 大原綜合病院,福島市
R7,07,福島県,0701,県北,R7-0701-16,701福島県県北,16,3,公立藤田総合病院,国見町
R7,07,福島県,0701,県北,R7-0701-17,701福島県県北,17,4,福島赤十字病院,福島市
R7,07,福島県,0701,県北,R7-0701-18,701福島県県北,18,5,一般財団法人脳神経疾患研究所附属南東北福島病院,福島市
R7,07,福島県,0701,県北,R7-0701-19,701福島県県北,19,6,北福島医療センター,伊達市
R7,07,福島県,0701,県北,R7-0701-20,701福島県県北,20,7,済生会福島総合病院,福島市
R7,07,福島県,0701,県北,R7-0701-21,701福島県県北,21,8,医療法人辰星会 枡記念病院,二本松市
R7,07,福島県,0701,県北,R7-0701-22,701福島県県北,22,9,福島第一病院,福島市
R7,07,福島県,0701,県北,R7-0701-23,701福島県県北,23,10,医療生協わたり病院,福島市
R7,07,福島県,0701,県北,R7-0701-24,701福島県県北,24,11,福島南病院,福島市
R7,07,福島県,0701,県北,R7-0701-25,701福島県県北,25,12,あづま脳神経外科病院,福島市
R7,07,福島県,0701,県北,R7-0701-26,701福島県県北,26,13,独立行政法人地域医療機能推進機構 二本松病院,二本松市
R7,07,福島県,0701,県北,R7-0701-27,701福島県県北,27,14,一般財団法人大原記念財団 大原医療センター,福島市
R7,07,福島県,0701,県北,R7-0701-28,701福島県県北,28,15,医療法人慈久会谷病院,本宮市
R7,07,福島県,0701,県北,R7-0701-29,701福島県県北,29,16,医療法人辰星会 枡病院,二本松市
R7,07,福島県,0701,県北,R7-0701-30,701福島県県北,30,17,しのぶ病院,福島市
R7,07,福島県,0701,県北,R7-0701-31,701福島県県北,31,18,済生会川俣病院,川俣町
R7,07,福島県,0701,県北,R7-0701-32,701福島県県北,32,19,福島寿光会病院,福島市
R7,07,福島県,0701,県北,R7-0701-33,701福島県県北,33,20,福島西部病院,福島市
R7,07,福島県,0701,県北,R7-0701-34,701福島県県北,34,21,福島中央病院,福島市
R7,07,福島県,0701,県北,R7-0701-35,701福島県県北,35,22,医療法人明治病院,福島市
R7,07,福島県,0701,県北,R7-0701-36,701福島県県北,36,23,医療法人ＡＢＣクリニック新妻産婦人科,福島市
R7,07,福島県,0701,県北,R7-0701-37,701福島県県北,37,24,医療法人 後藤整形外科,福島市
R7,07,福島県,0701,県北,R7-0701-38,701福島県県北,38,25,きらり健康生活協同組合須川診療所,福島市
R7,07,福島県,0701,県北,R7-0701-39,701福島県県北,39,26,医療法人いちかわクリニック,福島市
R7,07,福島県,0701,県北,R7-0701-40,701福島県県北,40,27,医療法人ささや産婦人科,福島市
R7,07,福島県,0701,県北,R7-0701-41,701福島県県北,41,28,福島セントラルクリニック,福島市
R7,07,福島県,0701,県北,R7-0701-42,701福島県県北,42,29,医療法人本田クリニック本田クリニック産科婦人科,福島市
R7,07,福島県,0701,県北,R7-0701-43,701福島県県北,43,30,笹木野みやけ内科外科,福島市
R7,07,福島県,0701,県北,R7-0701-44,701福島県県北,44,31,医療法人 福島腎泌尿器クリニック,福島市
R7,07,福島県,0701,県北,R7-0701-45,701福島県県北,45,32,医療法人桜樹会 八子医院,福島市
R7,07,福島県,0701,県北,R7-0701-46,701福島県県北,46,33,おぎはら泌尿器と腎のクリニック,福島市
R7,07,福島県,0701,県北,R7-0701-47,701福島県県北,47,34,土屋眼科医院,福島市
R7,07,福島県,0701,県北,R7-0701-48,701福島県県北,48,35,大槻スリープクリニック,福島市
R7,07,福島県,0701,県北,R7-0701-49,701福島県県北,49,36,池田眼科医院,本宮市
R7,07,福島県,0702,県中,R7-0702-14,702福島県県中,14,1,一般財団法人太田綜合病院附属太田西ノ内病院,郡山市
R7,07,福島県,0702,県中,R7-0702-15,702福島県県中,15,2,一般財団法人 脳神経疾患研究所 附属 総合南東北病院,郡山市
R7,07,福島県,0702,県中,R7-0702-16,702福島県県中,16,3,公益財団法人星総合病院,郡山市
R7,07,福島県,0702,県中,R7-0702-17,702福島県県中,17,4,一般財団法人太田綜合病院附属太田熱海病院,郡山市
R7,07,福島県,0702,県中,R7-0702-18,702福島県県中,18,5,公立岩瀬病院,須賀川市
R7,07,福島県,0702,県中,R7-0702-19,702福島県県中,19,6,公益財団法人湯浅報恩会寿泉堂綜合病院,郡山市
R7,07,福島県,0702,県中,R7-0702-20,702福島県県中,20,7,独立行政法人国立病院機構福島病院,須賀川市
R7,07,福島県,0702,県中,R7-0702-21,702福島県県中,21,8,公益財団法人湯浅報恩会寿泉堂香久山病院,郡山市
R7,07,福島県,0702,県中,R7-0702-22,702福島県県中,22,9,一般社団法人慈山会医学研究所付属坪井病院,郡山市
R7,07,福島県,0702,県中,R7-0702-23,702福島県県中,23,10,医療法人明信会今泉西病院,郡山市
R7,07,福島県,0702,県中,R7-0702-24,702福島県県中,24,11,医療法人社団新生会 南東北第二病院,郡山市
R7,07,福島県,0702,県中,R7-0702-25,702福島県県中,25,12,医療法人三愛会池田記念病院,須賀川市
R7,07,福島県,0702,県中,R7-0702-26,702福島県県中,26,13,ひらた中央病院,平田村
R7,07,福島県,0702,県中,R7-0702-27,702福島県県中,27,14,佐藤胃腸科外科病院,郡山市
R7,07,福島県,0702,県中,R7-0702-28,702福島県県中,28,15,公立小野町地方綜合病院,小野町
R7,07,福島県,0702,県中,R7-0702-29,702福島県県中,29,16,医療法人平心会須賀川病院,須賀川市
R7,07,福島県,0702,県中,R7-0702-30,702福島県県中,30,17,桑野協立病院,郡山市
R7,07,福島県,0702,県中,R7-0702-31,702福島県県中,31,18,福島県総合療育センター,郡山市
R7,07,福島県,0702,県中,R7-0702-32,702福島県県中,32,19,医療法人慈繁会付属土屋病院,郡山市
R7,07,福島県,0702,県中,R7-0702-33,702福島県県中,33,20,南東北春日リハビリテーション病院,須賀川市
R7,07,福島県,0702,県中,R7-0702-34,702福島県県中,34,21,医療法人郡山病院,郡山市
R7,07,福島県,0702,県中,R7-0702-35,702福島県県中,35,22,郡山市医療介護病院,郡山市
R7,07,福島県,0702,県中,R7-0702-36,702福島県県中,36,23,医療法人明信会今泉眼科病院,郡山市
R7,07,福島県,0702,県中,R7-0702-37,702福島県県中,37,24,日東病院,郡山市
R7,07,福島県,0702,県中,R7-0702-38,702福島県県中,38,25,たむら市民病院,田村市
R7,07,福島県,0702,県中,R7-0702-39,702福島県県中,39,26,医療法人創流会 朝日病院,郡山市
R7,07,福島県,0702,県中,R7-0702-40,702福島県県中,40,27,奥羽大学歯学部附属病院,郡山市
R7,07,福島県,0702,県中,R7-0702-41,702福島県県中,41,28,郡山整形外科・リハビリテーション科,郡山市
R7,07,福島県,0702,県中,R7-0702-42,702福島県県中,42,29,一般財団法人 脳神経疾患研究所 附属 南東北がん陽子線治療センター,郡山市
R7,07,福島県,0702,県中,R7-0702-43,702福島県県中,43,30,医療法人エイレイテュイア岡崎バースクリニック,郡山市
R7,07,福島県,0702,県中,R7-0702-44,702福島県県中,44,31,田村市立都路診療所,田村市
R7,07,福島県,0702,県中,R7-0702-45,702福島県県中,45,32,すずきレディースクリニック,郡山市
R7,07,福島県,0702,県中,R7-0702-46,702福島県県中,46,33,一般財団法人 脳神経疾患研究所 附属 南東北眼科クリニック,郡山市
R7,07,福島県,0702,県中,R7-0702-47,702福島県県中,47,34,石塚医院,小野町
R7,07,福島県,0702,県中,R7-0702-48,702福島県県中,48,35,医療法人　仁正会　塚原産婦人科内科・外科医院,郡山市
R7,07,福島県,0702,県中,R7-0702-49,702福島県県中,49,36,清水医院,田村市
R7,07,福島県,0702,県中,R7-0702-50,702福島県県中,50,37,医療法人健山会船引クリニック,田村市
R7,07,福島県,0702,県中,R7-0702-51,702福島県県中,51,38,今泉須賀川医院,須賀川市
R7,07,福島県,0702,県中,R7-0702-52,702福島県県中,52,39,医療法人　たなかレディースクリニック,郡山市
R7,07,福島県,0702,県中,R7-0702-53,702福島県県中,53,40,八木眼科医院,郡山市
R7,07,福島県,0702,県中,R7-0702-54,702福島県県中,54,41,こじま眼科,田村市
R7,07,福島県,0702,県中,R7-0702-55,702福島県県中,55,42,ぐっすりーぷクリニック,郡山市
R7,07,福島県,0702,県中,R7-0702-56,702福島県県中,56,43,三春町立三春病院,
R7,07,福島県,0703,県南,R7-0703-14,703福島県県南,14,1,福島県厚生農業協同組合連合会 白河厚生総合病院,白河市
R7,07,福島県,0703,県南,R7-0703-15,703福島県県南,15,2,医療法人社団恵周会 白河病院,白河市
R7,07,福島県,0703,県南,R7-0703-16,703福島県県南,16,3,公益財団法人会田病院,矢吹町
R7,07,福島県,0703,県南,R7-0703-17,703福島県県南,17,4,福島県厚生農業協同組合連合会塙厚生病院,塙町
R7,07,福島県,0703,県南,R7-0703-18,703福島県県南,18,5,医療法人社団青秀会車田病院,塙町
R7,07,福島県,0703,県南,R7-0703-19,703福島県県南,19,6,白河那須総合クリニック,白河市
R7,07,福島県,0703,県南,R7-0703-20,703福島県県南,20,7,片倉医院産科婦人科,白河市
R7,07,福島県,0703,県南,R7-0703-21,703福島県県南,21,8,近藤眼科,白河市
R7,07,福島県,0703,県南,R7-0703-22,703福島県県南,22,9,福島県太陽の国クリニック,西郷村
R7,07,福島県,0703,県南,R7-0703-23,703福島県県南,23,10,河田眼科医院,白河市
R7,07,福島県,0703,県南,R7-0703-24,703福島県県南,24,11,杉山胃腸科外科皮膚科,棚倉町
R7,07,福島県,0706,相双,R7-0706-14,706福島県相双,14,1,南相馬市立総合病院,南相馬市
R7,07,福島県,0706,相双,R7-0706-15,706福島県相双,15,2,医療法人社団青空会 大町病院,南相馬市
R7,07,福島県,0706,相双,R7-0706-16,706福島県相双,16,3,公立相馬総合病院,相馬市
R7,07,福島県,0706,相双,R7-0706-17,706福島県相双,17,4,渡辺病院,新地町
R7,07,福島県,0706,相双,R7-0706-18,706福島県相双,18,5,医療法人社団茶畑会相馬中央病院,相馬市
R7,07,福島県,0706,相双,R7-0706-19,706福島県相双,19,6,医療法人相雲会小野田病院,南相馬市
R7,07,福島県,0706,相双,R7-0706-20,706福島県相双,20,7,福島県厚生農業協同組合連合会鹿島厚生病院,南相馬市
R7,07,福島県,0706,相双,R7-0706-21,706福島県相双,21,8,高野病院,広野町
R7,07,福島県,0706,相双,R7-0706-22,706福島県相双,22,9,福島県ふたば医療センター附属病院,富岡町
R7,07,福島県,0706,相双,R7-0706-23,706福島県相双,23,10,レディースクリニックはらまち,南相馬市
R7,07,福島県,0706,相双,R7-0706-24,706福島県相双,24,11,小林眼科医院,南相馬市
R7,07,福島県,0706,相双,R7-0706-25,706福島県相双,25,12,西潤マタニティクリニック,南相馬市
R7,07,福島県,0706,相双,R7-0706-26,706福島県相双,26,13,医療法人マルイ眼科,南相馬市
R7,07,福島県,0706,相双,R7-0706-27,706福島県相双,27,14,みずこし眼科クリニック,相馬市
R7,07,福島県,0706,相双,R7-0706-28,706福島県相双,28,15,相双眼科医院,相馬市
R7,07,福島県,0707,いわき,R7-0707-14,707福島県いわき,14,1,いわき市医療センター,いわき市
R7,07,福島県,0707,いわき,R7-0707-15,707福島県いわき,15,2,独立行政法人労働者健康安全機構福島労災病院,いわき市
R7,07,福島県,0707,いわき,R7-0707-16,707福島県いわき,16,3,公益財団法人ときわ会常磐病院,いわき市
R7,07,福島県,0707,いわき,R7-0707-17,707福島県いわき,17,4,松村総合病院,いわき市
R7,07,福島県,0707,いわき,R7-0707-18,707福島県いわき,18,5,呉羽総合病院,いわき市
R7,07,福島県,0707,いわき,R7-0707-19,707福島県いわき,19,6,社団医療法人養生会かしま病院,いわき市
R7,07,福島県,0707,いわき,R7-0707-20,707福島県いわき,20,7,小名浜生協病院,いわき市
R7,07,福島県,0707,いわき,R7-0707-21,707福島県いわき,21,8,長春館病院,いわき市
R7,07,福島県,0707,いわき,R7-0707-22,707福島県いわき,22,9,医療法人常磐会 いわき湯本病院,いわき市
R7,07,福島県,0707,いわき,R7-0707-23,707福島県いわき,23,10,独立行政法人国立病院機構いわき病院,いわき市
R7,07,福島県,0707,いわき,R7-0707-24,707福島県いわき,24,11,医療法人松尾会松尾病院,いわき市
R7,07,福島県,0707,いわき,R7-0707-25,707福島県いわき,25,12,社団医療法人至誠会こうじま慈愛病院,いわき市
R7,07,福島県,0707,いわき,R7-0707-26,707福島県いわき,26,13,社団医療法人容雅会 中村病院,いわき市
R7,07,福島県,0707,いわき,R7-0707-27,707福島県いわき,27,14,医療法人福島アフターケア協会 大河内記念病院,いわき市
R7,07,福島県,0707,いわき,R7-0707-28,707福島県いわき,28,15,公益財団法人ときわ会 磐城中央病院,いわき市
R7,07,福島県,0707,いわき,R7-0707-29,707福島県いわき,29,16,福島整肢療護園,いわき市
R7,07,福島県,0707,いわき,R7-0707-30,707福島県いわき,30,17,櫛田病院,いわき市
R7,07,福島県,0707,いわき,R7-0707-31,707福島県いわき,31,18,医療法人社団正風会石井脳神経外科・眼科病院,いわき市
R7,07,福島県,0707,いわき,R7-0707-32,707福島県いわき,32,19,社団医療法人尚佑会 矢吹病院,いわき市
R7,07,福島県,0707,いわき,R7-0707-33,707福島県いわき,33,20,ゆうクリニック,いわき市
R7,07,福島県,0707,いわき,R7-0707-34,707福島県いわき,34,21,公益財団法人ときわ会いわき泌尿器科,いわき市
R7,07,福島県,0707,いわき,R7-0707-35,707福島県いわき,35,22,いわき草木台総合クリニック,いわき市
R7,07,福島県,0707,いわき,R7-0707-36,707福島県いわき,36,23,かもめクリニック,いわき市
R7,07,福島県,0707,いわき,R7-0707-37,707福島県いわき,37,24,ニュータウン腎・内科クリニック,いわき市
R7,07,福島県,0707,いわき,R7-0707-38,707福島県いわき,38,25,医療法人あさうら会 須田医院,いわき市
R7,07,福島県,0707,いわき,R7-0707-39,707福島県いわき,39,26,医療法人栄真会村岡産婦人科医院,いわき市
R7,07,福島県,0707,いわき,R7-0707-40,707福島県いわき,40,27,ノブマタニティークリニック,いわき市
R7,07,福島県,0707,いわき,R7-0707-41,707福島県いわき,41,28,小林胃腸科肛門科医院,いわき市
R7,07,福島県,0707,いわき,R7-0707-42,707福島県いわき,42,29,医療法人美波会菅波医院,いわき市
R7,07,福島県,0707,いわき,R7-0707-43,707福島県いわき,43,30,渡辺産科婦人科,いわき市
R7,07,福島県,0707,いわき,R7-0707-44,707福島県いわき,44,31,医療法人春陽会春山医院,いわき市
R7,07,福島県,0707,いわき,R7-0707-45,707福島県いわき,45,32,医療法人博玲会 はたの眼科,いわき市
R7,07,福島県,0707,いわき,R7-0707-46,707福島県いわき,46,33,ささき内科クリニック,いわき市
R7,07,福島県,0707,いわき,R7-0707-47,707福島県いわき,47,34,医療法人双美会 クリニック田畑,いわき市
R7,07,福島県,0708,会津・南会津,R7-0708-14,708福島県会津・南会津,14,1,会津中央病院,会津若松市
R7,07,福島県,0708,会津・南会津,R7-0708-15,708福島県会津・南会津,15,2,竹田綜合病院,会津若松市
R7,07,福島県,0708,会津・南会津,R7-0708-16,708福島県会津・南会津,16,3,公立大学法人福島県立医科大学会津医療センター附属病院,会津若松市
R7,07,福島県,0708,会津・南会津,R7-0708-17,708福島県会津・南会津,17,4,医療法人昨雲会 飯塚病院附属有隣病院,喜多方市
R7,07,福島県,0708,会津・南会津,R7-0708-18,708福島県会津・南会津,18,5,福島県厚生農業協同組合連合会坂下厚生総合病院,会津坂下町
R7,07,福島県,0708,会津・南会津,R7-0708-19,708福島県会津・南会津,19,6,医療法人 佐原病院,喜多方市
R7,07,福島県,0708,会津・南会津,R7-0708-20,708福島県会津・南会津,20,7,芦ノ牧温泉病院,会津若松市
R7,07,福島県,0708,会津・南会津,R7-0708-21,708福島県会津・南会津,21,8,公益財団法人 穴澤病院,会津若松市
R7,07,福島県,0708,会津・南会津,R7-0708-22,708福島県会津・南会津,22,9,福島県立南会津病院,南会津町
R7,07,福島県,0708,会津・南会津,R7-0708-23,708福島県会津・南会津,23,10,猪苗代町立猪苗代病院,猪苗代町
R7,07,福島県,0708,会津・南会津,R7-0708-24,708福島県会津・南会津,24,11,医療法人明精会 会津西病院,会津若松市
R7,07,福島県,0708,会津・南会津,R7-0708-25,708福島県会津・南会津,25,12,鳴瀬病院,喜多方市
R7,07,福島県,0708,会津・南会津,R7-0708-26,708福島県会津・南会津,26,13,医療法人社団 小野病院,喜多方市
R7,07,福島県,0708,会津・南会津,R7-0708-27,708福島県会津・南会津,27,14,福島県立宮下病院,三島町
R7,07,福島県,0708,会津・南会津,R7-0708-28,708福島県会津・南会津,28,15,医療法人社団日新会入澤病院,喜多方市
R7,07,福島県,0708,会津・南会津,R7-0708-29,708福島県会津・南会津,29,16,わかまつインターベンションクリニック,会津若松市
R7,07,福島県,0708,会津・南会津,R7-0708-30,708福島県会津・南会津,30,17,磐梯町医療センター,磐梯町
R7,07,福島県,0708,会津・南会津,R7-0708-31,708福島県会津・南会津,31,18,只見町国民健康保険朝日診療所,只見町
R7,07,福島県,0708,会津・南会津,R7-0708-32,708福島県会津・南会津,32,19,医療法人前田眼科医院,会津若松市
R7,07,福島県,0708,会津・南会津,R7-0708-33,708福島県会津・南会津,33,20,いとう眼科,喜多方市
R7,07,福島県,0708,会津・南会津,R7-0708-34,708福島県会津・南会津,34,21,えんどうクリニック,会津若松市
R7,07,福島県,0708,会津・南会津,R7-0708-35,708福島県会津・南会津,35,22,医療法人遠山会 遠山胃腸科内科医院,会津若松市
R7,08,茨城県,0801,水戸,R7-0801-14,801茨城県水戸,14,1,独立行政法人国立病院機構水戸医療センター,茨城町
R7,08,茨城県,0801,水戸,R7-0801-15,801茨城県水戸,15,2,茨城県立中央病院,笠間市
R7,08,茨城県,0801,水戸,R7-0801-16,801茨城県水戸,16,3,水戸済生会総合病院,水戸市
R7,08,茨城県,0801,水戸,R7-0801-17,801茨城県水戸,17,4,水戸赤十字病院,水戸市
R7,08,茨城県,0801,水戸,R7-0801-18,801茨城県水戸,18,5,総合病院 水戸協同病院,水戸市
R7,08,茨城県,0801,水戸,R7-0801-19,801茨城県水戸,19,6,医療法人社団協栄会大久保病院,水戸市
R7,08,茨城県,0801,水戸,R7-0801-20,801茨城県水戸,20,7,社会医療法人財団古宿会　水戸中央病院,水戸市
R7,08,茨城県,0801,水戸,R7-0801-21,801茨城県水戸,21,8,大洗海岸病院,大洗町
R7,08,茨城県,0801,水戸,R7-0801-22,801茨城県水戸,22,9,医療法人清真会丹野病院,水戸市
R7,08,茨城県,0801,水戸,R7-0801-23,801茨城県水戸,23,10,愛正会記念 茨城福祉医療センター,水戸市
R7,08,茨城県,0801,水戸,R7-0801-24,801茨城県水戸,24,11,医療法人社団北水会北水会記念病院,水戸市
R7,08,茨城県,0801,水戸,R7-0801-25,801茨城県水戸,25,12,国家公務員共済組合連合会水府病院,水戸市
R7,08,茨城県,0801,水戸,R7-0801-26,801茨城県水戸,26,13,茨城県立こども病院,水戸市
R7,08,茨城県,0801,水戸,R7-0801-27,801茨城県水戸,27,14,医療法人社団聖嶺会立川記念病院,笠間市
R7,08,茨城県,0801,水戸,R7-0801-28,801茨城県水戸,28,15,美野里病院,小美玉市
R7,08,茨城県,0801,水戸,R7-0801-29,801茨城県水戸,29,16,東前病院,水戸市
R7,08,茨城県,0801,水戸,R7-0801-30,801茨城県水戸,30,17,城南病院,水戸市
R7,08,茨城県,0801,水戸,R7-0801-31,801茨城県水戸,31,18,医療法人社団白帆会小川南病院,小美玉市
R7,08,茨城県,0801,水戸,R7-0801-32,801茨城県水戸,32,19,医療法人桜丘会水戸ブレインハートセンター,水戸市
R7,08,茨城県,0801,水戸,R7-0801-33,801茨城県水戸,33,20,社会医療法人財団古宿会小美玉市医療センター,小美玉市
R7,08,茨城県,0801,水戸,R7-0801-34,801茨城県水戸,34,21,石岡循環器科脳神経外科病院,小美玉市
R7,08,茨城県,0801,水戸,R7-0801-35,801茨城県水戸,35,22,志村病院,水戸市
R7,08,茨城県,0801,水戸,R7-0801-36,801茨城県水戸,36,23,住吉クリニック病院,水戸市
R7,08,茨城県,0801,水戸,R7-0801-37,801茨城県水戸,37,24,医療法人社団青潤会青柳病院,水戸市
R7,08,茨城県,0801,水戸,R7-0801-38,801茨城県水戸,38,25,茨城県立あすなろの郷病院,水戸市
R7,08,茨城県,0801,水戸,R7-0801-39,801茨城県水戸,39,26,みと南ヶ丘病院,水戸市
R7,08,茨城県,0801,水戸,R7-0801-40,801茨城県水戸,40,27,公益財団法人報恩会石崎病院,茨城町
R7,08,茨城県,0801,水戸,R7-0801-41,801茨城県水戸,41,28,医療法人小沢眼科内科病院,水戸市
R7,08,茨城県,0801,水戸,R7-0801-42,801茨城県水戸,42,29,医療法人鳳香会石本病院,笠間市
R7,08,茨城県,0801,水戸,R7-0801-43,801茨城県水戸,43,30,医療法人誠潤会水戸病院,水戸市
R7,08,茨城県,0801,水戸,R7-0801-44,801茨城県水戸,44,31,大橋病院,水戸市
R7,08,茨城県,0801,水戸,R7-0801-45,801茨城県水戸,45,32,岩崎病院,水戸市
R7,08,茨城県,0801,水戸,R7-0801-46,801茨城県水戸,46,33,医療法人明保会江幡産婦人科・内科病院,水戸市
R7,08,茨城県,0801,水戸,R7-0801-47,801茨城県水戸,47,34,石渡産婦人科病院,水戸市
R7,08,茨城県,0801,水戸,R7-0801-48,801茨城県水戸,48,35,笠間市立病院,笠間市
R7,08,茨城県,0801,水戸,R7-0801-49,801茨城県水戸,49,36,長田医院,水戸市
R7,08,茨城県,0801,水戸,R7-0801-50,801茨城県水戸,50,37,医療法人社団光明会 山本整形外科,水戸市
R7,08,茨城県,0801,水戸,R7-0801-51,801茨城県水戸,51,38,山縣産婦人科,水戸市
R7,08,茨城県,0801,水戸,R7-0801-52,801茨城県水戸,52,39,スイコウ南クリニック,水戸市
R7,08,茨城県,0801,水戸,R7-0801-53,801茨城県水戸,53,40,神里医院,笠間市
R7,08,茨城県,0801,水戸,R7-0801-54,801茨城県水戸,54,41,脳神経外科ブレインピア桜ヶ丘,茨城町
R7,08,茨城県,0801,水戸,R7-0801-55,801茨城県水戸,55,42,医療法人恒仁会石塚地方医院,城里町
R7,08,茨城県,0801,水戸,R7-0801-56,801茨城県水戸,56,43,植野産婦人科医院,水戸市
R7,08,茨城県,0801,水戸,R7-0801-57,801茨城県水戸,57,44,青木医院,水戸市
R7,08,茨城県,0801,水戸,R7-0801-58,801茨城県水戸,58,45,医療法人社団正和会 小松崎産婦人科,水戸市
R7,08,茨城県,0801,水戸,R7-0801-59,801茨城県水戸,59,46,大場内科クリニック,水戸市
R7,08,茨城県,0801,水戸,R7-0801-60,801茨城県水戸,60,47,鈴木産婦人科医院,水戸市
R7,08,茨城県,0801,水戸,R7-0801-61,801茨城県水戸,61,48,鈴木眼科医院,水戸市
R7,08,茨城県,0801,水戸,R7-0801-62,801茨城県水戸,62,49,医療法人誠順会クリニック健康の杜,水戸市
R7,08,茨城県,0801,水戸,R7-0801-63,801茨城県水戸,63,50,岩間産婦人科,水戸市
R7,08,茨城県,0802,日立,R7-0802-14,802茨城県日立,14,1,株式会社日立製作所日立総合病院,日立市
R7,08,茨城県,0802,日立,R7-0802-15,802茨城県日立,15,2,ひたち医療センター,日立市
R7,08,茨城県,0802,日立,R7-0802-16,802茨城県日立,16,3,県北医療センター高萩協同病院,高萩市
R7,08,茨城県,0802,日立,R7-0802-17,802茨城県日立,17,4,田尻ヶ丘病院,日立市
R7,08,茨城県,0802,日立,R7-0802-18,802茨城県日立,18,5,北茨城市民病院,北茨城市
R7,08,茨城県,0802,日立,R7-0802-19,802茨城県日立,19,6,やすらぎの丘温泉病院,高萩市
R7,08,茨城県,0802,日立,R7-0802-20,802茨城県日立,20,7,回春荘病院,日立市
R7,08,茨城県,0802,日立,R7-0802-21,802茨城県日立,21,8,医療法人芳医会瀧病院,北茨城市
R7,08,茨城県,0802,日立,R7-0802-22,802茨城県日立,22,9,医療法人聖麗会 聖麗メモリアル病院,日立市
R7,08,茨城県,0802,日立,R7-0802-23,802茨城県日立,23,10,医療法人群羊会久慈茅根病院,日立市
R7,08,茨城県,0802,日立,R7-0802-24,802茨城県日立,24,11,水方苑,高萩市
R7,08,茨城県,0802,日立,R7-0802-25,802茨城県日立,25,12,廣橋病院,北茨城市
R7,08,茨城県,0802,日立,R7-0802-26,802茨城県日立,26,13,医療法人社団日鉱記念病院,日立市
R7,08,茨城県,0802,日立,R7-0802-27,802茨城県日立,27,14,医療法人ここの実会嶋崎病院,日立市
R7,08,茨城県,0802,日立,R7-0802-28,802茨城県日立,28,15,医療法人惇慈会日立港病院,日立市
R7,08,茨城県,0802,日立,R7-0802-29,802茨城県日立,29,16,医療法人一誠会川﨑病院,日立市
R7,08,茨城県,0802,日立,R7-0802-30,802茨城県日立,30,17,十王ひがし野クリニック,日立市
R7,08,茨城県,0802,日立,R7-0802-31,802茨城県日立,31,18,川島クリニック,日立市
R7,08,茨城県,0802,日立,R7-0802-32,802茨城県日立,32,19,かもめ・日立クリニック,日立市
R7,08,茨城県,0802,日立,R7-0802-33,802茨城県日立,33,20,医療法人瀬尾医院,日立市
R7,08,茨城県,0802,日立,R7-0802-34,802茨城県日立,34,21,永山眼科医院,高萩市
R7,08,茨城県,0802,日立,R7-0802-35,802茨城県日立,35,22,永井ひたちの森病院,
R7,08,茨城県,0803,常陸太田・ひたちなか,R7-0803-14,803茨城県常陸太田・ひたちなか,14,1,独立行政法人国立病院機構 茨城東病院,東海村
R7,08,茨城県,0803,常陸太田・ひたちなか,R7-0803-15,803茨城県常陸太田・ひたちなか,15,2,株式会社日立製作所ひたちなか総合病院,ひたちなか市
R7,08,茨城県,0803,常陸太田・ひたちなか,R7-0803-16,803茨城県常陸太田・ひたちなか,16,3,西山堂慶和病院,那珂市
R7,08,茨城県,0803,常陸太田・ひたちなか,R7-0803-17,803茨城県常陸太田・ひたちなか,17,4,志村大宮病院,常陸大宮市
R7,08,茨城県,0803,常陸太田・ひたちなか,R7-0803-18,803茨城県常陸太田・ひたちなか,18,5,常陸大宮済生会病院,常陸大宮市
R7,08,茨城県,0803,常陸太田・ひたちなか,R7-0803-19,803茨城県常陸太田・ひたちなか,19,6,藤井病院,常陸太田市
R7,08,茨城県,0803,常陸太田・ひたちなか,R7-0803-20,803茨城県常陸太田・ひたちなか,20,7,大山病院,常陸太田市
R7,08,茨城県,0803,常陸太田・ひたちなか,R7-0803-21,803茨城県常陸太田・ひたちなか,21,8,小豆畑病院,那珂市
R7,08,茨城県,0803,常陸太田・ひたちなか,R7-0803-22,803茨城県常陸太田・ひたちなか,22,9,医療法人社団愛友会勝田病院,ひたちなか市
R7,08,茨城県,0803,常陸太田・ひたちなか,R7-0803-23,803茨城県常陸太田・ひたちなか,23,10,村立東海病院,東海村
R7,08,茨城県,0803,常陸太田・ひたちなか,R7-0803-24,803茨城県常陸太田・ひたちなか,24,11,西山堂病院,常陸太田市
R7,08,茨城県,0803,常陸太田・ひたちなか,R7-0803-25,803茨城県常陸太田・ひたちなか,25,12,アイビークリニック,ひたちなか市
R7,08,茨城県,0803,常陸太田・ひたちなか,R7-0803-26,803茨城県常陸太田・ひたちなか,26,13,久保田病院,大子町
R7,08,茨城県,0803,常陸太田・ひたちなか,R7-0803-27,803茨城県常陸太田・ひたちなか,27,14,慈泉堂病院,大子町
R7,08,茨城県,0803,常陸太田・ひたちなか,R7-0803-28,803茨城県常陸太田・ひたちなか,28,15,加瀬病院,ひたちなか市
R7,08,茨城県,0803,常陸太田・ひたちなか,R7-0803-29,803茨城県常陸太田・ひたちなか,29,16,ひたちなか母と子の病院,ひたちなか市
R7,08,茨城県,0803,常陸太田・ひたちなか,R7-0803-30,803茨城県常陸太田・ひたちなか,30,17,脳神経外科 ブレインピア南太田,常陸太田市
R7,08,茨城県,0803,常陸太田・ひたちなか,R7-0803-31,803茨城県常陸太田・ひたちなか,31,18,根本医院,常陸太田市
R7,08,茨城県,0803,常陸太田・ひたちなか,R7-0803-32,803茨城県常陸太田・ひたちなか,32,19,医療法人社団克仁会 恵愛小林クリニック,ひたちなか市
R7,08,茨城県,0803,常陸太田・ひたちなか,R7-0803-33,803茨城県常陸太田・ひたちなか,33,20,医療法人薫光会 小松整形外科医院,ひたちなか市
R7,08,茨城県,0803,常陸太田・ひたちなか,R7-0803-34,803茨城県常陸太田・ひたちなか,34,21,医療法人秀仁会さくら水戸クリニック,ひたちなか市
R7,08,茨城県,0803,常陸太田・ひたちなか,R7-0803-35,803茨城県常陸太田・ひたちなか,35,22,那珂クリニック,那珂市
R7,08,茨城県,0803,常陸太田・ひたちなか,R7-0803-36,803茨城県常陸太田・ひたちなか,36,23,那珂記念クリニック,那珂市
R7,08,茨城県,0803,常陸太田・ひたちなか,R7-0803-37,803茨城県常陸太田・ひたちなか,37,24,尾形クリニック,東海村
R7,08,茨城県,0803,常陸太田・ひたちなか,R7-0803-38,803茨城県常陸太田・ひたちなか,38,25,吉成医院,大子町
R7,08,茨城県,0803,常陸太田・ひたちなか,R7-0803-39,803茨城県常陸太田・ひたちなか,39,26,保内郷メディカルクリニック,大子町
R7,08,茨城県,0803,常陸太田・ひたちなか,R7-0803-40,803茨城県常陸太田・ひたちなか,40,27,みんなの内科外科クリニック,ひたちなか市
R7,08,茨城県,0803,常陸太田・ひたちなか,R7-0803-41,803茨城県常陸太田・ひたちなか,41,28,はやかわクリニック,ひたちなか市
R7,08,茨城県,0803,常陸太田・ひたちなか,R7-0803-42,803茨城県常陸太田・ひたちなか,42,29,小野瀬医院,那珂市
R7,08,茨城県,0803,常陸太田・ひたちなか,R7-0803-43,803茨城県常陸太田・ひたちなか,43,30,医療法人 大森医院,常陸太田市
R7,08,茨城県,0803,常陸太田・ひたちなか,R7-0803-44,803茨城県常陸太田・ひたちなか,44,31,医療法人 龍の子会 根本眼科,常陸太田市
R7,08,茨城県,0803,常陸太田・ひたちなか,R7-0803-45,803茨城県常陸太田・ひたちなか,45,32,医療法人社団雄々会 中村眼科医院,ひたちなか市
R7,08,茨城県,0803,常陸太田・ひたちなか,R7-0803-46,803茨城県常陸太田・ひたちなか,46,33,高村外科医院,常陸大宮市
R7,08,茨城県,0803,常陸太田・ひたちなか,R7-0803-47,803茨城県常陸太田・ひたちなか,47,34,くぼたクリニック,常陸太田市
R7,08,茨城県,0803,常陸太田・ひたちなか,R7-0803-48,803茨城県常陸太田・ひたちなか,48,35,小林医院,常陸太田市
R7,08,茨城県,0803,常陸太田・ひたちなか,R7-0803-49,803茨城県常陸太田・ひたちなか,49,36,尚仁会クリニック,ひたちなか市
R7,08,茨城県,0803,常陸太田・ひたちなか,R7-0803-50,803茨城県常陸太田・ひたちなか,50,37,原レディスクリニック,ひたちなか市
R7,08,茨城県,0803,常陸太田・ひたちなか,R7-0803-51,803茨城県常陸太田・ひたちなか,51,38,岩上記念病院,
R7,08,茨城県,0803,常陸太田・ひたちなか,R7-0803-52,803茨城県常陸太田・ひたちなか,52,39,医療法人メディカルGP メディカルGPクリニック横堀,
R7,08,茨城県,0804,鹿行,R7-0804-14,804茨城県鹿行,14,1,社会福祉法人白十字会 白十字総合病院,神栖市
R7,08,茨城県,0804,鹿行,R7-0804-15,804茨城県鹿行,15,2,医療法人社団善仁会 小山記念病院,鹿嶋市
R7,08,茨城県,0804,鹿行,R7-0804-16,804茨城県鹿行,16,3,土浦協同病院なめがた地域医療センター,行方市
R7,08,茨城県,0804,鹿行,R7-0804-17,804茨城県鹿行,17,4,神栖済生会病院,神栖市
R7,08,茨城県,0804,鹿行,R7-0804-18,804茨城県鹿行,18,5,医療法人晴生会 鹿島神宮前病院,鹿嶋市
R7,08,茨城県,0804,鹿行,R7-0804-19,804茨城県鹿行,19,6,清仁会病院,神栖市
R7,08,茨城県,0804,鹿行,R7-0804-20,804茨城県鹿行,20,7,医療法人社団土合会 渡辺病院,神栖市
R7,08,茨城県,0804,鹿行,R7-0804-21,804茨城県鹿行,21,8,公益財団法人 鹿島病院,鹿嶋市
R7,08,茨城県,0804,鹿行,R7-0804-22,804茨城県鹿行,22,9,医療法人東湖会 鉾田病院,鉾田市
R7,08,茨城県,0804,鹿行,R7-0804-23,804茨城県鹿行,23,10,医療法人三尚会 高須病院,鉾田市
R7,08,茨城県,0804,鹿行,R7-0804-24,804茨城県鹿行,24,11,前田病院,鹿嶋市
R7,08,茨城県,0804,鹿行,R7-0804-25,804茨城県鹿行,25,12,鹿嶋ハートクリニック,神栖市
R7,08,茨城県,0804,鹿行,R7-0804-26,804茨城県鹿行,26,13,大野診療所,鹿嶋市
R7,08,茨城県,0804,鹿行,R7-0804-27,804茨城県鹿行,27,14,医療法人正友会 島医院,鹿嶋市
R7,08,茨城県,0804,鹿行,R7-0804-28,804茨城県鹿行,28,15,医療法人社団葉山産婦人科,鹿嶋市
R7,08,茨城県,0804,鹿行,R7-0804-29,804茨城県鹿行,29,16,井上眼科医院,鹿嶋市
R7,08,茨城県,0804,鹿行,R7-0804-30,804茨城県鹿行,30,17,済生会土合クリニック,神栖市
R7,08,茨城県,0804,鹿行,R7-0804-31,804茨城県鹿行,31,18,つばさクリニック,
R7,08,茨城県,0805,土浦,R7-0805-14,805茨城県土浦,14,1,総合病院土浦協同病院,土浦市
R7,08,茨城県,0805,土浦,R7-0805-15,805茨城県土浦,15,2,独立行政法人国立病院機構霞ヶ浦医療センター,土浦市
R7,08,茨城県,0805,土浦,R7-0805-16,805茨城県土浦,16,3,山王台病院,石岡市
R7,08,茨城県,0805,土浦,R7-0805-17,805茨城県土浦,17,4,神立病院,土浦市
R7,08,茨城県,0805,土浦,R7-0805-18,805茨城県土浦,18,5,公益社団法人地域医療振興協会 石岡第一病院,石岡市
R7,08,茨城県,0805,土浦,R7-0805-19,805茨城県土浦,19,6,八郷整形外科内科病院,石岡市
R7,08,茨城県,0805,土浦,R7-0805-20,805茨城県土浦,20,7,豊後荘病院,石岡市
R7,08,茨城県,0805,土浦,R7-0805-21,805茨城県土浦,21,8,医療法人財団 県南病院,土浦市
R7,08,茨城県,0805,土浦,R7-0805-22,805茨城県土浦,22,9,社会福祉法人欅会旭台病院,石岡市
R7,08,茨城県,0805,土浦,R7-0805-23,805茨城県土浦,23,10,土浦リハビリテーション病院,土浦市
R7,08,茨城県,0805,土浦,R7-0805-24,805茨城県土浦,24,11,久保田病院,石岡市
R7,08,茨城県,0805,土浦,R7-0805-25,805茨城県土浦,25,12,野上病院,土浦市
R7,08,茨城県,0805,土浦,R7-0805-26,805茨城県土浦,26,13,医療法人社団桜水会外科・内科天の橋立,土浦市
R7,08,茨城県,0805,土浦,R7-0805-27,805茨城県土浦,27,14,よつばクリニック,土浦市
R7,08,茨城県,0805,土浦,R7-0805-28,805茨城県土浦,28,15,山王台病院附属眼科・内科クリニック,石岡市
R7,08,茨城県,0805,土浦,R7-0805-29,805茨城県土浦,29,16,府中クリニック,石岡市
R7,08,茨城県,0805,土浦,R7-0805-30,805茨城県土浦,30,17,中央大祢整形形成外科,土浦市
R7,08,茨城県,0805,土浦,R7-0805-31,805茨城県土浦,31,18,医療法人社団福民会長尾眼科,石岡市
R7,08,茨城県,0805,土浦,R7-0805-32,805茨城県土浦,32,19,仲田耳鼻咽喉科医院,石岡市
R7,08,茨城県,0805,土浦,R7-0805-33,805茨城県土浦,33,20,アグリホームクリニックかすみがうら,
R7,08,茨城県,0806,つくば,R7-0806-14,806茨城県つくば,14,1,筑波大学附属病院,つくば市
R7,08,茨城県,0806,つくば,R7-0806-15,806茨城県つくば,15,2,医療法人社団 筑波記念会 筑波記念病院,つくば市
R7,08,茨城県,0806,つくば,R7-0806-16,806茨城県つくば,16,3,筑波メディカルセンター病院,つくば市
R7,08,茨城県,0806,つくば,R7-0806-17,806茨城県つくば,17,4,医療法人社団桜水会筑波病院,つくば市
R7,08,茨城県,0806,つくば,R7-0806-18,806茨城県つくば,18,5,筑波学園病院,つくば市
R7,08,茨城県,0806,つくば,R7-0806-19,806茨城県つくば,19,6,いちはら病院,つくば市
R7,08,茨城県,0806,つくば,R7-0806-20,806茨城県つくば,20,7,茎崎アオイ病院,つくば市
R7,08,茨城県,0806,つくば,R7-0806-21,806茨城県つくば,21,8,医療法人社団双愛会 つくば双愛病院,つくば市
R7,08,茨城県,0806,つくば,R7-0806-22,806茨城県つくば,22,9,きぬ医師会病院,常総市
R7,08,茨城県,0806,つくば,R7-0806-23,806茨城県つくば,23,10,水海道西部病院,常総市
R7,08,茨城県,0806,つくば,R7-0806-24,806茨城県つくば,24,11,医療法人社団恵仁会 筑波中央病院,つくば市
R7,08,茨城県,0806,つくば,R7-0806-25,806茨城県つくば,25,12,水海道さくら病院,常総市
R7,08,茨城県,0806,つくば,R7-0806-26,806茨城県つくば,26,13,医療法人社団筑三会筑波胃腸病院,つくば市
R7,08,茨城県,0806,つくば,R7-0806-27,806茨城県つくば,27,14,紫峰の森クリニック,つくば市
R7,08,茨城県,0806,つくば,R7-0806-28,806茨城県つくば,28,15,アグリホームクリニックつくばみらい,つくばみらい市
R7,08,茨城県,0806,つくば,R7-0806-29,806茨城県つくば,29,16,つくばみらい遠藤レディースクリニック,つくばみらい市
R7,08,茨城県,0806,つくば,R7-0806-30,806茨城県つくば,30,17,寺田医院,常総市
R7,08,茨城県,0806,つくば,R7-0806-31,806茨城県つくば,31,18,医療法人渋谷クリニック,つくば市
R7,08,茨城県,0806,つくば,R7-0806-32,806茨城県つくば,32,19,ひがし外科内科医院,つくば市
R7,08,茨城県,0806,つくば,R7-0806-33,806茨城県つくば,33,20,つくば橋本眼科,つくば市
R7,08,茨城県,0806,つくば,R7-0806-34,806茨城県つくば,34,21,庄司クリニック,つくば市
R7,08,茨城県,0806,つくば,R7-0806-35,806茨城県つくば,35,22,大見クリニック,つくば市
R7,08,茨城県,0806,つくば,R7-0806-36,806茨城県つくば,36,23,なないろレディースクリニック,
R7,08,茨城県,0806,つくば,R7-0806-37,806茨城県つくば,37,24,なないろもあバースクリニック,
R7,08,茨城県,0807,取手・竜ヶ崎,R7-0807-14,807茨城県取手・竜ヶ崎,14,1,東京医科大学茨城医療センター,阿見町
R7,08,茨城県,0807,取手・竜ヶ崎,R7-0807-15,807茨城県取手・竜ヶ崎,15,2,牛久愛和総合病院,牛久市
R7,08,茨城県,0807,取手・竜ヶ崎,R7-0807-16,807茨城県取手・竜ヶ崎,16,3,ＪＡとりで総合医療センター,取手市
R7,08,茨城県,0807,取手・竜ヶ崎,R7-0807-17,807茨城県取手・竜ヶ崎,17,4,つくばセントラル病院,牛久市
R7,08,茨城県,0807,取手・竜ヶ崎,R7-0807-18,807茨城県取手・竜ヶ崎,18,5,龍ケ崎済生会病院,龍ケ崎市
R7,08,茨城県,0807,取手・竜ヶ崎,R7-0807-19,807茨城県取手・竜ヶ崎,19,6,社会医療法人社団光仁会総合守谷第一病院,守谷市
R7,08,茨城県,0807,取手・竜ヶ崎,R7-0807-20,807茨城県取手・竜ヶ崎,20,7,医療法人美湖会美浦中央病院,美浦村
R7,08,茨城県,0807,取手・竜ヶ崎,R7-0807-21,807茨城県取手・竜ヶ崎,21,8,医療法人三星会茨城リハビリテーション病院,守谷市
R7,08,茨城県,0807,取手・竜ヶ崎,R7-0807-22,807茨城県取手・竜ヶ崎,22,9,守谷慶友病院,守谷市
R7,08,茨城県,0807,取手・竜ヶ崎,R7-0807-23,807茨城県取手・竜ヶ崎,23,10,取手北相馬保健医療センター医師会病院,取手市
R7,08,茨城県,0807,取手・竜ヶ崎,R7-0807-24,807茨城県取手・竜ヶ崎,24,11,宮本病院,稲敷市
R7,08,茨城県,0807,取手・竜ヶ崎,R7-0807-25,807茨城県取手・竜ヶ崎,25,12,茨城県立医療大学付属病院,阿見町
R7,08,茨城県,0807,取手・竜ヶ崎,R7-0807-26,807茨城県取手・竜ヶ崎,26,13,牛尾病院,龍ケ崎市
R7,08,茨城県,0807,取手・竜ヶ崎,R7-0807-27,807茨城県取手・竜ヶ崎,27,14,東取手病院,取手市
R7,08,茨城県,0807,取手・竜ヶ崎,R7-0807-28,807茨城県取手・竜ヶ崎,28,15,医療法人社団 宗仁会病院,取手市
R7,08,茨城県,0807,取手・竜ヶ崎,R7-0807-29,807茨城県取手・竜ヶ崎,29,16,取手中央病院,取手市
R7,08,茨城県,0807,取手・竜ヶ崎,R7-0807-30,807茨城県取手・竜ヶ崎,30,17,西間木病院,取手市
R7,08,茨城県,0807,取手・竜ヶ崎,R7-0807-31,807茨城県取手・竜ヶ崎,31,18,山本医院,龍ケ崎市
R7,08,茨城県,0807,取手・竜ヶ崎,R7-0807-32,807茨城県取手・竜ヶ崎,32,19,医療法人社団桜水会柏田診療所,牛久市
R7,08,茨城県,0807,取手・竜ヶ崎,R7-0807-33,807茨城県取手・竜ヶ崎,33,20,佐倉クリニック,稲敷市
R7,08,茨城県,0807,取手・竜ヶ崎,R7-0807-34,807茨城県取手・竜ヶ崎,34,21,かんの産婦人科クリニック,取手市
R7,08,茨城県,0807,取手・竜ヶ崎,R7-0807-35,807茨城県取手・竜ヶ崎,35,22,お産の森いのちのもり産科婦人科篠﨑医院,守谷市
R7,08,茨城県,0807,取手・竜ヶ崎,R7-0807-36,807茨城県取手・竜ヶ崎,36,23,レディスクリニック結,阿見町
R7,08,茨城県,0807,取手・竜ヶ崎,R7-0807-37,807茨城県取手・竜ヶ崎,37,24,秋田医院,取手市
R7,08,茨城県,0807,取手・竜ヶ崎,R7-0807-38,807茨城県取手・竜ヶ崎,38,25,医療法人昴会 野村医院,龍ケ崎市
R7,08,茨城県,0807,取手・竜ヶ崎,R7-0807-39,807茨城県取手・竜ヶ崎,39,26,あおぞら診療所,取手市
R7,08,茨城県,0807,取手・竜ヶ崎,R7-0807-40,807茨城県取手・竜ヶ崎,40,27,椎名産婦人科,牛久市
R7,08,茨城県,0807,取手・竜ヶ崎,R7-0807-41,807茨城県取手・竜ヶ崎,41,28,医療法人社団耕潤会ハートフルふじしろ病院,
R7,08,茨城県,0807,取手・竜ヶ崎,R7-0807-42,807茨城県取手・竜ヶ崎,42,29,医療法人中村会常総病院,
R7,08,茨城県,0807,取手・竜ヶ崎,R7-0807-43,807茨城県取手・竜ヶ崎,43,30,医療法人社団仁誠会阿見第一クリニック,
R7,08,茨城県,0808,筑西・下妻,R7-0808-14,808茨城県筑西・下妻,14,1,社会医療法人 達生堂 城西病院,結城市
R7,08,茨城県,0808,筑西・下妻,R7-0808-15,808茨城県筑西・下妻,15,2,茨城県西部メディカルセンター,筑西市
R7,08,茨城県,0808,筑西・下妻,R7-0808-16,808茨城県筑西・下妻,16,3,医療法人鴻仁会上の原病院,桜川市
R7,08,茨城県,0808,筑西・下妻,R7-0808-17,808茨城県筑西・下妻,17,4,大圃病院,筑西市
R7,08,茨城県,0808,筑西・下妻,R7-0808-18,808茨城県筑西・下妻,18,5,社会医療法人恒貴会協和中央病院,筑西市
R7,08,茨城県,0808,筑西・下妻,R7-0808-19,808茨城県筑西・下妻,19,6,社会医療法人社団同樹会結城病院,結城市
R7,08,茨城県,0808,筑西・下妻,R7-0808-20,808茨城県筑西・下妻,20,7,さくらがわ地域医療センター,桜川市
R7,08,茨城県,0808,筑西・下妻,R7-0808-21,808茨城県筑西・下妻,21,8,湖南病院,下妻市
R7,08,茨城県,0808,筑西・下妻,R7-0808-22,808茨城県筑西・下妻,22,9,社会医療法人恒貴会 協和南病院,筑西市
R7,08,茨城県,0808,筑西・下妻,R7-0808-23,808茨城県筑西・下妻,23,10,平間病院,下妻市
R7,08,茨城県,0808,筑西・下妻,R7-0808-24,808茨城県筑西・下妻,24,11,八千代病院,八千代町
R7,08,茨城県,0808,筑西・下妻,R7-0808-25,808茨城県筑西・下妻,25,12,軽部病院,下妻市
R7,08,茨城県,0808,筑西・下妻,R7-0808-26,808茨城県筑西・下妻,26,13,威恵会三岳荘小松崎病院,筑西市
R7,08,茨城県,0808,筑西・下妻,R7-0808-27,808茨城県筑西・下妻,27,14,結城クリニック,結城市
R7,08,茨城県,0808,筑西・下妻,R7-0808-28,808茨城県筑西・下妻,28,15,宮田医院,筑西市
R7,08,茨城県,0808,筑西・下妻,R7-0808-29,808茨城県筑西・下妻,29,16,明野中央医院,筑西市
R7,08,茨城県,0808,筑西・下妻,R7-0808-30,808茨城県筑西・下妻,30,17,遠藤産婦人科医院,筑西市
R7,08,茨城県,0808,筑西・下妻,R7-0808-31,808茨城県筑西・下妻,31,18,菊山胃腸科外科医院,下妻市
R7,08,茨城県,0808,筑西・下妻,R7-0808-32,808茨城県筑西・下妻,32,19,池羽レディースクリニック,
R7,08,茨城県,0808,筑西・下妻,R7-0808-33,808茨城県筑西・下妻,33,20,平間産婦人科医院,
R7,08,茨城県,0809,古河・坂東,R7-0809-14,809茨城県古河・坂東,14,1,茨城西南医療センター病院,境町
R7,08,茨城県,0809,古河・坂東,R7-0809-15,809茨城県古河・坂東,15,2,友愛記念病院,古河市
R7,08,茨城県,0809,古河・坂東,R7-0809-16,809茨城県古河・坂東,16,3,医療法人徳洲会古河総合病院,古河市
R7,08,茨城県,0809,古河・坂東,R7-0809-17,809茨城県古河・坂東,17,4,古河赤十字病院,古河市
R7,08,茨城県,0809,古河・坂東,R7-0809-18,809茨城県古河・坂東,18,5,総和中央病院,古河市
R7,08,茨城県,0809,古河・坂東,R7-0809-19,809茨城県古河・坂東,19,6,木根淵外科胃腸科病院,坂東市
R7,08,茨城県,0809,古河・坂東,R7-0809-20,809茨城県古河・坂東,20,7,芳香会病院青嵐荘療育園,古河市
R7,08,茨城県,0809,古河・坂東,R7-0809-21,809茨城県古河・坂東,21,8,医療法人慈政会小柳病院,古河市
R7,08,茨城県,0809,古河・坂東,R7-0809-22,809茨城県古河・坂東,22,9,つるみ脳神経病院,古河市
R7,08,茨城県,0809,古河・坂東,R7-0809-23,809茨城県古河・坂東,23,10,医療法人慈愛会秋葉産婦人科,古河市
R7,08,茨城県,0809,古河・坂東,R7-0809-24,809茨城県古河・坂東,24,11,医療法人医新会 石塚医院,坂東市
R7,08,茨城県,0809,古河・坂東,R7-0809-25,809茨城県古河・坂東,25,12,医療法人 静和会 池田医院,境町
R7,08,茨城県,0809,古河・坂東,R7-0809-26,809茨城県古河・坂東,26,13,船橋レディスクリニック,古河市
R7,08,茨城県,0809,古河・坂東,R7-0809-27,809茨城県古河・坂東,27,14,ホスピタル坂東,
R7,09,栃木県,0901,県北,R7-0901-14,901栃木県県北,14,1,那須赤十字病院,大田原市
R7,09,栃木県,0901,県北,R7-0901-15,901栃木県県北,15,2,国際医療福祉大学病院,那須塩原市
R7,09,栃木県,0901,県北,R7-0901-16,901栃木県県北,16,3,菅間記念病院,那須塩原市
R7,09,栃木県,0901,県北,R7-0901-17,901栃木県県北,17,4,国際医療福祉大学塩谷病院,矢板市
R7,09,栃木県,0901,県北,R7-0901-18,901栃木県県北,18,5,栃木県医師会塩原温泉病院,那須塩原市
R7,09,栃木県,0901,県北,R7-0901-19,901栃木県県北,19,6,黒須病院,さくら市
R7,09,栃木県,0901,県北,R7-0901-20,901栃木県県北,20,7,那須中央病院,大田原市
R7,09,栃木県,0901,県北,R7-0901-21,901栃木県県北,21,8,那須南病院,那須烏山市
R7,09,栃木県,0901,県北,R7-0901-22,901栃木県県北,22,9,矢板南病院,矢板市
R7,09,栃木県,0901,県北,R7-0901-23,901栃木県県北,23,10,那須北病院,那須塩原市
R7,09,栃木県,0901,県北,R7-0901-24,901栃木県県北,24,11,福島整形外科病院,那須塩原市
R7,09,栃木県,0901,県北,R7-0901-25,901栃木県県北,25,12,なす療育園,大田原市
R7,09,栃木県,0901,県北,R7-0901-26,901栃木県県北,26,13,高根沢中央病院,高根沢町
R7,09,栃木県,0901,県北,R7-0901-27,901栃木県県北,27,14,高野病院,那珂川町
R7,09,栃木県,0901,県北,R7-0901-28,901栃木県県北,28,15,菅又病院,高根沢町
R7,09,栃木県,0901,県北,R7-0901-29,901栃木県県北,29,16,室井病院,大田原市
R7,09,栃木県,0901,県北,R7-0901-30,901栃木県県北,30,17,黒磯病院,那須塩原市
R7,09,栃木県,0901,県北,R7-0901-31,901栃木県県北,31,18,だいなリハビリクリニック,大田原市
R7,09,栃木県,0901,県北,R7-0901-32,901栃木県県北,32,19,尾形クリニック,矢板市
R7,09,栃木県,0901,県北,R7-0901-33,901栃木県県北,33,20,村井胃腸科外科クリニック,矢板市
R7,09,栃木県,0901,県北,R7-0901-34,901栃木県県北,34,21,見川医院,那須町
R7,09,栃木県,0901,県北,R7-0901-35,901栃木県県北,35,22,藤田医院,大田原市
R7,09,栃木県,0901,県北,R7-0901-36,901栃木県県北,36,23,さくら産院,さくら市
R7,09,栃木県,0901,県北,R7-0901-37,901栃木県県北,37,24,齊藤内科医院,大田原市
R7,09,栃木県,0901,県北,R7-0901-38,901栃木県県北,38,25,原眼科医院,大田原市
R7,09,栃木県,0901,県北,R7-0901-39,901栃木県県北,39,26,伊野田眼科クリニック,那須塩原市
R7,09,栃木県,0901,県北,R7-0901-40,901栃木県県北,40,27,たかはし眼科,高根沢町
R7,09,栃木県,0901,県北,R7-0901-41,901栃木県県北,41,28,なすのがはらクリニック,大田原市
R7,09,栃木県,0901,県北,R7-0901-42,901栃木県県北,42,29,井上眼科医院,大田原市
R7,09,栃木県,0901,県北,R7-0901-43,901栃木県県北,43,30,きうち産婦人科医院,矢板市
R7,09,栃木県,0902,県西,R7-0902-14,902栃木県県西,14,1,上都賀総合病院,鹿沼市
R7,09,栃木県,0902,県西,R7-0902-15,902栃木県県西,15,2,御殿山病院,鹿沼市
R7,09,栃木県,0902,県西,R7-0902-16,902栃木県県西,16,3,獨協医科大学日光医療センター,日光市
R7,09,栃木県,0902,県西,R7-0902-17,902栃木県県西,17,4,今市病院,日光市
R7,09,栃木県,0902,県西,R7-0902-18,902栃木県県西,18,5,日光野口病院,日光市
R7,09,栃木県,0902,県西,R7-0902-19,902栃木県県西,19,6,日光市民病院,日光市
R7,09,栃木県,0902,県西,R7-0902-20,902栃木県県西,20,7,細川内科・外科・眼科,鹿沼市
R7,09,栃木県,0902,県西,R7-0902-21,902栃木県県西,21,8,竹村内科腎クリニック,鹿沼市
R7,09,栃木県,0902,県西,R7-0902-22,902栃木県県西,22,9,鹿沼脳神経外科,鹿沼市
R7,09,栃木県,0902,県西,R7-0902-23,902栃木県県西,23,10,森クリニック,日光市
R7,09,栃木県,0902,県西,R7-0902-24,902栃木県県西,24,11,大野医院,鹿沼市
R7,09,栃木県,0902,県西,R7-0902-25,902栃木県県西,25,12,小林産婦人科医院,鹿沼市
R7,09,栃木県,0902,県西,R7-0902-26,902栃木県県西,26,13,亀森レディースクリニック,日光市
R7,09,栃木県,0902,県西,R7-0902-27,902栃木県県西,27,14,阿久津医院,日光市
R7,09,栃木県,0902,県西,R7-0902-28,902栃木県県西,28,15,吉沢眼科医院,鹿沼市
R7,09,栃木県,0903,宇都宮,R7-0903-14,903栃木県宇都宮,14,1,済生会宇都宮病院,宇都宮市
R7,09,栃木県,0903,宇都宮,R7-0903-15,903栃木県宇都宮,15,2,ＮＨＯ宇都宮病院,宇都宮市
R7,09,栃木県,0903,宇都宮,R7-0903-16,903栃木県宇都宮,16,3,ＮＨＯ栃木医療センター,宇都宮市
R7,09,栃木県,0903,宇都宮,R7-0903-17,903栃木県宇都宮,17,4,栃木県立がんセンター,宇都宮市
R7,09,栃木県,0903,宇都宮,R7-0903-18,903栃木県宇都宮,18,5,新宇都宮リハビリテーション病院,宇都宮市
R7,09,栃木県,0903,宇都宮,R7-0903-19,903栃木県宇都宮,19,6,ＪＣＨＯうつのみや病院,宇都宮市
R7,09,栃木県,0903,宇都宮,R7-0903-20,903栃木県宇都宮,20,7,宇都宮中央病院,宇都宮市
R7,09,栃木県,0903,宇都宮,R7-0903-21,903栃木県宇都宮,21,8,宇都宮記念病院,宇都宮市
R7,09,栃木県,0903,宇都宮,R7-0903-22,903栃木県宇都宮,22,9,宇都宮第一病院,宇都宮市
R7,09,栃木県,0903,宇都宮,R7-0903-23,903栃木県宇都宮,23,10,白澤病院,宇都宮市
R7,09,栃木県,0903,宇都宮,R7-0903-24,903栃木県宇都宮,24,11,栃木県立リハビリテーションセンター,宇都宮市
R7,09,栃木県,0903,宇都宮,R7-0903-25,903栃木県宇都宮,25,12,報徳会宇都宮病院,宇都宮市
R7,09,栃木県,0903,宇都宮,R7-0903-26,903栃木県宇都宮,26,13,藤井脳神経外科病院,宇都宮市
R7,09,栃木県,0903,宇都宮,R7-0903-27,903栃木県宇都宮,27,14,鷲谷記念病院,宇都宮市
R7,09,栃木県,0903,宇都宮,R7-0903-28,903栃木県宇都宮,28,15,柴病院,宇都宮市
R7,09,栃木県,0903,宇都宮,R7-0903-29,903栃木県宇都宮,29,16,上野病院,宇都宮市
R7,09,栃木県,0903,宇都宮,R7-0903-30,903栃木県宇都宮,30,17,宇都宮脳脊髄センター・シンフォニー病院,宇都宮市
R7,09,栃木県,0903,宇都宮,R7-0903-31,903栃木県宇都宮,31,18,宇都宮リハビリテーション病院,宇都宮市
R7,09,栃木県,0903,宇都宮,R7-0903-32,903栃木県宇都宮,32,19,倉持病院,宇都宮市
R7,09,栃木県,0903,宇都宮,R7-0903-33,903栃木県宇都宮,33,20,宇都宮内科病院,宇都宮市
R7,09,栃木県,0903,宇都宮,R7-0903-34,903栃木県宇都宮,34,21,医療法人恵会　皆藤病院,宇都宮市
R7,09,栃木県,0903,宇都宮,R7-0903-35,903栃木県宇都宮,35,22,医療法人慶晴会　宇都宮南病院,宇都宮市
R7,09,栃木県,0903,宇都宮,R7-0903-36,903栃木県宇都宮,36,23,佐藤病院,宇都宮市
R7,09,栃木県,0903,宇都宮,R7-0903-37,903栃木県宇都宮,37,24,宇都宮東病院,宇都宮市
R7,09,栃木県,0903,宇都宮,R7-0903-38,903栃木県宇都宮,38,25,原眼科病院,宇都宮市
R7,09,栃木県,0903,宇都宮,R7-0903-39,903栃木県宇都宮,39,26,宇都宮脳脊髄センター,宇都宮市
R7,09,栃木県,0903,宇都宮,R7-0903-40,903栃木県宇都宮,40,27,高橋消化器内科糖尿病内科,宇都宮市
R7,09,栃木県,0903,宇都宮,R7-0903-41,903栃木県宇都宮,41,28,高橋レディスクリニック,宇都宮市
R7,09,栃木県,0903,宇都宮,R7-0903-42,903栃木県宇都宮,42,29,アルテミス宇都宮クリニック,宇都宮市
R7,09,栃木県,0903,宇都宮,R7-0903-43,903栃木県宇都宮,43,30,冨塚メディカルクリニック,宇都宮市
R7,09,栃木県,0903,宇都宮,R7-0903-44,903栃木県宇都宮,44,31,高橋あきら産婦人科医院,宇都宮市
R7,09,栃木県,0903,宇都宮,R7-0903-45,903栃木県宇都宮,45,32,ちかざわＬａｄｉｅｓ’クリニック,宇都宮市
R7,09,栃木県,0903,宇都宮,R7-0903-46,903栃木県宇都宮,46,33,宇都宮協立診療所,宇都宮市
R7,09,栃木県,0903,宇都宮,R7-0903-47,903栃木県宇都宮,47,34,中田ウィメンズ＆キッズクリニック,宇都宮市
R7,09,栃木県,0903,宇都宮,R7-0903-48,903栃木県宇都宮,48,35,柴崎外科医院,宇都宮市
R7,09,栃木県,0903,宇都宮,R7-0903-49,903栃木県宇都宮,49,36,目黒医院,宇都宮市
R7,09,栃木県,0903,宇都宮,R7-0903-50,903栃木県宇都宮,50,37,根本外科胃腸科医院,宇都宮市
R7,09,栃木県,0903,宇都宮,R7-0903-51,903栃木県宇都宮,51,38,奥田クリニック,宇都宮市
R7,09,栃木県,0903,宇都宮,R7-0903-52,903栃木県宇都宮,52,39,宇都宮肛門・胃腸クリニック,宇都宮市
R7,09,栃木県,0903,宇都宮,R7-0903-53,903栃木県宇都宮,53,40,こいけレディスクリニック,宇都宮市
R7,09,栃木県,0903,宇都宮,R7-0903-54,903栃木県宇都宮,54,41,ゆめクリニック,宇都宮市
R7,09,栃木県,0903,宇都宮,R7-0903-55,903栃木県宇都宮,55,42,福島眼科医院,宇都宮市
R7,09,栃木県,0903,宇都宮,R7-0903-56,903栃木県宇都宮,56,43,早津眼科医院,宇都宮市
R7,09,栃木県,0903,宇都宮,R7-0903-57,903栃木県宇都宮,57,44,おおくぼ眼科,宇都宮市
R7,09,栃木県,0903,宇都宮,R7-0903-58,903栃木県宇都宮,58,45,たかしま耳鼻咽喉科,宇都宮市
R7,09,栃木県,0903,宇都宮,R7-0903-59,903栃木県宇都宮,59,46,大野内科医院,宇都宮市
R7,09,栃木県,0903,宇都宮,R7-0903-60,903栃木県宇都宮,60,47,宇都宮整形外科内科クリニック,宇都宮市
R7,09,栃木県,0903,宇都宮,R7-0903-61,903栃木県宇都宮,61,48,村山医院,宇都宮市
R7,09,栃木県,0903,宇都宮,R7-0903-62,903栃木県宇都宮,62,49,医療法人社団高砂会 飯田病院,
R7,09,栃木県,0903,宇都宮,R7-0903-63,903栃木県宇都宮,63,50,医療法人社団洋精会沼尾病院,
R7,09,栃木県,0903,宇都宮,R7-0903-64,903栃木県宇都宮,64,51,かわつクリニック,
R7,09,栃木県,0904,県東,R7-0904-14,904栃木県県東,14,1,芳賀赤十字病院,真岡市
R7,09,栃木県,0904,県東,R7-0904-15,904栃木県県東,15,2,福田記念病院,真岡市
R7,09,栃木県,0904,県東,R7-0904-16,904栃木県県東,16,3,真岡病院,真岡市
R7,09,栃木県,0904,県東,R7-0904-17,904栃木県県東,17,4,芳賀中央病院,市貝町
R7,09,栃木県,0904,県東,R7-0904-18,904栃木県県東,18,5,桜井内科医院,真岡市
R7,09,栃木県,0904,県東,R7-0904-19,904栃木県県東,19,6,二宮中央クリニック,真岡市
R7,09,栃木県,0904,県東,R7-0904-20,904栃木県県東,20,7,真岡メディカルクリニック,真岡市
R7,09,栃木県,0904,県東,R7-0904-21,904栃木県県東,21,8,普門院診療所,
R7,09,栃木県,0905,県南,R7-0905-14,905栃木県県南,14,1,自治医科大学附属病院,下野市
R7,09,栃木県,0905,県南,R7-0905-15,905栃木県県南,15,2,獨協医科大学病院,壬生町
R7,09,栃木県,0905,県南,R7-0905-16,905栃木県県南,16,3,とちぎメディカルセンターしもつが,栃木市
R7,09,栃木県,0905,県南,R7-0905-17,905栃木県県南,17,4,新小山市民病院,小山市
R7,09,栃木県,0905,県南,R7-0905-18,905栃木県県南,18,5,とちぎメディカルセンターとちのき,栃木市
R7,09,栃木県,0905,県南,R7-0905-19,905栃木県県南,19,6,新上三川病院,上三川町
R7,09,栃木県,0905,県南,R7-0905-20,905栃木県県南,20,7,医療法人社団友志会 石橋総合病院,下野市
R7,09,栃木県,0905,県南,R7-0905-21,905栃木県県南,21,8,南栃木病院,小山市
R7,09,栃木県,0905,県南,R7-0905-22,905栃木県県南,22,9,光南病院,小山市
R7,09,栃木県,0905,県南,R7-0905-23,905栃木県県南,23,10,小金井中央病院,下野市
R7,09,栃木県,0905,県南,R7-0905-24,905栃木県県南,24,11,リハビリテーション花の舎病院,野木町
R7,09,栃木県,0905,県南,R7-0905-25,905栃木県県南,25,12,リハビリテーション翼の舎病院,小山市
R7,09,栃木県,0905,県南,R7-0905-26,905栃木県県南,26,13,西方病院,栃木市
R7,09,栃木県,0905,県南,R7-0905-27,905栃木県県南,27,14,星風会病院星風院,栃木市
R7,09,栃木県,0905,県南,R7-0905-28,905栃木県県南,28,15,小山整形外科内科,小山市
R7,09,栃木県,0905,県南,R7-0905-29,905栃木県県南,29,16,中野病院,栃木市
R7,09,栃木県,0905,県南,R7-0905-30,905栃木県県南,30,17,小山厚生病院,小山市
R7,09,栃木県,0905,県南,R7-0905-31,905栃木県県南,31,18,野木病院,野木町
R7,09,栃木県,0905,県南,R7-0905-32,905栃木県県南,32,19,杉村病院,小山市
R7,09,栃木県,0905,県南,R7-0905-33,905栃木県県南,33,20,星野病院,小山市
R7,09,栃木県,0905,県南,R7-0905-34,905栃木県県南,34,21,おおひらレディスクリニック,栃木市
R7,09,栃木県,0905,県南,R7-0905-35,905栃木県県南,35,22,整形外科メディカルパパス,栃木市
R7,09,栃木県,0905,県南,R7-0905-36,905栃木県県南,36,23,さくらのクリニック,小山市
R7,09,栃木県,0905,県南,R7-0905-37,905栃木県県南,37,24,小山クリニック,小山市
R7,09,栃木県,0905,県南,R7-0905-38,905栃木県県南,38,25,すずき整形外科,小山市
R7,09,栃木県,0905,県南,R7-0905-39,905栃木県県南,39,26,小山すぎの木クリニック,小山市
R7,09,栃木県,0905,県南,R7-0905-40,905栃木県県南,40,27,船田内科歯科医院,小山市
R7,09,栃木県,0905,県南,R7-0905-41,905栃木県県南,41,28,都丸整形外科医院,下野市
R7,09,栃木県,0905,県南,R7-0905-42,905栃木県県南,42,29,多島外科胃腸科,壬生町
R7,09,栃木県,0905,県南,R7-0905-43,905栃木県県南,43,30,中央クリニック,下野市
R7,09,栃木県,0905,県南,R7-0905-44,905栃木県県南,44,31,樹レディスクリニック,小山市
R7,09,栃木県,0905,県南,R7-0905-45,905栃木県県南,45,32,和田マタニティクリニック,下野市
R7,09,栃木県,0905,県南,R7-0905-46,905栃木県県南,46,33,やまなかレディースクリニック,小山市
R7,09,栃木県,0905,県南,R7-0905-47,905栃木県県南,47,34,クララクリニック,壬生町
R7,09,栃木県,0905,県南,R7-0905-48,905栃木県県南,48,35,藤沼医院,栃木市
R7,09,栃木県,0905,県南,R7-0905-49,905栃木県県南,49,36,医療法人社団 関根整形外科医院,小山市
R7,09,栃木県,0905,県南,R7-0905-50,905栃木県県南,50,37,国分寺さくらクリニック,下野市
R7,09,栃木県,0905,県南,R7-0905-51,905栃木県県南,51,38,まきた眼科 石橋院,下野市
R7,09,栃木県,0906,両毛,R7-0906-14,906栃木県両毛,14,1,足利赤十字病院,足利市
R7,09,栃木県,0906,両毛,R7-0906-15,906栃木県両毛,15,2,佐野厚生総合病院,佐野市
R7,09,栃木県,0906,両毛,R7-0906-16,906栃木県両毛,16,3,佐野市民病院,佐野市
R7,09,栃木県,0906,両毛,R7-0906-17,906栃木県両毛,17,4,あしかがの森足利病院,足利市
R7,09,栃木県,0906,両毛,R7-0906-18,906栃木県両毛,18,5,今井病院,足利市
R7,09,栃木県,0906,両毛,R7-0906-19,906栃木県両毛,19,6,佐野医師会病院,佐野市
R7,09,栃木県,0906,両毛,R7-0906-20,906栃木県両毛,20,7,本庄記念病院,足利市
R7,09,栃木県,0906,両毛,R7-0906-21,906栃木県両毛,21,8,長﨑病院,足利市
R7,09,栃木県,0906,両毛,R7-0906-22,906栃木県両毛,22,9,足利中央病院,足利市
R7,09,栃木県,0906,両毛,R7-0906-23,906栃木県両毛,23,10,皆川病院,足利市
R7,09,栃木県,0906,両毛,R7-0906-24,906栃木県両毛,24,11,足利第一病院,足利市
R7,09,栃木県,0906,両毛,R7-0906-25,906栃木県両毛,25,12,鈴木病院,足利市
R7,09,栃木県,0906,両毛,R7-0906-26,906栃木県両毛,26,13,鹿島整形外科,足利市
R7,09,栃木県,0906,両毛,R7-0906-27,906栃木県両毛,27,14,両毛クリニック,足利市
R7,09,栃木県,0906,両毛,R7-0906-28,906栃木県両毛,28,15,大岡胃腸内科,足利市
R7,09,栃木県,0906,両毛,R7-0906-29,906栃木県両毛,29,16,医療法人愛仁会　佐野利根川橋クリニック,佐野市
R7,09,栃木県,0906,両毛,R7-0906-30,906栃木県両毛,30,17,長島医院,佐野市
R7,09,栃木県,0906,両毛,R7-0906-31,906栃木県両毛,31,18,田村レディスクリニック,足利市
R7,09,栃木県,0906,両毛,R7-0906-32,906栃木県両毛,32,19,医療法人社団 浅岡医院,足利市
R7,09,栃木県,0906,両毛,R7-0906-33,906栃木県両毛,33,20,栃木産科婦人科医院,足利市
R7,09,栃木県,0906,両毛,R7-0906-34,906栃木県両毛,34,21,岡医院,佐野市
R7,09,栃木県,0906,両毛,R7-0906-35,906栃木県両毛,35,22,医療法人 柏瀬眼科,足利市
R7,09,栃木県,0906,両毛,R7-0906-36,906栃木県両毛,36,23,みなみ眼科,足利市
R7,10,群馬県,1001,前橋,R7-1001-14,1001群馬県前橋,14,1,群馬大学医学部附属病院,前橋市
R7,10,群馬県,1001,前橋,R7-1001-15,1001群馬県前橋,15,2,前橋赤十字病院,前橋市
R7,10,群馬県,1001,前橋,R7-1001-16,1001群馬県前橋,16,3,独立行政法人地域医療機能推進機構 群馬中央病院,前橋市
R7,10,群馬県,1001,前橋,R7-1001-17,1001群馬県前橋,17,4,群馬県済生会前橋病院,前橋市
R7,10,群馬県,1001,前橋,R7-1001-18,1001群馬県前橋,18,5,公益財団法人老年病研究所附属病院,前橋市
R7,10,群馬県,1001,前橋,R7-1001-19,1001群馬県前橋,19,6,善衆会病院,前橋市
R7,10,群馬県,1001,前橋,R7-1001-20,1001群馬県前橋,20,7,群馬県立心臓血管センター,前橋市
R7,10,群馬県,1001,前橋,R7-1001-21,1001群馬県前橋,21,8,前橋協立病院,前橋市
R7,10,群馬県,1001,前橋,R7-1001-22,1001群馬県前橋,22,9,（医社）敬寿会前橋城南病院,前橋市
R7,10,群馬県,1001,前橋,R7-1001-23,1001群馬県前橋,23,10,上武呼吸器科内科病院,前橋市
R7,10,群馬県,1001,前橋,R7-1001-24,1001群馬県前橋,24,11,若松記念わかば病院,前橋市
R7,10,群馬県,1001,前橋,R7-1001-25,1001群馬県前橋,25,12,（医）富沢病院,前橋市
R7,10,群馬県,1001,前橋,R7-1001-26,1001群馬県前橋,26,13,東前橋整形外科病院,前橋市
R7,10,群馬県,1001,前橋,R7-1001-27,1001群馬県前橋,27,14,山王リハビリテーション病院,前橋市
R7,10,群馬県,1001,前橋,R7-1001-28,1001群馬県前橋,28,15,群馬ペインクリニック病院,前橋市
R7,10,群馬県,1001,前橋,R7-1001-29,1001群馬県前橋,29,16,医療法人前橋北病院,前橋市
R7,10,群馬県,1001,前橋,R7-1001-30,1001群馬県前橋,30,17,横田マタニティーホスピタル,前橋市
R7,10,群馬県,1001,前橋,R7-1001-31,1001群馬県前橋,31,18,（医）中沢会上毛病院,前橋市
R7,10,群馬県,1001,前橋,R7-1001-32,1001群馬県前橋,32,19,前橋広瀬川クリニック,前橋市
R7,10,群馬県,1001,前橋,R7-1001-33,1001群馬県前橋,33,20,若松記念西片貝クリニック,前橋市
R7,10,群馬県,1001,前橋,R7-1001-34,1001群馬県前橋,34,21,しらかわ診療所,前橋市
R7,10,群馬県,1001,前橋,R7-1001-35,1001群馬県前橋,35,22,星医院,前橋市
R7,10,群馬県,1001,前橋,R7-1001-36,1001群馬県前橋,36,23,うしいけ内科クリニック,前橋市
R7,10,群馬県,1001,前橋,R7-1001-37,1001群馬県前橋,37,24,あさくらスポーツリハビリテーションクリニック,前橋市
R7,10,群馬県,1001,前橋,R7-1001-38,1001群馬県前橋,38,25,中嶋医院,前橋市
R7,10,群馬県,1001,前橋,R7-1001-39,1001群馬県前橋,39,26,（医社）三矢会上毛大橋クリニック,前橋市
R7,10,群馬県,1001,前橋,R7-1001-40,1001群馬県前橋,40,27,ヒルズレディースクリニック,前橋市
R7,10,群馬県,1001,前橋,R7-1001-41,1001群馬県前橋,41,28,マザーズクリニックＴＡＭＵＲＡ,前橋市
R7,10,群馬県,1001,前橋,R7-1001-42,1001群馬県前橋,42,29,小沢医院,前橋市
R7,10,群馬県,1001,前橋,R7-1001-43,1001群馬県前橋,43,30,前橋温泉クリニック,前橋市
R7,10,群馬県,1001,前橋,R7-1001-44,1001群馬県前橋,44,31,さるきクリニック,前橋市
R7,10,群馬県,1002,渋川,R7-1002-14,1002群馬県渋川,14,1,独立行政法人国立病院機構渋川医療センター,渋川市
R7,10,群馬県,1002,渋川,R7-1002-15,1002群馬県渋川,15,2,渋川中央病院,渋川市
R7,10,群馬県,1002,渋川,R7-1002-16,1002群馬県渋川,16,3,北毛保健生活協同組合北毛病院,渋川市
R7,10,群馬県,1002,渋川,R7-1002-17,1002群馬県渋川,17,4,群馬県立小児医療センター,渋川市
R7,10,群馬県,1002,渋川,R7-1002-18,1002群馬県渋川,18,5,北関東循環器病院,渋川市
R7,10,群馬県,1002,渋川,R7-1002-19,1002群馬県渋川,19,6,群栄会田中病院,吉岡町
R7,10,群馬県,1002,渋川,R7-1002-20,1002群馬県渋川,20,7,（医）恒和会関口病院,渋川市
R7,10,群馬県,1002,渋川,R7-1002-21,1002群馬県渋川,21,8,ウェルネスクリニックあじさい,渋川市
R7,10,群馬県,1002,渋川,R7-1002-22,1002群馬県渋川,22,9,有馬クリニック,渋川市
R7,10,群馬県,1002,渋川,R7-1002-23,1002群馬県渋川,23,10,母心堂平形眼科,渋川市
R7,10,群馬県,1003,伊勢崎,R7-1003-14,1003群馬県伊勢崎,14,1,伊勢崎市民病院,伊勢崎市
R7,10,群馬県,1003,伊勢崎,R7-1003-15,1003群馬県伊勢崎,15,2,鶴谷病院,伊勢崎市
R7,10,群馬県,1003,伊勢崎,R7-1003-16,1003群馬県伊勢崎,16,3,一般社団法人伊勢崎佐波医師会病院,伊勢崎市
R7,10,群馬県,1003,伊勢崎,R7-1003-17,1003群馬県伊勢崎,17,4,伊勢崎福島病院,伊勢崎市
R7,10,群馬県,1003,伊勢崎,R7-1003-18,1003群馬県伊勢崎,18,5,公益財団法人脳血管研究所美原記念病院,伊勢崎市
R7,10,群馬県,1003,伊勢崎,R7-1003-19,1003群馬県伊勢崎,19,6,（医）石井会石井病院,伊勢崎市
R7,10,群馬県,1003,伊勢崎,R7-1003-20,1003群馬県伊勢崎,20,7,角田病院,玉村町
R7,10,群馬県,1003,伊勢崎,R7-1003-21,1003群馬県伊勢崎,21,8,せせらぎ病院,伊勢崎市
R7,10,群馬県,1003,伊勢崎,R7-1003-22,1003群馬県伊勢崎,22,9,大島病院,伊勢崎市
R7,10,群馬県,1003,伊勢崎,R7-1003-23,1003群馬県伊勢崎,23,10,あかつきウィメンズクリニック,伊勢崎市
R7,10,群馬県,1003,伊勢崎,R7-1003-24,1003群馬県伊勢崎,24,11,渡辺内科クリニック,伊勢崎市
R7,10,群馬県,1003,伊勢崎,R7-1003-25,1003群馬県伊勢崎,25,12,フクイ産婦人科クリニック,伊勢崎市
R7,10,群馬県,1003,伊勢崎,R7-1003-26,1003群馬県伊勢崎,26,13,高柳整形外科クリニック,伊勢崎市
R7,10,群馬県,1003,伊勢崎,R7-1003-27,1003群馬県伊勢崎,27,14,新生産婦人科医院,伊勢崎市
R7,10,群馬県,1003,伊勢崎,R7-1003-28,1003群馬県伊勢崎,28,15,医療法人望真会 古作クリニック,伊勢崎市
R7,10,群馬県,1003,伊勢崎,R7-1003-29,1003群馬県伊勢崎,29,16,一般社団法人伊勢崎佐波医師会附属成人病検診センター診療所,伊勢崎市
R7,10,群馬県,1003,伊勢崎,R7-1003-30,1003群馬県伊勢崎,30,17,セントラルクリニック伊勢崎,伊勢崎市
R7,10,群馬県,1003,伊勢崎,R7-1003-31,1003群馬県伊勢崎,31,18,医療法人社団真正会 南部眼科,玉村町
R7,10,群馬県,1003,伊勢崎,R7-1003-32,1003群馬県伊勢崎,32,19,アベ眼科医院,伊勢崎市
R7,10,群馬県,1004,高崎・安中,R7-1004-14,1004群馬県高崎・安中,14,1,独立行政法人国立病院機構高崎総合医療センター,高崎市
R7,10,群馬県,1004,高崎・安中,R7-1004-15,1004群馬県高崎・安中,15,2,（医）日高会日高病院,高崎市
R7,10,群馬県,1004,高崎・安中,R7-1004-16,1004群馬県高崎・安中,16,3,榛名荘病院,高崎市
R7,10,群馬県,1004,高崎・安中,R7-1004-17,1004群馬県高崎・安中,17,4,第一病院,高崎市
R7,10,群馬県,1004,高崎・安中,R7-1004-18,1004群馬県高崎・安中,18,5,高瀬記念病院,高崎市
R7,10,群馬県,1004,高崎・安中,R7-1004-19,1004群馬県高崎・安中,19,6,公立碓氷病院,安中市
R7,10,群馬県,1004,高崎・安中,R7-1004-20,1004群馬県高崎・安中,20,7,希望館病院,高崎市
R7,10,群馬県,1004,高崎・安中,R7-1004-21,1004群馬県高崎・安中,21,8,真木病院,高崎市
R7,10,群馬県,1004,高崎・安中,R7-1004-22,1004群馬県高崎・安中,22,9,黒沢病院,高崎市
R7,10,群馬県,1004,高崎・安中,R7-1004-23,1004群馬県高崎・安中,23,10,二之沢病院,高崎市
R7,10,群馬県,1004,高崎・安中,R7-1004-24,1004群馬県高崎・安中,24,11,さわらび医療福祉センター,高崎市
R7,10,群馬県,1004,高崎・安中,R7-1004-25,1004群馬県高崎・安中,25,12,医療法人済恵会 須藤病院,安中市
R7,10,群馬県,1004,高崎・安中,R7-1004-26,1004群馬県高崎・安中,26,13,高崎中央病院,高崎市
R7,10,群馬県,1004,高崎・安中,R7-1004-27,1004群馬県高崎・安中,27,14,群馬整肢療護園,高崎市
R7,10,群馬県,1004,高崎・安中,R7-1004-28,1004群馬県高崎・安中,28,15,松井田病院,安中市
R7,10,群馬県,1004,高崎・安中,R7-1004-29,1004群馬県高崎・安中,29,16,（医）山崎会サンピエール病院,高崎市
R7,10,群馬県,1004,高崎・安中,R7-1004-30,1004群馬県高崎・安中,30,17,（医社）日高会日高リハビリテーション病院,高崎市
R7,10,群馬県,1004,高崎・安中,R7-1004-31,1004群馬県高崎・安中,31,18,（医社）醫光会駒井病院,高崎市
R7,10,群馬県,1004,高崎・安中,R7-1004-32,1004群馬県高崎・安中,32,19,たかまえ病院,高崎市
R7,10,群馬県,1004,高崎・安中,R7-1004-33,1004群馬県高崎・安中,33,20,関越中央病院,高崎市
R7,10,群馬県,1004,高崎・安中,R7-1004-34,1004群馬県高崎・安中,34,21,（医）中央群馬脳神経外科病院,高崎市
R7,10,群馬県,1004,高崎・安中,R7-1004-35,1004群馬県高崎・安中,35,22,（医）井上病院,高崎市
R7,10,群馬県,1004,高崎・安中,R7-1004-36,1004群馬県高崎・安中,36,23,綿貫病院,高崎市
R7,10,群馬県,1004,高崎・安中,R7-1004-37,1004群馬県高崎・安中,37,24,産科婦人科舘出張佐藤病院,高崎市
R7,10,群馬県,1004,高崎・安中,R7-1004-38,1004群馬県高崎・安中,38,25,野口病院,高崎市
R7,10,群馬県,1004,高崎・安中,R7-1004-39,1004群馬県高崎・安中,39,26,大原病院,高崎市
R7,10,群馬県,1004,高崎・安中,R7-1004-40,1004群馬県高崎・安中,40,27,正田病院,安中市
R7,10,群馬県,1004,高崎・安中,R7-1004-41,1004群馬県高崎・安中,41,28,（医）十薬会上大類病院,高崎市
R7,10,群馬県,1004,高崎・安中,R7-1004-42,1004群馬県高崎・安中,42,29,（医）信愛会本多病院,安中市
R7,10,群馬県,1004,高崎・安中,R7-1004-43,1004群馬県高崎・安中,43,30,清水内科,高崎市
R7,10,群馬県,1004,高崎・安中,R7-1004-44,1004群馬県高崎・安中,44,31,みさと診療所,高崎市
R7,10,群馬県,1004,高崎・安中,R7-1004-45,1004群馬県高崎・安中,45,32,黒沢病院附属ヘルスパーククリニック,高崎市
R7,10,群馬県,1004,高崎・安中,R7-1004-46,1004群馬県高崎・安中,46,33,セントラルレディースクリニック,高崎市
R7,10,群馬県,1004,高崎・安中,R7-1004-47,1004群馬県高崎・安中,47,34,いしもとレディスクリニック,高崎市
R7,10,群馬県,1004,高崎・安中,R7-1004-48,1004群馬県高崎・安中,48,35,吉井中央診療所,高崎市
R7,10,群馬県,1004,高崎・安中,R7-1004-49,1004群馬県高崎・安中,49,36,斎川産婦人科医院,高崎市
R7,10,群馬県,1004,高崎・安中,R7-1004-50,1004群馬県高崎・安中,50,37,高山眼科緑町医院,高崎市
R7,10,群馬県,1004,高崎・安中,R7-1004-51,1004群馬県高崎・安中,51,38,フラワークリニック,高崎市
R7,10,群馬県,1004,高崎・安中,R7-1004-52,1004群馬県高崎・安中,52,39,北川眼科クリニック,高崎市
R7,10,群馬県,1004,高崎・安中,R7-1004-53,1004群馬県高崎・安中,53,40,小野垣医院,高崎市
R7,10,群馬県,1005,藤岡,R7-1005-14,1005群馬県藤岡,14,1,公立藤岡総合病院,藤岡市
R7,10,群馬県,1005,藤岡,R7-1005-15,1005群馬県藤岡,15,2,（医社）三思会くすの木病院,藤岡市
R7,10,群馬県,1005,藤岡,R7-1005-16,1005群馬県藤岡,16,3,藤岡市国民健康保険鬼石病院,藤岡市
R7,10,群馬県,1005,藤岡,R7-1005-17,1005群馬県藤岡,17,4,光病院,藤岡市
R7,10,群馬県,1005,藤岡,R7-1005-18,1005群馬県藤岡,18,5,（医）育生会篠塚病院,藤岡市
R7,10,群馬県,1006,富岡,R7-1006-14,1006群馬県富岡,14,1,公立富岡総合病院,富岡市
R7,10,群馬県,1006,富岡,R7-1006-15,1006群馬県富岡,15,2,公立七日市病院,富岡市
R7,10,群馬県,1006,富岡,R7-1006-16,1006群馬県富岡,16,3,西毛病院,富岡市
R7,10,群馬県,1006,富岡,R7-1006-17,1006群馬県富岡,17,4,下仁田厚生病院,下仁田町
R7,10,群馬県,1006,富岡,R7-1006-18,1006群馬県富岡,18,5,小泉医院,富岡市
R7,10,群馬県,1007,吾妻,R7-1007-14,1007群馬県吾妻,14,1,国立療養所栗生楽泉園,草津町
R7,10,群馬県,1007,吾妻,R7-1007-15,1007群馬県吾妻,15,2,原町赤十字病院,東吾妻町
R7,10,群馬県,1007,吾妻,R7-1007-16,1007群馬県吾妻,16,3,（公社）群馬県医師会群馬リハビリテーション病院,中之条町
R7,10,群馬県,1007,吾妻,R7-1007-17,1007群馬県吾妻,17,4,草津こまくさ病院,草津町
R7,10,群馬県,1007,吾妻,R7-1007-18,1007群馬県吾妻,18,5,西吾妻福祉病院,長野原町
R7,10,群馬県,1007,吾妻,R7-1007-19,1007群馬県吾妻,19,6,田島病院,中之条町
R7,10,群馬県,1007,吾妻,R7-1007-20,1007群馬県吾妻,20,7,吾妻さくら病院,中之条町
R7,10,群馬県,1007,吾妻,R7-1007-21,1007群馬県吾妻,21,8,（医）けんもち医院,中之条町
R7,10,群馬県,1007,吾妻,R7-1007-22,1007群馬県吾妻,22,9,（医）東瞭会櫻井医院,長野原町
R7,10,群馬県,1008,沼田,R7-1008-14,1008群馬県沼田,14,1,利根中央病院,沼田市
R7,10,群馬県,1008,沼田,R7-1008-15,1008群馬県沼田,15,2,（医社）ほたか会群馬パース病院,川場村
R7,10,群馬県,1008,沼田,R7-1008-16,1008群馬県沼田,16,3,独立行政法人国立病院機構沼田病院,沼田市
R7,10,群馬県,1008,沼田,R7-1008-17,1008群馬県沼田,17,4,内田病院,沼田市
R7,10,群馬県,1008,沼田,R7-1008-18,1008群馬県沼田,18,5,沼田脳神経外科循環器科病院,沼田市
R7,10,群馬県,1008,沼田,R7-1008-19,1008群馬県沼田,19,6,上牧温泉病院,みなかみ町
R7,10,群馬県,1008,沼田,R7-1008-20,1008群馬県沼田,20,7,（医）パテラ会月夜野病院,みなかみ町
R7,10,群馬県,1008,沼田,R7-1008-21,1008群馬県沼田,21,8,角田外科医院,沼田市
R7,10,群馬県,1008,沼田,R7-1008-22,1008群馬県沼田,22,9,白根クリニック,沼田市
R7,10,群馬県,1008,沼田,R7-1008-23,1008群馬県沼田,23,10,久保産婦人科医院,沼田市
R7,10,群馬県,1009,桐生,R7-1009-14,1009群馬県桐生,14,1,医療法人社団三思会東邦病院,みどり市
R7,10,群馬県,1009,桐生,R7-1009-15,1009群馬県桐生,15,2,桐生厚生総合病院,桐生市
R7,10,群馬県,1009,桐生,R7-1009-16,1009群馬県桐生,16,3,（医社）東郷会恵愛堂病院,みどり市
R7,10,群馬県,1009,桐生,R7-1009-17,1009群馬県桐生,17,4,医療法人社団全仁会 高木病院,桐生市
R7,10,群馬県,1009,桐生,R7-1009-18,1009群馬県桐生,18,5,療育センターきぼう,みどり市
R7,10,群馬県,1009,桐生,R7-1009-19,1009群馬県桐生,19,6,日新病院,桐生市
R7,10,群馬県,1009,桐生,R7-1009-20,1009群馬県桐生,20,7,両毛整肢療護園,桐生市
R7,10,群馬県,1009,桐生,R7-1009-21,1009群馬県桐生,21,8,みどり病院,みどり市
R7,10,群馬県,1009,桐生,R7-1009-22,1009群馬県桐生,22,9,岩下病院,桐生市
R7,10,群馬県,1009,桐生,R7-1009-23,1009群馬県桐生,23,10,大和病院,桐生市
R7,10,群馬県,1009,桐生,R7-1009-24,1009群馬県桐生,24,11,桐生整形外科病院,桐生市
R7,10,群馬県,1009,桐生,R7-1009-25,1009群馬県桐生,25,12,（医）宏愛会篠原クリニック,桐生市
R7,10,群馬県,1009,桐生,R7-1009-26,1009群馬県桐生,26,13,たかのす診療所,桐生市
R7,10,群馬県,1009,桐生,R7-1009-27,1009群馬県桐生,27,14,岩宿クリニック,みどり市
R7,10,群馬県,1009,桐生,R7-1009-28,1009群馬県桐生,28,15,青木眼科,みどり市
R7,10,群馬県,1010,太田・館林,R7-1010-14,1010群馬県太田・館林,14,1,ＳＵＢＡＲＵ健康保険組合太田記念病院,太田市
R7,10,群馬県,1010,太田・館林,R7-1010-15,1010群馬県太田・館林,15,2,医療法人財団明理会イムス太田中央総合病院,太田市
R7,10,群馬県,1010,太田・館林,R7-1010-16,1010群馬県太田・館林,16,3,公立館林厚生病院,館林市
R7,10,群馬県,1010,太田・館林,R7-1010-17,1010群馬県太田・館林,17,4,群馬県立がんセンター,太田市
R7,10,群馬県,1010,太田・館林,R7-1010-18,1010群馬県太田・館林,18,5,本島総合病院,太田市
R7,10,群馬県,1010,太田・館林,R7-1010-19,1010群馬県太田・館林,19,6,（医）慶仁会城山病院,太田市
R7,10,群馬県,1010,太田・館林,R7-1010-20,1010群馬県太田・館林,20,7,堀江病院,太田市
R7,10,群馬県,1010,太田・館林,R7-1010-21,1010群馬県太田・館林,21,8,慶友整形外科病院,館林市
R7,10,群馬県,1010,太田・館林,R7-1010-22,1010群馬県太田・館林,22,9,宏愛会第一病院,太田市
R7,10,群馬県,1010,太田・館林,R7-1010-23,1010群馬県太田・館林,23,10,館林記念病院,館林市
R7,10,群馬県,1010,太田・館林,R7-1010-24,1010群馬県太田・館林,24,11,冨士ヶ丘病院,太田市
R7,10,群馬県,1010,太田・館林,R7-1010-25,1010群馬県太田・館林,25,12,医療法人社団醫光会おうら病院,邑楽町
R7,10,群馬県,1010,太田・館林,R7-1010-26,1010群馬県太田・館林,26,13,(医)徹裕会蜂谷病院,大泉町
R7,10,群馬県,1010,太田・館林,R7-1010-27,1010群馬県太田・館林,27,14,（医社）田口会新橋病院,館林市
R7,10,群馬県,1010,太田・館林,R7-1010-28,1010群馬県太田・館林,28,15,（医）海宝会明和セントラル病院,館林市
R7,10,群馬県,1010,太田・館林,R7-1010-29,1010群馬県太田・館林,29,16,藤井レディースクリニック,太田市
R7,10,群馬県,1010,太田・館林,R7-1010-30,1010群馬県太田・館林,30,17,伊藤産婦人科,太田市
R7,10,群馬県,1010,太田・館林,R7-1010-31,1010群馬県太田・館林,31,18,（医社）岩崎会岩崎医院,太田市
R7,10,群馬県,1010,太田・館林,R7-1010-32,1010群馬県太田・館林,32,19,真愛ウィメンズクリニック,館林市
R7,10,群馬県,1010,太田・館林,R7-1010-33,1010群馬県太田・館林,33,20,土井レディスクリニック,館林市
R7,11,埼玉県,1101,南部,R7-1101-14,1101埼玉県南部,14,1,医療法人社団東光会戸田中央総合病院,戸田市
R7,11,埼玉県,1101,南部,R7-1101-15,1101埼玉県南部,15,2,川口市立医療センター,川口市
R7,11,埼玉県,1101,南部,R7-1101-16,1101埼玉県南部,16,3,社会福祉法人恩賜財団済生会支部埼玉県済生会川口総合病院,川口市
R7,11,埼玉県,1101,南部,R7-1101-17,1101埼玉県南部,17,4,埼玉協同病院,川口市
R7,11,埼玉県,1101,南部,R7-1101-18,1101埼玉県南部,18,5,医療法人社団厚生会埼玉厚生病院,川口市
R7,11,埼玉県,1101,南部,R7-1101-19,1101埼玉県南部,19,6,社会医療法人新青会川口工業総合病院,川口市
R7,11,埼玉県,1101,南部,R7-1101-20,1101埼玉県南部,20,7,社会医療法人社団大成会武南病院,川口市
R7,11,埼玉県,1101,南部,R7-1101-21,1101埼玉県南部,21,8,医療法人社団東光会戸田中央リハビリテーション病院,戸田市
R7,11,埼玉県,1101,南部,R7-1101-22,1101埼玉県南部,22,9,医療法人社団協友会東川口病院,川口市
R7,11,埼玉県,1101,南部,R7-1101-23,1101埼玉県南部,23,10,川口きゅうぽらリハビリテーション病院,川口市
R7,11,埼玉県,1101,南部,R7-1101-24,1101埼玉県南部,24,11,医療法人社団桐和会　タムスさくら病院川口,川口市
R7,11,埼玉県,1101,南部,R7-1101-25,1101埼玉県南部,25,12,蕨市立病院,蕨市
R7,11,埼玉県,1101,南部,R7-1101-26,1101埼玉県南部,26,13,医療法人健仁会益子病院,川口市
R7,11,埼玉県,1101,南部,R7-1101-27,1101埼玉県南部,27,14,医療法人財団啓明会中島病院,戸田市
R7,11,埼玉県,1101,南部,R7-1101-28,1101埼玉県南部,28,15,医療法人厚和会河合病院,川口市
R7,11,埼玉県,1101,南部,R7-1101-29,1101埼玉県南部,29,16,かわぐち心臓呼吸器病院,川口市
R7,11,埼玉県,1101,南部,R7-1101-30,1101埼玉県南部,30,17,医療法人あかつき会はとがや病院,川口市
R7,11,埼玉県,1101,南部,R7-1101-31,1101埼玉県南部,31,18,医療法人安東病院,川口市
R7,11,埼玉県,1101,南部,R7-1101-32,1101埼玉県南部,32,19,医療法人三誠会川口誠和病院,川口市
R7,11,埼玉県,1101,南部,R7-1101-33,1101埼玉県南部,33,20,一般財団法人鳩ケ谷中央病院,川口市
R7,11,埼玉県,1101,南部,R7-1101-34,1101埼玉県南部,34,21,寿康会病院,川口市
R7,11,埼玉県,1101,南部,R7-1101-35,1101埼玉県南部,35,22,医療法人社団東光会戸田中央産院,戸田市
R7,11,埼玉県,1101,南部,R7-1101-36,1101埼玉県南部,36,23,医療法人刀水会齋藤記念病院,川口市
R7,11,埼玉県,1101,南部,R7-1101-37,1101埼玉県南部,37,24,ふれあい生協病院,川口市
R7,11,埼玉県,1101,南部,R7-1101-38,1101埼玉県南部,38,25,医療法人誠朗会上野病院,川口市
R7,11,埼玉県,1101,南部,R7-1101-39,1101埼玉県南部,39,26,医療法人今井病院,蕨市
R7,11,埼玉県,1101,南部,R7-1101-40,1101埼玉県南部,40,27,医療法人慈公会公平病院,戸田市
R7,11,埼玉県,1101,南部,R7-1101-41,1101埼玉県南部,41,28,医療法人千葉外科内科病院,川口市
R7,11,埼玉県,1101,南部,R7-1101-42,1101埼玉県南部,42,29,ウメヅ医院,川口市
R7,11,埼玉県,1101,南部,R7-1101-43,1101埼玉県南部,43,30,高橋レディースクリニック,川口市
R7,11,埼玉県,1101,南部,R7-1101-44,1101埼玉県南部,44,31,医療法人青木会青木中央クリニック,川口市
R7,11,埼玉県,1101,南部,R7-1101-45,1101埼玉県南部,45,32,上靑木中央醫院,川口市
R7,11,埼玉県,1101,南部,R7-1101-46,1101埼玉県南部,46,33,戸田市立市民医療センター,戸田市
R7,11,埼玉県,1101,南部,R7-1101-47,1101埼玉県南部,47,34,医療法人社団紡世会 かわぐちレディースクリニック,川口市
R7,11,埼玉県,1101,南部,R7-1101-48,1101埼玉県南部,48,35,医療法人産育会厚川医院,川口市
R7,11,埼玉県,1101,南部,R7-1101-49,1101埼玉県南部,49,36,さとうレディースクリニック,川口市
R7,11,埼玉県,1101,南部,R7-1101-50,1101埼玉県南部,50,37,医療法人社団孝寿会ゆずクリニック,川口市
R7,11,埼玉県,1102,南西部,R7-1102-14,1102埼玉県南西部,14,1,独立行政法人国立病院機構埼玉病院,和光市
R7,11,埼玉県,1102,南西部,R7-1102-15,1102埼玉県南西部,15,2,医療法人社団武蔵野会ＴＭＧあさか医療センター,朝霞市
R7,11,埼玉県,1102,南西部,R7-1102-16,1102埼玉県南西部,16,3,医療法人社団武蔵野会新座志木中央総合病院,新座市
R7,11,埼玉県,1102,南西部,R7-1102-17,1102埼玉県南西部,17,4,医療法人財団明理会イムス富士見総合病院,富士見市
R7,11,埼玉県,1102,南西部,R7-1102-18,1102埼玉県南西部,18,5,医療法人誠壽会上福岡総合病院,ふじみ野市
R7,11,埼玉県,1102,南西部,R7-1102-19,1102埼玉県南西部,19,6,富家病院,ふじみ野市
R7,11,埼玉県,1102,南西部,R7-1102-20,1102埼玉県南西部,20,7,医療法人社団明芳会イムス三芳総合病院,三芳町
R7,11,埼玉県,1102,南西部,R7-1102-21,1102埼玉県南西部,21,8,医療法人財団明理会埼玉セントラル病院,三芳町
R7,11,埼玉県,1102,南西部,R7-1102-22,1102埼玉県南西部,22,9,医療法人社団武蔵野会新座病院,新座市
R7,11,埼玉県,1102,南西部,R7-1102-23,1102埼玉県南西部,23,10,堀ノ内病院,新座市
R7,11,埼玉県,1102,南西部,R7-1102-24,1102埼玉県南西部,24,11,北野病院,新座市
R7,11,埼玉県,1102,南西部,R7-1102-25,1102埼玉県南西部,25,12,医療法人さくらさくら記念病院,富士見市
R7,11,埼玉県,1102,南西部,R7-1102-26,1102埼玉県南西部,26,13,静風荘病院,新座市
R7,11,埼玉県,1102,南西部,R7-1102-27,1102埼玉県南西部,27,14,医療法人寿鶴会菅野病院,和光市
R7,11,埼玉県,1102,南西部,R7-1102-28,1102埼玉県南西部,28,15,医療法人社団草芳会三芳野病院,三芳町
R7,11,埼玉県,1102,南西部,R7-1102-29,1102埼玉県南西部,29,16,医療法人社団武蔵野会ＴＭＧ宗岡中央病院,志木市
R7,11,埼玉県,1102,南西部,R7-1102-30,1102埼玉県南西部,30,17,医療法人山柳会　あさか相生病院,朝霞市
R7,11,埼玉県,1102,南西部,R7-1102-31,1102埼玉県南西部,31,18,医療法人社団浅野病院,志木市
R7,11,埼玉県,1102,南西部,R7-1102-32,1102埼玉県南西部,32,19,朝霞厚生病院,朝霞市
R7,11,埼玉県,1102,南西部,R7-1102-33,1102埼玉県南西部,33,20,医療法人泰一会和光リハビリテーション病院,和光市
R7,11,埼玉県,1102,南西部,R7-1102-34,1102埼玉県南西部,34,21,医療法人恵愛会恵愛病院,富士見市
R7,11,埼玉県,1102,南西部,R7-1102-35,1102埼玉県南西部,35,22,みずほ台病院,富士見市
R7,11,埼玉県,1102,南西部,R7-1102-36,1102埼玉県南西部,36,23,医療法人社団サンセリテ三浦病院,富士見市
R7,11,埼玉県,1102,南西部,R7-1102-37,1102埼玉県南西部,37,24,坪田和光病院,和光市
R7,11,埼玉県,1102,南西部,R7-1102-38,1102埼玉県南西部,38,25,医療法人社団草芳会三芳野第２病院,ふじみ野市
R7,11,埼玉県,1102,南西部,R7-1102-39,1102埼玉県南西部,39,26,医療法人向英会髙田整形外科病院,新座市
R7,11,埼玉県,1102,南西部,R7-1102-40,1102埼玉県南西部,40,27,ふじみの救急病院,三芳町
R7,11,埼玉県,1102,南西部,R7-1102-41,1102埼玉県南西部,41,28,あさか産婦人科,朝霞市
R7,11,埼玉県,1102,南西部,R7-1102-42,1102埼玉県南西部,42,29,医療法人慶桜会大塚産婦人科小児科医院,新座市
R7,11,埼玉県,1102,南西部,R7-1102-43,1102埼玉県南西部,43,30,医療法人実幸会栗原医院,富士見市
R7,11,埼玉県,1102,南西部,R7-1102-44,1102埼玉県南西部,44,31,医療法人根本外科整形外科,富士見市
R7,11,埼玉県,1102,南西部,R7-1102-45,1102埼玉県南西部,45,32,にしじまクリニック,富士見市
R7,11,埼玉県,1102,南西部,R7-1102-46,1102埼玉県南西部,46,33,医療法人久治会せきや眼科,ふじみ野市
R7,11,埼玉県,1102,南西部,R7-1102-47,1102埼玉県南西部,47,34,阿部レディースクリニック,朝霞市
R7,11,埼玉県,1102,南西部,R7-1102-48,1102埼玉県南西部,48,35,牧田産婦人科医院,新座市
R7,11,埼玉県,1102,南西部,R7-1102-49,1102埼玉県南西部,49,36,志木呼吸器科クリニック,志木市
R7,11,埼玉県,1102,南西部,R7-1102-50,1102埼玉県南西部,50,37,朝霞台駅前みなみ耳鼻咽喉科,朝霞市
R7,11,埼玉県,1102,南西部,R7-1102-51,1102埼玉県南西部,51,38,医療法人社団宏友会 栗原整形外科,朝霞市
R7,11,埼玉県,1102,南西部,R7-1102-52,1102埼玉県南西部,52,39,医療法人社団かいしん会ますなが医院,富士見市
R7,11,埼玉県,1102,南西部,R7-1102-53,1102埼玉県南西部,53,40,ミューズレディスクリニック,ふじみ野市
R7,11,埼玉県,1103,東部,R7-1103-14,1103埼玉県東部,14,1,獨協医科大学埼玉医療センター,越谷市
R7,11,埼玉県,1103,東部,R7-1103-15,1103埼玉県東部,15,2,越谷市立病院,越谷市
R7,11,埼玉県,1103,東部,R7-1103-16,1103埼玉県東部,16,3,医療法人財団明理会春日部中央総合病院,春日部市
R7,11,埼玉県,1103,東部,R7-1103-17,1103埼玉県東部,17,4,草加市立病院,草加市
R7,11,埼玉県,1103,東部,R7-1103-18,1103埼玉県東部,18,5,春日部市立医療センター,春日部市
R7,11,埼玉県,1103,東部,R7-1103-19,1103埼玉県東部,19,6,秀和総合病院,春日部市
R7,11,埼玉県,1103,東部,R7-1103-20,1103埼玉県東部,20,7,医療法人社団協友会埼玉回生病院,八潮市
R7,11,埼玉県,1103,東部,R7-1103-21,1103埼玉県東部,21,8,三愛会総合病院,三郷市
R7,11,埼玉県,1103,東部,R7-1103-22,1103埼玉県東部,22,9,医療法人社団愛友会三郷中央総合病院,三郷市
R7,11,埼玉県,1103,東部,R7-1103-23,1103埼玉県東部,23,10,医療法人財団健和会みさと健和病院,三郷市
R7,11,埼玉県,1103,東部,R7-1103-24,1103埼玉県東部,24,11,医療法人社団協友会吉川中央総合病院,吉川市
R7,11,埼玉県,1103,東部,R7-1103-25,1103埼玉県東部,25,12,医療法人社団協友会八潮中央総合病院,八潮市
R7,11,埼玉県,1103,東部,R7-1103-26,1103埼玉県東部,26,13,医療法人社団協友会越谷誠和病院,越谷市
R7,11,埼玉県,1103,東部,R7-1103-27,1103埼玉県東部,27,14,医療法人光仁会春日部厚生病院,春日部市
R7,11,埼玉県,1103,東部,R7-1103-28,1103埼玉県東部,28,15,医療法人財団明理会新越谷病院,越谷市
R7,11,埼玉県,1103,東部,R7-1103-29,1103埼玉県東部,29,16,医療法人梅原病院,春日部市
R7,11,埼玉県,1103,東部,R7-1103-30,1103埼玉県東部,30,17,医療法人社団全仁会東都春日部病院,春日部市
R7,11,埼玉県,1103,東部,R7-1103-31,1103埼玉県東部,31,18,リハビリテーション天草病院,越谷市
R7,11,埼玉県,1103,東部,R7-1103-32,1103埼玉県東部,32,19,埼玉みさと総合リハビリテーション病院,三郷市
R7,11,埼玉県,1103,東部,R7-1103-33,1103埼玉県東部,33,20,医療法人社団全仁会埼玉筑波病院,松伏町
R7,11,埼玉県,1103,東部,R7-1103-34,1103埼玉県東部,34,21,医療法人社団聖心会　湖街ホスピタル,越谷市
R7,11,埼玉県,1103,東部,R7-1103-35,1103埼玉県東部,35,22,医療法人光仁会南部厚生病院,春日部市
R7,11,埼玉県,1103,東部,R7-1103-36,1103埼玉県東部,36,23,医療法人財団東京勤労者医療会みさと協立病院,三郷市
R7,11,埼玉県,1103,東部,R7-1103-37,1103埼玉県東部,37,24,医療法人社団大和会慶和病院,越谷市
R7,11,埼玉県,1103,東部,R7-1103-38,1103埼玉県東部,38,25,医療法人社団明日佳埼玉あすか松伏病院,松伏町
R7,11,埼玉県,1103,東部,R7-1103-39,1103埼玉県東部,39,26,医療法人社団協友会メディカルトピア草加病院,草加市
R7,11,埼玉県,1103,東部,R7-1103-40,1103埼玉県東部,40,27,中川の郷療育センター,松伏町
R7,11,埼玉県,1103,東部,R7-1103-41,1103埼玉県東部,41,28,医療法人社団嬉泉会春日部嬉泉病院,春日部市
R7,11,埼玉県,1103,東部,R7-1103-42,1103埼玉県東部,42,29,医療法人移山会二宮病院,草加市
R7,11,埼玉県,1103,東部,R7-1103-43,1103埼玉県東部,43,30,医療法人社団州山会広瀬病院,八潮市
R7,11,埼玉県,1103,東部,R7-1103-44,1103埼玉県東部,44,31,レイクタウン整形外科病院,越谷市
R7,11,埼玉県,1103,東部,R7-1103-45,1103埼玉県東部,45,32,医療法人社団春日部さくら病院,春日部市
R7,11,埼玉県,1103,東部,R7-1103-46,1103埼玉県東部,46,33,医療法人親和会鳳永病院,草加市
R7,11,埼玉県,1103,東部,R7-1103-47,1103埼玉県東部,47,34,草加松原リハビリテーション病院,草加市
R7,11,埼玉県,1103,東部,R7-1103-48,1103埼玉県東部,48,35,産婦人科菅原病院,越谷市
R7,11,埼玉県,1103,東部,R7-1103-49,1103埼玉県東部,49,36,医療法人社団春明会　みくに病院,春日部市
R7,11,埼玉県,1103,東部,R7-1103-50,1103埼玉県東部,50,37,医療法人社団庄和会庄和中央病院,春日部市
R7,11,埼玉県,1103,東部,R7-1103-51,1103埼玉県東部,51,38,埼友草加病院,草加市
R7,11,埼玉県,1103,東部,R7-1103-52,1103埼玉県東部,52,39,市川胃腸科外科病院,越谷市
R7,11,埼玉県,1103,東部,R7-1103-53,1103埼玉県東部,53,40,武里病院,春日部市
R7,11,埼玉県,1103,東部,R7-1103-54,1103埼玉県東部,54,41,医療法人社団南越谷病院,越谷市
R7,11,埼玉県,1103,東部,R7-1103-55,1103埼玉県東部,55,42,医療法人道心会埼玉東部循環器病院,越谷市
R7,11,埼玉県,1103,東部,R7-1103-56,1103埼玉県東部,56,43,永井マザーズホスピタル,三郷市
R7,11,埼玉県,1103,東部,R7-1103-57,1103埼玉県東部,57,44,彩都レディースクリニック,春日部市
R7,11,埼玉県,1103,東部,R7-1103-58,1103埼玉県東部,58,45,医療法人眞幸会草加松原整形外科医院,草加市
R7,11,埼玉県,1103,東部,R7-1103-59,1103埼玉県東部,59,46,医療法人社団蓮誓会レン・ファミリークリニック,草加市
R7,11,埼玉県,1103,東部,R7-1103-60,1103埼玉県東部,60,47,医療法人社団仁心会　越谷ハートフルクリニック,越谷市
R7,11,埼玉県,1103,東部,R7-1103-61,1103埼玉県東部,61,48,越谷泌尿器科・内科,越谷市
R7,11,埼玉県,1103,東部,R7-1103-62,1103埼玉県東部,62,49,江川整形外科医院,越谷市
R7,11,埼玉県,1103,東部,R7-1103-63,1103埼玉県東部,63,50,埼友クリニック,越谷市
R7,11,埼玉県,1103,東部,R7-1103-64,1103埼玉県東部,64,51,医療法人社団勲和会愛和クリニック,越谷市
R7,11,埼玉県,1103,東部,R7-1103-65,1103埼玉県東部,65,52,医療法人社団磯久クリニック,吉川市
R7,11,埼玉県,1103,東部,R7-1103-66,1103埼玉県東部,66,53,医療法人正務医院,草加市
R7,11,埼玉県,1103,東部,R7-1103-67,1103埼玉県東部,67,54,医療法人研整会松田整形外科,越谷市
R7,11,埼玉県,1103,東部,R7-1103-68,1103埼玉県東部,68,55,医療法人至誠会大久保クリニック,吉川市
R7,11,埼玉県,1103,東部,R7-1103-69,1103埼玉県東部,69,56,産婦人科Ｍｏｒｏマタニティスクエア,草加市
R7,11,埼玉県,1103,東部,R7-1103-70,1103埼玉県東部,70,57,佐藤産婦人科,越谷市
R7,11,埼玉県,1103,東部,R7-1103-71,1103埼玉県東部,71,58,医療法人社団稔誠会高橋レディースクリニック,三郷市
R7,11,埼玉県,1103,東部,R7-1103-72,1103埼玉県東部,72,59,医療法人悦省会 分娩館医院,春日部市
R7,11,埼玉県,1103,東部,R7-1103-73,1103埼玉県東部,73,60,水上レディースクリニック,草加市
R7,11,埼玉県,1103,東部,R7-1103-74,1103埼玉県東部,74,61,医療法人福満会守田内科医院,春日部市
R7,11,埼玉県,1103,東部,R7-1103-75,1103埼玉県東部,75,62,杉浦眼科,春日部市
R7,11,埼玉県,1103,東部,R7-1103-76,1103埼玉県東部,76,63,医療法人永寿会三須医院,春日部市
R7,11,埼玉県,1103,東部,R7-1103-77,1103埼玉県東部,77,64,医療法人燦英会宮本医院,越谷市
R7,11,埼玉県,1103,東部,R7-1103-78,1103埼玉県東部,78,65,南越谷健身会クリニック,越谷市
R7,11,埼玉県,1103,東部,R7-1103-79,1103埼玉県東部,79,66,宮里クリニック,松伏町
R7,11,埼玉県,1103,東部,R7-1103-80,1103埼玉県東部,80,67,越谷呼吸器クリニック,越谷市
R7,11,埼玉県,1103,東部,R7-1103-81,1103埼玉県東部,81,68,医療法人EMS　酒井救急クリニック,越谷市
R7,11,埼玉県,1103,東部,R7-1103-82,1103埼玉県東部,82,69,堀中医院,越谷市
R7,11,埼玉県,1103,東部,R7-1103-83,1103埼玉県東部,83,70,医療法人社団豊栄会さだまつ眼科クリニック,春日部市
R7,11,埼玉県,1103,東部,R7-1103-84,1103埼玉県東部,84,71,草加内科呼吸ケアクリニック,草加市
R7,11,埼玉県,1103,東部,R7-1103-85,1103埼玉県東部,85,72,永井ウィメンズクリニック,三郷市
R7,11,埼玉県,1103,東部,R7-1103-86,1103埼玉県東部,86,73,木島医院,
R7,11,埼玉県,1104,さいたま,R7-1104-14,1104埼玉県さいたま,14,1,さいたま赤十字病院,さいたま市中央区
R7,11,埼玉県,1104,さいたま,R7-1104-15,1104埼玉県さいたま,15,2,自治医科大学附属さいたま医療センター,さいたま市大宮区
R7,11,埼玉県,1104,さいたま,R7-1104-16,1104埼玉県さいたま,16,3,さいたま市立病院,さいたま市緑区
R7,11,埼玉県,1104,さいたま,R7-1104-17,1104埼玉県さいたま,17,4,独立行政法人地域医療機能推進機構埼玉メディカルセンター,さいたま市浦和区
R7,11,埼玉県,1104,さいたま,R7-1104-18,1104埼玉県さいたま,18,5,さいたま市民医療センター,さいたま市西区
R7,11,埼玉県,1104,さいたま,R7-1104-19,1104埼玉県さいたま,19,6,医療法人社団協友会彩の国東大宮メディカルセンター,さいたま市北区
R7,11,埼玉県,1104,さいたま,R7-1104-20,1104埼玉県さいたま,20,7,埼玉県立小児医療センター,さいたま市中央区
R7,11,埼玉県,1104,さいたま,R7-1104-21,1104埼玉県さいたま,21,8,医療法人聖仁会西部総合病院,さいたま市桜区
R7,11,埼玉県,1104,さいたま,R7-1104-22,1104埼玉県さいたま,22,9,医療法人ヘブロン会大宮中央総合病院,さいたま市北区
R7,11,埼玉県,1104,さいたま,R7-1104-23,1104埼玉県さいたま,23,10,丸山記念総合病院,さいたま市岩槻区
R7,11,埼玉県,1104,さいたま,R7-1104-24,1104埼玉県さいたま,24,11,指扇療養病院,さいたま市西区
R7,11,埼玉県,1104,さいたま,R7-1104-25,1104埼玉県さいたま,25,12,大宮共立病院,さいたま市見沼区
R7,11,埼玉県,1104,さいたま,R7-1104-26,1104埼玉県さいたま,26,13,指扇病院,さいたま市西区
R7,11,埼玉県,1104,さいたま,R7-1104-27,1104埼玉県さいたま,27,14,医療法人徳洲会　さいたま記念病院,さいたま市見沼区
R7,11,埼玉県,1104,さいたま,R7-1104-28,1104埼玉県さいたま,28,15,医療法人社団松弘会三愛病院,さいたま市桜区
R7,11,埼玉県,1104,さいたま,R7-1104-29,1104埼玉県さいたま,29,16,医療法人明浩会西大宮病院,さいたま市大宮区
R7,11,埼玉県,1104,さいたま,R7-1104-30,1104埼玉県さいたま,30,17,医療法人ひかり会クリニカル病院,さいたま市岩槻区
R7,11,埼玉県,1104,さいたま,R7-1104-31,1104埼玉県さいたま,31,18,独立行政法人地域医療機能推進機構さいたま北部医療センター,さいたま市北区
R7,11,埼玉県,1104,さいたま,R7-1104-32,1104埼玉県さいたま,32,19,岩槻中央病院,さいたま市岩槻区
R7,11,埼玉県,1104,さいたま,R7-1104-33,1104埼玉県さいたま,33,20,医療法人博仁会共済病院,さいたま市緑区
R7,11,埼玉県,1104,さいたま,R7-1104-34,1104埼玉県さいたま,34,21,社会福祉法人シナプス埼玉精神神経センター,さいたま市中央区
R7,11,埼玉県,1104,さいたま,R7-1104-35,1104埼玉県さいたま,35,22,医療法人栄寿会林病院,さいたま市桜区
R7,11,埼玉県,1104,さいたま,R7-1104-36,1104埼玉県さいたま,36,23,大和田病院,さいたま市見沼区
R7,11,埼玉県,1104,さいたま,R7-1104-37,1104埼玉県さいたま,37,24,医療法人社団双愛会大宮双愛病院,さいたま市大宮区
R7,11,埼玉県,1104,さいたま,R7-1104-38,1104埼玉県さいたま,38,25,医療法人社団医凰会さいたま岩槻病院,さいたま市岩槻区
R7,11,埼玉県,1104,さいたま,R7-1104-39,1104埼玉県さいたま,39,26,医療法人秋葉病院,さいたま市南区
R7,11,埼玉県,1104,さいたま,R7-1104-40,1104埼玉県さいたま,40,27,医療法人社団望星会望星病院,さいたま市浦和区
R7,11,埼玉県,1104,さいたま,R7-1104-41,1104埼玉県さいたま,41,28,医療型障害児入所施設カリヨンの杜,さいたま市岩槻区
R7,11,埼玉県,1104,さいたま,R7-1104-42,1104埼玉県さいたま,42,29,医療法人社団弘象会東和病院,さいたま市緑区
R7,11,埼玉県,1104,さいたま,R7-1104-43,1104埼玉県さいたま,43,30,医療法人宇治病院,さいたま市大宮区
R7,11,埼玉県,1104,さいたま,R7-1104-44,1104埼玉県さいたま,44,31,医療法人川久保病院,さいたま市浦和区
R7,11,埼玉県,1104,さいたま,R7-1104-45,1104埼玉県さいたま,45,32,医療法人社団幸正会岩槻南病院,さいたま市岩槻区
R7,11,埼玉県,1104,さいたま,R7-1104-46,1104埼玉県さいたま,46,33,医療法人有隣会わかくさ病院,さいたま市南区
R7,11,埼玉県,1104,さいたま,R7-1104-47,1104埼玉県さいたま,47,34,夢眠ホスピタルさいたま,さいたま市大宮区
R7,11,埼玉県,1104,さいたま,R7-1104-48,1104埼玉県さいたま,48,35,医療法人石川病院,さいたま市浦和区
R7,11,埼玉県,1104,さいたま,R7-1104-49,1104埼玉県さいたま,49,36,木野産婦人科医院,さいたま市北区
R7,11,埼玉県,1104,さいたま,R7-1104-50,1104埼玉県さいたま,50,37,増田外科医院,さいたま市北区
R7,11,埼玉県,1104,さいたま,R7-1104-51,1104埼玉県さいたま,51,38,新都心肛門クリニック,さいたま市大宮区
R7,11,埼玉県,1104,さいたま,R7-1104-52,1104埼玉県さいたま,52,39,医療法人かしわ会かしわざき産婦人科,さいたま市大宮区
R7,11,埼玉県,1104,さいたま,R7-1104-53,1104埼玉県さいたま,53,40,服部外科胃腸科医院,さいたま市南区
R7,11,埼玉県,1104,さいたま,R7-1104-54,1104埼玉県さいたま,54,41,さいたまつきの森クリニック,さいたま市岩槻区
R7,11,埼玉県,1104,さいたま,R7-1104-55,1104埼玉県さいたま,55,42,医療法人社団喜咲会　ローズマタニティクリニック,さいたま市南区
R7,11,埼玉県,1104,さいたま,R7-1104-56,1104埼玉県さいたま,56,43,さいたま新開橋クリニック,さいたま市西区
R7,11,埼玉県,1104,さいたま,R7-1104-57,1104埼玉県さいたま,57,44,医療法人鎌田医院,さいたま市浦和区
R7,11,埼玉県,1104,さいたま,R7-1104-58,1104埼玉県さいたま,58,45,医療法人時任会ときとうクリニック,さいたま市緑区
R7,11,埼玉県,1104,さいたま,R7-1104-59,1104埼玉県さいたま,59,46,加藤クリニック,さいたま市浦和区
R7,11,埼玉県,1104,さいたま,R7-1104-60,1104埼玉県さいたま,60,47,医療法人社団愛正会宇井レディスクリニック,さいたま市見沼区
R7,11,埼玉県,1104,さいたま,R7-1104-61,1104埼玉県さいたま,61,48,医療法人島田医院,さいたま市中央区
R7,11,埼玉県,1104,さいたま,R7-1104-62,1104埼玉県さいたま,62,49,医療法人大宮林医院,さいたま市大宮区
R7,11,埼玉県,1104,さいたま,R7-1104-63,1104埼玉県さいたま,63,50,飯島医院,さいたま市浦和区
R7,11,埼玉県,1104,さいたま,R7-1104-64,1104埼玉県さいたま,64,51,宮坂産婦人科クリニック,さいたま市緑区
R7,11,埼玉県,1104,さいたま,R7-1104-65,1104埼玉県さいたま,65,52,大宮内科クリニック,さいたま市大宮区
R7,11,埼玉県,1104,さいたま,R7-1104-66,1104埼玉県さいたま,66,53,医療法人社団慶育会セントウィメンズクリニック,さいたま市浦和区
R7,11,埼玉県,1104,さいたま,R7-1104-67,1104埼玉県さいたま,67,54,あきやま胃腸科肛門科クリニック,さいたま市大宮区
R7,11,埼玉県,1104,さいたま,R7-1104-68,1104埼玉県さいたま,68,55,ほしあい眼科・内科,さいたま市緑区
R7,11,埼玉県,1104,さいたま,R7-1104-69,1104埼玉県さいたま,69,56,秋山レディースクリニック,さいたま市大宮区
R7,11,埼玉県,1105,県央,R7-1105-14,1105埼玉県県央,14,1,医療法人社団愛友会上尾中央総合病院,上尾市
R7,11,埼玉県,1105,県央,R7-1105-15,1105埼玉県県央,15,2,埼玉県立がんセンター,伊奈町
R7,11,埼玉県,1105,県央,R7-1105-16,1105埼玉県県央,16,3,北里大学メディカルセンター,北本市
R7,11,埼玉県,1105,県央,R7-1105-17,1105埼玉県県央,17,4,医療法人財団ヘリオス会ヘリオス会病院,鴻巣市
R7,11,埼玉県,1105,県央,R7-1105-18,1105埼玉県県央,18,5,医療法人社団博翔会桃泉園北本病院,北本市
R7,11,埼玉県,1105,県央,R7-1105-19,1105埼玉県県央,19,6,医療法人社団愛友会上尾中央第二病院,上尾市
R7,11,埼玉県,1105,県央,R7-1105-20,1105埼玉県県央,20,7,医療法人社団愛友会伊奈病院,伊奈町
R7,11,埼玉県,1105,県央,R7-1105-21,1105埼玉県県央,21,8,医療法人財団聖蹟会埼玉県央病院,桶川市
R7,11,埼玉県,1105,県央,R7-1105-22,1105埼玉県県央,22,9,埼玉県総合リハビリテーションセンター,上尾市
R7,11,埼玉県,1105,県央,R7-1105-23,1105埼玉県県央,23,10,こうのす共生病院,鴻巣市
R7,11,埼玉県,1105,県央,R7-1105-24,1105埼玉県県央,24,11,医療法人壽亮会大谷記念病院,桶川市
R7,11,埼玉県,1105,県央,R7-1105-25,1105埼玉県県央,25,12,医療法人藤仁会藤村病院,上尾市
R7,11,埼玉県,1105,県央,R7-1105-26,1105埼玉県県央,26,13,埼玉脳神経外科病院,鴻巣市
R7,11,埼玉県,1105,県央,R7-1105-27,1105埼玉県県央,27,14,医療法人社団顕心会伊奈中央病院,伊奈町
R7,11,埼玉県,1105,県央,R7-1105-28,1105埼玉県県央,28,15,のぞみリハビリテーション病院,伊奈町
R7,11,埼玉県,1105,県央,R7-1105-29,1105埼玉県県央,29,16,医療法人社団澤仁会鴻巣第一クリニック,鴻巣市
R7,11,埼玉県,1105,県央,R7-1105-30,1105埼玉県県央,30,17,はやしだ産婦人科医院,鴻巣市
R7,11,埼玉県,1105,県央,R7-1105-31,1105埼玉県県央,31,18,村越外科・胃腸科・肛門科,鴻巣市
R7,11,埼玉県,1105,県央,R7-1105-32,1105埼玉県県央,32,19,医療法人社団鴻飛会鴻巣外科胃腸科,鴻巣市
R7,11,埼玉県,1105,県央,R7-1105-33,1105埼玉県県央,33,20,ナラヤマレディースクリニック,上尾市
R7,11,埼玉県,1105,県央,R7-1105-34,1105埼玉県県央,34,21,医療法人社団順信会上尾メディカルクリニック,上尾市
R7,11,埼玉県,1105,県央,R7-1105-35,1105埼玉県県央,35,22,医療法人 社団 昇龍会 Women'sClinic ひらしま産婦人科,上尾市
R7,11,埼玉県,1105,県央,R7-1105-36,1105埼玉県県央,36,23,山田医院,北本市
R7,11,埼玉県,1105,県央,R7-1105-37,1105埼玉県県央,37,24,林田内科医院,北本市
R7,11,埼玉県,1105,県央,R7-1105-38,1105埼玉県県央,38,25,上尾ふじなみ診療所,上尾市
R7,11,埼玉県,1105,県央,R7-1105-39,1105埼玉県県央,39,26,葵ウィメンズクリニック,上尾市
R7,11,埼玉県,1105,県央,R7-1105-40,1105埼玉県県央,40,27,よこづか眼科,上尾市
R7,11,埼玉県,1105,県央,R7-1105-41,1105埼玉県県央,41,28,医療法人社団慈誠会ようだ眼科医院,桶川市
R7,11,埼玉県,1105,県央,R7-1105-42,1105埼玉県県央,42,29,鈴木眼科,北本市
R7,11,埼玉県,1105,県央,R7-1105-43,1105埼玉県県央,43,30,医療法人菁莪会口腔研クリニック,上尾市
R7,11,埼玉県,1105,県央,R7-1105-44,1105埼玉県県央,44,31,医療法人社団由佑会さくらクリニック,上尾市
R7,11,埼玉県,1105,県央,R7-1105-45,1105埼玉県県央,45,32,あげお在宅医療クリニック,上尾市
R7,11,埼玉県,1106,川越比企,R7-1106-14,1106埼玉県川越比企,14,1,埼玉医科大学総合医療センター,川越市
R7,11,埼玉県,1106,川越比企,R7-1106-15,1106埼玉県川越比企,15,2,埼玉医科大学病院,毛呂山町
R7,11,埼玉県,1106,川越比企,R7-1106-16,1106埼玉県川越比企,16,3,医療法人眞美会麻見江ホスピタル,鳩山町
R7,11,埼玉県,1106,川越比企,R7-1106-17,1106埼玉県川越比企,17,4,西武川越病院,川越市
R7,11,埼玉県,1106,川越比企,R7-1106-18,1106埼玉県川越比企,18,5,小川赤十字病院,小川町
R7,11,埼玉県,1106,川越比企,R7-1106-19,1106埼玉県川越比企,19,6,医療法人啓仁会平成の森・川島病院,川島町
R7,11,埼玉県,1106,川越比企,R7-1106-20,1106埼玉県川越比企,20,7,医療法人関越病院,鶴ヶ島市
R7,11,埼玉県,1106,川越比企,R7-1106-21,1106埼玉県川越比企,21,8,丸木記念福祉メディカルセンター,毛呂山町
R7,11,埼玉県,1106,川越比企,R7-1106-22,1106埼玉県川越比企,22,9,東松山医師会病院,東松山市
R7,11,埼玉県,1106,川越比企,R7-1106-23,1106埼玉県川越比企,23,10,医療法人真正会霞ケ関南病院,川越市
R7,11,埼玉県,1106,川越比企,R7-1106-24,1106埼玉県川越比企,24,11,社会医療法人社団尚篤会赤心堂病院,川越市
R7,11,埼玉県,1106,川越比企,R7-1106-25,1106埼玉県川越比企,25,12,坂戸中央病院,坂戸市
R7,11,埼玉県,1106,川越比企,R7-1106-26,1106埼玉県川越比企,26,13,武蔵野総合病院,川越市
R7,11,埼玉県,1106,川越比企,R7-1106-27,1106埼玉県川越比企,27,14,医療法人埼玉成恵会病院,東松山市
R7,11,埼玉県,1106,川越比企,R7-1106-28,1106埼玉県川越比企,28,15,武蔵嵐山病院,東松山市
R7,11,埼玉県,1106,川越比企,R7-1106-29,1106埼玉県川越比企,29,16,川越リハビリテーション病院,川越市
R7,11,埼玉県,1106,川越比企,R7-1106-30,1106埼玉県川越比企,30,17,医療法人康正会病院,川越市
R7,11,埼玉県,1106,川越比企,R7-1106-31,1106埼玉県川越比企,31,18,東松山市立市民病院,東松山市
R7,11,埼玉県,1106,川越比企,R7-1106-32,1106埼玉県川越比企,32,19,南古谷病院,川越市
R7,11,埼玉県,1106,川越比企,R7-1106-33,1106埼玉県川越比企,33,20,医療法人社団哺育会笠幡病院,川越市
R7,11,埼玉県,1106,川越比企,R7-1106-34,1106埼玉県川越比企,34,21,医療法人若葉会若葉病院,坂戸市
R7,11,埼玉県,1106,川越比企,R7-1106-35,1106埼玉県川越比企,35,22,光の家療育センター,毛呂山町
R7,11,埼玉県,1106,川越比企,R7-1106-36,1106埼玉県川越比企,36,23,医療法人社団関心会関本記念病院,川越市
R7,11,埼玉県,1106,川越比企,R7-1106-37,1106埼玉県川越比企,37,24,医療法人豊仁会三井病院,川越市
R7,11,埼玉県,1106,川越比企,R7-1106-38,1106埼玉県川越比企,38,25,城南中央病院,川越市
R7,11,埼玉県,1106,川越比企,R7-1106-39,1106埼玉県川越比企,39,26,帯津三敬病院,川越市
R7,11,埼玉県,1106,川越比企,R7-1106-40,1106埼玉県川越比企,40,27,鶴ケ島池ノ台病院,鶴ヶ島市
R7,11,埼玉県,1106,川越比企,R7-1106-41,1106埼玉県川越比企,41,28,医療法人社団誠弘会池袋病院,川越市
R7,11,埼玉県,1106,川越比企,R7-1106-42,1106埼玉県川越比企,42,29,医療法人刀圭会本川越病院,川越市
R7,11,埼玉県,1106,川越比企,R7-1106-43,1106埼玉県川越比企,43,30,埼玉県立嵐山郷,嵐山町
R7,11,埼玉県,1106,川越比企,R7-1106-44,1106埼玉県川越比企,44,31,明海大学歯学部付属明海大学病院,坂戸市
R7,11,埼玉県,1106,川越比企,R7-1106-45,1106埼玉県川越比企,45,32,医療法人愛和病院,川越市
R7,11,埼玉県,1106,川越比企,R7-1106-46,1106埼玉県川越比企,46,33,シャローム病院,東松山市
R7,11,埼玉県,1106,川越比企,R7-1106-47,1106埼玉県川越比企,47,34,大谷整形外科病院,東松山市
R7,11,埼玉県,1106,川越比企,R7-1106-48,1106埼玉県川越比企,48,35,カルガモの家,川越市
R7,11,埼玉県,1106,川越比企,R7-1106-49,1106埼玉県川越比企,49,36,医療法人社団敬悠会菅野病院,坂戸市
R7,11,埼玉県,1106,川越比企,R7-1106-50,1106埼玉県川越比企,50,37,医療法人瀬川病院,小川町
R7,11,埼玉県,1106,川越比企,R7-1106-51,1106埼玉県川越比企,51,38,医療法人社団マウナケア会清水病院,坂戸市
R7,11,埼玉県,1106,川越比企,R7-1106-52,1106埼玉県川越比企,52,39,宏仁会小川病院,小川町
R7,11,埼玉県,1106,川越比企,R7-1106-53,1106埼玉県川越比企,53,40,医療法人埼玉病院,川越市
R7,11,埼玉県,1106,川越比企,R7-1106-54,1106埼玉県川越比企,54,41,川鶴クリニック,川越市
R7,11,埼玉県,1106,川越比企,R7-1106-55,1106埼玉県川越比企,55,42,北川越クリニック,川越市
R7,11,埼玉県,1106,川越比企,R7-1106-56,1106埼玉県川越比企,56,43,傍島外科,川越市
R7,11,埼玉県,1106,川越比企,R7-1106-57,1106埼玉県川越比企,57,44,宏仁会高坂醫院,東松山市
R7,11,埼玉県,1106,川越比企,R7-1106-58,1106埼玉県川越比企,58,45,医療法人善淳会小川産婦人科小児科,坂戸市
R7,11,埼玉県,1106,川越比企,R7-1106-59,1106埼玉県川越比企,59,46,医療法人産春会吉松医院,坂戸市
R7,11,埼玉県,1106,川越比企,R7-1106-60,1106埼玉県川越比企,60,47,大西内科,鶴ヶ島市
R7,11,埼玉県,1106,川越比企,R7-1106-61,1106埼玉県川越比企,61,48,鶴ケ島在宅医療診療所,鶴ヶ島市
R7,11,埼玉県,1106,川越比企,R7-1106-62,1106埼玉県川越比企,62,49,しらさき川越クリニック,川越市
R7,11,埼玉県,1106,川越比企,R7-1106-63,1106埼玉県川越比企,63,50,中村産婦人科,小川町
R7,11,埼玉県,1106,川越比企,R7-1106-64,1106埼玉県川越比企,64,51,霞澤産婦人科医院,東松山市
R7,11,埼玉県,1106,川越比企,R7-1106-65,1106埼玉県川越比企,65,52,西部診療所,川越市
R7,11,埼玉県,1106,川越比企,R7-1106-66,1106埼玉県川越比企,66,53,ハッピーバース・ライフクリニック,川越市
R7,11,埼玉県,1106,川越比企,R7-1106-67,1106埼玉県川越比企,67,54,渡辺産婦人科医院,嵐山町
R7,11,埼玉県,1106,川越比企,R7-1106-68,1106埼玉県川越比企,68,55,伊佐沼クリニック耳鼻咽喉科診療所,川越市
R7,11,埼玉県,1106,川越比企,R7-1106-69,1106埼玉県川越比企,69,56,川越救急クリニック,川越市
R7,11,埼玉県,1106,川越比企,R7-1106-70,1106埼玉県川越比企,70,57,医療法人さい眼科医院,川越市
R7,11,埼玉県,1106,川越比企,R7-1106-71,1106埼玉県川越比企,71,58,愛和レディスクリニック,川越市
R7,11,埼玉県,1107,西部,R7-1107-14,1107埼玉県西部,14,1,埼玉医科大学国際医療センター,日高市
R7,11,埼玉県,1107,西部,R7-1107-15,1107埼玉県西部,15,2,防衛医科大学校病院,所沢市
R7,11,埼玉県,1107,西部,R7-1107-16,1107埼玉県西部,16,3,社会医療法人財団石心会埼玉石心会病院,狭山市
R7,11,埼玉県,1107,西部,R7-1107-17,1107埼玉県西部,17,4,医療法人尚寿会狭山尚寿会病院,狭山市
R7,11,埼玉県,1107,西部,R7-1107-18,1107埼玉県西部,18,5,医療法人啓仁会所沢ロイヤル病院,所沢市
R7,11,埼玉県,1107,西部,R7-1107-19,1107埼玉県西部,19,6,独立行政法人国立病院機構西埼玉中央病院,所沢市
R7,11,埼玉県,1107,西部,R7-1107-20,1107埼玉県西部,20,7,医療法人靖和会飯能靖和病院,飯能市
R7,11,埼玉県,1107,西部,R7-1107-21,1107埼玉県西部,21,8,社会医療法人社団埼玉巨樹の会所沢美原総合病院,所沢市
R7,11,埼玉県,1107,西部,R7-1107-22,1107埼玉県西部,22,9,新所沢清和病院,所沢市
R7,11,埼玉県,1107,西部,R7-1107-23,1107埼玉県西部,23,10,原田病院,入間市
R7,11,埼玉県,1107,西部,R7-1107-24,1107埼玉県西部,24,11,医療法人社団秀栄会所沢第一病院,所沢市
R7,11,埼玉県,1107,西部,R7-1107-25,1107埼玉県西部,25,12,社会医療法人入間川病院,狭山市
R7,11,埼玉県,1107,西部,R7-1107-26,1107埼玉県西部,26,13,医療法人社団東光会東所沢病院,所沢市
R7,11,埼玉県,1107,西部,R7-1107-27,1107埼玉県西部,27,14,医療法人社団医凰会並木病院,所沢市
R7,11,埼玉県,1107,西部,R7-1107-28,1107埼玉県西部,28,15,医療法人社団和風会所沢中央病院,所沢市
R7,11,埼玉県,1107,西部,R7-1107-29,1107埼玉県西部,29,16,国立障害者リハビリテーションセンター病院,所沢市
R7,11,埼玉県,1107,西部,R7-1107-30,1107埼玉県西部,30,17,医療法人社団武蔵野会狭山神経内科病院,狭山市
R7,11,埼玉県,1107,西部,R7-1107-31,1107埼玉県西部,31,18,医療法人社団和風会所沢リハビリテーション病院,所沢市
R7,11,埼玉県,1107,西部,R7-1107-32,1107埼玉県西部,32,19,旭ケ丘病院,日高市
R7,11,埼玉県,1107,西部,R7-1107-33,1107埼玉県西部,33,20,医療法人社団明雄会北所沢病院,所沢市
R7,11,埼玉県,1107,西部,R7-1107-34,1107埼玉県西部,34,21,医療法人豊岡整形外科病院,入間市
R7,11,埼玉県,1107,西部,R7-1107-35,1107埼玉県西部,35,22,明生リハビリテーション病院,所沢市
R7,11,埼玉県,1107,西部,R7-1107-36,1107埼玉県西部,36,23,医療法人社団敬寿会所沢白翔会病院,所沢市
R7,11,埼玉県,1107,西部,R7-1107-37,1107埼玉県西部,37,24,社会医療法人至仁会圏央所沢病院,所沢市
R7,11,埼玉県,1107,西部,R7-1107-38,1107埼玉県西部,38,25,埼玉西協同病院,所沢市
R7,11,埼玉県,1107,西部,R7-1107-39,1107埼玉県西部,39,26,飯能中央病院,飯能市
R7,11,埼玉県,1107,西部,R7-1107-40,1107埼玉県西部,40,27,武蔵台病院,日高市
R7,11,埼玉県,1107,西部,R7-1107-41,1107埼玉県西部,41,28,医療法人社団清心会至聖病院,狭山市
R7,11,埼玉県,1107,西部,R7-1107-42,1107埼玉県西部,42,29,小林病院,入間市
R7,11,埼玉県,1107,西部,R7-1107-43,1107埼玉県西部,43,30,医療法人明晴会西武入間病院,入間市
R7,11,埼玉県,1107,西部,R7-1107-44,1107埼玉県西部,44,31,医療法人慈桜会瀬戸病院,所沢市
R7,11,埼玉県,1107,西部,R7-1107-45,1107埼玉県西部,45,32,豊岡第一病院,入間市
R7,11,埼玉県,1107,西部,R7-1107-46,1107埼玉県西部,46,33,医療法人社団グロリア会前田病院,狭山市
R7,11,埼玉県,1107,西部,R7-1107-47,1107埼玉県西部,47,34,医療法人泰一会飯能整形外科病院,飯能市
R7,11,埼玉県,1107,西部,R7-1107-48,1107埼玉県西部,48,35,医療法人仁栄会所沢緑ケ丘病院,所沢市
R7,11,埼玉県,1107,西部,R7-1107-49,1107埼玉県西部,49,36,自衛隊入間病院,入間市
R7,11,埼玉県,1107,西部,R7-1107-50,1107埼玉県西部,50,37,所沢市市民医療センター,所沢市
R7,11,埼玉県,1107,西部,R7-1107-51,1107埼玉県西部,51,38,佐瀬病院,飯能市
R7,11,埼玉県,1107,西部,R7-1107-52,1107埼玉県西部,52,39,所沢肛門病院,所沢市
R7,11,埼玉県,1107,西部,R7-1107-53,1107埼玉県西部,53,40,狭山厚生病院,狭山市
R7,11,埼玉県,1107,西部,R7-1107-54,1107埼玉県西部,54,41,医療法人西狭山病院,狭山市
R7,11,埼玉県,1107,西部,R7-1107-55,1107埼玉県西部,55,42,医療法人金子病院,入間市
R7,11,埼玉県,1107,西部,R7-1107-56,1107埼玉県西部,56,43,医療法人社団桜友会所沢ハートセンター,所沢市
R7,11,埼玉県,1107,西部,R7-1107-57,1107埼玉県西部,57,44,医療法人永仁会入間ハート病院,入間市
R7,11,埼玉県,1107,西部,R7-1107-58,1107埼玉県西部,58,45,医療法人社団和栄会所沢腎クリニック,所沢市
R7,11,埼玉県,1107,西部,R7-1107-59,1107埼玉県西部,59,46,松田母子クリニック,所沢市
R7,11,埼玉県,1107,西部,R7-1107-60,1107埼玉県西部,60,47,飯能市東吾野医療介護センター診療所,飯能市
R7,11,埼玉県,1107,西部,R7-1107-61,1107埼玉県西部,61,48,さやま産婦人科,狭山市
R7,11,埼玉県,1107,西部,R7-1107-62,1107埼玉県西部,62,49,医療法人社団匡恕会　梶田医院狭山,狭山市
R7,11,埼玉県,1107,西部,R7-1107-63,1107埼玉県西部,63,50,医療法人社団仁友会入間台クリニック,入間市
R7,11,埼玉県,1107,西部,R7-1107-64,1107埼玉県西部,64,51,吉田産科婦人科医院,入間市
R7,11,埼玉県,1107,西部,R7-1107-65,1107埼玉県西部,65,52,医療法人社団輔正会岡村記念クリニック,日高市
R7,11,埼玉県,1107,西部,R7-1107-66,1107埼玉県西部,66,53,医療法人社団東京石心会　さやま地域ケアクリニック,狭山市
R7,11,埼玉県,1107,西部,R7-1107-67,1107埼玉県西部,67,54,飯能産婦人科医院,飯能市
R7,11,埼玉県,1107,西部,R7-1107-68,1107埼玉県西部,68,55,メディカルパーク入間,入間市
R7,11,埼玉県,1107,西部,R7-1107-69,1107埼玉県西部,69,56,医療法人恵秀会奥平産婦人科,狭山市
R7,11,埼玉県,1107,西部,R7-1107-70,1107埼玉県西部,70,57,令和レディースクリニック,日高市
R7,11,埼玉県,1107,西部,R7-1107-71,1107埼玉県西部,71,58,医療法人社団小室医院,入間市
R7,11,埼玉県,1107,西部,R7-1107-72,1107埼玉県西部,72,59,峰の坂産婦人科,所沢市
R7,11,埼玉県,1107,西部,R7-1107-73,1107埼玉県西部,73,60,所沢呼吸器科クリニック,所沢市
R7,11,埼玉県,1107,西部,R7-1107-74,1107埼玉県西部,74,61,さくらレディースクリニック,所沢市
R7,11,埼玉県,1108,利根,R7-1108-14,1108埼玉県利根,14,1,社会医療法人壮幸会行田総合病院,行田市
R7,11,埼玉県,1108,利根,R7-1108-15,1108埼玉県利根,15,2,独立行政法人国立病院機構東埼玉病院,蓮田市
R7,11,埼玉県,1108,利根,R7-1108-16,1108埼玉県利根,16,3,医療法人徳洲会　羽生総合病院,羽生市
R7,11,埼玉県,1108,利根,R7-1108-17,1108埼玉県利根,17,4,新久喜総合病院,久喜市
R7,11,埼玉県,1108,利根,R7-1108-18,1108埼玉県利根,18,5,蓮田病院,蓮田市
R7,11,埼玉県,1108,利根,R7-1108-19,1108埼玉県利根,19,6,社会福祉法人恩賜財団済生会支部埼玉県済生会加須病院,加須市
R7,11,埼玉県,1108,利根,R7-1108-20,1108埼玉県利根,20,7,医療法人社団哺育会白岡中央総合病院,白岡市
R7,11,埼玉県,1108,利根,R7-1108-21,1108埼玉県利根,21,8,東鷲宮病院,久喜市
R7,11,埼玉県,1108,利根,R7-1108-22,1108埼玉県利根,22,9,栗橋病院,久喜市
R7,11,埼玉県,1108,利根,R7-1108-23,1108埼玉県利根,23,10,社会医療法人ジャパンメディカルアライアンス東埼玉総合病院,幸手市
R7,11,埼玉県,1108,利根,R7-1108-24,1108埼玉県利根,24,11,行田中央総合病院,行田市
R7,11,埼玉県,1108,利根,R7-1108-25,1108埼玉県利根,25,12,医療法人社団弘人会中田病院,加須市
R7,11,埼玉県,1108,利根,R7-1108-26,1108埼玉県利根,26,13,医療法人ひかり会パーク病院,白岡市
R7,11,埼玉県,1108,利根,R7-1108-27,1108埼玉県利根,27,14,新井病院,久喜市
R7,11,埼玉県,1108,利根,R7-1108-28,1108埼玉県利根,28,15,医療法人幸仁会堀中病院,幸手市
R7,11,埼玉県,1108,利根,R7-1108-29,1108埼玉県利根,29,16,医療法人社団生彩会加須東病院,加須市
R7,11,埼玉県,1108,利根,R7-1108-30,1108埼玉県利根,30,17,騎西病院,加須市
R7,11,埼玉県,1108,利根,R7-1108-31,1108埼玉県利根,31,18,蓮江病院,久喜市
R7,11,埼玉県,1108,利根,R7-1108-32,1108埼玉県利根,32,19,医療法人双鳳会山王クリニック,白岡市
R7,11,埼玉県,1108,利根,R7-1108-33,1108埼玉県利根,33,20,医療法人社団愛友会蓮田一心会病院,蓮田市
R7,11,埼玉県,1108,利根,R7-1108-34,1108埼玉県利根,34,21,栗原眼科病院,羽生市
R7,11,埼玉県,1108,利根,R7-1108-35,1108埼玉県利根,35,22,医療法人土屋小児病院,久喜市
R7,11,埼玉県,1108,利根,R7-1108-36,1108埼玉県利根,36,23,医療法人今井病院,杉戸町
R7,11,埼玉県,1108,利根,R7-1108-37,1108埼玉県利根,37,24,医療法人十善病院,加須市
R7,11,埼玉県,1108,利根,R7-1108-38,1108埼玉県利根,38,25,牛村病院,幸手市
R7,11,埼玉県,1108,利根,R7-1108-39,1108埼玉県利根,39,26,石井クリニック,行田市
R7,11,埼玉県,1108,利根,R7-1108-40,1108埼玉県利根,40,27,医療法人樫楠会冨田脳外科クリニック,羽生市
R7,11,埼玉県,1108,利根,R7-1108-41,1108埼玉県利根,41,28,中村レディスクリニック,羽生市
R7,11,埼玉県,1108,利根,R7-1108-42,1108埼玉県利根,42,29,宮嶋整形外科,久喜市
R7,11,埼玉県,1108,利根,R7-1108-43,1108埼玉県利根,43,30,久喜メディカルクリニック,久喜市
R7,11,埼玉県,1108,利根,R7-1108-44,1108埼玉県利根,44,31,しらさきクリニック,久喜市
R7,11,埼玉県,1108,利根,R7-1108-45,1108埼玉県利根,45,32,医療法人心喜会蓮田外科医院,蓮田市
R7,11,埼玉県,1108,利根,R7-1108-46,1108埼玉県利根,46,33,成田レディスクリニック,蓮田市
R7,11,埼玉県,1108,利根,R7-1108-47,1108埼玉県利根,47,34,石塚医院,幸手市
R7,11,埼玉県,1108,利根,R7-1108-48,1108埼玉県利根,48,35,医療法人社団ワイズレディスクリニック,幸手市
R7,11,埼玉県,1108,利根,R7-1108-49,1108埼玉県利根,49,36,公設宮代福祉医療センター診療所六花,宮代町
R7,11,埼玉県,1108,利根,R7-1108-50,1108埼玉県利根,50,37,医療法人社団廣和会埼玉杉戸診療所,杉戸町
R7,11,埼玉県,1108,利根,R7-1108-51,1108埼玉県利根,51,38,医療法人社団永成会矢作整形外科・内科,久喜市
R7,11,埼玉県,1108,利根,R7-1108-52,1108埼玉県利根,52,39,医療法人社団スピカレディースクリニック,加須市
R7,11,埼玉県,1108,利根,R7-1108-53,1108埼玉県利根,53,40,医療法人ＥＭＳ西山救急クリニック,加須市
R7,11,埼玉県,1108,利根,R7-1108-54,1108埼玉県利根,54,41,医療法人神山クリニック,羽生市
R7,11,埼玉県,1108,利根,R7-1108-55,1108埼玉県利根,55,42,蓮田整形外科,蓮田市
R7,11,埼玉県,1109,北部,R7-1109-14,1109埼玉県北部,14,1,深谷赤十字病院,深谷市
R7,11,埼玉県,1109,北部,R7-1109-15,1109埼玉県北部,15,2,あねとす病院,深谷市
R7,11,埼玉県,1109,北部,R7-1109-16,1109埼玉県北部,16,3,社会医療法人熊谷総合病院,熊谷市
R7,11,埼玉県,1109,北部,R7-1109-17,1109埼玉県北部,17,4,本庄総合病院,本庄市
R7,11,埼玉県,1109,北部,R7-1109-18,1109埼玉県北部,18,5,埼玉県立循環器・呼吸器病センター,熊谷市
R7,11,埼玉県,1109,北部,R7-1109-19,1109埼玉県北部,19,6,埼玉よりい病院,寄居町
R7,11,埼玉県,1109,北部,R7-1109-20,1109埼玉県北部,20,7,埼玉慈恵病院,熊谷市
R7,11,埼玉県,1109,北部,R7-1109-21,1109埼玉県北部,21,8,熊谷外科病院,熊谷市
R7,11,埼玉県,1109,北部,R7-1109-22,1109埼玉県北部,22,9,医療法人啓清会関東脳神経外科病院,熊谷市
R7,11,埼玉県,1109,北部,R7-1109-23,1109埼玉県北部,23,10,医療法人社団優慈会佐々木病院,深谷市
R7,11,埼玉県,1109,北部,R7-1109-24,1109埼玉県北部,24,11,医療法人桂水会岡病院,本庄市
R7,11,埼玉県,1109,北部,R7-1109-25,1109埼玉県北部,25,12,藤間病院,熊谷市
R7,11,埼玉県,1109,北部,R7-1109-26,1109埼玉県北部,26,13,熊谷生協病院,熊谷市
R7,11,埼玉県,1109,北部,R7-1109-27,1109埼玉県北部,27,14,医療法人本庄福島病院,本庄市
R7,11,埼玉県,1109,北部,R7-1109-28,1109埼玉県北部,28,15,熊谷福島病院,熊谷市
R7,11,埼玉県,1109,北部,R7-1109-29,1109埼玉県北部,29,16,医療法人社団寿会吉沢病院,本庄市
R7,11,埼玉県,1109,北部,R7-1109-30,1109埼玉県北部,30,17,埼玉療育医療センター,寄居町
R7,11,埼玉県,1109,北部,R7-1109-31,1109埼玉県北部,31,18,福祉医療センター太陽の園,熊谷市
R7,11,埼玉県,1109,北部,R7-1109-32,1109埼玉県北部,32,19,本庄駅前病院,本庄市
R7,11,埼玉県,1109,北部,R7-1109-33,1109埼玉県北部,33,20,医療法人三光会そのベ病院,本庄市
R7,11,埼玉県,1109,北部,R7-1109-34,1109埼玉県北部,34,21,医療法人葵深谷中央病院,深谷市
R7,11,埼玉県,1109,北部,R7-1109-35,1109埼玉県北部,35,22,医療法人信猶会菊地病院,深谷市
R7,11,埼玉県,1109,北部,R7-1109-36,1109埼玉県北部,36,23,医療法人良仁会桜ヶ丘病院,深谷市
R7,11,埼玉県,1109,北部,R7-1109-37,1109埼玉県北部,37,24,皆成病院,深谷市
R7,11,埼玉県,1109,北部,R7-1109-38,1109埼玉県北部,38,25,医療法人柏成会青木病院,本庄市
R7,11,埼玉県,1109,北部,R7-1109-39,1109埼玉県北部,39,26,医療法人益子会（社団）児玉中央病院,本庄市
R7,11,埼玉県,1109,北部,R7-1109-40,1109埼玉県北部,40,27,医療法人鈴木外科病院,本庄市
R7,11,埼玉県,1109,北部,R7-1109-41,1109埼玉県北部,41,28,籠原病院,熊谷市
R7,11,埼玉県,1109,北部,R7-1109-42,1109埼玉県北部,42,29,医療法人彩北病院,本庄市
R7,11,埼玉県,1109,北部,R7-1109-43,1109埼玉県北部,43,30,医療法人きずな会さめじまボンディングクリニック,熊谷市
R7,11,埼玉県,1109,北部,R7-1109-44,1109埼玉県北部,44,31,いのクリニック,熊谷市
R7,11,埼玉県,1109,北部,R7-1109-45,1109埼玉県北部,45,32,あけとクリニック,熊谷市
R7,11,埼玉県,1109,北部,R7-1109-46,1109埼玉県北部,46,33,医療法人中村会中村外科医院,本庄市
R7,11,埼玉県,1109,北部,R7-1109-47,1109埼玉県北部,47,34,医療法人博明会飯塚内科小児科,本庄市
R7,11,埼玉県,1109,北部,R7-1109-48,1109埼玉県北部,48,35,深谷肛門科,深谷市
R7,11,埼玉県,1109,北部,R7-1109-49,1109埼玉県北部,49,36,医療法人社団 勝医会 ふかやクリニック,深谷市
R7,11,埼玉県,1109,北部,R7-1109-50,1109埼玉県北部,50,37,本庄脳神経外科・脊椎外科,本庄市
R7,11,埼玉県,1109,北部,R7-1109-51,1109埼玉県北部,51,38,平田クリニック,熊谷市
R7,11,埼玉県,1109,北部,R7-1109-52,1109埼玉県北部,52,39,くぼじまクリニック,熊谷市
R7,11,埼玉県,1109,北部,R7-1109-53,1109埼玉県北部,53,40,医療法人康曜会プラーナクリニック,深谷市
R7,11,埼玉県,1109,北部,R7-1109-54,1109埼玉県北部,54,41,熊谷ロイヤルクリニック,熊谷市
R7,11,埼玉県,1109,北部,R7-1109-55,1109埼玉県北部,55,42,池田レディースクリニック,本庄市
R7,11,埼玉県,1109,北部,R7-1109-56,1109埼玉県北部,56,43,医療法人安和会石丸安世記念熊谷ディアベテスクリニック,熊谷市
R7,11,埼玉県,1109,北部,R7-1109-57,1109埼玉県北部,57,44,北深谷病院,深谷市
R7,11,埼玉県,1109,北部,R7-1109-58,1109埼玉県北部,58,45,正田眼科,深谷市
R7,11,埼玉県,1109,北部,R7-1109-59,1109埼玉県北部,59,46,たかの眼科,熊谷市
R7,11,埼玉県,1109,北部,R7-1109-60,1109埼玉県北部,60,47,医療法人社団尽徳会県西在宅クリニック熊谷,熊谷市
R7,11,埼玉県,1110,秩父,R7-1110-14,1110埼玉県秩父,14,1,秩父市立病院,秩父市
R7,11,埼玉県,1110,秩父,R7-1110-15,1110埼玉県秩父,15,2,医療法人徳洲会皆野病院,皆野町
R7,11,埼玉県,1110,秩父,R7-1110-16,1110埼玉県秩父,16,3,秩父生協病院,秩父市
R7,11,埼玉県,1110,秩父,R7-1110-17,1110埼玉県秩父,17,4,秩父第一病院,秩父市
R7,11,埼玉県,1110,秩父,R7-1110-18,1110埼玉県秩父,18,5,国民健康保険町立小鹿野中央病院,小鹿野町
R7,11,埼玉県,1110,秩父,R7-1110-19,1110埼玉県秩父,19,6,医療法人彩清会清水病院,皆野町
R7,11,埼玉県,1110,秩父,R7-1110-20,1110埼玉県秩父,20,7,医療法人花仁会秩父病院,秩父市
R7,11,埼玉県,1110,秩父,R7-1110-21,1110埼玉県秩父,21,8,長瀞医新クリニック,長瀞町
R7,11,埼玉県,1110,秩父,R7-1110-22,1110埼玉県秩父,22,9,医療法人岩田産婦人科医院,秩父市
R7,11,埼玉県,1110,秩父,R7-1110-23,1110埼玉県秩父,23,10,落合眼科医院,長瀞町
R7,12,千葉県,1201,千葉,R7-1201-14,1201千葉県千葉,14,1,千葉大学医学部附属病院,千葉市中央区
R7,12,千葉県,1201,千葉,R7-1201-15,1201千葉県千葉,15,2,千葉県がんセンター,千葉市中央区
R7,12,千葉県,1201,千葉,R7-1201-16,1201千葉県千葉,16,3,独立行政法人国立病院機構 千葉医療センター,千葉市中央区
R7,12,千葉県,1201,千葉,R7-1201-17,1201千葉県千葉,17,4,医療法人社団誠馨会 千葉メディカルセンター,千葉市中央区
R7,12,千葉県,1201,千葉,R7-1201-18,1201千葉県千葉,18,5,千葉市立青葉病院,千葉市中央区
R7,12,千葉県,1201,千葉,R7-1201-19,1201千葉県千葉,19,6,千葉市立海浜病院,千葉市美浜区
R7,12,千葉県,1201,千葉,R7-1201-20,1201千葉県千葉,20,7,独立行政法人国立病院機構 千葉医療センター千葉東病院,千葉市中央区
R7,12,千葉県,1201,千葉,R7-1201-21,1201千葉県千葉,21,8,医療法人社団誠馨会千葉中央メディカルセンター,千葉市若葉区
R7,12,千葉県,1201,千葉,R7-1201-22,1201千葉県千葉,22,9,医療法人社団創進会みつわ台総合病院,千葉市若葉区
R7,12,千葉県,1201,千葉,R7-1201-23,1201千葉県千葉,23,10,医療法人社団翠明会山王病院,千葉市稲毛区
R7,12,千葉県,1201,千葉,R7-1201-24,1201千葉県千葉,24,11,医療法人社団誠馨会総泉病院,千葉市若葉区
R7,12,千葉県,1201,千葉,R7-1201-25,1201千葉県千葉,25,12,千葉県千葉リハビリテーションセンター,千葉市緑区
R7,12,千葉県,1201,千葉,R7-1201-26,1201千葉県千葉,26,13,千葉県こども病院,千葉市緑区
R7,12,千葉県,1201,千葉,R7-1201-27,1201千葉県千葉,27,14,医療法人白百合会幕張病院,千葉市美浜区
R7,12,千葉県,1201,千葉,R7-1201-28,1201千葉県千葉,28,15,医療法人社団有相会最成病院,千葉市花見川区
R7,12,千葉県,1201,千葉,R7-1201-29,1201千葉県千葉,29,16,医療法人社団ふけ会富家千葉病院,千葉市稲毛区
R7,12,千葉県,1201,千葉,R7-1201-30,1201千葉県千葉,30,17,医療法人社団晴山会平山病院,千葉市花見川区
R7,12,千葉県,1201,千葉,R7-1201-31,1201千葉県千葉,31,18,医療法人緑栄会 三愛記念病院,千葉市中央区
R7,12,千葉県,1201,千葉,R7-1201-32,1201千葉県千葉,32,19,一般社団法人巨樹の会 千葉みなとリハビリテーション病院,千葉市中央区
R7,12,千葉県,1201,千葉,R7-1201-33,1201千葉県千葉,33,20,医療法人社団駿心会 稲毛病院,千葉市稲毛区
R7,12,千葉県,1201,千葉,R7-1201-34,1201千葉県千葉,34,21,医療法人社団普照会 井上記念病院,千葉市中央区
R7,12,千葉県,1201,千葉,R7-1201-35,1201千葉県千葉,35,22,医療法人柏葉会 柏戸病院,千葉市中央区
R7,12,千葉県,1201,千葉,R7-1201-36,1201千葉県千葉,36,23,医療法人社団淳英会おゆみの中央病院,千葉市緑区
R7,12,千葉県,1201,千葉,R7-1201-37,1201千葉県千葉,37,24,独立行政法人地域医療機能推進機構 千葉病院,千葉市中央区
R7,12,千葉県,1201,千葉,R7-1201-38,1201千葉県千葉,38,25,医療法人社団幸有会　幸有会記念病院,千葉市花見川区
R7,12,千葉県,1201,千葉,R7-1201-39,1201千葉県千葉,39,26,医療法人社団鎮誠会令和リハビリテーション病院,千葉市中央区
R7,12,千葉県,1201,千葉,R7-1201-40,1201千葉県千葉,40,27,医療法人社団紫雲会千葉南病院,千葉市緑区
R7,12,千葉県,1201,千葉,R7-1201-41,1201千葉県千葉,41,28,国立研究開発法人量子科学技術研究開発機構　QST病院,千葉市稲毛区
R7,12,千葉県,1201,千葉,R7-1201-42,1201千葉県千葉,42,29,千葉県総合救急災害医療センター,千葉市美浜区
R7,12,千葉県,1201,千葉,R7-1201-43,1201千葉県千葉,43,30,医療法人社団千葉いずみ会泉中央病院,千葉市若葉区
R7,12,千葉県,1201,千葉,R7-1201-44,1201千葉県千葉,44,31,社会医療法人社団健脳会千葉脳神経外科病院,千葉市稲毛区
R7,12,千葉県,1201,千葉,R7-1201-45,1201千葉県千葉,45,32,医療法人浄光会 千葉みなと病院,千葉市中央区
R7,12,千葉県,1201,千葉,R7-1201-46,1201千葉県千葉,46,33,医療法人社団福生会 斎藤労災病院,千葉市中央区
R7,12,千葉県,1201,千葉,R7-1201-47,1201千葉県千葉,47,34,医療法人社団明生会 三橋明生病院,千葉市中央区
R7,12,千葉県,1201,千葉,R7-1201-48,1201千葉県千葉,48,35,社会医療法人社団千葉県勤労者医療協会千葉健生病院,千葉市花見川区
R7,12,千葉県,1201,千葉,R7-1201-49,1201千葉県千葉,49,36,医療法人社団駿心会 いなげ西病院,千葉市稲毛区
R7,12,千葉県,1201,千葉,R7-1201-50,1201千葉県千葉,50,37,医療法人社団誠馨会自動車事故対策機構千葉療護センター,千葉市美浜区
R7,12,千葉県,1201,千葉,R7-1201-51,1201千葉県千葉,51,38,千葉市桜木園,千葉市若葉区
R7,12,千葉県,1201,千葉,R7-1201-52,1201千葉県千葉,52,39,医療法人社団錦昌会みどりのは葉記念病院,千葉市緑区
R7,12,千葉県,1201,千葉,R7-1201-53,1201千葉県千葉,53,40,医療法人社団誠仁会みはま病院,千葉市美浜区
R7,12,千葉県,1201,千葉,R7-1201-54,1201千葉県千葉,54,41,医療法人社団あい 増田病院,千葉市中央区
R7,12,千葉県,1201,千葉,R7-1201-55,1201千葉県千葉,55,42,医療法人社団鏡一会鏡戸病院,千葉市緑区
R7,12,千葉県,1201,千葉,R7-1201-56,1201千葉県千葉,56,43,医療法人社団悠啓会いまにし医院,千葉市花見川区
R7,12,千葉県,1201,千葉,R7-1201-57,1201千葉県千葉,57,44,稲毛バースクリニック,千葉市稲毛区
R7,12,千葉県,1201,千葉,R7-1201-58,1201千葉県千葉,58,45,医療法人社団親月会千葉中央外科内科,千葉市稲毛区
R7,12,千葉県,1201,千葉,R7-1201-59,1201千葉県千葉,59,46,医療法人社団ことら会 稲毛とらのこ産婦人科,千葉市稲毛区
R7,12,千葉県,1201,千葉,R7-1201-60,1201千葉県千葉,60,47,医療法人社団匡仁会梶田医院,千葉市若葉区
R7,12,千葉県,1201,千葉,R7-1201-61,1201千葉県千葉,61,48,医療法人社団阿うんの会坂の上外科,千葉市緑区
R7,12,千葉県,1201,千葉,R7-1201-62,1201千葉県千葉,62,49,医療法人社団寄命会椎名崎クリニック,千葉市緑区
R7,12,千葉県,1201,千葉,R7-1201-63,1201千葉県千葉,63,50,医療法人社団三水会北千葉整形外科幕張クリニック,千葉市花見川区
R7,12,千葉県,1201,千葉,R7-1201-64,1201千葉県千葉,64,51,たじま産婦人科,千葉市稲毛区
R7,12,千葉県,1201,千葉,R7-1201-65,1201千葉県千葉,65,52,医療法人社団ファーティルみやけウィメンズクリニック,千葉市緑区
R7,12,千葉県,1201,千葉,R7-1201-66,1201千葉県千葉,66,53,幕張不整脈クリニック,千葉市花見川区
R7,12,千葉県,1201,千葉,R7-1201-67,1201千葉県千葉,67,54,医療法人社団柏木記念会ファミール産院ちば,千葉市中央区
R7,12,千葉県,1201,千葉,R7-1201-68,1201千葉県千葉,68,55,医療法人社団花也会Ｗクリニックフォーマザーズ幕張,千葉市花見川区
R7,12,千葉県,1201,千葉,R7-1201-69,1201千葉県千葉,69,56,医療法人社団志栄会都賀レディースクリニック,千葉市若葉区
R7,12,千葉県,1201,千葉,R7-1201-70,1201千葉県千葉,70,57,医療法人社団武田会かまとり武田肛門科,千葉市緑区
R7,12,千葉県,1201,千葉,R7-1201-71,1201千葉県千葉,71,58,医療法人社団五月会とけレディースクリニック,千葉市緑区
R7,12,千葉県,1201,千葉,R7-1201-72,1201千葉県千葉,72,59,医療法人社団小羊会高洲訪問クリニック,千葉市美浜区
R7,12,千葉県,1201,千葉,R7-1201-73,1201千葉県千葉,73,60,医療法人社団温和会たて産婦人科,千葉市若葉区
R7,12,千葉県,1201,千葉,R7-1201-74,1201千葉県千葉,74,61,医療法人社団マザー・キーなのはなクリニック,千葉市中央区
R7,12,千葉県,1201,千葉,R7-1201-75,1201千葉県千葉,75,62,医療法人志方記念会三木クリニック,千葉市中央区
R7,12,千葉県,1201,千葉,R7-1201-76,1201千葉県千葉,76,63,医療法人社団遊山会耳鼻咽喉科サージセンターちば,千葉市稲毛区
R7,12,千葉県,1201,千葉,R7-1201-77,1201千葉県千葉,77,64,医療法人社団生実会ホタカ整形外科,
R7,12,千葉県,1202,東葛南部,R7-1202-14,1202千葉県東葛南部,14,1,順天堂大学医学部附属浦安病院,浦安市
R7,12,千葉県,1202,東葛南部,R7-1202-15,1202千葉県東葛南部,15,2,東京歯科大学市川総合病院,市川市
R7,12,千葉県,1202,東葛南部,R7-1202-16,1202千葉県東葛南部,16,3,東京女子医科大学附属八千代医療センター,八千代市
R7,12,千葉県,1202,東葛南部,R7-1202-17,1202千葉県東葛南部,17,4,船橋市立医療センター,船橋市
R7,12,千葉県,1202,東葛南部,R7-1202-18,1202千葉県東葛南部,18,5,医療法人徳洲会千葉徳洲会病院,船橋市
R7,12,千葉県,1202,東葛南部,R7-1202-19,1202千葉県東葛南部,19,6,社会福祉法人恩賜財団済生会千葉県済生会習志野病院,習志野市
R7,12,千葉県,1202,東葛南部,R7-1202-20,1202千葉県東葛南部,20,7,独立行政法人地域医療機能推進機構船橋中央病院,船橋市
R7,12,千葉県,1202,東葛南部,R7-1202-21,1202千葉県東葛南部,21,8,東京ベイ・浦安市川医療センター,浦安市
R7,12,千葉県,1202,東葛南部,R7-1202-22,1202千葉県東葛南部,22,9,医療法人徳洲会鎌ケ谷総合病院,鎌ケ谷市
R7,12,千葉県,1202,東葛南部,R7-1202-23,1202千葉県東葛南部,23,10,医療法人社団一心会初富保健病院,鎌ケ谷市
R7,12,千葉県,1202,東葛南部,R7-1202-24,1202千葉県東葛南部,24,11,医療法人社団惠仁会セントマーガレット病院,八千代市
R7,12,千葉県,1202,東葛南部,R7-1202-25,1202千葉県東葛南部,25,12,医療法人社団愛友会津田沼中央総合病院,習志野市
R7,12,千葉県,1202,東葛南部,R7-1202-26,1202千葉県東葛南部,26,13,医療法人財団明理会行徳総合病院,市川市
R7,12,千葉県,1202,東葛南部,R7-1202-27,1202千葉県東葛南部,27,14,医療法人社団永生会新八千代病院,八千代市
R7,12,千葉県,1202,東葛南部,R7-1202-28,1202千葉県東葛南部,28,15,医療法人社団誠馨会セコメディック病院,船橋市
R7,12,千葉県,1202,東葛南部,R7-1202-29,1202千葉県東葛南部,29,16,国立健康危機管理研究機構国立国府台医療センター,市川市
R7,12,千葉県,1202,東葛南部,R7-1202-30,1202千葉県東葛南部,30,17,医療法人社団碩成会島田台総合病院,八千代市
R7,12,千葉県,1202,東葛南部,R7-1202-31,1202千葉県東葛南部,31,18,医療法人社団保健会谷津保健病院,習志野市
R7,12,千葉県,1202,東葛南部,R7-1202-32,1202千葉県東葛南部,32,19,社会医療法人社団千葉県勤労者医療協会船橋二和病院,船橋市
R7,12,千葉県,1202,東葛南部,R7-1202-33,1202千葉県東葛南部,33,20,医療法人社団協友会船橋総合病院,船橋市
R7,12,千葉県,1202,東葛南部,R7-1202-34,1202千葉県東葛南部,34,21,一般社団法人巨樹の会八千代リハビリテーション病院,八千代市
R7,12,千葉県,1202,東葛南部,R7-1202-35,1202千葉県東葛南部,35,22,国際医療福祉大学市川病院,市川市
R7,12,千葉県,1202,東葛南部,R7-1202-36,1202千葉県東葛南部,36,23,船橋市立リハビリテーション病院,船橋市
R7,12,千葉県,1202,東葛南部,R7-1202-37,1202千葉県東葛南部,37,24,医療法人一条会（社団）一条会病院,市川市
R7,12,千葉県,1202,東葛南部,R7-1202-38,1202千葉県東葛南部,38,25,タムス浦安病院,浦安市
R7,12,千葉県,1202,東葛南部,R7-1202-39,1202千葉県東葛南部,39,26,医療法人社団嵐川大野中央病院,市川市
R7,12,千葉県,1202,東葛南部,R7-1202-40,1202千葉県東葛南部,40,27,社会医療法人社団菊田会習志野第一病院,習志野市
R7,12,千葉県,1202,東葛南部,R7-1202-41,1202千葉県東葛南部,41,28,医療法人社団保健会　東京湾岸リハビリテーション病院,習志野市
R7,12,千葉県,1202,東葛南部,R7-1202-42,1202千葉県東葛南部,42,29,医療法人思誠会勝田台病院,八千代市
R7,12,千葉県,1202,東葛南部,R7-1202-43,1202千葉県東葛南部,43,30,医療法人成春会北習志野花輪病院,船橋市
R7,12,千葉県,1202,東葛南部,R7-1202-44,1202千葉県東葛南部,44,31,医療法人社団聖進会市川東病院,市川市
R7,12,千葉県,1202,東葛南部,R7-1202-45,1202千葉県東葛南部,45,32,医療法人社団千葉秀心会東船橋病院,船橋市
R7,12,千葉県,1202,東葛南部,R7-1202-46,1202千葉県東葛南部,46,33,医療法人社団東邦鎌谷病院,鎌ケ谷市
R7,12,千葉県,1202,東葛南部,R7-1202-47,1202千葉県東葛南部,47,34,医療法人社団ますお会第２北総病院,鎌ケ谷市
R7,12,千葉県,1202,東葛南部,R7-1202-48,1202千葉県東葛南部,48,35,医療法人社団紺整会船橋整形外科病院,船橋市
R7,12,千葉県,1202,東葛南部,R7-1202-49,1202千葉県東葛南部,49,36,医療法人愛の家高根台病院,船橋市
R7,12,千葉県,1202,東葛南部,R7-1202-50,1202千葉県東葛南部,50,37,タムス市川リハビリテーション病院,市川市
R7,12,千葉県,1202,東葛南部,R7-1202-51,1202千葉県東葛南部,51,38,医療法人下総会薬園台リハビリテーション病院,船橋市
R7,12,千葉県,1202,東葛南部,R7-1202-52,1202千葉県東葛南部,52,39,医療法人弘仁会板倉病院,船橋市
R7,12,千葉県,1202,東葛南部,R7-1202-53,1202千葉県東葛南部,53,40,医療法人社団平静会大村病院,市川市
R7,12,千葉県,1202,東葛南部,R7-1202-54,1202千葉県東葛南部,54,41,医療法人社団やしの木会浦安中央病院,浦安市
R7,12,千葉県,1202,東葛南部,R7-1202-55,1202千葉県東葛南部,55,42,医療法人梨香会秋元病院,鎌ケ谷市
R7,12,千葉県,1202,東葛南部,R7-1202-56,1202千葉県東葛南部,56,43,医療法人社団睦会いけだ病院,船橋市
R7,12,千葉県,1202,東葛南部,R7-1202-57,1202千葉県東葛南部,57,44,医療法人社団良知会共立習志野台病院,船橋市
R7,12,千葉県,1202,東葛南部,R7-1202-58,1202千葉県東葛南部,58,45,医療法人社団福秀会浦安高柳病院,浦安市
R7,12,千葉県,1202,東葛南部,R7-1202-59,1202千葉県東葛南部,59,46,青山病院,船橋市
R7,12,千葉県,1202,東葛南部,R7-1202-60,1202千葉県東葛南部,60,47,医療法人社団康栄会浦安病院,浦安市
R7,12,千葉県,1202,東葛南部,R7-1202-61,1202千葉県東葛南部,61,48,医療法人社団協和会滝不動病院,船橋市
R7,12,千葉県,1202,東葛南部,R7-1202-62,1202千葉県東葛南部,62,49,医療法人社団成和会山口病院,船橋市
R7,12,千葉県,1202,東葛南部,R7-1202-63,1202千葉県東葛南部,63,50,医療法人社団嬉泉会大島記念嬉泉病院,船橋市
R7,12,千葉県,1202,東葛南部,R7-1202-64,1202千葉県東葛南部,64,51,医療法人友康会行徳中央病院,市川市
R7,12,千葉県,1202,東葛南部,R7-1202-65,1202千葉県東葛南部,65,52,医療法人友康会行徳中央クリニック,市川市
R7,12,千葉県,1202,東葛南部,R7-1202-66,1202千葉県東葛南部,66,53,医療法人社団邦和会船橋クリニック,船橋市
R7,12,千葉県,1202,東葛南部,R7-1202-67,1202千葉県東葛南部,67,54,医療法人社団みずたに会愛育レディースクリニック,船橋市
R7,12,千葉県,1202,東葛南部,R7-1202-68,1202千葉県東葛南部,68,55,医療法人社団前友会前田産婦人科,八千代市
R7,12,千葉県,1202,東葛南部,R7-1202-69,1202千葉県東葛南部,69,56,医療法人社団愛賛会おおしおウィメンズクリニック,浦安市
R7,12,千葉県,1202,東葛南部,R7-1202-70,1202千葉県東葛南部,70,57,医療法人社団隼整会新浦安整形外科,浦安市
R7,12,千葉県,1202,東葛南部,R7-1202-71,1202千葉県東葛南部,71,58,医療法人社団晴山会ROSEGARDENクリニック,八千代市
R7,12,千葉県,1202,東葛南部,R7-1202-72,1202千葉県東葛南部,72,59,医療法人社団マザー・キーファミール産院つだぬま,習志野市
R7,12,千葉県,1202,東葛南部,R7-1202-73,1202千葉県東葛南部,73,60,医療法人社団マザー・キー　ファミール産院ふなばし,船橋市
R7,12,千葉県,1202,東葛南部,R7-1202-74,1202千葉県東葛南部,74,61,医療法人社団陽南会くらもちレディースクリニック,船橋市
R7,12,千葉県,1202,東葛南部,R7-1202-75,1202千葉県東葛南部,75,62,鎌ヶ谷バースクリニック,鎌ケ谷市
R7,12,千葉県,1202,東葛南部,R7-1202-76,1202千葉県東葛南部,76,63,医療法人社団康進会加藤整形外科,八千代市
R7,12,千葉県,1202,東葛南部,R7-1202-77,1202千葉県東葛南部,77,64,医療法人社団ＩＮＮＯＣＥＮＴ えんぴつ公園マザーズクリニック,市川市
R7,12,千葉県,1202,東葛南部,R7-1202-78,1202千葉県東葛南部,78,65,医療法人社団小羊会船橋訪問クリニック,船橋市
R7,12,千葉県,1202,東葛南部,R7-1202-79,1202千葉県東葛南部,79,66,医療法人社団　佐野産婦人科,浦安市
R7,12,千葉県,1202,東葛南部,R7-1202-80,1202千葉県東葛南部,80,67,医療法人社団マザー・キーファミール産院いちかわ,市川市
R7,12,千葉県,1202,東葛南部,R7-1202-81,1202千葉県東葛南部,81,68,医療法人社団高仁堂医院,市川市
R7,12,千葉県,1202,東葛南部,R7-1202-82,1202千葉県東葛南部,82,69,医療法人社団秀友会　松信ウィメンズクリニック・こどもクリニック,習志野市
R7,12,千葉県,1202,東葛南部,R7-1202-83,1202千葉県東葛南部,83,70,医療法人社団泰正会大町成光堂クリニック,市川市
R7,12,千葉県,1202,東葛南部,R7-1202-84,1202千葉県東葛南部,84,71,医療法人社団励生会北原産婦人科,船橋市
R7,12,千葉県,1202,東葛南部,R7-1202-85,1202千葉県東葛南部,85,72,メディカルプラザ加瀬外科・加瀬眼科,八千代市
R7,12,千葉県,1202,東葛南部,R7-1202-86,1202千葉県東葛南部,86,73,医療法人真温会 八千代有床診療所,八千代市
R7,12,千葉県,1202,東葛南部,R7-1202-87,1202千葉県東葛南部,87,74,医療法人社団三世会大高医院,市川市
R7,12,千葉県,1202,東葛南部,R7-1202-88,1202千葉県東葛南部,88,75,医療法人社団瑞鶴会鶴木クリニック医科・歯科,市川市
R7,12,千葉県,1202,東葛南部,R7-1202-89,1202千葉県東葛南部,89,76,医療法人社団吉岡産婦人科医院,市川市
R7,12,千葉県,1202,東葛南部,R7-1202-90,1202千葉県東葛南部,90,77,医療法人社団藤和会加藤眼科,八千代市
R7,12,千葉県,1202,東葛南部,R7-1202-91,1202千葉県東葛南部,91,78,川嶋レディースクリニック,
R7,12,千葉県,1203,東葛北部,R7-1203-14,1203千葉県東葛北部,14,1,医療法人徳洲会千葉西総合病院,松戸市
R7,12,千葉県,1203,東葛北部,R7-1203-15,1203千葉県東葛北部,15,2,東京慈恵会医科大学附属柏病院,柏市
R7,12,千葉県,1203,東葛北部,R7-1203-16,1203千葉県東葛北部,16,3,松戸市立総合医療センター,松戸市
R7,12,千葉県,1203,東葛北部,R7-1203-17,1203千葉県東葛北部,17,4,医療法人社団葵会柏たなか病院,柏市
R7,12,千葉県,1203,東葛北部,R7-1203-18,1203千葉県東葛北部,18,5,医療法人社団誠馨会新東京病院,松戸市
R7,12,千葉県,1203,東葛北部,R7-1203-19,1203千葉県東葛北部,19,6,国立研究開発法人国立がん研究センター東病院,柏市
R7,12,千葉県,1203,東葛北部,R7-1203-20,1203千葉県東葛北部,20,7,医療法人社団協友会柏厚生総合病院,柏市
R7,12,千葉県,1203,東葛北部,R7-1203-21,1203千葉県東葛北部,21,8,医療法人財団東京勤労者医療会東葛病院,流山市
R7,12,千葉県,1203,東葛北部,R7-1203-22,1203千葉県東葛北部,22,9,医療法人徳洲会　野田総合病院,野田市
R7,12,千葉県,1203,東葛北部,R7-1203-23,1203千葉県東葛北部,23,10,医療法人財団明理会新松戸中央総合病院,松戸市
R7,12,千葉県,1203,東葛北部,R7-1203-24,1203千葉県東葛北部,24,11,医療法人社団葵会千葉・柏リハビリテーション病院,柏市
R7,12,千葉県,1203,東葛北部,R7-1203-25,1203千葉県東葛北部,25,12,社会医療法人社団蛍水会名戸ヶ谷病院,柏市
R7,12,千葉県,1203,東葛北部,R7-1203-26,1203千葉県東葛北部,26,13,医療法人社団誠高会おおたかの森病院,柏市
R7,12,千葉県,1203,東葛北部,R7-1203-27,1203千葉県東葛北部,27,14,医療法人社団協友会千葉愛友会記念病院,流山市
R7,12,千葉県,1203,東葛北部,R7-1203-28,1203千葉県東葛北部,28,15,医療法人社団聖秀会聖光ヶ丘病院,柏市
R7,12,千葉県,1203,東葛北部,R7-1203-29,1203千葉県東葛北部,29,16,柏市立柏病院,柏市
R7,12,千葉県,1203,東葛北部,R7-1203-30,1203千葉県東葛北部,30,17,医療法人社団真療会野田病院,野田市
R7,12,千葉県,1203,東葛北部,R7-1203-31,1203千葉県東葛北部,31,18,医療法人社団創造会平和台病院,我孫子市
R7,12,千葉県,1203,東葛北部,R7-1203-32,1203千葉県東葛北部,32,19,松戸リハビリテーション病院,松戸市
R7,12,千葉県,1203,東葛北部,R7-1203-33,1203千葉県東葛北部,33,20,医療法人社団寿光会 松戸牧の原病院,松戸市
R7,12,千葉県,1203,東葛北部,R7-1203-34,1203千葉県東葛北部,34,21,医療法人社団聖仁会我孫子聖仁会病院,我孫子市
R7,12,千葉県,1203,東葛北部,R7-1203-35,1203千葉県東葛北部,35,22,医療法人社団曙会流山中央病院,流山市
R7,12,千葉県,1203,東葛北部,R7-1203-36,1203千葉県東葛北部,36,23,医療法人社団江陽会江陽台病院,流山市
R7,12,千葉県,1203,東葛北部,R7-1203-37,1203千葉県東葛北部,37,24,医療法人社団清志会大倉記念病院,松戸市
R7,12,千葉県,1203,東葛北部,R7-1203-38,1203千葉県東葛北部,38,25,医療法人社団天宣会北柏リハビリ総合病院,柏市
R7,12,千葉県,1203,東葛北部,R7-1203-39,1203千葉県東葛北部,39,26,医療法人社団康喜会辻仲病院柏の葉,柏市
R7,12,千葉県,1203,東葛北部,R7-1203-40,1203千葉県東葛北部,40,27,社会医療法人社団蛍水会名戸ヶ谷あびこ病院,我孫子市
R7,12,千葉県,1203,東葛北部,R7-1203-41,1203千葉県東葛北部,41,28,キッコーマン総合病院,野田市
R7,12,千葉県,1203,東葛北部,R7-1203-42,1203千葉県東葛北部,42,29,五香病院,松戸市
R7,12,千葉県,1203,東葛北部,R7-1203-43,1203千葉県東葛北部,43,30,医療法人社団ますお会柏の葉北総病院,流山市
R7,12,千葉県,1203,東葛北部,R7-1203-44,1203千葉県東葛北部,44,31,医療法人聖峰会　岡田病院,柏市
R7,12,千葉県,1203,東葛北部,R7-1203-45,1203千葉県東葛北部,45,32,医療法人社団全生会　江戸川病院,野田市
R7,12,千葉県,1203,東葛北部,R7-1203-46,1203千葉県東葛北部,46,33,医療法人社団太公会我孫子東邦病院,我孫子市
R7,12,千葉県,1203,東葛北部,R7-1203-47,1203千葉県東葛北部,47,34,社会医療法人社団蛍水会名戸ヶ谷記念病院,柏市
R7,12,千葉県,1203,東葛北部,R7-1203-48,1203千葉県東葛北部,48,35,医療法人社団福聚会東葛飾病院,野田市
R7,12,千葉県,1203,東葛北部,R7-1203-49,1203千葉県東葛北部,49,36,医療法人社団弥生会旭神経内科リハビリテーション病院,松戸市
R7,12,千葉県,1203,東葛北部,R7-1203-50,1203千葉県東葛北部,50,37,医療法人財団松圓会東葛クリニック病院,松戸市
R7,12,千葉県,1203,東葛北部,R7-1203-51,1203千葉県東葛北部,51,38,医療法人社団松和会小板橋病院,松戸市
R7,12,千葉県,1203,東葛北部,R7-1203-52,1203千葉県東葛北部,52,39,医療法人深町病院,柏市
R7,12,千葉県,1203,東葛北部,R7-1203-53,1203千葉県東葛北部,53,40,東葛医療福祉センター光陽園,柏市
R7,12,千葉県,1203,東葛北部,R7-1203-54,1203千葉県東葛北部,54,41,医療法人社団曙会 流山中央病院附属泉リハビリテーション病院,流山市
R7,12,千葉県,1203,東葛北部,R7-1203-55,1203千葉県東葛北部,55,42,医療法人社団清志会山本病院,松戸市
R7,12,千葉県,1203,東葛北部,R7-1203-56,1203千葉県東葛北部,56,43,医療法人社団青嶺会松戸整形外科病院,松戸市
R7,12,千葉県,1203,東葛北部,R7-1203-57,1203千葉県東葛北部,57,44,医療法人社団康喜会東葛辻仲病院,我孫子市
R7,12,千葉県,1203,東葛北部,R7-1203-58,1203千葉県東葛北部,58,45,医療法人社団ときわ会常盤平中央病院,松戸市
R7,12,千葉県,1203,東葛北部,R7-1203-59,1203千葉県東葛北部,59,46,医療法人社団鼎会三和病院,松戸市
R7,12,千葉県,1203,東葛北部,R7-1203-60,1203千葉県東葛北部,60,47,医療法人社団オーケーエム会オーククリニックフォーミズ病院,松戸市
R7,12,千葉県,1203,東葛北部,R7-1203-61,1203千葉県東葛北部,61,48,医療法人社団聖和会天王台消化器病院,我孫子市
R7,12,千葉県,1203,東葛北部,R7-1203-62,1203千葉県東葛北部,62,49,くぼのやウィメンズホスピタル,柏市
R7,12,千葉県,1203,東葛北部,R7-1203-63,1203千葉県東葛北部,63,50,医療法人社団喜晴会野田中央病院,野田市
R7,12,千葉県,1203,東葛北部,R7-1203-64,1203千葉県東葛北部,64,51,日本大学松戸歯学部付属病院,松戸市
R7,12,千葉県,1203,東葛北部,R7-1203-65,1203千葉県東葛北部,65,52,アビコ外科整形外科病院,我孫子市
R7,12,千葉県,1203,東葛北部,R7-1203-66,1203千葉県東葛北部,66,53,医療法人　巻石堂病院,柏市
R7,12,千葉県,1203,東葛北部,R7-1203-67,1203千葉県東葛北部,67,54,公益財団法人ニッセイ聖隷健康福祉財団松戸ニッセイ聖隷クリニック,松戸市
R7,12,千葉県,1203,東葛北部,R7-1203-68,1203千葉県東葛北部,68,55,医療法人社団洗心島村トータル・ケア・クリニック,松戸市
R7,12,千葉県,1203,東葛北部,R7-1203-69,1203千葉県東葛北部,69,56,医療法人社団実幸会いらはら診療所,松戸市
R7,12,千葉県,1203,東葛北部,R7-1203-70,1203千葉県東葛北部,70,57,医療法人緑生会あびこクリニック,我孫子市
R7,12,千葉県,1203,東葛北部,R7-1203-71,1203千葉県東葛北部,71,58,医療法人社団康知会富岡産婦人科医院,松戸市
R7,12,千葉県,1203,東葛北部,R7-1203-72,1203千葉県東葛北部,72,59,医療法人社団四季ウィメンズクリニック,柏市
R7,12,千葉県,1203,東葛北部,R7-1203-73,1203千葉県東葛北部,73,60,医療法人社団健正会南流山レディスクリニック,流山市
R7,12,千葉県,1203,東葛北部,R7-1203-74,1203千葉県東葛北部,74,61,医療法人社団天宣会梅郷整形外科クリニック,野田市
R7,12,千葉県,1203,東葛北部,R7-1203-75,1203千葉県東葛北部,75,62,あおぞら診療所　かしわ,柏市
R7,12,千葉県,1203,東葛北部,R7-1203-76,1203千葉県東葛北部,76,63,川間太田産婦人科医院,野田市
R7,12,千葉県,1203,東葛北部,R7-1203-77,1203千葉県東葛北部,77,64,医療法人社団おおたかの森ウィメンズケアクリニック,流山市
R7,12,千葉県,1203,東葛北部,R7-1203-78,1203千葉県東葛北部,78,65,小竹産婦人科医院,柏市
R7,12,千葉県,1203,東葛北部,R7-1203-79,1203千葉県東葛北部,79,66,アイレディースクリニック,野田市
R7,12,千葉県,1203,東葛北部,R7-1203-80,1203千葉県東葛北部,80,67,医療法人社団湯原産婦人科医院,松戸市
R7,12,千葉県,1203,東葛北部,R7-1203-81,1203千葉県東葛北部,81,68,柏きおいクリニック,柏市
R7,12,千葉県,1203,東葛北部,R7-1203-82,1203千葉県東葛北部,82,69,大川レディースクリニック,松戸市
R7,12,千葉県,1204,印旛,R7-1204-14,1204千葉県印旛,14,1,国際医療福祉大学成田病院,成田市
R7,12,千葉県,1204,印旛,R7-1204-15,1204千葉県印旛,15,2,成田赤十字病院,成田市
R7,12,千葉県,1204,印旛,R7-1204-16,1204千葉県印旛,16,3,日本医科大学千葉北総病院,印西市
R7,12,千葉県,1204,印旛,R7-1204-17,1204千葉県印旛,17,4,医療法人鳳生会成田病院,成田市
R7,12,千葉県,1204,印旛,R7-1204-18,1204千葉県印旛,18,5,医療法人徳洲会成田富里徳洲会病院,富里市
R7,12,千葉県,1204,印旛,R7-1204-19,1204千葉県印旛,19,6,東邦大学医療センター佐倉病院,佐倉市
R7,12,千葉県,1204,印旛,R7-1204-20,1204千葉県印旛,20,7,聖隷佐倉市民病院,佐倉市
R7,12,千葉県,1204,印旛,R7-1204-21,1204千葉県印旛,21,8,独立行政法人国立病院機構下志津病院,四街道市
R7,12,千葉県,1204,印旛,R7-1204-22,1204千葉県印旛,22,9,医療法人社団千葉光徳会千葉しすい病院,酒々井町
R7,12,千葉県,1204,印旛,R7-1204-23,1204千葉県印旛,23,10,医療法人徳洲会四街道徳洲会病院,四街道市
R7,12,千葉県,1204,印旛,R7-1204-24,1204千葉県印旛,24,11,医療法人社団聖仁会白井聖仁会病院,白井市
R7,12,千葉県,1204,印旛,R7-1204-25,1204千葉県印旛,25,12,医療法人みつや会新八街総合病院,八街市
R7,12,千葉県,1204,印旛,R7-1204-26,1204千葉県印旛,26,13,公益財団法人日産厚生会佐倉厚生園病院,佐倉市
R7,12,千葉県,1204,印旛,R7-1204-27,1204千葉県印旛,27,14,医療法人平成博愛会　印西総合病院,印西市
R7,12,千葉県,1204,印旛,R7-1204-28,1204千葉県印旛,28,15,医療法人社団東光会北総白井病院,白井市
R7,12,千葉県,1204,印旛,R7-1204-29,1204千葉県印旛,29,16,医療法人社団透光会大栄病院,成田市
R7,12,千葉県,1204,印旛,R7-1204-30,1204千葉県印旛,30,17,医療法人社団誠和会長谷川病院,八街市
R7,12,千葉県,1204,印旛,R7-1204-31,1204千葉県印旛,31,18,成田リハビリテーション病院,成田市
R7,12,千葉県,1204,印旛,R7-1204-32,1204千葉県印旛,32,19,医療法人社団白翔会千葉白井病院,白井市
R7,12,千葉県,1204,印旛,R7-1204-33,1204千葉県印旛,33,20,医療法人社団愛信会佐倉中央病院,佐倉市
R7,12,千葉県,1204,印旛,R7-1204-34,1204千葉県印旛,34,21,医療法人それいゆ会四街道さくら病院,四街道市
R7,12,千葉県,1204,印旛,R7-1204-35,1204千葉県印旛,35,22,医療法人社団威風会栗山中央病院,四街道市
R7,12,千葉県,1204,印旛,R7-1204-36,1204千葉県印旛,36,23,医療法人社団樹々会日吉台病院,富里市
R7,12,千葉県,1204,印旛,R7-1204-37,1204千葉県印旛,37,24,医療法人社団育誠會北総栄病院,栄町
R7,12,千葉県,1204,印旛,R7-1204-38,1204千葉県印旛,38,25,社会福祉法人ユーカリ優都会 南ヶ丘病院,佐倉市
R7,12,千葉県,1204,印旛,R7-1204-39,1204千葉県印旛,39,26,医療法人甲辰会海保病院,八街市
R7,12,千葉県,1204,印旛,R7-1204-40,1204千葉県印旛,40,27,医療法人社団樹徳会佐倉整形外科眼科病院,佐倉市
R7,12,千葉県,1204,印旛,R7-1204-41,1204千葉県印旛,41,28,リリーベルクリニック,成田市
R7,12,千葉県,1204,印旛,R7-1204-42,1204千葉県印旛,42,29,医療法人社団爽愛会小林循環器クリニック,佐倉市
R7,12,千葉県,1204,印旛,R7-1204-43,1204千葉県印旛,43,30,医療法人社団誠仁会みはま佐倉クリニック,佐倉市
R7,12,千葉県,1204,印旛,R7-1204-44,1204千葉県印旛,44,31,医療法人社団仁香会ウインド・ミル・クリニック,佐倉市
R7,12,千葉県,1204,印旛,R7-1204-45,1204千葉県印旛,45,32,医療法人社団そうクリニック,四街道市
R7,12,千葉県,1204,印旛,R7-1204-46,1204千葉県印旛,46,33,医療法人社団愛弘会みらいウィメンズクリニック,印西市
R7,12,千葉県,1204,印旛,R7-1204-47,1204千葉県印旛,47,34,医療法人社団桜明会北総整形外科,佐倉市
R7,12,千葉県,1204,印旛,R7-1204-48,1204千葉県印旛,48,35,医療法人社団誠仁会みはま成田クリニック,成田市
R7,12,千葉県,1204,印旛,R7-1204-49,1204千葉県印旛,49,36,岩沢クリニック,成田市
R7,12,千葉県,1204,印旛,R7-1204-50,1204千葉県印旛,50,37,ゆだて産婦人科,富里市
R7,12,千葉県,1204,印旛,R7-1204-51,1204千葉県印旛,51,38,医療法人社団三樹会ウイング土屋レディースクリニック,成田市
R7,12,千葉県,1204,印旛,R7-1204-52,1204千葉県印旛,52,39,たて産婦人科佐倉分院,佐倉市
R7,12,千葉県,1204,印旛,R7-1204-53,1204千葉県印旛,53,40,医療法人社団千葉爽緑会　ふたば在宅クリニック佐倉,佐倉市
R7,12,千葉県,1204,印旛,R7-1204-54,1204千葉県印旛,54,41,医療法人社団陽政会長岡産婦人科クリニック,
R7,12,千葉県,1204,印旛,R7-1204-55,1204千葉県印旛,55,42,医療法人社団陽政会ジュネス長岡,
R7,12,千葉県,1205,香取海匝,R7-1205-14,1205千葉県香取海匝,14,1,総合病院国保旭中央病院,旭市
R7,12,千葉県,1205,香取海匝,R7-1205-15,1205千葉県香取海匝,15,2,医療法人社団明芳会イムス佐原リハビリテーション病院,香取市
R7,12,千葉県,1205,香取海匝,R7-1205-16,1205千葉県香取海匝,16,3,千葉県立佐原病院,香取市
R7,12,千葉県,1205,香取海匝,R7-1205-17,1205千葉県香取海匝,17,4,医療法人財団みさき会たむら記念病院,銚子市
R7,12,千葉県,1205,香取海匝,R7-1205-18,1205千葉県香取海匝,18,5,医療法人社団寿光会栗源病院,香取市
R7,12,千葉県,1205,香取海匝,R7-1205-19,1205千葉県香取海匝,19,6,医療法人積仁会島田総合病院,銚子市
R7,12,千葉県,1205,香取海匝,R7-1205-20,1205千葉県香取海匝,20,7,九十九里ホーム病院,匝瑳市
R7,12,千葉県,1205,香取海匝,R7-1205-21,1205千葉県香取海匝,21,8,銚子市立病院,銚子市
R7,12,千葉県,1205,香取海匝,R7-1205-22,1205千葉県香取海匝,22,9,香取おみがわ医療センター,香取市
R7,12,千葉県,1205,香取海匝,R7-1205-23,1205千葉県香取海匝,23,10,国保匝瑳市民病院,匝瑳市
R7,12,千葉県,1205,香取海匝,R7-1205-24,1205千葉県香取海匝,24,11,国保多古中央病院,多古町
R7,12,千葉県,1205,香取海匝,R7-1205-25,1205千葉県香取海匝,25,12,医療法人社団圭寿会兒玉病院,銚子市
R7,12,千葉県,1205,香取海匝,R7-1205-26,1205千葉県香取海匝,26,13,医療法人厚仁会内田病院,銚子市
R7,12,千葉県,1205,香取海匝,R7-1205-27,1205千葉県香取海匝,27,14,ロザリオの聖母会重症心身障害児施設聖母療育園,旭市
R7,12,千葉県,1205,香取海匝,R7-1205-28,1205千葉県香取海匝,28,15,医療法人黒潮会田辺病院,旭市
R7,12,千葉県,1205,香取海匝,R7-1205-29,1205千葉県香取海匝,29,16,東庄町国民健康保険東庄病院,東庄町
R7,12,千葉県,1205,香取海匝,R7-1205-30,1205千葉県香取海匝,30,17,医療法人三省会本多病院,香取市
R7,12,千葉県,1205,香取海匝,R7-1205-31,1205千葉県香取海匝,31,18,医療法人社団華光会山野病院,香取市
R7,12,千葉県,1205,香取海匝,R7-1205-32,1205千葉県香取海匝,32,19,医療法人社団増田産婦人科,匝瑳市
R7,12,千葉県,1205,香取海匝,R7-1205-33,1205千葉県香取海匝,33,20,飯倉医院,旭市
R7,12,千葉県,1205,香取海匝,R7-1205-34,1205千葉県香取海匝,34,21,医療法人社団根本医院,香取市
R7,12,千葉県,1205,香取海匝,R7-1205-35,1205千葉県香取海匝,35,22,医療法人社団清英会鈴木眼科医院,香取市
R7,12,千葉県,1206,山武長生夷隅,R7-1206-14,1206千葉県山武長生夷隅,14,1,東千葉メディカルセンター,東金市
R7,12,千葉県,1206,山武長生夷隅,R7-1206-15,1206千葉県山武長生夷隅,15,2,医療法人ＳＨＩＯＤＡ塩田病院,勝浦市
R7,12,千葉県,1206,山武長生夷隅,R7-1206-16,1206千葉県山武長生夷隅,16,3,医療法人社団聖光会聖光会病院,長柄町
R7,12,千葉県,1206,山武長生夷隅,R7-1206-17,1206千葉県山武長生夷隅,17,4,さんむ医療センター,山武市
R7,12,千葉県,1206,山武長生夷隅,R7-1206-18,1206千葉県山武長生夷隅,18,5,医療法人社団慈優会九十九里病院,九十九里町
R7,12,千葉県,1206,山武長生夷隅,R7-1206-19,1206千葉県山武長生夷隅,19,6,医療法人社団寿光会岬病院,いすみ市
R7,12,千葉県,1206,山武長生夷隅,R7-1206-20,1206千葉県山武長生夷隅,20,7,公立長生病院,茂原市
R7,12,千葉県,1206,山武長生夷隅,R7-1206-21,1206千葉県山武長生夷隅,21,8,医療法人社団東光会茂原中央病院,茂原市
R7,12,千葉県,1206,山武長生夷隅,R7-1206-22,1206千葉県山武長生夷隅,22,9,医療法人社団徳風会髙根病院,芝山町
R7,12,千葉県,1206,山武長生夷隅,R7-1206-23,1206千葉県山武長生夷隅,23,10,いすみ医療センター,いすみ市
R7,12,千葉県,1206,山武長生夷隅,R7-1206-24,1206千葉県山武長生夷隅,24,11,医療法人社団鎮誠会季美の森リハビリテーション病院,大網白里市
R7,12,千葉県,1206,山武長生夷隅,R7-1206-25,1206千葉県山武長生夷隅,25,12,医療法人ＳＨＩＯＤＡ塩田記念病院,長柄町
R7,12,千葉県,1206,山武長生夷隅,R7-1206-26,1206千葉県山武長生夷隅,26,13,医療法人社団上総会山之内病院,茂原市
R7,12,千葉県,1206,山武長生夷隅,R7-1206-27,1206千葉県山武長生夷隅,27,14,大網白里市立国保大網病院,大網白里市
R7,12,千葉県,1206,山武長生夷隅,R7-1206-28,1206千葉県山武長生夷隅,28,15,東陽病院,横芝光町
R7,12,千葉県,1206,山武長生夷隅,R7-1206-29,1206千葉県山武長生夷隅,29,16,医療法人社団三愛会君塚病院,茂原市
R7,12,千葉県,1206,山武長生夷隅,R7-1206-30,1206千葉県山武長生夷隅,30,17,医療法人静和会浅井病院,東金市
R7,12,千葉県,1206,山武長生夷隅,R7-1206-31,1206千葉県山武長生夷隅,31,18,医療法人社団貴志会菅原病院,茂原市
R7,12,千葉県,1206,山武長生夷隅,R7-1206-32,1206千葉県山武長生夷隅,32,19,医療法人白百合会大多喜病院,大多喜町
R7,12,千葉県,1206,山武長生夷隅,R7-1206-33,1206千葉県山武長生夷隅,33,20,社会医療法人社団正朋会宍倉病院,茂原市
R7,12,千葉県,1206,山武長生夷隅,R7-1206-34,1206千葉県山武長生夷隅,34,21,医療法人社団優仁会鈴木神経科病院,茂原市
R7,12,千葉県,1206,山武長生夷隅,R7-1206-35,1206千葉県山武長生夷隅,35,22,医療法人川崎病院,大多喜町
R7,12,千葉県,1206,山武長生夷隅,R7-1206-36,1206千葉県山武長生夷隅,36,23,医療法人社団フルガキ・メディカルとうがね中央糖尿病腎クリニック,東金市
R7,12,千葉県,1206,山武長生夷隅,R7-1206-37,1206千葉県山武長生夷隅,37,24,医療法人社団南洲会　南洲会勝浦クリニック,勝浦市
R7,12,千葉県,1206,山武長生夷隅,R7-1206-38,1206千葉県山武長生夷隅,38,25,医療法人餘慶会小髙外科内科,大多喜町
R7,12,千葉県,1206,山武長生夷隅,R7-1206-39,1206千葉県山武長生夷隅,39,26,作永産婦人科,茂原市
R7,12,千葉県,1206,山武長生夷隅,R7-1206-40,1206千葉県山武長生夷隅,40,27,医療法人社団三樹会　もりかわ医院,いすみ市
R7,12,千葉県,1206,山武長生夷隅,R7-1206-41,1206千葉県山武長生夷隅,41,28,医療法人社団三恵会育生医院,茂原市
R7,12,千葉県,1206,山武長生夷隅,R7-1206-42,1206千葉県山武長生夷隅,42,29,みんなのライフサポートクリニック大網,大網白里市
R7,12,千葉県,1207,安房,R7-1207-14,1207千葉県安房,14,1,医療法人鉄蕉会亀田総合病院,鴨川市
R7,12,千葉県,1207,安房,R7-1207-15,1207千葉県安房,15,2,医療法人徳洲会館山病院,館山市
R7,12,千葉県,1207,安房,R7-1207-16,1207千葉県安房,16,3,社会福祉法人太陽会安房地域医療センター,館山市
R7,12,千葉県,1207,安房,R7-1207-17,1207千葉県安房,17,4,医療法人美篶会中原病院,南房総市
R7,12,千葉県,1207,安房,R7-1207-18,1207千葉県安房,18,5,医療法人社団寿会 小林病院,館山市
R7,12,千葉県,1207,安房,R7-1207-19,1207千葉県安房,19,6,鴨川市立国保病院,鴨川市
R7,12,千葉県,1207,安房,R7-1207-20,1207千葉県安房,20,7,鋸南町国民健康保険鋸南病院,鋸南町
R7,12,千葉県,1207,安房,R7-1207-21,1207千葉県安房,21,8,医療法人鉄蕉会亀田リハビリテーション病院,鴨川市
R7,12,千葉県,1207,安房,R7-1207-22,1207千葉県安房,22,9,医療法人明星会東条病院,鴨川市
R7,12,千葉県,1207,安房,R7-1207-23,1207千葉県安房,23,10,医療法人博正会北条病院,館山市
R7,12,千葉県,1207,安房,R7-1207-24,1207千葉県安房,24,11,南房総市立富山国保病院,南房総市
R7,12,千葉県,1207,安房,R7-1207-25,1207千葉県安房,25,12,医療法人社団宏和会エビハラ病院,鴨川市
R7,12,千葉県,1207,安房,R7-1207-26,1207千葉県安房,26,13,医療法人三紫会小田病院,鴨川市
R7,12,千葉県,1207,安房,R7-1207-27,1207千葉県安房,27,14,医療法人光洋会三芳病院,南房総市
R7,12,千葉県,1207,安房,R7-1207-28,1207千葉県安房,28,15,医療法人社団慶勝会赤門整形外科内科,館山市
R7,12,千葉県,1207,安房,R7-1207-29,1207千葉県安房,29,16,医療法人鉄蕉会亀田クリニック,鴨川市
R7,12,千葉県,1207,安房,R7-1207-30,1207千葉県安房,30,17,医療法人社団花の谷クリニック,南房総市
R7,12,千葉県,1207,安房,R7-1207-31,1207千葉県安房,31,18,医療法人社団マザー・キーファミール産院たてやま,館山市
R7,12,千葉県,1207,安房,R7-1207-32,1207千葉県安房,32,19,医療法人社団晴心会平野眼科,館山市
R7,12,千葉県,1207,安房,R7-1207-33,1207千葉県安房,33,20,医療法人社団清川医院,館山市
R7,12,千葉県,1207,安房,R7-1207-34,1207千葉県安房,34,21,医療法人社団佐伯医院,館山市
R7,12,千葉県,1208,君津,R7-1208-14,1208千葉県君津,14,1,国保直営総合病院君津中央病院,木更津市
R7,12,千葉県,1208,君津,R7-1208-15,1208千葉県君津,15,2,医療法人社団鵬会高名清養病院,木更津市
R7,12,千葉県,1208,君津,R7-1208-16,1208千葉県君津,16,3,社会医療法人社団さつき会袖ケ浦さつき台病院,袖ケ浦市
R7,12,千葉県,1208,君津,R7-1208-17,1208千葉県君津,17,4,医療法人新都市医療研究会「君津」会玄々堂君津病院,君津市
R7,12,千葉県,1208,君津,R7-1208-18,1208千葉県君津,18,5,医療法人社団重光会君津山の手病院,君津市
R7,12,千葉県,1208,君津,R7-1208-19,1208千葉県君津,19,6,医療法人互生会アクアリハビリテーション病院,木更津市
R7,12,千葉県,1208,君津,R7-1208-20,1208千葉県君津,20,7,医療法人萩仁会萩原病院,木更津市
R7,12,千葉県,1208,君津,R7-1208-21,1208千葉県君津,21,8,医療法人社団芙蓉会千葉芙蓉病院,君津市
R7,12,千葉県,1208,君津,R7-1208-22,1208千葉県君津,22,9,医療法人社団養真会上総記念病院,木更津市
R7,12,千葉県,1208,君津,R7-1208-23,1208千葉県君津,23,10,医療法人社団邦清会木更津東邦病院,木更津市
R7,12,千葉県,1208,君津,R7-1208-24,1208千葉県君津,24,11,医療法人社団志仁会薬丸病院,木更津市
R7,12,千葉県,1208,君津,R7-1208-25,1208千葉県君津,25,12,医療法人社団周晴会鈴木病院,君津市
R7,12,千葉県,1208,君津,R7-1208-26,1208千葉県君津,26,13,石井病院,木更津市
R7,12,千葉県,1208,君津,R7-1208-27,1208千葉県君津,27,14,医療法人社団栄陽会東病院,富津市
R7,12,千葉県,1208,君津,R7-1208-28,1208千葉県君津,28,15,医療法人社団明敬会重城病院,木更津市
R7,12,千葉県,1208,君津,R7-1208-29,1208千葉県君津,29,16,国保直営君津中央病院大佐和分院,富津市
R7,12,千葉県,1208,君津,R7-1208-30,1208千葉県君津,30,17,医療法人社団三友会三枝病院,富津市
R7,12,千葉県,1208,君津,R7-1208-31,1208千葉県君津,31,18,医療法人社団吉祥会加藤病院,木更津市
R7,12,千葉県,1208,君津,R7-1208-32,1208千葉県君津,32,19,駒医院,木更津市
R7,12,千葉県,1208,君津,R7-1208-33,1208千葉県君津,33,20,医療法人社団重城産婦人科小児科,木更津市
R7,12,千葉県,1208,君津,R7-1208-34,1208千葉県君津,34,21,医療法人社団望星会木更津クリニック,木更津市
R7,12,千葉県,1208,君津,R7-1208-35,1208千葉県君津,35,22,医療法人社団健洋会森田医院,木更津市
R7,12,千葉県,1208,君津,R7-1208-36,1208千葉県君津,36,23,医療法人社団福徳会福王台外科内科,袖ケ浦市
R7,12,千葉県,1208,君津,R7-1208-37,1208千葉県君津,37,24,医療法人社団寧篤会　内房整形外科クリニック,木更津市
R7,12,千葉県,1208,君津,R7-1208-38,1208千葉県君津,38,25,木更津心臓血管クリニック,木更津市
R7,12,千葉県,1208,君津,R7-1208-39,1208千葉県君津,39,26,医療法人社団マザー・キーファミール産院きみつ,君津市
R7,12,千葉県,1208,君津,R7-1208-40,1208千葉県君津,40,27,医療法人社団健誠会Ｋｅｎクリニック,袖ケ浦市
R7,12,千葉県,1208,君津,R7-1208-41,1208千葉県君津,41,28,医療法人社団志成会ロイヤルクリニック,木更津市
R7,12,千葉県,1208,君津,R7-1208-42,1208千葉県君津,42,29,医療法人社団曽川会そがわ医院,君津市
R7,12,千葉県,1209,市原,R7-1209-14,1209千葉県市原,14,1,帝京大学ちば総合医療センター,市原市
R7,12,千葉県,1209,市原,R7-1209-15,1209千葉県市原,15,2,独立行政法人労働者健康安全機構千葉労災病院,市原市
R7,12,千葉県,1209,市原,R7-1209-16,1209千葉県市原,16,3,千葉県循環器病センター,市原市
R7,12,千葉県,1209,市原,R7-1209-17,1209千葉県市原,17,4,医療法人芙蓉会五井病院,市原市
R7,12,千葉県,1209,市原,R7-1209-18,1209千葉県市原,18,5,医療法人鎗田病院,市原市
R7,12,千葉県,1209,市原,R7-1209-19,1209千葉県市原,19,6,医療法人社団白金会白金整形外科病院,市原市
R7,12,千葉県,1209,市原,R7-1209-20,1209千葉県市原,20,7,医療法人社団白金会リハビリテーション病院さらしな,市原市
R7,12,千葉県,1209,市原,R7-1209-21,1209千葉県市原,21,8,医療法人社団健老会姉崎病院,市原市
R7,12,千葉県,1209,市原,R7-1209-22,1209千葉県市原,22,9,医療法人社団琢心会辰巳病院,市原市
R7,12,千葉県,1209,市原,R7-1209-23,1209千葉県市原,23,10,医療法人社団緑祐会永野病院,市原市
R7,12,千葉県,1209,市原,R7-1209-24,1209千葉県市原,24,11,医療法人社団千寿雅会長谷川病院,市原市
R7,12,千葉県,1209,市原,R7-1209-25,1209千葉県市原,25,12,医療法人社団ゆうあい会やりたクリニック,市原市
R7,12,千葉県,1209,市原,R7-1209-26,1209千葉県市原,26,13,医療法人社団慈協会市原メディカルキュア,市原市
R7,12,千葉県,1209,市原,R7-1209-27,1209千葉県市原,27,14,宗田マタニティクリニック,市原市
R7,12,千葉県,1209,市原,R7-1209-28,1209千葉県市原,28,15,医療法人社団産幸会飯島クリニック,市原市
R7,12,千葉県,1209,市原,R7-1209-29,1209千葉県市原,29,16,有秋台医院,市原市
R7,12,千葉県,1209,市原,R7-1209-30,1209千葉県市原,30,17,医療法人社団三餘会五井レディースクリニック,市原市
R7,12,千葉県,1209,市原,R7-1209-31,1209千葉県市原,31,18,医療法人社団 高原会 原村医院,市原市
R7,13,東京都,1301,区中央部,R7-1301-14,1301東京都区中央部,14,1,東京大学医学部附属病院,文京区
R7,13,東京都,1301,区中央部,R7-1301-15,1301東京都区中央部,15,2,順天堂大学医学部附属順天堂医院,文京区
R7,13,東京都,1301,区中央部,R7-1301-16,1301東京都区中央部,16,3,東京慈惠会医科大学附属病院,港区
R7,13,東京都,1301,区中央部,R7-1301-17,1301東京都区中央部,17,4,日本医科大学付属病院,文京区
R7,13,東京都,1301,区中央部,R7-1301-18,1301東京都区中央部,18,5,国家公務員共済組合連合会 虎の門病院,港区
R7,13,東京都,1301,区中央部,R7-1301-19,1301東京都区中央部,19,6,地方独立行政法人東京都立病院機構　東京都立駒込病院,文京区
R7,13,東京都,1301,区中央部,R7-1301-20,1301東京都区中央部,20,7,東京科学大学病院,文京区
R7,13,東京都,1301,区中央部,R7-1301-21,1301東京都区中央部,21,8,国立研究開発法人国立がん研究センター中央病院,中央区
R7,13,東京都,1301,区中央部,R7-1301-22,1301東京都区中央部,22,9,社会福祉法人恩賜財団済生会支部東京都済生会 東京都済生会中央病院,港区
R7,13,東京都,1301,区中央部,R7-1301-23,1301東京都区中央部,23,10,聖路加国際病院,中央区
R7,13,東京都,1301,区中央部,R7-1301-24,1301東京都区中央部,24,11,社会福祉法人三井記念病院,千代田区
R7,13,東京都,1301,区中央部,R7-1301-25,1301東京都区中央部,25,12,東京逓信病院,千代田区
R7,13,東京都,1301,区中央部,R7-1301-26,1301東京都区中央部,26,13,公益財団法人ライフ・エクステンション研究所付属永寿総合病院,台東区
R7,13,東京都,1301,区中央部,R7-1301-27,1301東京都区中央部,27,14,日本大学病院,千代田区
R7,13,東京都,1301,区中央部,R7-1301-28,1301東京都区中央部,28,15,北里大学北里研究所病院,港区
R7,13,東京都,1301,区中央部,R7-1301-29,1301東京都区中央部,29,16,国際医療福祉大学三田病院,港区
R7,13,東京都,1301,区中央部,R7-1301-30,1301東京都区中央部,30,17,国家公務員共済組合連合会九段坂病院,千代田区
R7,13,東京都,1301,区中央部,R7-1301-31,1301東京都区中央部,31,18,独立行政法人地域医療機能推進機構 東京高輪病院,港区
R7,13,東京都,1301,区中央部,R7-1301-32,1301東京都区中央部,32,19,公益社団法人東京都教職員互助会 三楽病院,千代田区
R7,13,東京都,1301,区中央部,R7-1301-33,1301東京都区中央部,33,20,公益財団法人佐々木研究所附属杏雲堂病院,千代田区
R7,13,東京都,1301,区中央部,R7-1301-34,1301東京都区中央部,34,21,社会福祉法人恩賜財団母子愛育会総合母子保健センター愛育病院,港区
R7,13,東京都,1301,区中央部,R7-1301-35,1301東京都区中央部,35,22,医療法人社団哺育会浅草病院,台東区
R7,13,東京都,1301,区中央部,R7-1301-36,1301東京都区中央部,36,23,医療法人社団大坪会 東都文京病院,文京区
R7,13,東京都,1301,区中央部,R7-1301-37,1301東京都区中央部,37,24,東京健生病院,文京区
R7,13,東京都,1301,区中央部,R7-1301-38,1301東京都区中央部,38,25,東京大学医科学研究所附属病院,港区
R7,13,東京都,1301,区中央部,R7-1301-39,1301東京都区中央部,39,26,浅草寺病院,台東区
R7,13,東京都,1301,区中央部,R7-1301-40,1301東京都区中央部,40,27,東京都台東区立台東病院,台東区
R7,13,東京都,1301,区中央部,R7-1301-41,1301東京都区中央部,41,28,一般財団法人慈愛会　慈愛病院,文京区
R7,13,東京都,1301,区中央部,R7-1301-42,1301東京都区中央部,42,29,公益財団法人ライフ・エクステンション研究所付属永寿総合病院 柳橋分院,台東区
R7,13,東京都,1301,区中央部,R7-1301-43,1301東京都区中央部,43,30,医療法人財団順和会 山王病院,港区
R7,13,東京都,1301,区中央部,R7-1301-44,1301東京都区中央部,44,31,公益財団法人 心臓血管研究所付属病院,港区
R7,13,東京都,1301,区中央部,R7-1301-45,1301東京都区中央部,45,32,桜十字白金リハビリテーション病院,港区
R7,13,東京都,1301,区中央部,R7-1301-46,1301東京都区中央部,46,33,医療法人社団友仁会 赤坂見附 前田病院,港区
R7,13,東京都,1301,区中央部,R7-1301-47,1301東京都区中央部,47,34,医療法人財団同仁記念会 明和病院,千代田区
R7,13,東京都,1301,区中央部,R7-1301-48,1301東京都区中央部,48,35,医療法人財団厚生会 古川橋病院,港区
R7,13,東京都,1301,区中央部,R7-1301-49,1301東京都区中央部,49,36,医療法人社団健育会 石川島記念病院,中央区
R7,13,東京都,1301,区中央部,R7-1301-50,1301東京都区中央部,50,37,医療法人社団同善会 同善病院,台東区
R7,13,東京都,1301,区中央部,R7-1301-51,1301東京都区中央部,51,38,医療法人社団茂恵会 半蔵門病院,千代田区
R7,13,東京都,1301,区中央部,R7-1301-52,1301東京都区中央部,52,39,日本歯科大学附属病院,千代田区
R7,13,東京都,1301,区中央部,R7-1301-53,1301東京都区中央部,53,40,聖カタリナ病院,中央区
R7,13,東京都,1301,区中央部,R7-1301-54,1301東京都区中央部,54,41,医療法人社団済安堂井上眼科病院,千代田区
R7,13,東京都,1301,区中央部,R7-1301-55,1301東京都区中央部,55,42,医療法人財団神尾記念病院,千代田区
R7,13,東京都,1301,区中央部,R7-1301-56,1301東京都区中央部,56,43,日本大学歯学部付属歯科病院,千代田区
R7,13,東京都,1301,区中央部,R7-1301-57,1301東京都区中央部,57,44,医療法人財団小畑会浜田病院,千代田区
R7,13,東京都,1301,区中央部,R7-1301-58,1301東京都区中央部,58,45,東京歯科大学水道橋病院,千代田区
R7,13,東京都,1301,区中央部,R7-1301-59,1301東京都区中央部,59,46,医療法人社団あんしん会 四谷メディカルキューブ,千代田区
R7,13,東京都,1301,区中央部,R7-1301-60,1301東京都区中央部,60,47,木挽町医院,中央区
R7,13,東京都,1301,区中央部,R7-1301-61,1301東京都区中央部,61,48,医療法人財団順和会 山王バースセンター,港区
R7,13,東京都,1301,区中央部,R7-1301-62,1301東京都区中央部,62,49,医療法人財団玉川会 エムオーエー新高輪クリニック,港区
R7,13,東京都,1301,区中央部,R7-1301-63,1301東京都区中央部,63,50,医療法人社団正徳会 滝口外科胃腸科整形外科,台東区
R7,13,東京都,1301,区中央部,R7-1301-64,1301東京都区中央部,64,51,医療法人社団高恵会築地神経科クリニック,中央区
R7,13,東京都,1301,区中央部,R7-1301-65,1301東京都区中央部,65,52,医療法人財団順和会 山王メディカルセンター,港区
R7,13,東京都,1301,区中央部,R7-1301-66,1301東京都区中央部,66,53,医療法人社団成守会 成守会クリニック,台東区
R7,13,東京都,1301,区中央部,R7-1301-67,1301東京都区中央部,67,54,平田肛門科医院,港区
R7,13,東京都,1301,区中央部,R7-1301-68,1301東京都区中央部,68,55,公益財団法人朝日生命成人病研究所附属医院,中央区
R7,13,東京都,1301,区中央部,R7-1301-69,1301東京都区中央部,69,56,医療法人社団博腎会 野中医院,台東区
R7,13,東京都,1301,区中央部,R7-1301-70,1301東京都区中央部,70,57,医療法人社団ルーチェ会 佐々木医院,台東区
R7,13,東京都,1301,区中央部,R7-1301-71,1301東京都区中央部,71,58,上野睡眠クリニック,台東区
R7,13,東京都,1301,区中央部,R7-1301-72,1301東京都区中央部,72,59,医療法人社団大森会 クリニカ市ケ谷,千代田区
R7,13,東京都,1301,区中央部,R7-1301-73,1301東京都区中央部,73,60,医療法人社団グッドスリープ グッドスリープ・クリニック,港区
R7,13,東京都,1301,区中央部,R7-1301-74,1301東京都区中央部,74,61,医療法人社団医新会 神田医新クリニック,千代田区
R7,13,東京都,1301,区中央部,R7-1301-75,1301東京都区中央部,75,62,公益財団法人神経研究所附属睡眠呼吸障害クリニック,千代田区
R7,13,東京都,1301,区中央部,R7-1301-76,1301東京都区中央部,76,63,赤坂見附宮崎産婦人科,港区
R7,13,東京都,1301,区中央部,R7-1301-77,1301東京都区中央部,77,64,根津・谷中レディースクリニック,台東区
R7,13,東京都,1301,区中央部,R7-1301-78,1301東京都区中央部,78,65,医療法人社団青和会　井上整形外科,台東区
R7,13,東京都,1301,区中央部,R7-1301-79,1301東京都区中央部,79,66,たて山レディスクリニック,港区
R7,13,東京都,1301,区中央部,R7-1301-80,1301東京都区中央部,80,67,フィデスレディースクリニック田町,港区
R7,13,東京都,1301,区中央部,R7-1301-81,1301東京都区中央部,81,68,医療法人社団コンシューマメディカル四ツ谷レディスクリニック,
R7,13,東京都,1301,区中央部,R7-1301-82,1301東京都区中央部,82,69,医療法人社団ウィミンズ・ウェルネス　対馬ルリ子女性ライフクリニック銀座,
R7,13,東京都,1302,区南部,R7-1302-14,1302東京都区南部,14,1,東邦大学医療センター大森病院,大田区
R7,13,東京都,1302,区南部,R7-1302-15,1302東京都区南部,15,2,昭和医科大学病院,品川区
R7,13,東京都,1302,区南部,R7-1302-16,1302東京都区南部,16,3,ＮＴＴ東日本関東病院,品川区
R7,13,東京都,1302,区南部,R7-1302-17,1302東京都区南部,17,4,社会医療法人社団東京巨樹の会　東京品川病院,品川区
R7,13,東京都,1302,区南部,R7-1302-18,1302東京都区南部,18,5,地方独立行政法人東京都立病院機構　東京都立荏原病院,大田区
R7,13,東京都,1302,区南部,R7-1302-19,1302東京都区南部,19,6,独立行政法人労働者健康安全機構東京労災病院,大田区
R7,13,東京都,1302,区南部,R7-1302-20,1302東京都区南部,20,7,医療法人社団松和会 池上総合病院,大田区
R7,13,東京都,1302,区南部,R7-1302-21,1302東京都区南部,21,8,日本赤十字社東京都支部大森赤十字病院,大田区
R7,13,東京都,1302,区南部,R7-1302-22,1302東京都区南部,22,9,社会医療法人財団仁医会　牧田総合病院,大田区
R7,13,東京都,1302,区南部,R7-1302-23,1302東京都区南部,23,10,五反田リハビリテーション病院,品川区
R7,13,東京都,1302,区南部,R7-1302-24,1302東京都区南部,24,11,独立行政法人地域医療機能推進機構 東京蒲田医療センター,大田区
R7,13,東京都,1302,区南部,R7-1302-25,1302東京都区南部,25,12,昭和医科大学病院附属東病院,品川区
R7,13,東京都,1302,区南部,R7-1302-26,1302東京都区南部,26,13,大田病院,大田区
R7,13,東京都,1302,区南部,R7-1302-27,1302東京都区南部,27,14,東京蒲田病院,大田区
R7,13,東京都,1302,区南部,R7-1302-28,1302東京都区南部,28,15,社会医療法人財団仁医会牧田リハビリテーション病院,大田区
R7,13,東京都,1302,区南部,R7-1302-29,1302東京都区南部,29,16,蒲田リハビリテーション病院,大田区
R7,13,東京都,1302,区南部,R7-1302-30,1302東京都区南部,30,17,医療法人横浜未来ヘルスケアシステム 大田池上病院,大田区
R7,13,東京都,1302,区南部,R7-1302-31,1302東京都区南部,31,18,東急株式会社 東急病院,大田区
R7,13,東京都,1302,区南部,R7-1302-32,1302東京都区南部,32,19,公益財団法人河野臨牀医学研究所附属品川リハビリテーション病院,品川区
R7,13,東京都,1302,区南部,R7-1302-33,1302東京都区南部,33,20,公益財団法人河野臨牀医学研究所附属第三北品川病院,品川区
R7,13,東京都,1302,区南部,R7-1302-34,1302東京都区南部,34,21,医療法人社団七仁会　田園調布中央病院,大田区
R7,13,東京都,1302,区南部,R7-1302-35,1302東京都区南部,35,22,東京ちどり病院,大田区
R7,13,東京都,1302,区南部,R7-1302-36,1302東京都区南部,36,23,大崎病院 東京ハートセンター,品川区
R7,13,東京都,1302,区南部,R7-1302-37,1302東京都区南部,37,24,医療法人社団有仁会糀谷病院,大田区
R7,13,東京都,1302,区南部,R7-1302-38,1302東京都区南部,38,25,医療法人社団有仁会 阿部病院,品川区
R7,13,東京都,1302,区南部,R7-1302-39,1302東京都区南部,39,26,医療法人社団京浜会 京浜病院,大田区
R7,13,東京都,1302,区南部,R7-1302-40,1302東京都区南部,40,27,医療法人社団 寿徳会 高野病院,大田区
R7,13,東京都,1302,区南部,R7-1302-41,1302東京都区南部,41,28,品川志匠会病院,品川区
R7,13,東京都,1302,区南部,R7-1302-42,1302東京都区南部,42,29,医療法人財団中島記念会 大森山王病院,大田区
R7,13,東京都,1302,区南部,R7-1302-43,1302東京都区南部,43,30,医療法人社団旗の台病院　旗の台病院,品川区
R7,13,東京都,1302,区南部,R7-1302-44,1302東京都区南部,44,31,医療法人財団岩井医療財団 稲波脊椎・関節病院,品川区
R7,13,東京都,1302,区南部,R7-1302-45,1302東京都区南部,45,32,医療法人財団佐花会大井中央病院,品川区
R7,13,東京都,1302,区南部,R7-1302-46,1302東京都区南部,46,33,医療法人社団静恒会 本多病院,大田区
R7,13,東京都,1302,区南部,R7-1302-47,1302東京都区南部,47,34,医療法人社団仁生堂大村病院,品川区
R7,13,東京都,1302,区南部,R7-1302-48,1302東京都区南部,48,35,昭和医科大学歯科病院,大田区
R7,13,東京都,1302,区南部,R7-1302-49,1302東京都区南部,49,36,いすゞ病院,品川区
R7,13,東京都,1302,区南部,R7-1302-50,1302東京都区南部,50,37,医療法人社団善春会 若葉眼科病院,大田区
R7,13,東京都,1302,区南部,R7-1302-51,1302東京都区南部,51,38,医療法人社団あおい會森山リハビリテーションクリニック,品川区
R7,13,東京都,1302,区南部,R7-1302-52,1302東京都区南部,52,39,医療法人社団三清会 羽田おおぞらクリニック,大田区
R7,13,東京都,1302,区南部,R7-1302-53,1302東京都区南部,53,40,医療法人社団永康会 糀谷じんクリニック,大田区
R7,13,東京都,1302,区南部,R7-1302-54,1302東京都区南部,54,41,東京脊椎・関節クリニック羽田,大田区
R7,13,東京都,1302,区南部,R7-1302-55,1302東京都区南部,55,42,医療法人社団満穂会 前村医院,大田区
R7,13,東京都,1302,区南部,R7-1302-56,1302東京都区南部,56,43,大鳥居医院,大田区
R7,13,東京都,1302,区南部,R7-1302-57,1302東京都区南部,57,44,一般社団法人大志会　東京ハートリズムクリニック羽田,大田区
R7,13,東京都,1302,区南部,R7-1302-58,1302東京都区南部,58,45,医療法人社団英信会 宮下外科,大田区
R7,13,東京都,1302,区南部,R7-1302-59,1302東京都区南部,59,46,産婦人科瀬尾医院,大田区
R7,13,東京都,1302,区南部,R7-1302-60,1302東京都区南部,60,47,さぽーとぴあ診療所,大田区
R7,13,東京都,1302,区南部,R7-1302-61,1302東京都区南部,61,48,産婦人科野口医院,大田区
R7,13,東京都,1302,区南部,R7-1302-62,1302東京都区南部,62,49,RESM新東京スリープメディカルケアクリニック,大田区
R7,13,東京都,1302,区南部,R7-1302-63,1302東京都区南部,63,50,大矢医院,大田区
R7,13,東京都,1302,区南部,R7-1302-64,1302東京都区南部,64,51,髙根クリニック,品川区
R7,13,東京都,1302,区南部,R7-1302-65,1302東京都区南部,65,52,塩口産婦人科医院,大田区
R7,13,東京都,1302,区南部,R7-1302-66,1302東京都区南部,66,53,スリープ・サポート クリニック,品川区
R7,13,東京都,1302,区南部,R7-1302-67,1302東京都区南部,67,54,医療法人社団 恵芳会　松脇クリニック品川,品川区
R7,13,東京都,1302,区南部,R7-1302-68,1302東京都区南部,68,55,医療法人社団伍光会 田園調布醫院,大田区
R7,13,東京都,1302,区南部,R7-1302-69,1302東京都区南部,69,56,医療法人社団都英会　くがはらウィメンズクリニック,大田区
R7,13,東京都,1302,区南部,R7-1302-70,1302東京都区南部,70,57,大岡山ウィメンズクリニック,大田区
R7,13,東京都,1302,区南部,R7-1302-71,1302東京都区南部,71,58,医療法人社団敬創会　東京バースクリニック,
R7,13,東京都,1303,区西南部,R7-1303-14,1303東京都区西南部,14,1,日本赤十字社医療センター,渋谷区
R7,13,東京都,1303,区西南部,R7-1303-15,1303東京都区西南部,15,2,独立行政法人国立病院機構東京医療センター,目黒区
R7,13,東京都,1303,区西南部,R7-1303-16,1303東京都区西南部,16,3,国立研究開発法人 国立成育医療研究センター,世田谷区
R7,13,東京都,1303,区西南部,R7-1303-17,1303東京都区西南部,17,4,自衛隊中央病院,世田谷区
R7,13,東京都,1303,区西南部,R7-1303-18,1303東京都区西南部,18,5,ＪＲ東京総合病院,渋谷区
R7,13,東京都,1303,区西南部,R7-1303-19,1303東京都区西南部,19,6,地方独立行政法人東京都立病院機構　東京都立広尾病院,渋谷区
R7,13,東京都,1303,区西南部,R7-1303-20,1303東京都区西南部,20,7,公立学校共済組合関東中央病院,世田谷区
R7,13,東京都,1303,区西南部,R7-1303-21,1303東京都区西南部,21,8,公益財団法人日産厚生会玉川病院,世田谷区
R7,13,東京都,1303,区西南部,R7-1303-22,1303東京都区西南部,22,9,国家公務員共済組合連合会 東京共済病院,目黒区
R7,13,東京都,1303,区西南部,R7-1303-23,1303東京都区西南部,23,10,原宿リハビリテーション病院,渋谷区
R7,13,東京都,1303,区西南部,R7-1303-24,1303東京都区西南部,24,11,東邦大学医療センター大橋病院,目黒区
R7,13,東京都,1303,区西南部,R7-1303-25,1303東京都区西南部,25,12,総合病院厚生中央病院,目黒区
R7,13,東京都,1303,区西南部,R7-1303-26,1303東京都区西南部,26,13,一般社団法人至誠会第二病院,世田谷区
R7,13,東京都,1303,区西南部,R7-1303-27,1303東京都区西南部,27,14,医療法人社団大坪会三軒茶屋病院,世田谷区
R7,13,東京都,1303,区西南部,R7-1303-28,1303東京都区西南部,28,15,国家公務員共済組合連合会三宿病院,目黒区
R7,13,東京都,1303,区西南部,R7-1303-29,1303東京都区西南部,29,16,社会福祉法人東京有隣会 有隣病院,世田谷区
R7,13,東京都,1303,区西南部,R7-1303-30,1303東京都区西南部,30,17,社会福祉法人康和会久我山病院,世田谷区
R7,13,東京都,1303,区西南部,R7-1303-31,1303東京都区西南部,31,18,世田谷記念病院,世田谷区
R7,13,東京都,1303,区西南部,R7-1303-32,1303東京都区西南部,32,19,医療法人社団輝生会 初台リハビリテーション病院,渋谷区
R7,13,東京都,1303,区西南部,R7-1303-33,1303東京都区西南部,33,20,医療法人社団大坪会 三軒茶屋第一病院,世田谷区
R7,13,東京都,1303,区西南部,R7-1303-34,1303東京都区西南部,34,21,医療法人社団武蔵野会 世田谷神経内科病院,世田谷区
R7,13,東京都,1303,区西南部,R7-1303-35,1303東京都区西南部,35,22,医療法人社団弘生会 東都三軒茶屋リハビリテーション病院,世田谷区
R7,13,東京都,1303,区西南部,R7-1303-36,1303東京都区西南部,36,23,医療法人財団東京勤労者医療会 代々木病院,渋谷区
R7,13,東京都,1303,区西南部,R7-1303-37,1303東京都区西南部,37,24,医療法人社団回心会 回心堂病院,渋谷区
R7,13,東京都,1303,区西南部,R7-1303-38,1303東京都区西南部,38,25,世田谷中央病院,世田谷区
R7,13,東京都,1303,区西南部,R7-1303-39,1303東京都区西南部,39,26,社会福祉法人児玉新生会児玉経堂病院,世田谷区
R7,13,東京都,1303,区西南部,R7-1303-40,1303東京都区西南部,40,27,医療法人社団明生会セントラル病院松濤,渋谷区
R7,13,東京都,1303,区西南部,R7-1303-41,1303東京都区西南部,41,28,医療法人内藤病院,渋谷区
R7,13,東京都,1303,区西南部,R7-1303-42,1303東京都区西南部,42,29,医療法人社団下田緑眞会 世田谷北部病院,世田谷区
R7,13,東京都,1303,区西南部,R7-1303-43,1303東京都区西南部,43,30,世田谷リハビリテーション病院,世田谷区
R7,13,東京都,1303,区西南部,R7-1303-44,1303東京都区西南部,44,31,医療法人社団 明生会 セントラル病院,渋谷区
R7,13,東京都,1303,区西南部,R7-1303-45,1303東京都区西南部,45,32,地方独立行政法人東京都立病院機構　東京都立松沢病院,世田谷区
R7,13,東京都,1303,区西南部,R7-1303-46,1303東京都区西南部,46,33,一般財団法人 平和協会 駒沢病院,世田谷区
R7,13,東京都,1303,区西南部,R7-1303-47,1303東京都区西南部,47,34,青葉病院,世田谷区
R7,13,東京都,1303,区西南部,R7-1303-48,1303東京都区西南部,48,35,医療法人社団東京せいわ会 おくさわ脳卒中リハビリテーション病院,世田谷区
R7,13,東京都,1303,区西南部,R7-1303-49,1303東京都区西南部,49,36,医療法人社団爽玄会 碑文谷病院,目黒区
R7,13,東京都,1303,区西南部,R7-1303-50,1303東京都区西南部,50,37,医療法人社団目黒厚生会　本田病院,目黒区
R7,13,東京都,1303,区西南部,R7-1303-51,1303東京都区西南部,51,38,医療法人横浜未来ヘルスケアシステム 奥沢病院,世田谷区
R7,13,東京都,1303,区西南部,R7-1303-52,1303東京都区西南部,52,39,医療法人社団菫会 目黒病院,目黒区
R7,13,東京都,1303,区西南部,R7-1303-53,1303東京都区西南部,53,40,伊藤病院,渋谷区
R7,13,東京都,1303,区西南部,R7-1303-54,1303東京都区西南部,54,41,医療法人社団井上外科記念会世田谷井上病院,世田谷区
R7,13,東京都,1303,区西南部,R7-1303-55,1303東京都区西南部,55,42,医療法人社団青泉会 下北沢病院,世田谷区
R7,13,東京都,1303,区西南部,R7-1303-56,1303東京都区西南部,56,43,医療法人財団日扇会 第一病院,目黒区
R7,13,東京都,1303,区西南部,R7-1303-57,1303東京都区西南部,57,44,昭和医科大学烏山病院,世田谷区
R7,13,東京都,1303,区西南部,R7-1303-58,1303東京都区西南部,58,45,なかねの森病院,目黒区
R7,13,東京都,1303,区西南部,R7-1303-59,1303東京都区西南部,59,46,クロス病院,渋谷区
R7,13,東京都,1303,区西南部,R7-1303-60,1303東京都区西南部,60,47,医療法人社団オリンピア会 オリンピア眼科病院,渋谷区
R7,13,東京都,1303,区西南部,R7-1303-61,1303東京都区西南部,61,48,古畑病院,世田谷区
R7,13,東京都,1303,区西南部,R7-1303-62,1303東京都区西南部,62,49,医療法人社団九折会成城木下病院,世田谷区
R7,13,東京都,1303,区西南部,R7-1303-63,1303東京都区西南部,63,50,医療法人社団輝生会 成城リハビリテーション病院,世田谷区
R7,13,東京都,1303,区西南部,R7-1303-64,1303東京都区西南部,64,51,医療法人社団春陽会 参宮橋脊椎外科病院,渋谷区
R7,13,東京都,1303,区西南部,R7-1303-65,1303東京都区西南部,65,52,医療法人社団晴晃会 育良クリニック,目黒区
R7,13,東京都,1303,区西南部,R7-1303-66,1303東京都区西南部,66,53,医療法人社団杉四会 杉山産婦人科,世田谷区
R7,13,東京都,1303,区西南部,R7-1303-67,1303東京都区西南部,67,54,医療法人社団はなまる会 千歳台はなクリニック,世田谷区
R7,13,東京都,1303,区西南部,R7-1303-68,1303東京都区西南部,68,55,ＡＲ‐Ｅｘ尾山台整形外科,世田谷区
R7,13,東京都,1303,区西南部,R7-1303-69,1303東京都区西南部,69,56,世田谷人工関節・脊椎クリニック,世田谷区
R7,13,東京都,1303,区西南部,R7-1303-70,1303東京都区西南部,70,57,医療法人社団英継会　東京血液疾患診療所,世田谷区
R7,13,東京都,1303,区西南部,R7-1303-71,1303東京都区西南部,71,58,東京スポーツ＆整形外科クリニック北参道,渋谷区
R7,13,東京都,1303,区西南部,R7-1303-72,1303東京都区西南部,72,59,一般社団法人大志会　東京ハートリズムクリニック,世田谷区
R7,13,東京都,1303,区西南部,R7-1303-73,1303東京都区西南部,73,60,医療法人社団健身会 さくら中央クリニック,世田谷区
R7,13,東京都,1303,区西南部,R7-1303-74,1303東京都区西南部,74,61,医療法人社団青木産婦人科医院,世田谷区
R7,13,東京都,1303,区西南部,R7-1303-75,1303東京都区西南部,75,62,等々力産婦人科,世田谷区
R7,13,東京都,1303,区西南部,R7-1303-76,1303東京都区西南部,76,63,睡眠総合ケアクリニック代々木,渋谷区
R7,13,東京都,1303,区西南部,R7-1303-77,1303東京都区西南部,77,64,医療法人社団田中産科婦人科,世田谷区
R7,13,東京都,1303,区西南部,R7-1303-78,1303東京都区西南部,78,65,東京マザーズクリニック,世田谷区
R7,13,東京都,1303,区西南部,R7-1303-79,1303東京都区西南部,79,66,山本英博クリニック,渋谷区
R7,13,東京都,1303,区西南部,R7-1303-80,1303東京都区西南部,80,67,医療法人社団ローズレディースクリニック,世田谷区
R7,13,東京都,1303,区西南部,R7-1303-81,1303東京都区西南部,81,68,医療法人社団育謙会小林耳鼻咽喉科内科クリニック,目黒区
R7,13,東京都,1303,区西南部,R7-1303-82,1303東京都区西南部,82,69,医療法人社団親樹会恵泉第二クリニック,世田谷区
R7,13,東京都,1303,区西南部,R7-1303-83,1303東京都区西南部,83,70,医療法人社団周駒会 井上外科内科医院,世田谷区
R7,13,東京都,1303,区西南部,R7-1303-84,1303東京都区西南部,84,71,医療法人社団プラタナス 松原アーバンクリニック,世田谷区
R7,13,東京都,1303,区西南部,R7-1303-85,1303東京都区西南部,85,72,リッツ美容形成外科,渋谷区
R7,13,東京都,1303,区西南部,R7-1303-86,1303東京都区西南部,86,73,医療法人社団喜美会 自由が丘クリニック,目黒区
R7,13,東京都,1303,区西南部,R7-1303-87,1303東京都区西南部,87,74,下北沢セントラルクリニック,世田谷区
R7,13,東京都,1303,区西南部,R7-1303-88,1303東京都区西南部,88,75,医療法人社団光晶会 武田医院,目黒区
R7,13,東京都,1303,区西南部,R7-1303-89,1303東京都区西南部,89,76,医療法人社団ウィング にしなレディースクリニック,世田谷区
R7,13,東京都,1303,区西南部,R7-1303-90,1303東京都区西南部,90,77,池ノ上産婦人科医院,世田谷区
R7,13,東京都,1303,区西南部,R7-1303-91,1303東京都区西南部,91,78,医療法人社団至楽正会 中目黒消化器クリニック,
R7,13,東京都,1303,区西南部,R7-1303-92,1303東京都区西南部,92,79,成城マタニティクリニック,
R7,13,東京都,1303,区西南部,R7-1303-93,1303東京都区西南部,93,80,医療法人社団晃秀会 小杉医院,
R7,13,東京都,1303,区西南部,R7-1303-94,1303東京都区西南部,94,81,世田谷玉川整形外科内科クリニック,
R7,13,東京都,1303,区西南部,R7-1303-95,1303東京都区西南部,95,82,代官山バースクリニック,
R7,13,東京都,1304,区西部,R7-1304-14,1304東京都区西部,14,1,東京女子医科大学病院,新宿区
R7,13,東京都,1304,区西部,R7-1304-15,1304東京都区西部,15,2,慶應義塾大学病院,新宿区
R7,13,東京都,1304,区西部,R7-1304-16,1304東京都区西部,16,3,東京医科大学病院,新宿区
R7,13,東京都,1304,区西部,R7-1304-17,1304東京都区西部,17,4,国立健康危機管理研究機構 国立国際医療センター,新宿区
R7,13,東京都,1304,区西部,R7-1304-18,1304東京都区西部,18,5,独立行政法人地域医療機能推進機構 東京新宿メディカルセンター,新宿区
R7,13,東京都,1304,区西部,R7-1304-19,1304東京都区西部,19,6,医療法人財団健貢会 総合東京病院,中野区
R7,13,東京都,1304,区西部,R7-1304-20,1304東京都区西部,20,7,一般財団法人自警会 東京警察病院,中野区
R7,13,東京都,1304,区西部,R7-1304-21,1304東京都区西部,21,8,独立行政法人地域医療機能推進機構 東京山手メディカルセンター,新宿区
R7,13,東京都,1304,区西部,R7-1304-22,1304東京都区西部,22,9,社会医療法人河北医療財団　河北総合病院,杉並区
R7,13,東京都,1304,区西部,R7-1304-23,1304東京都区西部,23,10,杏林大学医学部付属杉並病院,杉並区
R7,13,東京都,1304,区西部,R7-1304-24,1304東京都区西部,24,11,地方独立行政法人東京都立病院機構　東京都立大久保病院,新宿区
R7,13,東京都,1304,区西部,R7-1304-25,1304東京都区西部,25,12,新渡戸記念中野総合病院,中野区
R7,13,東京都,1304,区西部,R7-1304-26,1304東京都区西部,26,13,医療法人財団　荻窪病院,杉並区
R7,13,東京都,1304,区西部,R7-1304-27,1304東京都区西部,27,14,社会福祉法人浴風会 浴風会病院,杉並区
R7,13,東京都,1304,区西部,R7-1304-28,1304東京都区西部,28,15,医療法人社団城東桐和会　タムス杉並病院,杉並区
R7,13,東京都,1304,区西部,R7-1304-29,1304東京都区西部,29,16,医療法人社団回心会ロイヤル病院,杉並区
R7,13,東京都,1304,区西部,R7-1304-30,1304東京都区西部,30,17,医療法人財団アドベンチスト会 東京衛生アドベンチスト病院,杉並区
R7,13,東京都,1304,区西部,R7-1304-31,1304東京都区西部,31,18,社会福祉法人浄風園 中野江古田病院,中野区
R7,13,東京都,1304,区西部,R7-1304-32,1304東京都区西部,32,19,社会福祉法人 聖母会 聖母病院,新宿区
R7,13,東京都,1304,区西部,R7-1304-33,1304東京都区西部,33,20,社会医療法人河北医療財団河北リハビリテーション病院,杉並区
R7,13,東京都,1304,区西部,R7-1304-34,1304東京都区西部,34,21,医療法人財団圭友会小原病院,中野区
R7,13,東京都,1304,区西部,R7-1304-35,1304東京都区西部,35,22,医療法人社団 三成会 河北前田病院,杉並区
R7,13,東京都,1304,区西部,R7-1304-36,1304東京都区西部,36,23,医療法人社団静山会 清川病院,杉並区
R7,13,東京都,1304,区西部,R7-1304-37,1304東京都区西部,37,24,社会医療法人社団健友会 中野共立病院,中野区
R7,13,東京都,1304,区西部,R7-1304-38,1304東京都区西部,38,25,医療法人社団 哺育会 杉並リハビリテーション病院,杉並区
R7,13,東京都,1304,区西部,R7-1304-39,1304東京都区西部,39,26,医療法人社団悦伝会 目白病院,新宿区
R7,13,東京都,1304,区西部,R7-1304-40,1304東京都区西部,40,27,医療法人社団広恵会 春山記念病院,新宿区
R7,13,東京都,1304,区西部,R7-1304-41,1304東京都区西部,41,28,一般社団法人衛生文化協会 城西病院,杉並区
R7,13,東京都,1304,区西部,R7-1304-42,1304東京都区西部,42,29,医療法人社団親和会杉並病院,杉並区
R7,13,東京都,1304,区西部,R7-1304-43,1304東京都区西部,43,30,武蔵野療園病院,中野区
R7,13,東京都,1304,区西部,R7-1304-44,1304東京都区西部,44,31,一般社団法人ＩＣＲ附属 クリニカルリサーチ東京病院,新宿区
R7,13,東京都,1304,区西部,R7-1304-45,1304東京都区西部,45,32,浜田山病院,杉並区
R7,13,東京都,1304,区西部,R7-1304-46,1304東京都区西部,46,33,医療法人社団山斗会 山中病院,杉並区
R7,13,東京都,1304,区西部,R7-1304-47,1304東京都区西部,47,34,医療法人社団杏順会 越川病院,杉並区
R7,13,東京都,1304,区西部,R7-1304-48,1304東京都区西部,48,35,ニューハート・ワタナベ国際病院,杉並区
R7,13,東京都,1304,区西部,R7-1304-49,1304東京都区西部,49,36,医療法人社団鉄友会 柳町病院,新宿区
R7,13,東京都,1304,区西部,R7-1304-50,1304東京都区西部,50,37,医療法人社団徳静会横畠病院,中野区
R7,13,東京都,1304,区西部,R7-1304-51,1304東京都区西部,51,38,医療法人社団藤和東光会藤村病院,杉並区
R7,13,東京都,1304,区西部,R7-1304-52,1304東京都区西部,52,39,医療法人社団玲仁会 みやまえ病院,杉並区
R7,13,東京都,1304,区西部,R7-1304-53,1304東京都区西部,53,40,医療法人社団藤和東光会　藤村内科外科クリニック,新宿区
R7,13,東京都,1304,区西部,R7-1304-54,1304東京都区西部,54,41,医療法人社団RSR 高円寺パークサイドクリニック,杉並区
R7,13,東京都,1304,区西部,R7-1304-55,1304東京都区西部,55,42,医療法人社団信濃会　信濃坂クリニック,新宿区
R7,13,東京都,1304,区西部,R7-1304-56,1304東京都区西部,56,43,医療法人社団慶幸会東新宿クリニック,新宿区
R7,13,東京都,1304,区西部,R7-1304-57,1304東京都区西部,57,44,医療法人社団晃輝会 井の頭通りこう門科胃腸科,杉並区
R7,13,東京都,1304,区西部,R7-1304-58,1304東京都区西部,58,45,医療法人社団奏　上井草在宅支援診療所,杉並区
R7,13,東京都,1304,区西部,R7-1304-59,1304東京都区西部,59,46,医療法人社団藤和東光会　藤保クリニック,新宿区
R7,13,東京都,1304,区西部,R7-1304-60,1304東京都区西部,60,47,医療法人平心会 Ｔｏ ＣＲＯＭクリニック,新宿区
R7,13,東京都,1304,区西部,R7-1304-61,1304東京都区西部,61,48,医療法人社団千房会 新中野女性クリニック,中野区
R7,13,東京都,1304,区西部,R7-1304-62,1304東京都区西部,62,49,豊島産婦人科,杉並区
R7,13,東京都,1304,区西部,R7-1304-63,1304東京都区西部,63,50,医療法人社団北嶺会 林医院,杉並区
R7,13,東京都,1304,区西部,R7-1304-64,1304東京都区西部,64,51,新宿 睡眠・呼吸器内科クリニック,新宿区
R7,13,東京都,1304,区西部,R7-1304-65,1304東京都区西部,65,52,渡辺医院,中野区
R7,13,東京都,1304,区西部,R7-1304-66,1304東京都区西部,66,53,新宿睡眠メディカルクリニック,新宿区
R7,13,東京都,1304,区西部,R7-1304-67,1304東京都区西部,67,54,医療法人社団川添記念会 四谷川添産婦人科,新宿区
R7,13,東京都,1304,区西部,R7-1304-68,1304東京都区西部,68,55,医療法人社団健真美　しらゆりメディカルクリニック,新宿区
R7,13,東京都,1304,区西部,R7-1304-69,1304東京都区西部,69,56,医療法人社団涼友会 神楽坂Ｄ．Ｓ．マイクリニック,新宿区
R7,13,東京都,1304,区西部,R7-1304-70,1304東京都区西部,70,57,医療法人社団赤恵会 赤川クリニック,杉並区
R7,13,東京都,1304,区西部,R7-1304-71,1304東京都区西部,71,58,かわかた医院,新宿区
R7,13,東京都,1304,区西部,R7-1304-72,1304東京都区西部,72,59,塔ノ山医院,中野区
R7,13,東京都,1304,区西部,R7-1304-73,1304東京都区西部,73,60,医療法人社団 中山レディスクリニック,中野区
R7,13,東京都,1304,区西部,R7-1304-74,1304東京都区西部,74,61,白石医院,中野区
R7,13,東京都,1304,区西部,R7-1304-75,1304東京都区西部,75,62,医療法人社団新宿レディースクリニック会　新宿レディースクリニック,新宿区
R7,13,東京都,1304,区西部,R7-1304-76,1304東京都区西部,76,63,クリニックヨコヤマ,中野区
R7,13,東京都,1304,区西部,R7-1304-77,1304東京都区西部,77,64,医療法人社団グリーン会 森本クリニック,杉並区
R7,13,東京都,1304,区西部,R7-1304-78,1304東京都区西部,78,65,あけぼの診療所,新宿区
R7,13,東京都,1304,区西部,R7-1304-79,1304東京都区西部,79,66,林ウィメンズクリニック・新大久保,
R7,13,東京都,1304,区西部,R7-1304-80,1304東京都区西部,80,67,荻窪中尾耳鼻咽喉科医院,
R7,13,東京都,1304,区西部,R7-1304-81,1304東京都区西部,81,68,医療法人社団啓神会　Aiクリニック,
R7,13,東京都,1305,区西北部,R7-1305-14,1305東京都区西北部,14,1,帝京大学医学部附属病院,板橋区
R7,13,東京都,1305,区西北部,R7-1305-15,1305東京都区西北部,15,2,日本大学医学部附属板橋病院,板橋区
R7,13,東京都,1305,区西北部,R7-1305-16,1305東京都区西北部,16,3,医療法人社団明芳会 板橋中央総合病院,板橋区
R7,13,東京都,1305,区西北部,R7-1305-17,1305東京都区西北部,17,4,地方独立行政法人 東京都健康長寿医療センター,板橋区
R7,13,東京都,1305,区西北部,R7-1305-18,1305東京都区西北部,18,5,順天堂大学医学部附属練馬病院,練馬区
R7,13,東京都,1305,区西北部,R7-1305-19,1305東京都区西北部,19,6,公益社団法人地域医療振興協会練馬光が丘病院,練馬区
R7,13,東京都,1305,区西北部,R7-1305-20,1305東京都区西北部,20,7,地方独立行政法人東京都立病院機構　東京都立大塚病院,豊島区
R7,13,東京都,1305,区西北部,R7-1305-21,1305東京都区西北部,21,8,地方独立行政法人東京都立病院機構　東京都立豊島病院,板橋区
R7,13,東京都,1305,区西北部,R7-1305-22,1305東京都区西北部,22,9,公益社団法人地域医療振興協会 東京北医療センター,北区
R7,13,東京都,1305,区西北部,R7-1305-23,1305東京都区西北部,23,10,医療法人財団明理会 明理会中央総合病院,北区
R7,13,東京都,1305,区西北部,R7-1305-24,1305東京都区西北部,24,11,医療法人社団昭成会 田﨑病院,板橋区
R7,13,東京都,1305,区西北部,R7-1305-25,1305東京都区西北部,25,12,心身障害児総合医療療育センター,板橋区
R7,13,東京都,1305,区西北部,R7-1305-26,1305東京都区西北部,26,13,赤羽リハビリテーション病院,北区
R7,13,東京都,1305,区西北部,R7-1305-27,1305東京都区西北部,27,14,社会医療法人社団大成会　長汐病院,豊島区
R7,13,東京都,1305,区西北部,R7-1305-28,1305東京都区西北部,28,15,医療法人社団 明芳会 高島平中央総合病院,板橋区
R7,13,東京都,1305,区西北部,R7-1305-29,1305東京都区西北部,29,16,公益財団法人東京都医療保健協会練馬総合病院,練馬区
R7,13,東京都,1305,区西北部,R7-1305-30,1305東京都区西北部,30,17,医療法人社団慈誠会　慈誠会・練馬高野台病院,練馬区
R7,13,東京都,1305,区西北部,R7-1305-31,1305東京都区西北部,31,18,花と森の東京病院,北区
R7,13,東京都,1305,区西北部,R7-1305-32,1305東京都区西北部,32,19,医療法人社団博栄会 赤羽中央総合病院,北区
R7,13,東京都,1305,区西北部,R7-1305-33,1305東京都区西北部,33,20,医療法人社団慈誠会 上板橋病院,板橋区
R7,13,東京都,1305,区西北部,R7-1305-34,1305東京都区西北部,34,21,板橋区医師会病院,板橋区
R7,13,東京都,1305,区西北部,R7-1305-35,1305東京都区西北部,35,22,リハビリパーク板橋病院,板橋区
R7,13,東京都,1305,区西北部,R7-1305-36,1305東京都区西北部,36,23,医療法人社団美誠会 板橋宮本病院,板橋区
R7,13,東京都,1305,区西北部,R7-1305-37,1305東京都区西北部,37,24,医療法人社団育陽会 練馬さくら病院,練馬区
R7,13,東京都,1305,区西北部,R7-1305-38,1305東京都区西北部,38,25,医療法人社団純正会 東大泉病院,練馬区
R7,13,東京都,1305,区西北部,R7-1305-39,1305東京都区西北部,39,26,医療法人財団健康文化会小豆沢病院,板橋区
R7,13,東京都,1305,区西北部,R7-1305-40,1305東京都区西北部,40,27,医療法人財団明理会 明理会東京大和病院,板橋区
R7,13,東京都,1305,区西北部,R7-1305-41,1305東京都区西北部,41,28,医療法人社団慈誠会 慈誠会成増病院,板橋区
R7,13,東京都,1305,区西北部,R7-1305-42,1305東京都区西北部,42,29,医療法人社団健育会 竹川病院,板橋区
R7,13,東京都,1305,区西北部,R7-1305-43,1305東京都区西北部,43,30,王子生協病院,北区
R7,13,東京都,1305,区西北部,R7-1305-44,1305東京都区西北部,44,31,医療法人社団明芳会 イムス板橋リハビリテーション病院,板橋区
R7,13,東京都,1305,区西北部,R7-1305-45,1305東京都区西北部,45,32,医療法人社団誠志会 誠志会病院,板橋区
R7,13,東京都,1305,区西北部,R7-1305-46,1305東京都区西北部,46,33,医療法人社団慈誠会 練馬駅リハビリテーション病院,練馬区
R7,13,東京都,1305,区西北部,R7-1305-47,1305東京都区西北部,47,34,医療法人社団慈誠会 浮間舟渡病院,板橋区
R7,13,東京都,1305,区西北部,R7-1305-48,1305東京都区西北部,48,35,医療法人財団朔望会 リハビリテーションエーデルワイス病院,板橋区
R7,13,東京都,1305,区西北部,R7-1305-49,1305東京都区西北部,49,36,医療法人財団逸生会 大橋病院,北区
R7,13,東京都,1305,区西北部,R7-1305-50,1305東京都区西北部,50,37,医療法人社団開星会 常盤台病院,板橋区
R7,13,東京都,1305,区西北部,R7-1305-51,1305東京都区西北部,51,38,医療法人社団田島厚生会神谷病院,北区
R7,13,東京都,1305,区西北部,R7-1305-52,1305東京都区西北部,52,39,要町病院,豊島区
R7,13,東京都,1305,区西北部,R7-1305-53,1305東京都区西北部,53,40,医療法人社団慈誠会 東武練馬中央病院,板橋区
R7,13,東京都,1305,区西北部,R7-1305-54,1305東京都区西北部,54,41,医療法人社団日心会 総合病院一心病院,豊島区
R7,13,東京都,1305,区西北部,R7-1305-55,1305東京都区西北部,55,42,公益財団法人愛世会愛誠病院,板橋区
R7,13,東京都,1305,区西北部,R7-1305-56,1305東京都区西北部,56,43,東京都立北療育医療センタ－,北区
R7,13,東京都,1305,区西北部,R7-1305-57,1305東京都区西北部,57,44,おうちにかえろう病院,板橋区
R7,13,東京都,1305,区西北部,R7-1305-58,1305東京都区西北部,58,45,医療法人社団慈誠会　慈誠会・光が丘病院,練馬区
R7,13,東京都,1305,区西北部,R7-1305-59,1305東京都区西北部,59,46,医療法人社団正風会 小林病院,板橋区
R7,13,東京都,1305,区西北部,R7-1305-60,1305東京都区西北部,60,47,医療法人社団慈誠会 慈誠会記念病院,板橋区
R7,13,東京都,1305,区西北部,R7-1305-61,1305東京都区西北部,61,48,医療法人社団久福会 関野病院,豊島区
R7,13,東京都,1305,区西北部,R7-1305-62,1305東京都区西北部,62,49,医療法人社団中央白報会 白報会王子病院,北区
R7,13,東京都,1305,区西北部,R7-1305-63,1305東京都区西北部,63,50,医療法人社団忠医会　忠医会病院,練馬区
R7,13,東京都,1305,区西北部,R7-1305-64,1305東京都区西北部,64,51,医療法人社団慈誠会 慈誠会前野病院,板橋区
R7,13,東京都,1305,区西北部,R7-1305-65,1305東京都区西北部,65,52,医療法人社団慈誠会 慈誠会徳丸リハビリテーション病院,板橋区
R7,13,東京都,1305,区西北部,R7-1305-66,1305東京都区西北部,66,53,医療法人社団健育会　ねりま健育会病院,練馬区
R7,13,東京都,1305,区西北部,R7-1305-67,1305東京都区西北部,67,54,医療法人社団埴原会赤羽病院,北区
R7,13,東京都,1305,区西北部,R7-1305-68,1305東京都区西北部,68,55,医療法人財団朔望会 常盤台外科病院,板橋区
R7,13,東京都,1305,区西北部,R7-1305-69,1305東京都区西北部,69,56,浩生会 スズキ病院,練馬区
R7,13,東京都,1305,区西北部,R7-1305-70,1305東京都区西北部,70,57,（医社）生全会 池袋病院,豊島区
R7,13,東京都,1305,区西北部,R7-1305-71,1305東京都区西北部,71,58,医療法人社団博栄会 浮間中央病院,北区
R7,13,東京都,1305,区西北部,R7-1305-72,1305東京都区西北部,72,59,大泉生協病院,練馬区
R7,13,東京都,1305,区西北部,R7-1305-73,1305東京都区西北部,73,60,医療法人社団はなぶさ会 島村記念病院,練馬区
R7,13,東京都,1305,区西北部,R7-1305-74,1305東京都区西北部,74,61,医療法人社団 さくら景星会 桜台病院,練馬区
R7,13,東京都,1305,区西北部,R7-1305-75,1305東京都区西北部,75,62,医療法人社団景星会赤羽 赤羽東口病院,北区
R7,13,東京都,1305,区西北部,R7-1305-76,1305東京都区西北部,76,63,医療法人社団明芳会 イムス記念病院,板橋区
R7,13,東京都,1305,区西北部,R7-1305-77,1305東京都区西北部,77,64,医療法人社団偕翔会 豊島中央病院,豊島区
R7,13,東京都,1305,区西北部,R7-1305-78,1305東京都区西北部,78,65,医療法人財団仁寿会荘病院,板橋区
R7,13,東京都,1305,区西北部,R7-1305-79,1305東京都区西北部,79,66,医療法人志匠会　練馬志匠会病院,練馬区
R7,13,東京都,1305,区西北部,R7-1305-80,1305東京都区西北部,80,67,社会福祉法人新栄会滝野川病院,北区
R7,13,東京都,1305,区西北部,R7-1305-81,1305東京都区西北部,81,68,医療法人社団慈光会八木病院,北区
R7,13,東京都,1305,区西北部,R7-1305-82,1305東京都区西北部,82,69,医療法人社団千秋会田中吉祥寺病院,練馬区
R7,13,東京都,1305,区西北部,R7-1305-83,1305東京都区西北部,83,70,医療法人社団博鳳会 敬愛病院,板橋区
R7,13,東京都,1305,区西北部,R7-1305-84,1305東京都区西北部,84,71,医療法人社団清和昌綾会 飯沼病院,板橋区
R7,13,東京都,1305,区西北部,R7-1305-85,1305東京都区西北部,85,72,医療法人社団敬悠会 副都心病院,豊島区
R7,13,東京都,1305,区西北部,R7-1305-86,1305東京都区西北部,86,73,医療法人社団福寿会 赤羽岩渕病院,北区
R7,13,東京都,1305,区西北部,R7-1305-87,1305東京都区西北部,87,74,一般財団法人 精神医学研究所 附属東京武蔵野病院,板橋区
R7,13,東京都,1305,区西北部,R7-1305-88,1305東京都区西北部,88,75,医療法人社団遼山会 関町病院,練馬区
R7,13,東京都,1305,区西北部,R7-1305-89,1305東京都区西北部,89,76,医療法人社団翠会　成増厚生病院,板橋区
R7,13,東京都,1305,区西北部,R7-1305-90,1305東京都区西北部,90,77,医療法人社団瑞雲会 高田馬場病院,豊島区
R7,13,東京都,1305,区西北部,R7-1305-91,1305東京都区西北部,91,78,医療法人社団仁泉会 としま昭和病院,豊島区
R7,13,東京都,1305,区西北部,R7-1305-92,1305東京都区西北部,92,79,医療法人社団雙和会 原整形外科病院,豊島区
R7,13,東京都,1305,区西北部,R7-1305-93,1305東京都区西北部,93,80,医療法人社団叡宥会 安田病院,板橋区
R7,13,東京都,1305,区西北部,R7-1305-94,1305東京都区西北部,94,81,医療法人社団ENEXT　池袋西口病院,豊島区
R7,13,東京都,1305,区西北部,R7-1305-95,1305東京都区西北部,95,82,医療法人社団田島厚生会舟渡病院,板橋区
R7,13,東京都,1305,区西北部,R7-1305-96,1305東京都区西北部,96,83,医療法人社団金地病院,北区
R7,13,東京都,1305,区西北部,R7-1305-97,1305東京都区西北部,97,84,医療法人社団和好会 金子病院,板橋区
R7,13,東京都,1305,区西北部,R7-1305-98,1305東京都区西北部,98,85,医療法人社団久保田産婦人科病院,練馬区
R7,13,東京都,1305,区西北部,R7-1305-99,1305東京都区西北部,99,86,医療法人財団同潤会 富士見病院,板橋区
R7,13,東京都,1305,区西北部,R7-1305-100,1305東京都区西北部,100,87,医療法人社団秀佑会 東海病院,練馬区
R7,13,東京都,1305,区西北部,R7-1305-101,1305東京都区西北部,101,88,医療法人社団邦英会 関野臨床薬理クリニック,豊島区
R7,13,東京都,1305,区西北部,R7-1305-102,1305東京都区西北部,102,89,医療法人社団岩江クリニック,北区
R7,13,東京都,1305,区西北部,R7-1305-103,1305東京都区西北部,103,90,木村外科内科,北区
R7,13,東京都,1305,区西北部,R7-1305-104,1305東京都区西北部,104,91,永振クリニックメディカルセンター,北区
R7,13,東京都,1305,区西北部,R7-1305-105,1305東京都区西北部,105,92,仁木医院,板橋区
R7,13,東京都,1305,区西北部,R7-1305-106,1305東京都区西北部,106,93,医療法人社団藤和東光会 藤成クリニック,練馬区
R7,13,東京都,1305,区西北部,R7-1305-107,1305東京都区西北部,107,94,医療法人財団秀行会 阿部クリニック,練馬区
R7,13,東京都,1305,区西北部,R7-1305-108,1305東京都区西北部,108,95,医療法人社団川満惠光会 川満外科,練馬区
R7,13,東京都,1305,区西北部,R7-1305-109,1305東京都区西北部,109,96,（法）翔洋会 辻内科循環器科歯科クリニック,練馬区
R7,13,東京都,1305,区西北部,R7-1305-110,1305東京都区西北部,110,97,スワンレディースクリニック,北区
R7,13,東京都,1305,区西北部,R7-1305-111,1305東京都区西北部,111,98,東京脊椎クリニック,北区
R7,13,東京都,1305,区西北部,R7-1305-112,1305東京都区西北部,112,99,医療法人社団育生會　山口医院,豊島区
R7,13,東京都,1305,区西北部,R7-1305-113,1305東京都区西北部,113,100,医療法人社団順桜会 桜台マタニティクリニック,練馬区
R7,13,東京都,1305,区西北部,R7-1305-114,1305東京都区西北部,114,101,医療法人社団大順会 豊島園大腸肛門科,練馬区
R7,13,東京都,1305,区西北部,R7-1305-115,1305東京都区西北部,115,102,医療法人社団公愛会 冲永眼科クリニック,板橋区
R7,13,東京都,1305,区西北部,R7-1305-116,1305東京都区西北部,116,103,医療法人社団翔生会 楠医院,板橋区
R7,13,東京都,1305,区西北部,R7-1305-117,1305東京都区西北部,117,104,医療法人社団悠翔会　悠翔会くらしケアクリニック練馬,練馬区
R7,13,東京都,1305,区西北部,R7-1305-118,1305東京都区西北部,118,105,医療法人社団景星会 大塚北口診療所,豊島区
R7,13,東京都,1305,区西北部,R7-1305-119,1305東京都区西北部,119,106,医療法人社団仁孝会 ぬかりや医院,練馬区
R7,13,東京都,1305,区西北部,R7-1305-120,1305東京都区西北部,120,107,医療法人社団小川クリニック,豊島区
R7,13,東京都,1305,区西北部,R7-1305-121,1305東京都区西北部,121,108,医療法人財団日睡会 池袋スリープケアクリニック,豊島区
R7,13,東京都,1305,区西北部,R7-1305-122,1305東京都区西北部,122,109,赤羽中央総合病院附属クリニック,北区
R7,13,東京都,1305,区西北部,R7-1305-123,1305東京都区西北部,123,110,医療法人社団愛語会 要クリニック,豊島区
R7,13,東京都,1305,区西北部,R7-1305-124,1305東京都区西北部,124,111,豊島団地産婦人科,北区
R7,13,東京都,1305,区西北部,R7-1305-125,1305東京都区西北部,125,112,医療法人社団純友会 町田産婦人科,練馬区
R7,13,東京都,1305,区西北部,R7-1305-126,1305東京都区西北部,126,113,ゆみのハートクリニック,豊島区
R7,13,東京都,1305,区西北部,R7-1305-127,1305東京都区西北部,127,114,医療法人社団祐喜会 加塚医院,豊島区
R7,13,東京都,1305,区西北部,R7-1305-128,1305東京都区西北部,128,115,進士医院,豊島区
R7,13,東京都,1305,区西北部,R7-1305-129,1305東京都区西北部,129,116,板橋医院,北区
R7,13,東京都,1305,区西北部,R7-1305-130,1305東京都区西北部,130,117,山手大塚レディスクリニック,豊島区
R7,13,東京都,1305,区西北部,R7-1305-131,1305東京都区西北部,131,118,医療法人社団憲信会 関根ウィメンズクリニック,練馬区
R7,13,東京都,1305,区西北部,R7-1305-132,1305東京都区西北部,132,119,医療法人社団悠伸会　城田医院,豊島区
R7,13,東京都,1305,区西北部,R7-1305-133,1305東京都区西北部,133,120,医療法人社団形成会 酒井形成外科,豊島区
R7,13,東京都,1305,区西北部,R7-1305-134,1305東京都区西北部,134,121,まの産婦人科,豊島区
R7,13,東京都,1305,区西北部,R7-1305-135,1305東京都区西北部,135,122,あぶかわ歯科・口腔外科,板橋区
R7,13,東京都,1305,区西北部,R7-1305-136,1305東京都区西北部,136,123,医療法人社団順風会 高島平クリニック,
R7,13,東京都,1306,区東北部,R7-1306-14,1306東京都区東北部,14,1,東京女子医科大学附属足立医療センター,足立区
R7,13,東京都,1306,区東北部,R7-1306-15,1306東京都区東北部,15,2,イムス東京葛飾総合病院,葛飾区
R7,13,東京都,1306,区東北部,R7-1306-16,1306東京都区東北部,16,3,東京慈恵会医科大学葛飾医療センター,葛飾区
R7,13,東京都,1306,区東北部,R7-1306-17,1306東京都区東北部,17,4,医療法人社団桜会 桜会病院,足立区
R7,13,東京都,1306,区東北部,R7-1306-18,1306東京都区東北部,18,5,地方独立行政法人東京都立病院機構　東京都立東部地域病院,葛飾区
R7,13,東京都,1306,区東北部,R7-1306-19,1306東京都区東北部,19,6,一般財団法人　博慈会　博慈会記念総合病院,足立区
R7,13,東京都,1306,区東北部,R7-1306-20,1306東京都区東北部,20,7,医療法人社団大坪会 東和病院,足立区
R7,13,東京都,1306,区東北部,R7-1306-21,1306東京都区東北部,21,8,令和あらかわ病院,荒川区
R7,13,東京都,1306,区東北部,R7-1306-22,1306東京都区東北部,22,9,医療法人社団苑田会 苑田第一病院,足立区
R7,13,東京都,1306,区東北部,R7-1306-23,1306東京都区東北部,23,10,社会医療法人社団正志会　平成立石病院,葛飾区
R7,13,東京都,1306,区東北部,R7-1306-24,1306東京都区東北部,24,11,社会福祉法人仁生社江戸川病院高砂分院,葛飾区
R7,13,東京都,1306,区東北部,R7-1306-25,1306東京都区東北部,25,12,西新井病院,足立区
R7,13,東京都,1306,区東北部,R7-1306-26,1306東京都区東北部,26,13,社会医療法人社団昭愛会 水野記念病院,足立区
R7,13,東京都,1306,区東北部,R7-1306-27,1306東京都区東北部,27,14,長寿リハビリセンター病院,足立区
R7,13,東京都,1306,区東北部,R7-1306-28,1306東京都区東北部,28,15,医療法人財団梅田病院,足立区
R7,13,東京都,1306,区東北部,R7-1306-29,1306東京都区東北部,29,16,医療法人社団苑田会 花はたリハビリテーション病院,足立区
R7,13,東京都,1306,区東北部,R7-1306-30,1306東京都区東北部,30,17,医療法人社団苑田会　苑田会ニューロリハビリテーション病院,足立区
R7,13,東京都,1306,区東北部,R7-1306-31,1306東京都区東北部,31,18,医療法人社団苑田会 竹の塚脳神経リハビリテーション病院,足立区
R7,13,東京都,1306,区東北部,R7-1306-32,1306東京都区東北部,32,19,医療法人社団福寿会　福寿会病院,足立区
R7,13,東京都,1306,区東北部,R7-1306-33,1306東京都区東北部,33,20,医療法人社団洪泳会 東京洪誠病院,足立区
R7,13,東京都,1306,区東北部,R7-1306-34,1306東京都区東北部,34,21,医療法人社団美誠会 荒川病院,荒川区
R7,13,東京都,1306,区東北部,R7-1306-35,1306東京都区東北部,35,22,社会医療法人社団 慈生会 等潤病院,足立区
R7,13,東京都,1306,区東北部,R7-1306-36,1306東京都区東北部,36,23,社会医療法人社団 医善会 いずみ記念病院,足立区
R7,13,東京都,1306,区東北部,R7-1306-37,1306東京都区東北部,37,24,医療法人社団関川会 関川病院,荒川区
R7,13,東京都,1306,区東北部,R7-1306-38,1306東京都区東北部,38,25,医療法人社団けいせい会 東京北部病院,足立区
R7,13,東京都,1306,区東北部,R7-1306-39,1306東京都区東北部,39,26,医療法人社団福寿会 福寿会足立東部病院,足立区
R7,13,東京都,1306,区東北部,R7-1306-40,1306東京都区東北部,40,27,医療法人財団慈光会 堀切中央病院,葛飾区
R7,13,東京都,1306,区東北部,R7-1306-41,1306東京都区東北部,41,28,社会医療法人社団光仁会 第一病院,葛飾区
R7,13,東京都,1306,区東北部,R7-1306-42,1306東京都区東北部,42,29,医療法人社団大和会 平成扇病院,足立区
R7,13,東京都,1306,区東北部,R7-1306-43,1306東京都区東北部,43,30,医療法人社団苑田会　愛里病院,足立区
R7,13,東京都,1306,区東北部,R7-1306-44,1306東京都区東北部,44,31,医療法人社団苑田会 苑田第三病院,足立区
R7,13,東京都,1306,区東北部,R7-1306-45,1306東京都区東北部,45,32,社会医療法人社団正志会 荒木記念東京リバーサイド病院,荒川区
R7,13,東京都,1306,区東北部,R7-1306-46,1306東京都区東北部,46,33,医療法人社団美誠会足立北病院,足立区
R7,13,東京都,1306,区東北部,R7-1306-47,1306東京都区東北部,47,34,医療法人社団すずき病院,足立区
R7,13,東京都,1306,区東北部,R7-1306-48,1306東京都区東北部,48,35,医療法人社団苑田会　足立十全病院,足立区
R7,13,東京都,1306,区東北部,R7-1306-49,1306東京都区東北部,49,36,社会福祉法人勝楽堂病院,足立区
R7,13,東京都,1306,区東北部,R7-1306-50,1306東京都区東北部,50,37,東京かつしか赤十字母子医療センター,葛飾区
R7,13,東京都,1306,区東北部,R7-1306-51,1306東京都区東北部,51,38,医療法人社団明芳会 イムスリハビリテーションセンター東京葛飾病院,葛飾区
R7,13,東京都,1306,区東北部,R7-1306-52,1306東京都区東北部,52,39,医療法人財団健和会 柳原リハビリテーション病院,足立区
R7,13,東京都,1306,区東北部,R7-1306-53,1306東京都区東北部,53,40,医療法人社団玲瓏会 金町中央病院,葛飾区
R7,13,東京都,1306,区東北部,R7-1306-54,1306東京都区東北部,54,41,社会医療法人社団一成会 木村病院,荒川区
R7,13,東京都,1306,区東北部,R7-1306-55,1306東京都区東北部,55,42,医療法人社団藤寿会 佐藤病院,荒川区
R7,13,東京都,1306,区東北部,R7-1306-56,1306東京都区東北部,56,43,医療法人財団謙仁会亀有病院,葛飾区
R7,13,東京都,1306,区東北部,R7-1306-57,1306東京都区東北部,57,44,医療法人社団五十鈴会坂本病院,葛飾区
R7,13,東京都,1306,区東北部,R7-1306-58,1306東京都区東北部,58,45,扇大橋病院,足立区
R7,13,東京都,1306,区東北部,R7-1306-59,1306東京都区東北部,59,46,医療法人社団星風会 井上病院,足立区
R7,13,東京都,1306,区東北部,R7-1306-60,1306東京都区東北部,60,47,医療法人社団日岩会 下井病院,足立区
R7,13,東京都,1306,区東北部,R7-1306-61,1306東京都区東北部,61,48,医療法人社団東京朝日会あさひ病院,足立区
R7,13,東京都,1306,区東北部,R7-1306-62,1306東京都区東北部,62,49,医療法人財団健和会 柳原病院,足立区
R7,13,東京都,1306,区東北部,R7-1306-63,1306東京都区東北部,63,50,医療法人社団成守会 はせがわ病院,荒川区
R7,13,東京都,1306,区東北部,R7-1306-64,1306東京都区東北部,64,51,医療法人社団洪泳会 第二洪誠病院,足立区
R7,13,東京都,1306,区東北部,R7-1306-65,1306東京都区東北部,65,52,葛飾リハビリテーション病院,葛飾区
R7,13,東京都,1306,区東北部,R7-1306-66,1306東京都区東北部,66,53,医療法人社団忠医会 大高病院,足立区
R7,13,東京都,1306,区東北部,R7-1306-67,1306東京都区東北部,67,54,社会福祉法人上宮会 日暮里上宮病院,荒川区
R7,13,東京都,1306,区東北部,R7-1306-68,1306東京都区東北部,68,55,博豊会　東京脊椎病院,足立区
R7,13,東京都,1306,区東北部,R7-1306-69,1306東京都区東北部,69,56,医療法人社団福寿会　みらいリハビリテーション病院,足立区
R7,13,東京都,1306,区東北部,R7-1306-70,1306東京都区東北部,70,57,医療法人社団愛和会南千住病院,荒川区
R7,13,東京都,1306,区東北部,R7-1306-71,1306東京都区東北部,71,58,綾瀬循環器病院,足立区
R7,13,東京都,1306,区東北部,R7-1306-72,1306東京都区東北部,72,59,あやせ循環器リハビリ病院,足立区
R7,13,東京都,1306,区東北部,R7-1306-73,1306東京都区東北部,73,60,特定医療法人社団潤恵会敬仁病院,足立区
R7,13,東京都,1306,区東北部,R7-1306-74,1306東京都区東北部,74,61,医療法人社団湘南会 亀有中央病院,葛飾区
R7,13,東京都,1306,区東北部,R7-1306-75,1306東京都区東北部,75,62,社会医療法人社団昭愛会 水野記念リハビリテーション病院,足立区
R7,13,東京都,1306,区東北部,R7-1306-76,1306東京都区東北部,76,63,医療法人社団苑田会 苑田第二病院,足立区
R7,13,東京都,1306,区東北部,R7-1306-77,1306東京都区東北部,77,64,友愛病院,足立区
R7,13,東京都,1306,区東北部,R7-1306-78,1306東京都区東北部,78,65,医療法人社団桜会　あだち共生病院,足立区
R7,13,東京都,1306,区東北部,R7-1306-79,1306東京都区東北部,79,66,かつしか江戸川病院,葛飾区
R7,13,東京都,1306,区東北部,R7-1306-80,1306東京都区東北部,80,67,医療法人社団嬉泉会嬉泉病院,葛飾区
R7,13,東京都,1306,区東北部,R7-1306-81,1306東京都区東北部,81,68,医療法人社団杏精会 岡田病院,荒川区
R7,13,東京都,1306,区東北部,R7-1306-82,1306東京都区東北部,82,69,医療法人社団三清会 聖英病院,足立区
R7,13,東京都,1306,区東北部,R7-1306-83,1306東京都区東北部,83,70,医療法人社団苑風会 苑風会病院,足立区
R7,13,東京都,1306,区東北部,R7-1306-84,1306東京都区東北部,84,71,慶友整形外科脊椎関節病院,足立区
R7,13,東京都,1306,区東北部,R7-1306-85,1306東京都区東北部,85,72,医療法人社団苑田会 苑田会人工関節センター病院,足立区
R7,13,東京都,1306,区東北部,R7-1306-86,1306東京都区東北部,86,73,医療法人社団健整会 米倉脊椎・関節病院,足立区
R7,13,東京都,1306,区東北部,R7-1306-87,1306東京都区東北部,87,74,医療法人社団心和会足立共済病院,足立区
R7,13,東京都,1306,区東北部,R7-1306-88,1306東京都区東北部,88,75,医療法人社団俊和会 寺田病院,足立区
R7,13,東京都,1306,区東北部,R7-1306-89,1306東京都区東北部,89,76,医療法人社団明芳会 イムス葛飾ハートセンター,葛飾区
R7,13,東京都,1306,区東北部,R7-1306-90,1306東京都区東北部,90,77,医療法人社団福寿会 慈英会病院,足立区
R7,13,東京都,1306,区東北部,R7-1306-91,1306東京都区東北部,91,78,小澤病院,葛飾区
R7,13,東京都,1306,区東北部,R7-1306-92,1306東京都区東北部,92,79,医療法人社団幸博会　高山整形外科病院,葛飾区
R7,13,東京都,1306,区東北部,R7-1306-93,1306東京都区東北部,93,80,医療法人財団葛飾厚生会東立病院,葛飾区
R7,13,東京都,1306,区東北部,R7-1306-94,1306東京都区東北部,94,81,医療法人社団弘仁勝和会 勝和会病院,足立区
R7,13,東京都,1306,区東北部,R7-1306-95,1306東京都区東北部,95,82,社会医療法人社団慈生会　等潤メディカルプラザ病院,足立区
R7,13,東京都,1306,区東北部,R7-1306-96,1306東京都区東北部,96,83,社会福祉法人上智社会事業団 上智クリニック,荒川区
R7,13,東京都,1306,区東北部,R7-1306-97,1306東京都区東北部,97,84,医療法人社団 松田会 荒川外科肛門医院,荒川区
R7,13,東京都,1306,区東北部,R7-1306-98,1306東京都区東北部,98,85,医療法人財団ひこばえ会 セツルメント診療所分院,足立区
R7,13,東京都,1306,区東北部,R7-1306-99,1306東京都区東北部,99,86,医療法人社団こひつじ会 横川レディースクリニック,足立区
R7,13,東京都,1306,区東北部,R7-1306-100,1306東京都区東北部,100,87,医療法人社団容生会 ようせいクリニック,足立区
R7,13,東京都,1306,区東北部,R7-1306-101,1306東京都区東北部,101,88,医療法人財団ひこばえ会 セツルメント診療所,足立区
R7,13,東京都,1306,区東北部,R7-1306-102,1306東京都区東北部,102,89,医療法人社団向仁会 真島クリニック,足立区
R7,13,東京都,1306,区東北部,R7-1306-103,1306東京都区東北部,103,90,西新井大腸肛門科,足立区
R7,13,東京都,1306,区東北部,R7-1306-104,1306東京都区東北部,104,91,待木医院,足立区
R7,13,東京都,1306,区東北部,R7-1306-105,1306東京都区東北部,105,92,いずみホームケアクリニック,葛飾区
R7,13,東京都,1306,区東北部,R7-1306-106,1306東京都区東北部,106,93,医療法人社団湘南会 亀有みんなのクリニック,葛飾区
R7,13,東京都,1306,区東北部,R7-1306-107,1306東京都区東北部,107,94,医療法人社団やよい会 あだち江北メディカルクリニック,足立区
R7,13,東京都,1306,区東北部,R7-1306-108,1306東京都区東北部,108,95,医療法人社団星風会 井上クリニック,足立区
R7,13,東京都,1306,区東北部,R7-1306-109,1306東京都区東北部,109,96,医療法人社団慶風会 増田産婦人科,葛飾区
R7,13,東京都,1306,区東北部,R7-1306-110,1306東京都区東北部,110,97,医療法人社団白鳥会 白鳥診療所,葛飾区
R7,13,東京都,1306,区東北部,R7-1306-111,1306東京都区東北部,111,98,医療法人社団遠武産婦人科,葛飾区
R7,13,東京都,1306,区東北部,R7-1306-112,1306東京都区東北部,112,99,あらかわレディースクリニック,荒川区
R7,13,東京都,1306,区東北部,R7-1306-113,1306東京都区東北部,113,100,公益財団法人鉄道弘済会義肢装具サポートセンター付属診療所,荒川区
R7,13,東京都,1306,区東北部,R7-1306-114,1306東京都区東北部,114,101,医療法人社団　昭明会　大谷田整形外科,足立区
R7,13,東京都,1306,区東北部,R7-1306-115,1306東京都区東北部,115,102,医療法人社団長門クリニック,足立区
R7,13,東京都,1306,区東北部,R7-1306-116,1306東京都区東北部,116,103,医療法人社団 聖マリア会 東京フェリシアレディースクリニック,葛飾区
R7,13,東京都,1306,区東北部,R7-1306-117,1306東京都区東北部,117,104,木下産婦人科医院,葛飾区
R7,13,東京都,1306,区東北部,R7-1306-118,1306東京都区東北部,118,105,医療法人社団ひとみ会 臼井医院,足立区
R7,13,東京都,1306,区東北部,R7-1306-119,1306東京都区東北部,119,106,医療法人社団祥正会 高砂眼科,葛飾区
R7,13,東京都,1306,区東北部,R7-1306-120,1306東京都区東北部,120,107,医療法人社団悠翔会　悠翔会在宅クリニック葛飾,葛飾区
R7,13,東京都,1306,区東北部,R7-1306-121,1306東京都区東北部,121,108,医療法人社団淳友会 わたクリニック,葛飾区
R7,13,東京都,1306,区東北部,R7-1306-122,1306東京都区東北部,122,109,医療法人社団 孔明会 茅野外科内科,
R7,13,東京都,1307,区東部,R7-1307-14,1307東京都区東部,14,1,地方独立行政法人東京都立病院機構　東京都立墨東病院,墨田区
R7,13,東京都,1307,区東部,R7-1307-15,1307東京都区東部,15,2,公益財団法人がん研究会 有明病院,江東区
R7,13,東京都,1307,区東部,R7-1307-16,1307東京都区東部,16,3,社会福祉法人仁生社江戸川病院,江戸川区
R7,13,東京都,1307,区東部,R7-1307-17,1307東京都区東部,17,4,昭和医科大学江東豊洲病院,江東区
R7,13,東京都,1307,区東部,R7-1307-18,1307東京都区東部,18,5,日本私立学校振興・共済事業団 東京臨海病院,江戸川区
R7,13,東京都,1307,区東部,R7-1307-19,1307東京都区東部,19,6,医療法人社団城東桐和会 タムスさくら病院江戸川,江戸川区
R7,13,東京都,1307,区東部,R7-1307-20,1307東京都区東部,20,7,同愛記念病院,墨田区
R7,13,東京都,1307,区東部,R7-1307-21,1307東京都区東部,21,8,社会福祉法人あそか会あそか病院,江東区
R7,13,東京都,1307,区東部,R7-1307-22,1307東京都区東部,22,9,社会医療法人社団 森山医会 森山記念病院,江戸川区
R7,13,東京都,1307,区東部,R7-1307-23,1307東京都区東部,23,10,江東リハビリテーション病院,江東区
R7,13,東京都,1307,区東部,R7-1307-24,1307東京都区東部,24,11,社会医療法人社団 順江会 江東病院,江東区
R7,13,東京都,1307,区東部,R7-1307-25,1307東京都区東部,25,12,順天堂大学医学部附属順天堂東京江東高齢者医療センター,江東区
R7,13,東京都,1307,区東部,R7-1307-26,1307東京都区東部,26,13,医療法人伯鳳会 東京曳舟病院,墨田区
R7,13,東京都,1307,区東部,R7-1307-27,1307東京都区東部,27,14,社会福祉法人賛育会 賛育会病院,墨田区
R7,13,東京都,1307,区東部,R7-1307-28,1307東京都区東部,28,15,社会医療法人財団正明会山田記念病院,墨田区
R7,13,東京都,1307,区東部,R7-1307-29,1307東京都区東部,29,16,江戸川メディケア病院,江戸川区
R7,13,東京都,1307,区東部,R7-1307-30,1307東京都区東部,30,17,東京都リハビリテーション病院,墨田区
R7,13,東京都,1307,区東部,R7-1307-31,1307東京都区東部,31,18,社会医療法人社団森山医会 森山脳神経センター病院,江戸川区
R7,13,東京都,1307,区東部,R7-1307-32,1307東京都区東部,32,19,医療法人社団 同愛会病院,江戸川区
R7,13,東京都,1307,区東部,R7-1307-33,1307東京都区東部,33,20,医療法人社団藤﨑病院,江東区
R7,13,東京都,1307,区東部,R7-1307-34,1307東京都区東部,34,21,医療法人社団昌医会 葛西昌医会病院,江戸川区
R7,13,東京都,1307,区東部,R7-1307-35,1307東京都区東部,35,22,医療法人社団仁寿会中村病院,墨田区
R7,13,東京都,1307,区東部,R7-1307-36,1307東京都区東部,36,23,東京都立東部療育センター,江東区
R7,13,東京都,1307,区東部,R7-1307-37,1307東京都区東部,37,24,医社）総風会 江戸川共済病院,江戸川区
R7,13,東京都,1307,区東部,R7-1307-38,1307東京都区東部,38,25,独立行政法人地域医療機能推進機構 東京城東病院,江東区
R7,13,東京都,1307,区東部,R7-1307-39,1307東京都区東部,39,26,医療法人青峰会 くじらホスピタル,江東区
R7,13,東京都,1307,区東部,R7-1307-40,1307東京都区東部,40,27,医療法人社団青藍会 鈴木リハビリテーション病院,江東区
R7,13,東京都,1307,区東部,R7-1307-41,1307東京都区東部,41,28,社会福祉法人恩賜財団東京都済生会向島病院,墨田区
R7,13,東京都,1307,区東部,R7-1307-42,1307東京都区東部,42,29,医療法人社団 隆靖会 墨田中央病院,墨田区
R7,13,東京都,1307,区東部,R7-1307-43,1307東京都区東部,43,30,東京東病院,江戸川区
R7,13,東京都,1307,区東部,R7-1307-44,1307東京都区東部,44,31,医療法人社団晃山会松江病院,江戸川区
R7,13,東京都,1307,区東部,R7-1307-45,1307東京都区東部,45,32,医療法人社団福仁会小松川病院,江戸川区
R7,13,東京都,1307,区東部,R7-1307-46,1307東京都区東部,46,33,清湘会東砂病院,江東区
R7,13,東京都,1307,区東部,R7-1307-47,1307東京都区東部,47,34,医療法人社団高裕会 深川立川病院,江東区
R7,13,東京都,1307,区東部,R7-1307-48,1307東京都区東部,48,35,湘南メディカル記念病院,墨田区
R7,13,東京都,1307,区東部,R7-1307-49,1307東京都区東部,49,36,医療法人社団修世会 木場病院,江東区
R7,13,東京都,1307,区東部,R7-1307-50,1307東京都区東部,50,37,医療法人社団 愛育会 愛和病院,江東区
R7,13,東京都,1307,区東部,R7-1307-51,1307東京都区東部,51,38,医療法人社団恵信会友仁病院,江東区
R7,13,東京都,1307,区東部,R7-1307-52,1307東京都区東部,52,39,医療法人社団津端会 京葉病院,江戸川区
R7,13,東京都,1307,区東部,R7-1307-53,1307東京都区東部,53,40,医療法人社団城東桐和会　タムス瑞江病院,江戸川区
R7,13,東京都,1307,区東部,R7-1307-54,1307東京都区東部,54,41,医療法人相生会 墨田病院,墨田区
R7,13,東京都,1307,区東部,R7-1307-55,1307東京都区東部,55,42,医療法人社団東京ハートサミット東京心臓不整脈病院,江戸川区
R7,13,東京都,1307,区東部,R7-1307-56,1307東京都区東部,56,43,医療法人社団双仁会 一盛病院,江戸川区
R7,13,東京都,1307,区東部,R7-1307-57,1307東京都区東部,57,44,医療法人財団岩井医療財団岩井整形外科病院,江戸川区
R7,13,東京都,1307,区東部,R7-1307-58,1307東京都区東部,58,45,医療法人社団葛西中央病院,江戸川区
R7,13,東京都,1307,区東部,R7-1307-59,1307東京都区東部,59,46,医療法人財団寿康会 寿康会病院,江東区
R7,13,東京都,1307,区東部,R7-1307-60,1307東京都区東部,60,47,医社）青藍会 鈴木病院,江東区
R7,13,東京都,1307,区東部,R7-1307-61,1307東京都区東部,61,48,医療法人社団敬智会 梶原病院,墨田区
R7,13,東京都,1307,区東部,R7-1307-62,1307東京都区東部,62,49,医療法人社団清湘会 清湘会記念病院,江東区
R7,13,東京都,1307,区東部,R7-1307-63,1307東京都区東部,63,50,医療法人社団明松会　二本松眼科病院,江戸川区
R7,13,東京都,1307,区東部,R7-1307-64,1307東京都区東部,64,51,医療法人社団向日葵会 まつしま病院,江戸川区
R7,13,東京都,1307,区東部,R7-1307-65,1307東京都区東部,65,52,医療法人社団理弘会 岩倉病院,江戸川区
R7,13,東京都,1307,区東部,R7-1307-66,1307東京都区東部,66,53,医療法人社団済安堂 西葛西・井上眼科病院,江戸川区
R7,13,東京都,1307,区東部,R7-1307-67,1307東京都区東部,67,54,東京Dタワーホスピタル,江東区
R7,13,東京都,1307,区東部,R7-1307-68,1307東京都区東部,68,55,医療法人社団中林病院,墨田区
R7,13,東京都,1307,区東部,R7-1307-69,1307東京都区東部,69,56,増田耳鼻咽喉科,墨田区
R7,13,東京都,1307,区東部,R7-1307-70,1307東京都区東部,70,57,医療法人社団五の橋産婦人科,江東区
R7,13,東京都,1307,区東部,R7-1307-71,1307東京都区東部,71,58,医療法人社団晴正会 深川安江クリニック,江東区
R7,13,東京都,1307,区東部,R7-1307-72,1307東京都区東部,72,59,医療法人社団東壽会 東峯婦人クリニック,江東区
R7,13,東京都,1307,区東部,R7-1307-73,1307東京都区東部,73,60,医療法人社団田尻整形外科,江東区
R7,13,東京都,1307,区東部,R7-1307-74,1307東京都区東部,74,61,医療法人社団三和会 菊地外科胃腸科,江戸川区
R7,13,東京都,1307,区東部,R7-1307-75,1307東京都区東部,75,62,江戸川共済病院付属東瑞江医院,江戸川区
R7,13,東京都,1307,区東部,R7-1307-76,1307東京都区東部,76,63,医療法人社団総愛会 総愛診療所,江戸川区
R7,13,東京都,1307,区東部,R7-1307-77,1307東京都区東部,77,64,医療法人社団義恵会　ファミール産院えどがわ,江戸川区
R7,13,東京都,1307,区東部,R7-1307-78,1307東京都区東部,78,65,Shimizu Maternity Clinic,江戸川区
R7,13,東京都,1307,区東部,R7-1307-79,1307東京都区東部,79,66,井口腎泌尿器科・内科　親水,江戸川区
R7,13,東京都,1307,区東部,R7-1307-80,1307東京都区東部,80,67,医療法人社団薫誠会　葛西産婦人科,江戸川区
R7,13,東京都,1307,区東部,R7-1307-81,1307東京都区東部,81,68,太田医院,江戸川区
R7,13,東京都,1307,区東部,R7-1307-82,1307東京都区東部,82,69,医療法人社団友久会きりんウィメンズクリニック葛西,江戸川区
R7,13,東京都,1307,区東部,R7-1307-83,1307東京都区東部,83,70,医療法人社団聖育会 三枝産婦人科医院,江戸川区
R7,13,東京都,1307,区東部,R7-1307-84,1307東京都区東部,84,71,砂町産婦人科,江東区
R7,13,東京都,1307,区東部,R7-1307-85,1307東京都区東部,85,72,医療法人社団常壽会 高石内科胃腸科,墨田区
R7,13,東京都,1307,区東部,R7-1307-86,1307東京都区東部,86,73,杉浦ウイメンズクリニック,江戸川区
R7,13,東京都,1307,区東部,R7-1307-87,1307東京都区東部,87,74,医療法人社団泰正会 成光堂クリニック,江戸川区
R7,13,東京都,1307,区東部,R7-1307-88,1307東京都区東部,88,75,杉山医院,江戸川区
R7,13,東京都,1307,区東部,R7-1307-89,1307東京都区東部,89,76,医療法人社団東壽会　東峯産科クリニック,江東区
R7,13,東京都,1307,区東部,R7-1307-90,1307東京都区東部,90,77,医療法人社団善千会 浅岡医院,江戸川区
R7,13,東京都,1307,区東部,R7-1307-91,1307東京都区東部,91,78,医療法人社団緑友会 らいおんハートクリニック,江戸川区
R7,13,東京都,1307,区東部,R7-1307-92,1307東京都区東部,92,79,大倉医院,墨田区
R7,13,東京都,1307,区東部,R7-1307-93,1307東京都区東部,93,80,医療法人社団北𠮷会北澤耳鼻咽喉科医院,江戸川区
R7,13,東京都,1307,区東部,R7-1307-94,1307東京都区東部,94,81,医療法人社団ゆい　トータルケアクリニック,江戸川区
R7,13,東京都,1307,区東部,R7-1307-95,1307東京都区東部,95,82,すみよし婦人科クリニック,
R7,13,東京都,1308,西多摩,R7-1308-14,1308東京都西多摩,14,1,市立青梅総合医療センター,青梅市
R7,13,東京都,1308,西多摩,R7-1308-15,1308東京都西多摩,15,2,青梅慶友病院,青梅市
R7,13,東京都,1308,西多摩,R7-1308-16,1308東京都西多摩,16,3,武蔵野台病院,青梅市
R7,13,東京都,1308,西多摩,R7-1308-17,1308東京都西多摩,17,4,公立福生病院,福生市
R7,13,東京都,1308,西多摩,R7-1308-18,1308東京都西多摩,18,5,公立阿伎留医療センター,あきる野市
R7,13,東京都,1308,西多摩,R7-1308-19,1308東京都西多摩,19,6,医療法人社団和風会 多摩リハビリテーション病院,青梅市
R7,13,東京都,1308,西多摩,R7-1308-20,1308東京都西多摩,20,7,医療法人社団仁成会 高木病院,青梅市
R7,13,東京都,1308,西多摩,R7-1308-21,1308東京都西多摩,21,8,医療法人社団悦伝会 目白第二病院,福生市
R7,13,東京都,1308,西多摩,R7-1308-22,1308東京都西多摩,22,9,医療法人社団三秀会 羽村三慶病院,羽村市
R7,13,東京都,1308,西多摩,R7-1308-23,1308東京都西多摩,23,10,医療法人社団三秀会 青梅三慶病院,青梅市
R7,13,東京都,1308,西多摩,R7-1308-24,1308東京都西多摩,24,11,医療法人社団葵会 西多摩病院,羽村市
R7,13,東京都,1308,西多摩,R7-1308-25,1308東京都西多摩,25,12,医療法人社団大聖病院,福生市
R7,13,東京都,1308,西多摩,R7-1308-26,1308東京都西多摩,26,13,医療法人社団 久遠会 みずほ病院,瑞穂町
R7,13,東京都,1308,西多摩,R7-1308-27,1308東京都西多摩,27,14,医療法人社団崎陽会日の出ケ丘病院,日の出町
R7,13,東京都,1308,西多摩,R7-1308-28,1308東京都西多摩,28,15,医療法人財団 暁 あきる台病院,あきる野市
R7,13,東京都,1308,西多摩,R7-1308-29,1308東京都西多摩,29,16,医療法人財団利定会 大久野病院,日の出町
R7,13,東京都,1308,西多摩,R7-1308-30,1308東京都西多摩,30,17,医療法人社団葵会 熊川病院,福生市
R7,13,東京都,1308,西多摩,R7-1308-31,1308東京都西多摩,31,18,医療法人社団向日葵清心会 青梅今井病院,青梅市
R7,13,東京都,1308,西多摩,R7-1308-32,1308東京都西多摩,32,19,医療法人社団長生会 長生病院,青梅市
R7,13,東京都,1308,西多摩,R7-1308-33,1308東京都西多摩,33,20,医療法人社団秀仁会 櫻井病院,あきる野市
R7,13,東京都,1308,西多摩,R7-1308-34,1308東京都西多摩,34,21,奥多摩町国民健康保険奥多摩病院,奥多摩町
R7,13,東京都,1308,西多摩,R7-1308-35,1308東京都西多摩,35,22,医療法人社団三清会 小作クリニック,青梅市
R7,13,東京都,1308,西多摩,R7-1308-36,1308東京都西多摩,36,23,医療法人社団三清会青梅かすみ台クリニック,青梅市
R7,13,東京都,1308,西多摩,R7-1308-37,1308東京都西多摩,37,24,いずみクリニック,羽村市
R7,13,東京都,1308,西多摩,R7-1308-38,1308東京都西多摩,38,25,医療法人社団豊信会 草花クリニック,あきる野市
R7,13,東京都,1308,西多摩,R7-1308-39,1308東京都西多摩,39,26,ゆしまウイメンズクリニック,あきる野市
R7,13,東京都,1308,西多摩,R7-1308-40,1308東京都西多摩,40,27,社会福祉法人双葉会診療所,奥多摩町
R7,13,東京都,1308,西多摩,R7-1308-41,1308東京都西多摩,41,28,後藤眼科診療所,青梅市
R7,13,東京都,1308,西多摩,R7-1308-42,1308東京都西多摩,42,29,羽村ひまわりクリニック,
R7,13,東京都,1309,南多摩,R7-1309-14,1309東京都南多摩,14,1,東京医科大学八王子医療センター,八王子市
R7,13,東京都,1309,南多摩,R7-1309-15,1309東京都南多摩,15,2,東海大学医学部付属八王子病院,八王子市
R7,13,東京都,1309,南多摩,R7-1309-16,1309東京都南多摩,16,3,町田市民病院,町田市
R7,13,東京都,1309,南多摩,R7-1309-17,1309東京都南多摩,17,4,日本医科大学多摩永山病院,多摩市
R7,13,東京都,1309,南多摩,R7-1309-18,1309東京都南多摩,18,5,医療法人財団 明理会 鶴川サナトリウム病院,町田市
R7,13,東京都,1309,南多摩,R7-1309-19,1309東京都南多摩,19,6,医療法人社団永生会永生病院,八王子市
R7,13,東京都,1309,南多摩,R7-1309-20,1309東京都南多摩,20,7,日野市立病院,日野市
R7,13,東京都,1309,南多摩,R7-1309-21,1309東京都南多摩,21,8,稲城市立病院,稲城市
R7,13,東京都,1309,南多摩,R7-1309-22,1309東京都南多摩,22,9,地方独立行政法人東京都立病院機構　東京都立多摩南部地域病院,多摩市
R7,13,東京都,1309,南多摩,R7-1309-23,1309東京都南多摩,23,10,医療法人財団敬寿会 相武病院,八王子市
R7,13,東京都,1309,南多摩,R7-1309-24,1309東京都南多摩,24,11,社会福祉法人日本心身障害児協会 島田療育センター,多摩市
R7,13,東京都,1309,南多摩,R7-1309-25,1309東京都南多摩,25,12,医療法人社団慶泉会 町田慶泉病院,町田市
R7,13,東京都,1309,南多摩,R7-1309-26,1309東京都南多摩,26,13,医療法人社団回心会 回心堂第二病院,日野市
R7,13,東京都,1309,南多摩,R7-1309-27,1309東京都南多摩,27,14,医療法人社団慶成会 よみうりランド慶友病院,稲城市
R7,13,東京都,1309,南多摩,R7-1309-28,1309東京都南多摩,28,15,社会医療法人社団正志会 南町田病院,町田市
R7,13,東京都,1309,南多摩,R7-1309-29,1309東京都南多摩,29,16,医療法人社団永生会 みなみ野病院,八王子市
R7,13,東京都,1309,南多摩,R7-1309-30,1309東京都南多摩,30,17,ふれあい町田ホスピタル,町田市
R7,13,東京都,1309,南多摩,R7-1309-31,1309東京都南多摩,31,18,医療法人社団幸隆会　多摩丘陵病院,町田市
R7,13,東京都,1309,南多摩,R7-1309-32,1309東京都南多摩,32,19,AOI八王子病院,八王子市
R7,13,東京都,1309,南多摩,R7-1309-33,1309東京都南多摩,33,20,医療法人社団三医会 鶴川記念病院,町田市
R7,13,東京都,1309,南多摩,R7-1309-34,1309東京都南多摩,34,21,天本病院,多摩市
R7,13,東京都,1309,南多摩,R7-1309-35,1309東京都南多摩,35,22,医療法人社団清智会 清智会記念病院,八王子市
R7,13,東京都,1309,南多摩,R7-1309-36,1309東京都南多摩,36,23,医療法人社団永生会 南多摩病院,八王子市
R7,13,東京都,1309,南多摩,R7-1309-37,1309東京都南多摩,37,24,医療法人社団芙蓉会 ふよう病院,町田市
R7,13,東京都,1309,南多摩,R7-1309-38,1309東京都南多摩,38,25,八王子保健生活協同組合城山病院,八王子市
R7,13,東京都,1309,南多摩,R7-1309-39,1309東京都南多摩,39,26,一般財団法人仁和会総合病院,八王子市
R7,13,東京都,1309,南多摩,R7-1309-40,1309東京都南多摩,40,27,医療法人社団東光会 八王子山王病院,八王子市
R7,13,東京都,1309,南多摩,R7-1309-41,1309東京都南多摩,41,28,医療法人社団玉栄会東京天使病院,八王子市
R7,13,東京都,1309,南多摩,R7-1309-42,1309東京都南多摩,42,29,医療法人社団創生会 町田病院,町田市
R7,13,東京都,1309,南多摩,R7-1309-43,1309東京都南多摩,43,30,医療法人社団三医会 鶴川リハビリテーション病院,町田市
R7,13,東京都,1309,南多摩,R7-1309-44,1309東京都南多摩,44,31,グレイス病院,日野市
R7,13,東京都,1309,南多摩,R7-1309-45,1309東京都南多摩,45,32,医療法人財団興和会 右田病院,八王子市
R7,13,東京都,1309,南多摩,R7-1309-46,1309東京都南多摩,46,33,医療法人社団幸隆会 多摩丘陵リハビリテーション病院,町田市
R7,13,東京都,1309,南多摩,R7-1309-47,1309東京都南多摩,47,34,医療法人社団慶晃会　南山リハビリテーション病院,稲城市
R7,13,東京都,1309,南多摩,R7-1309-48,1309東京都南多摩,48,35,医療法人社団小松会聖パウロ病院,八王子市
R7,13,東京都,1309,南多摩,R7-1309-49,1309東京都南多摩,49,36,医療法人財団中山会 八王子消化器病院,八王子市
R7,13,東京都,1309,南多摩,R7-1309-50,1309東京都南多摩,50,37,あけぼの病院,町田市
R7,13,東京都,1309,南多摩,R7-1309-51,1309東京都南多摩,51,38,医療法人社団康明会 康明会病院,日野市
R7,13,東京都,1309,南多摩,R7-1309-52,1309東京都南多摩,52,39,医療法人社団ＫＮＩ北原リハビリテーション病院,八王子市
R7,13,東京都,1309,南多摩,R7-1309-53,1309東京都南多摩,53,40,医社）松友会 上相原病院,町田市
R7,13,東京都,1309,南多摩,R7-1309-54,1309東京都南多摩,54,41,医療法人社団ＫＮＩ北原国際病院,八王子市
R7,13,東京都,1309,南多摩,R7-1309-55,1309東京都南多摩,55,42,医療法人永寿会恩方病院,八王子市
R7,13,東京都,1309,南多摩,R7-1309-56,1309東京都南多摩,56,43,特定医療法人社団研精会稲城台病院,稲城市
R7,13,東京都,1309,南多摩,R7-1309-57,1309東京都南多摩,57,44,一般財団法人ひふみ会 まちだ丘の上病院,町田市
R7,13,東京都,1309,南多摩,R7-1309-58,1309東京都南多摩,58,45,医療法人財団仁光会真宮病院,八王子市
R7,13,東京都,1309,南多摩,R7-1309-59,1309東京都南多摩,59,46,医療法人社団純正会 八王子北部病院,八王子市
R7,13,東京都,1309,南多摩,R7-1309-60,1309東京都南多摩,60,47,医療法人社団厚潤会 日野駅前病院,日野市
R7,13,東京都,1309,南多摩,R7-1309-61,1309東京都南多摩,61,48,医療法人社団史世会 町田胃腸病院,町田市
R7,13,東京都,1309,南多摩,R7-1309-62,1309東京都南多摩,62,49,多摩平の森の病院,日野市
R7,13,東京都,1309,南多摩,R7-1309-63,1309東京都南多摩,63,50,医療法人社団親和会 野猿峠脳神経外科病院,八王子市
R7,13,東京都,1309,南多摩,R7-1309-64,1309東京都南多摩,64,51,医療法人社団明和会西八王子病院,八王子市
R7,13,東京都,1309,南多摩,R7-1309-65,1309東京都南多摩,65,52,医療法人永寿会陵北病院,八王子市
R7,13,東京都,1309,南多摩,R7-1309-66,1309東京都南多摩,66,53,横浜町田関節脊椎病院,町田市
R7,13,東京都,1309,南多摩,R7-1309-67,1309東京都南多摩,67,54,医療法人社団青雲会北野台病院,八王子市
R7,13,東京都,1309,南多摩,R7-1309-68,1309東京都南多摩,68,55,医療法人社団光生会 平川病院,八王子市
R7,13,東京都,1309,南多摩,R7-1309-69,1309東京都南多摩,69,56,医療法人社団新山会 希望の丘八王子病院,八王子市
R7,13,東京都,1309,南多摩,R7-1309-70,1309東京都南多摩,70,57,医療法人社団八九十会 高月整形外科病院,八王子市
R7,13,東京都,1309,南多摩,R7-1309-71,1309東京都南多摩,71,58,みなみ野循環器病院,八王子市
R7,13,東京都,1309,南多摩,R7-1309-72,1309東京都南多摩,72,59,八王子脊椎外科クリニック,八王子市
R7,13,東京都,1309,南多摩,R7-1309-73,1309東京都南多摩,73,60,医療法人社団慶幸会 ピーワンクリニック,八王子市
R7,13,東京都,1309,南多摩,R7-1309-74,1309東京都南多摩,74,61,医療法人社団三翔会　町田脳神経外科,町田市
R7,13,東京都,1309,南多摩,R7-1309-75,1309東京都南多摩,75,62,赤枝医院,多摩市
R7,13,東京都,1309,南多摩,R7-1309-76,1309東京都南多摩,76,63,医療法人社団秀巧会 稲城わかばクリニック,稲城市
R7,13,東京都,1309,南多摩,R7-1309-77,1309東京都南多摩,77,64,医療法人社団永康会 西八王子腎クリニック,八王子市
R7,13,東京都,1309,南多摩,R7-1309-78,1309東京都南多摩,78,65,医療法人社団JSI　八王子ひがし整形外科,八王子市
R7,13,東京都,1309,南多摩,R7-1309-79,1309東京都南多摩,79,66,多摩大腸肛門外科,八王子市
R7,13,東京都,1309,南多摩,R7-1309-80,1309東京都南多摩,80,67,医療法人社団楓の風在宅療養支援クリニックかえでの風,町田市
R7,13,東京都,1309,南多摩,R7-1309-81,1309東京都南多摩,81,68,医療法人愛育会　愛育ベスクリニック,町田市
R7,13,東京都,1309,南多摩,R7-1309-82,1309東京都南多摩,82,69,みなみ野グリーンゲイブルズクリニック,八王子市
R7,13,東京都,1309,南多摩,R7-1309-83,1309東京都南多摩,83,70,いわさレディースクリニック,八王子市
R7,13,東京都,1309,南多摩,R7-1309-84,1309東京都南多摩,84,71,医療法人社団福神会 柴田産婦人科医院,八王子市
R7,13,東京都,1309,南多摩,R7-1309-85,1309東京都南多摩,85,72,医療法人社団ルクール ベルンの森クリニック,町田市
R7,13,東京都,1309,南多摩,R7-1309-86,1309東京都南多摩,86,73,医療法人社団ルクール ベリエの丘クリニック,稲城市
R7,13,東京都,1309,南多摩,R7-1309-87,1309東京都南多摩,87,74,医療法人社団かねこ大腸肛門クリニック,町田市
R7,13,東京都,1309,南多摩,R7-1309-88,1309東京都南多摩,88,75,医療法人社団TONAN 都南産婦人科,町田市
R7,13,東京都,1309,南多摩,R7-1309-89,1309東京都南多摩,89,76,南東京ハートクリニック,町田市
R7,13,東京都,1309,南多摩,R7-1309-90,1309東京都南多摩,90,77,新クリニック,八王子市
R7,13,東京都,1309,南多摩,R7-1309-91,1309東京都南多摩,91,78,医療法人社団翔和仁誠会 東京みみ・はな・のどサージクリニック,多摩市
R7,13,東京都,1309,南多摩,R7-1309-92,1309東京都南多摩,92,79,聖ケ丘病院,多摩市
R7,13,東京都,1309,南多摩,R7-1309-93,1309東京都南多摩,93,80,医療法人社団朋樹会 御殿山クリニック,八王子市
R7,13,東京都,1309,南多摩,R7-1309-94,1309東京都南多摩,94,81,八王子スポーツ整形外科,八王子市
R7,13,東京都,1309,南多摩,R7-1309-95,1309東京都南多摩,95,82,医療法人社団百川会 林産婦人科,八王子市
R7,13,東京都,1309,南多摩,R7-1309-96,1309東京都南多摩,96,83,東京都八王子福祉園診療所,八王子市
R7,13,東京都,1309,南多摩,R7-1309-97,1309東京都南多摩,97,84,医療法人社団斗南堂 八王子クリニック新町,八王子市
R7,13,東京都,1309,南多摩,R7-1309-98,1309東京都南多摩,98,85,医療法人社団斗南堂 八王子クリニック,八王子市
R7,13,東京都,1309,南多摩,R7-1309-99,1309東京都南多摩,99,86,町田睡眠メディカルクリニック,町田市
R7,13,東京都,1309,南多摩,R7-1309-100,1309東京都南多摩,100,87,みなみ野レディースクリニック,八王子市
R7,13,東京都,1309,南多摩,R7-1309-101,1309東京都南多摩,101,88,医療法人社団恵優会 弐番街メディカルクリニック,八王子市
R7,13,東京都,1309,南多摩,R7-1309-102,1309東京都南多摩,102,89,玉川学園土屋クリニック,町田市
R7,13,東京都,1309,南多摩,R7-1309-103,1309東京都南多摩,103,90,医療法人社団誠裕會 鶴川レディースクリニック,町田市
R7,13,東京都,1309,南多摩,R7-1309-104,1309東京都南多摩,104,91,鶴川台ウィメンズクリニック,
R7,13,東京都,1310,北多摩西部,R7-1310-14,1310東京都北多摩西部,14,1,医療法人徳洲会 東京西徳洲会病院,昭島市
R7,13,東京都,1310,北多摩西部,R7-1310-15,1310東京都北多摩西部,15,2,独立行政法人国立病院機構災害医療センター,立川市
R7,13,東京都,1310,北多摩西部,R7-1310-16,1310東京都北多摩西部,16,3,国家公務員共済組合連合会立川病院,立川市
R7,13,東京都,1310,北多摩西部,R7-1310-17,1310東京都北多摩西部,17,4,独立行政法人国立病院機構村山医療センター,武蔵村山市
R7,13,東京都,1310,北多摩西部,R7-1310-18,1310東京都北多摩西部,18,5,武蔵村山病院,武蔵村山市
R7,13,東京都,1310,北多摩西部,R7-1310-19,1310東京都北多摩西部,19,6,立川相互病院,立川市
R7,13,東京都,1310,北多摩西部,R7-1310-20,1310東京都北多摩西部,20,7,東大和病院,東大和市
R7,13,東京都,1310,北多摩西部,R7-1310-21,1310東京都北多摩西部,21,8,社会福祉法人恩賜財団東京都同胞援護会 昭島病院,昭島市
R7,13,東京都,1310,北多摩西部,R7-1310-22,1310東京都北多摩西部,22,9,あきしま相互病院,昭島市
R7,13,東京都,1310,北多摩西部,R7-1310-23,1310東京都北多摩西部,23,10,医療法人社団 野村会 昭和の杜病院,昭島市
R7,13,東京都,1310,北多摩西部,R7-1310-24,1310東京都北多摩西部,24,11,社会福祉法人鶴風会東京小児療育病院,武蔵村山市
R7,13,東京都,1310,北多摩西部,R7-1310-25,1310東京都北多摩西部,25,12,医療法人社団竹口病院,昭島市
R7,13,東京都,1310,北多摩西部,R7-1310-26,1310東京都北多摩西部,26,13,社会福祉法人浴光会国分寺病院,国分寺市
R7,13,東京都,1310,北多摩西部,R7-1310-27,1310東京都北多摩西部,27,14,医療法人財団立川中央病院,立川市
R7,13,東京都,1310,北多摩西部,R7-1310-28,1310東京都北多摩西部,28,15,東京都立東大和療育センター,東大和市
R7,13,東京都,1310,北多摩西部,R7-1310-29,1310東京都北多摩西部,29,16,医療法人社団敏和会 西砂川病院,立川市
R7,13,東京都,1310,北多摩西部,R7-1310-30,1310東京都北多摩西部,30,17,（医社）啓医会 国分寺内科中央病院,国分寺市
R7,13,東京都,1310,北多摩西部,R7-1310-31,1310東京都北多摩西部,31,18,医療法人財団川野病院,立川市
R7,13,東京都,1310,北多摩西部,R7-1310-32,1310東京都北多摩西部,32,19,医療法人社団潮友会 うしお病院,昭島市
R7,13,東京都,1310,北多摩西部,R7-1310-33,1310東京都北多摩西部,33,20,医療法人社団清峰会 村山中央病院,武蔵村山市
R7,13,東京都,1310,北多摩西部,R7-1310-34,1310東京都北多摩西部,34,21,国立さくら病院,国立市
R7,13,東京都,1310,北多摩西部,R7-1310-35,1310東京都北多摩西部,35,22,医療法人社団五葉会　永井産婦人科病院,立川市
R7,13,東京都,1310,北多摩西部,R7-1310-36,1310東京都北多摩西部,36,23,医療法人社団大日会 太陽こども病院,昭島市
R7,13,東京都,1310,北多摩西部,R7-1310-37,1310東京都北多摩西部,37,24,医療法人社団長尽会 長久保病院,国立市
R7,13,東京都,1310,北多摩西部,R7-1310-38,1310東京都北多摩西部,38,25,医療法人社団鴻鶴会 内野産婦人科小児科,国立市
R7,13,東京都,1310,北多摩西部,R7-1310-39,1310東京都北多摩西部,39,26,医療法人社団正裕会井上レディースクリニック,立川市
R7,13,東京都,1310,北多摩西部,R7-1310-40,1310東京都北多摩西部,40,27,医療法人社団全心会　ぜんしん整形外科,昭島市
R7,13,東京都,1310,北多摩西部,R7-1310-41,1310東京都北多摩西部,41,28,医療法人社団　ルクール　ロビンの空クリニック,立川市
R7,13,東京都,1310,北多摩西部,R7-1310-42,1310東京都北多摩西部,42,29,石原レディースクリニック,昭島市
R7,13,東京都,1310,北多摩西部,R7-1310-43,1310東京都北多摩西部,43,30,医療法人社団俊生会阿部産婦人科,東大和市
R7,13,東京都,1310,北多摩西部,R7-1310-44,1310東京都北多摩西部,44,31,新家産婦人科医院,国分寺市
R7,13,東京都,1310,北多摩西部,R7-1310-45,1310東京都北多摩西部,45,32,医療法人社団いづる会 中神内科・呼吸器科クリニック,昭島市
R7,13,東京都,1310,北多摩西部,R7-1310-46,1310東京都北多摩西部,46,33,医療法人社団美力会 西国分寺レディースクリニック,国分寺市
R7,13,東京都,1311,北多摩南部,R7-1311-14,1311東京都北多摩南部,14,1,杏林大学医学部付属病院,三鷹市
R7,13,東京都,1311,北多摩南部,R7-1311-15,1311東京都北多摩南部,15,2,地方独立行政法人東京都立病院機構　東京都立多摩総合医療センター,府中市
R7,13,東京都,1311,北多摩南部,R7-1311-16,1311東京都北多摩南部,16,3,日本赤十字社東京都支部武蔵野赤十字病院,武蔵野市
R7,13,東京都,1311,北多摩南部,R7-1311-17,1311東京都北多摩南部,17,4,東京慈恵会医科大学附属第三病院,狛江市
R7,13,東京都,1311,北多摩南部,R7-1311-18,1311東京都北多摩南部,18,5,地方独立行政法人東京都立病院機構　東京都立小児総合医療センター,府中市
R7,13,東京都,1311,北多摩南部,R7-1311-19,1311東京都北多摩南部,19,6,地方独立行政法人東京都立病院機構　東京都立神経病院,府中市
R7,13,東京都,1311,北多摩南部,R7-1311-20,1311東京都北多摩南部,20,7,公益財団法人榊原記念財団附属榊原記念病院,府中市
R7,13,東京都,1311,北多摩南部,R7-1311-21,1311東京都北多摩南部,21,8,医療法人社団大坪会北多摩病院,調布市
R7,13,東京都,1311,北多摩南部,R7-1311-22,1311東京都北多摩南部,22,9,東京都立府中療育センター,府中市
R7,13,東京都,1311,北多摩南部,R7-1311-23,1311東京都北多摩南部,23,10,小金井リハビリテーション病院,小金井市
R7,13,東京都,1311,北多摩南部,R7-1311-24,1311東京都北多摩南部,24,11,府中恵仁会病院,府中市
R7,13,東京都,1311,北多摩南部,R7-1311-25,1311東京都北多摩南部,25,12,社会福祉法人聖ヨハネ会 桜町病院,小金井市
R7,13,東京都,1311,北多摩南部,R7-1311-26,1311東京都北多摩南部,26,13,医療法人社団大和会 多摩川病院,調布市
R7,13,東京都,1311,北多摩南部,R7-1311-27,1311東京都北多摩南部,27,14,医療法人社団　桐光会　調布病院,調布市
R7,13,東京都,1311,北多摩南部,R7-1311-28,1311東京都北多摩南部,28,15,医療法人財団慈生会 野村病院,三鷹市
R7,13,東京都,1311,北多摩南部,R7-1311-29,1311東京都北多摩南部,29,16,医療法人社団永寿会三鷹中央病院,三鷹市
R7,13,東京都,1311,北多摩南部,R7-1311-30,1311東京都北多摩南部,30,17,医療法人社団大日会 小金井太陽病院,小金井市
R7,13,東京都,1311,北多摩南部,R7-1311-31,1311東京都北多摩南部,31,18,医療法人社団成友会 小森病院,武蔵野市
R7,13,東京都,1311,北多摩南部,R7-1311-32,1311東京都北多摩南部,32,19,医療法人社団共済会共済会櫻井病院,府中市
R7,13,東京都,1311,北多摩南部,R7-1311-33,1311東京都北多摩南部,33,20,武蔵野陽和会病院,武蔵野市
R7,13,東京都,1311,北多摩南部,R7-1311-34,1311東京都北多摩南部,34,21,医療法人社団慈敬会府中医王病院,府中市
R7,13,東京都,1311,北多摩南部,R7-1311-35,1311東京都北多摩南部,35,22,医療法人社団総合会武蔵野中央病院,小金井市
R7,13,東京都,1311,北多摩南部,R7-1311-36,1311東京都北多摩南部,36,23,医療法人社団大慈会 慈秀病院,府中市
R7,13,東京都,1311,北多摩南部,R7-1311-37,1311東京都北多摩南部,37,24,医療法人社団東山会 調布東山病院,調布市
R7,13,東京都,1311,北多摩南部,R7-1311-38,1311東京都北多摩南部,38,25,３６６リハビリテーション病院,府中市
R7,13,東京都,1311,北多摩南部,R7-1311-39,1311東京都北多摩南部,39,26,医療法人社団飯野病院,調布市
R7,13,東京都,1311,北多摩南部,R7-1311-40,1311東京都北多摩南部,40,27,医療法人社団喜平会 府中病院,府中市
R7,13,東京都,1311,北多摩南部,R7-1311-41,1311東京都北多摩南部,41,28,三鷹北病院,武蔵野市
R7,13,東京都,1311,北多摩南部,R7-1311-42,1311東京都北多摩南部,42,29,医療法人社団青山会 青木病院,調布市
R7,13,東京都,1311,北多摩南部,R7-1311-43,1311東京都北多摩南部,43,30,医療法人社団東仁会 吉祥寺あさひ病院,武蔵野市
R7,13,東京都,1311,北多摩南部,R7-1311-44,1311東京都北多摩南部,44,31,一般財団法人天誠会 武蔵境病院,武蔵野市
R7,13,東京都,1311,北多摩南部,R7-1311-45,1311東京都北多摩南部,45,32,医療法人社団新愛会 東府中病院,府中市
R7,13,東京都,1311,北多摩南部,R7-1311-46,1311東京都北多摩南部,46,33,医療法人社団積信会長谷川病院,三鷹市
R7,13,東京都,1311,北多摩南部,R7-1311-47,1311東京都北多摩南部,47,34,医療法人社団實理会 東京国際大堀病院,三鷹市
R7,13,東京都,1311,北多摩南部,R7-1311-48,1311東京都北多摩南部,48,35,医療法人社団敬和慶友会　調布くびと腰の整形外科クリニック,調布市
R7,13,東京都,1311,北多摩南部,R7-1311-49,1311東京都北多摩南部,49,36,きりんウィメンズクリニック武蔵野,武蔵野市
R7,13,東京都,1311,北多摩南部,R7-1311-50,1311東京都北多摩南部,50,37,医療法人社団ＳＪＳ 金子レディースクリニック,調布市
R7,13,東京都,1311,北多摩南部,R7-1311-51,1311東京都北多摩南部,51,38,吉祥寺バースクリニック,武蔵野市
R7,13,東京都,1311,北多摩南部,R7-1311-52,1311東京都北多摩南部,52,39,医療法人社団松堂会 西原町脳神経外科クリニック,府中市
R7,13,東京都,1311,北多摩南部,R7-1311-53,1311東京都北多摩南部,53,40,医療法人社団均禮会府中の森土屋産婦人科,府中市
R7,13,東京都,1311,北多摩南部,R7-1311-54,1311東京都北多摩南部,54,41,医療法人社団慈心会 保坂産婦人科クリニック,狛江市
R7,13,東京都,1311,北多摩南部,R7-1311-55,1311東京都北多摩南部,55,42,久我治子クリニック,小金井市
R7,13,東京都,1311,北多摩南部,R7-1311-56,1311東京都北多摩南部,56,43,吉祥寺睡眠メディカルクリニック,武蔵野市
R7,13,東京都,1311,北多摩南部,R7-1311-57,1311東京都北多摩南部,57,44,医療法人社団スリープクリニック スリープクリニック調布,調布市
R7,13,東京都,1311,北多摩南部,R7-1311-58,1311東京都北多摩南部,58,45,医療法人社団聖雄会 真鍋眼科,府中市
R7,13,東京都,1311,北多摩南部,R7-1311-59,1311東京都北多摩南部,59,46,医療法人社団久優会 フェリーチェレディースクリニック吉祥寺,武蔵野市
R7,13,東京都,1312,北多摩北部,R7-1312-14,1312東京都北多摩北部,14,1,公立昭和病院,小平市
R7,13,東京都,1312,北多摩北部,R7-1312-15,1312東京都北多摩北部,15,2,独立行政法人国立病院機構東京病院,清瀬市
R7,13,東京都,1312,北多摩北部,R7-1312-16,1312東京都北多摩北部,16,3,国立療養所多摩全生園,東村山市
R7,13,東京都,1312,北多摩北部,R7-1312-17,1312東京都北多摩北部,17,4,地方独立行政法人東京都立病院機構　東京都立多摩北部医療センター,東村山市
R7,13,東京都,1312,北多摩北部,R7-1312-18,1312東京都北多摩北部,18,5,医療法人徳洲会 武蔵野徳洲会病院,西東京市
R7,13,東京都,1312,北多摩北部,R7-1312-19,1312東京都北多摩北部,19,6,国立研究開発法人 国立精神・神経医療研究センター病院,小平市
R7,13,東京都,1312,北多摩北部,R7-1312-20,1312東京都北多摩北部,20,7,公益財団法人結核予防会 複十字病院,清瀬市
R7,13,東京都,1312,北多摩北部,R7-1312-21,1312東京都北多摩北部,21,8,医療法人社団東光会西東京中央総合病院,西東京市
R7,13,東京都,1312,北多摩北部,R7-1312-22,1312東京都北多摩北部,22,9,医療法人社団苑田会滝山病院,東久留米市
R7,13,東京都,1312,北多摩北部,R7-1312-23,1312東京都北多摩北部,23,10,医療法人社団武蔵野会 小平中央リハビリテーション病院,小平市
R7,13,東京都,1312,北多摩北部,R7-1312-24,1312東京都北多摩北部,24,11,緑風荘病院,東村山市
R7,13,東京都,1312,北多摩北部,R7-1312-25,1312東京都北多摩北部,25,12,社会福祉法人信愛報恩会信愛病院,清瀬市
R7,13,東京都,1312,北多摩北部,R7-1312-26,1312東京都北多摩北部,26,13,医療法人社団時正会 佐々総合病院,西東京市
R7,13,東京都,1312,北多摩北部,R7-1312-27,1312東京都北多摩北部,27,14,公益財団法人結核予防会 新山手病院,東村山市
R7,13,東京都,1312,北多摩北部,R7-1312-28,1312東京都北多摩北部,28,15,秋津療育園,東村山市
R7,13,東京都,1312,北多摩北部,R7-1312-29,1312東京都北多摩北部,29,16,医療法人社団花みずき会 保谷厚生病院,西東京市
R7,13,東京都,1312,北多摩北部,R7-1312-30,1312東京都北多摩北部,30,17,医療法人財団保養会 竹丘病院,清瀬市
R7,13,東京都,1312,北多摩北部,R7-1312-31,1312東京都北多摩北部,31,18,緑成会病院,小平市
R7,13,東京都,1312,北多摩北部,R7-1312-32,1312東京都北多摩北部,32,19,むさしの救急病院,小平市
R7,13,東京都,1312,北多摩北部,R7-1312-33,1312東京都北多摩北部,33,20,社会福祉法人白十字会 東京白十字病院,東村山市
R7,13,東京都,1312,北多摩北部,R7-1312-34,1312東京都北多摩北部,34,21,南台病院,小平市
R7,13,東京都,1312,北多摩北部,R7-1312-35,1312東京都北多摩北部,35,22,社会福祉法人上宮会 清瀬リハビリテーション病院,清瀬市
R7,13,東京都,1312,北多摩北部,R7-1312-36,1312東京都北多摩北部,36,23,医療法人財団西武中央病院,東村山市
R7,13,東京都,1312,北多摩北部,R7-1312-37,1312東京都北多摩北部,37,24,緑成会整育園,小平市
R7,13,東京都,1312,北多摩北部,R7-1312-38,1312東京都北多摩北部,38,25,医療法人社団武蔵野会一橋病院,小平市
R7,13,東京都,1312,北多摩北部,R7-1312-39,1312東京都北多摩北部,39,26,ベトレヘムの園病院,清瀬市
R7,13,東京都,1312,北多摩北部,R7-1312-40,1312東京都北多摩北部,40,27,医療法人財団緑秀会 田無病院,西東京市
R7,13,東京都,1312,北多摩北部,R7-1312-41,1312東京都北多摩北部,41,28,救世軍清瀬病院,清瀬市
R7,13,東京都,1312,北多摩北部,R7-1312-42,1312東京都北多摩北部,42,29,医療法人社団雅会 山本病院,清瀬市
R7,13,東京都,1312,北多摩北部,R7-1312-43,1312東京都北多摩北部,43,30,医療法人財団きよせ旭が丘記念病院,清瀬市
R7,13,東京都,1312,北多摩北部,R7-1312-44,1312東京都北多摩北部,44,31,社会福祉法人多摩済生医療団 多摩済生病院,小平市
R7,13,東京都,1312,北多摩北部,R7-1312-45,1312東京都北多摩北部,45,32,医療法人社団レニア会篠宮正明記念アルテミスウイメンズホスピタル,東久留米市
R7,13,東京都,1312,北多摩北部,R7-1312-46,1312東京都北多摩北部,46,33,社会医療法人社団 愛有会 久米川病院,東村山市
R7,13,東京都,1312,北多摩北部,R7-1312-47,1312東京都北多摩北部,47,34,医療法人社団 山本・前田記念会 前田病院,東久留米市
R7,13,東京都,1312,北多摩北部,R7-1312-48,1312東京都北多摩北部,48,35,医療法人泰一会　多摩北整形外科病院,東村山市
R7,13,東京都,1312,北多摩北部,R7-1312-49,1312東京都北多摩北部,49,36,医療法人輝 ジュンレディースクリニック小平,小平市
R7,13,東京都,1312,北多摩北部,R7-1312-50,1312東京都北多摩北部,50,37,東村山診療所,東村山市
R7,13,東京都,1312,北多摩北部,R7-1312-51,1312東京都北多摩北部,51,38,黒目川診療所,東久留米市
R7,13,東京都,1312,北多摩北部,R7-1312-52,1312東京都北多摩北部,52,39,医療法人社団Ｌｅｉａｌｏｈａ 中野産婦人科医院,小平市
R7,13,東京都,1312,北多摩北部,R7-1312-53,1312東京都北多摩北部,53,40,医療法人社団 順洋会 武蔵野総合クリニック,清瀬市
R7,13,東京都,1312,北多摩北部,R7-1312-54,1312東京都北多摩北部,54,41,ペルフェ滝山マタニティクリニック,東久留米市
R7,13,東京都,1313,島しょ,R7-1313-14,1313東京都島しょ,14,1,国民健康保険町立八丈病院,八丈町
R7,13,東京都,1313,島しょ,R7-1313-15,1313東京都島しょ,15,2,大島医療センター,大島町
R7,13,東京都,1313,島しょ,R7-1313-16,1313東京都島しょ,16,3,三宅村国民健康保険直営中央診療所,三宅村
R7,13,東京都,1313,島しょ,R7-1313-17,1313東京都島しょ,17,4,小笠原村診療所,小笠原村
R7,13,東京都,1313,島しょ,R7-1313-18,1313東京都島しょ,18,5,新島村国民健康保険本村診療所,新島村
R7,13,東京都,1313,島しょ,R7-1313-19,1313東京都島しょ,19,6,神津島村国民健康保険直営診療所,神津島村
R7,13,東京都,1313,島しょ,R7-1313-20,1313東京都島しょ,20,7,小笠原村母島診療所,小笠原村
R7,13,東京都,1313,島しょ,R7-1313-21,1313東京都島しょ,21,8,新島村国民健康保険式根島診療所,新島村
R7,13,東京都,1313,島しょ,R7-1313-22,1313東京都島しょ,22,9,御蔵島村国民健康保険直営御蔵島診療所,御蔵島村
R7,13,東京都,1313,島しょ,R7-1313-23,1313東京都島しょ,23,10,青ヶ島村 国民健康保険 青ヶ島診療所,青ヶ島村
R7,14,神奈川県,1404,川崎北部,R7-1404-14,1404神奈川県川崎北部,14,1,聖マリアンナ医科大学病院,川崎市宮前区
R7,14,神奈川県,1404,川崎北部,R7-1404-15,1404神奈川県川崎北部,15,2,医療法人社団三成会 新百合ヶ丘総合病院,川崎市麻生区
R7,14,神奈川県,1404,川崎北部,R7-1404-16,1404神奈川県川崎北部,16,3,帝京大学医学部附属溝口病院,川崎市高津区
R7,14,神奈川県,1404,川崎北部,R7-1404-17,1404神奈川県川崎北部,17,4,川崎市立多摩病院,川崎市多摩区
R7,14,神奈川県,1404,川崎北部,R7-1404-18,1404神奈川県川崎北部,18,5,虎の門病院分院,川崎市高津区
R7,14,神奈川県,1404,川崎北部,R7-1404-19,1404神奈川県川崎北部,19,6,柿生記念病院,川崎市麻生区
R7,14,神奈川県,1404,川崎北部,R7-1404-20,1404神奈川県川崎北部,20,7,総合高津中央病院,川崎市高津区
R7,14,神奈川県,1404,川崎北部,R7-1404-21,1404神奈川県川崎北部,21,8,医療法人社団晃進会 たま日吉台病院,川崎市麻生区
R7,14,神奈川県,1404,川崎北部,R7-1404-22,1404神奈川県川崎北部,22,9,医療法人社団総生会 麻生総合病院,川崎市麻生区
R7,14,神奈川県,1404,川崎北部,R7-1404-23,1404神奈川県川崎北部,23,10,川崎田園都市病院,川崎市麻生区
R7,14,神奈川県,1404,川崎北部,R7-1404-24,1404神奈川県川崎北部,24,11,医療法人社団総生会麻生リハビリ総合病院,川崎市麻生区
R7,14,神奈川県,1404,川崎北部,R7-1404-25,1404神奈川県川崎北部,25,12,医療法人社団晃進会 川崎みどりの病院,川崎市麻生区
R7,14,神奈川県,1404,川崎北部,R7-1404-26,1404神奈川県川崎北部,26,13,重症児・者福祉医療施設ソレイユ川崎,川崎市麻生区
R7,14,神奈川県,1404,川崎北部,R7-1404-27,1404神奈川県川崎北部,27,14,医療法人愛生会 有馬病院,川崎市宮前区
R7,14,神奈川県,1404,川崎北部,R7-1404-28,1404神奈川県川崎北部,28,15,医療法人社団輔仁会 片倉病院,川崎市高津区
R7,14,神奈川県,1404,川崎北部,R7-1404-29,1404神奈川県川崎北部,29,16,鷺沼産婦人科医院,川崎市宮前区
R7,14,神奈川県,1404,川崎北部,R7-1404-30,1404神奈川県川崎北部,30,17,医療法人社団大和会 百合丘外科産婦人科,川崎市麻生区
R7,14,神奈川県,1404,川崎北部,R7-1404-31,1404神奈川県川崎北部,31,18,渡辺クリニック,川崎市麻生区
R7,14,神奈川県,1404,川崎北部,R7-1404-32,1404神奈川県川崎北部,32,19,医療法人社団和啓会 メディクスクリニック溝の口,川崎市高津区
R7,14,神奈川県,1404,川崎北部,R7-1404-33,1404神奈川県川崎北部,33,20,芥川バースクリニック,川崎市麻生区
R7,14,神奈川県,1404,川崎北部,R7-1404-34,1404神奈川県川崎北部,34,21,医療法人社団亮友会 福住医院,川崎市高津区
R7,14,神奈川県,1404,川崎北部,R7-1404-35,1404神奈川県川崎北部,35,22,医療法人社団　健伸会　さくらクリニック,川崎市麻生区
R7,14,神奈川県,1404,川崎北部,R7-1404-36,1404神奈川県川崎北部,36,23,渡部産婦人科医院,川崎市高津区
R7,14,神奈川県,1404,川崎北部,R7-1404-37,1404神奈川県川崎北部,37,24,出沢明ＰＥＤクリニック,川崎市多摩区
R7,14,神奈川県,1404,川崎北部,R7-1404-38,1404神奈川県川崎北部,38,25,いばらきレディースクリニック,川崎市麻生区
R7,14,神奈川県,1405,川崎南部,R7-1405-14,1405神奈川県川崎南部,14,1,川崎市立川崎病院,川崎市川崎区
R7,14,神奈川県,1405,川崎南部,R7-1405-15,1405神奈川県川崎南部,15,2,関東労災病院,川崎市中原区
R7,14,神奈川県,1405,川崎南部,R7-1405-16,1405神奈川県川崎南部,16,3,日本医科大学武蔵小杉病院,川崎市中原区
R7,14,神奈川県,1405,川崎南部,R7-1405-17,1405神奈川県川崎南部,17,4,日本鋼管病院,川崎市川崎区
R7,14,神奈川県,1405,川崎南部,R7-1405-18,1405神奈川県川崎南部,18,5,川崎市立井田病院,川崎市中原区
R7,14,神奈川県,1405,川崎南部,R7-1405-19,1405神奈川県川崎南部,19,6,AOI国際病院,川崎市川崎区
R7,14,神奈川県,1405,川崎南部,R7-1405-20,1405神奈川県川崎南部,20,7,社会医療法人財団石心会 川崎幸病院,川崎市幸区
R7,14,神奈川県,1405,川崎南部,R7-1405-21,1405神奈川県川崎南部,21,8,川崎医療生活協同組合 川崎協同病院,川崎市川崎区
R7,14,神奈川県,1405,川崎南部,R7-1405-22,1405神奈川県川崎南部,22,9,太田総合病院,川崎市川崎区
R7,14,神奈川県,1405,川崎南部,R7-1405-23,1405神奈川県川崎南部,23,10,総合川崎臨港病院,川崎市川崎区
R7,14,神奈川県,1405,川崎南部,R7-1405-24,1405神奈川県川崎南部,24,11,総合新川橋病院,川崎市川崎区
R7,14,神奈川県,1405,川崎南部,R7-1405-25,1405神奈川県川崎南部,25,12,宮川病院,川崎市川崎区
R7,14,神奈川県,1405,川崎南部,R7-1405-26,1405神奈川県川崎南部,26,13,京浜総合病院,川崎市中原区
R7,14,神奈川県,1405,川崎南部,R7-1405-27,1405神奈川県川崎南部,27,14,医療法人社団育成会 鹿島田病院,川崎市幸区
R7,14,神奈川県,1405,川崎南部,R7-1405-28,1405神奈川県川崎南部,28,15,恒春会 馬嶋病院,川崎市川崎区
R7,14,神奈川県,1405,川崎南部,R7-1405-29,1405神奈川県川崎南部,29,16,医療法人社団 慶友会 第一病院,川崎市川崎区
R7,14,神奈川県,1405,川崎南部,R7-1405-30,1405神奈川県川崎南部,30,17,社会医療法人財団石心会 川崎地域ケア病院,川崎市幸区
R7,14,神奈川県,1405,川崎南部,R7-1405-31,1405神奈川県川崎南部,31,18,医療法人社団慶真会川崎中央クリニック,川崎市幸区
R7,14,神奈川県,1405,川崎南部,R7-1405-32,1405神奈川県川崎南部,32,19,医療法人社団悠悠会 島脳神経外科整形外科医院,川崎市中原区
R7,14,神奈川県,1405,川崎南部,R7-1405-33,1405神奈川県川崎南部,33,20,はぐくみ母子クリニック,川崎市中原区
R7,14,神奈川県,1405,川崎南部,R7-1405-34,1405神奈川県川崎南部,34,21,北村医院,川崎市中原区
R7,14,神奈川県,1405,川崎南部,R7-1405-35,1405神奈川県川崎南部,35,22,大江医院,川崎市川崎区
R7,14,神奈川県,1405,川崎南部,R7-1405-36,1405神奈川県川崎南部,36,23,太田総合病院記念研究所附属診療所,川崎市川崎区
R7,14,神奈川県,1405,川崎南部,R7-1405-37,1405神奈川県川崎南部,37,24,生駒クリニック,川崎市幸区
R7,14,神奈川県,1405,川崎南部,R7-1405-38,1405神奈川県川崎南部,38,25,入江医院,川崎市川崎区
R7,14,神奈川県,1405,川崎南部,R7-1405-39,1405神奈川県川崎南部,39,26,医療法人敬愛会 すずき耳鼻咽喉科クリニック,川崎市中原区
R7,14,神奈川県,1406,横須賀・三浦,R7-1406-14,1406神奈川県横須賀・三浦,14,1,国家公務員共済組合連合会 横須賀共済病院,横須賀市
R7,14,神奈川県,1406,横須賀・三浦,R7-1406-15,1406神奈川県横須賀・三浦,15,2,医療法人徳洲会 湘南鎌倉総合病院,鎌倉市
R7,14,神奈川県,1406,横須賀・三浦,R7-1406-16,1406神奈川県横須賀・三浦,16,3,横須賀市立総合医療センター,横須賀市
R7,14,神奈川県,1406,横須賀・三浦,R7-1406-17,1406神奈川県横須賀・三浦,17,4,横須賀市立市民病院,横須賀市
R7,14,神奈川県,1406,横須賀・三浦,R7-1406-18,1406神奈川県横須賀・三浦,18,5,医療法人社団聖ルカ会 パシフィックホスピタル,横須賀市
R7,14,神奈川県,1406,横須賀・三浦,R7-1406-19,1406神奈川県横須賀・三浦,19,6,大船中央病院,鎌倉市
R7,14,神奈川県,1406,横須賀・三浦,R7-1406-20,1406神奈川県横須賀・三浦,20,7,医療法人徳洲会 清川病院,鎌倉市
R7,14,神奈川県,1406,横須賀・三浦,R7-1406-21,1406神奈川県横須賀・三浦,21,8,社会福祉法人 日本医療伝道会 総合病院 衣笠病院,横須賀市
R7,14,神奈川県,1406,横須賀・三浦,R7-1406-22,1406神奈川県横須賀・三浦,22,9,聖ヨゼフ病院,横須賀市
R7,14,神奈川県,1406,横須賀・三浦,R7-1406-23,1406神奈川県横須賀・三浦,23,10,社会福祉法人湘南福祉協会総合病院湘南病院,横須賀市
R7,14,神奈川県,1406,横須賀・三浦,R7-1406-24,1406神奈川県横須賀・三浦,24,11,医療法人大樹会 ふれあい鎌倉ホスピタル,鎌倉市
R7,14,神奈川県,1406,横須賀・三浦,R7-1406-25,1406神奈川県横須賀・三浦,25,12,医療法人湘和会 湘南記念病院,鎌倉市
R7,14,神奈川県,1406,横須賀・三浦,R7-1406-26,1406神奈川県横須賀・三浦,26,13,三浦市立病院,三浦市
R7,14,神奈川県,1406,横須賀・三浦,R7-1406-27,1406神奈川県横須賀・三浦,27,14,鎌倉リハビリテーション聖テレジア病院,鎌倉市
R7,14,神奈川県,1406,横須賀・三浦,R7-1406-28,1406神奈川県横須賀・三浦,28,15,鈴木病院,鎌倉市
R7,14,神奈川県,1406,横須賀・三浦,R7-1406-29,1406神奈川県横須賀・三浦,29,16,自衛隊横須賀病院,横須賀市
R7,14,神奈川県,1406,横須賀・三浦,R7-1406-30,1406神奈川県横須賀・三浦,30,17,医療法人 横浜未来ヘルスケアシステム よこすか浦賀病院,横須賀市
R7,14,神奈川県,1406,横須賀・三浦,R7-1406-31,1406神奈川県横須賀・三浦,31,18,医療法人社団柏信会 青木病院,逗子市
R7,14,神奈川県,1406,横須賀・三浦,R7-1406-32,1406神奈川県横須賀・三浦,32,19,医療法人徳洲会葉山ハートセンター,葉山町
R7,14,神奈川県,1406,横須賀・三浦,R7-1406-33,1406神奈川県横須賀・三浦,33,20,一般財団法人鎌倉病院,鎌倉市
R7,14,神奈川県,1406,横須賀・三浦,R7-1406-34,1406神奈川県横須賀・三浦,34,21,鎌倉ヒロ病院,鎌倉市
R7,14,神奈川県,1406,横須賀・三浦,R7-1406-35,1406神奈川県横須賀・三浦,35,22,鎌倉療育医療センター小さき花の園,鎌倉市
R7,14,神奈川県,1406,横須賀・三浦,R7-1406-36,1406神奈川県横須賀・三浦,36,23,ライフゆう,横須賀市
R7,14,神奈川県,1406,横須賀・三浦,R7-1406-37,1406神奈川県横須賀・三浦,37,24,医療法人財団 額田記念会 額田記念病院,鎌倉市
R7,14,神奈川県,1406,横須賀・三浦,R7-1406-38,1406神奈川県横須賀・三浦,38,25,独立行政法人国立病院機構久里浜医療センター,横須賀市
R7,14,神奈川県,1406,横須賀・三浦,R7-1406-39,1406神奈川県横須賀・三浦,39,26,医療法人社団則天会 逗子病院,逗子市
R7,14,神奈川県,1406,横須賀・三浦,R7-1406-40,1406神奈川県横須賀・三浦,40,27,神奈川歯科大学附属病院,横須賀市
R7,14,神奈川県,1406,横須賀・三浦,R7-1406-41,1406神奈川県横須賀・三浦,41,28,後藤産婦人科医院,横須賀市
R7,14,神奈川県,1406,横須賀・三浦,R7-1406-42,1406神奈川県横須賀・三浦,42,29,社会福祉法人阿部睦会 共楽荘診療所,横須賀市
R7,14,神奈川県,1406,横須賀・三浦,R7-1406-43,1406神奈川県横須賀・三浦,43,30,医療法人徳洲会　湘南鎌倉人工関節センター,鎌倉市
R7,14,神奈川県,1406,横須賀・三浦,R7-1406-44,1406神奈川県横須賀・三浦,44,31,道躰クリニック梶原,鎌倉市
R7,14,神奈川県,1406,横須賀・三浦,R7-1406-45,1406神奈川県横須賀・三浦,45,32,センペル湘南クリニック,横須賀市
R7,14,神奈川県,1406,横須賀・三浦,R7-1406-46,1406神奈川県横須賀・三浦,46,33,油壺エデンの園附属診療所,三浦市
R7,14,神奈川県,1406,横須賀・三浦,R7-1406-47,1406神奈川県横須賀・三浦,47,34,横須賀マタニティクリニック,横須賀市
R7,14,神奈川県,1406,横須賀・三浦,R7-1406-48,1406神奈川県横須賀・三浦,48,35,医療法人社団守巧会 矢内原医院,鎌倉市
R7,14,神奈川県,1406,横須賀・三浦,R7-1406-49,1406神奈川県横須賀・三浦,49,36,医療法人社団桜山会 丸山産婦人科,逗子市
R7,14,神奈川県,1406,横須賀・三浦,R7-1406-50,1406神奈川県横須賀・三浦,50,37,横須賀老人ホーム付属診療所,横須賀市
R7,14,神奈川県,1406,横須賀・三浦,R7-1406-51,1406神奈川県横須賀・三浦,51,38,内出医院,横須賀市
R7,14,神奈川県,1406,横須賀・三浦,R7-1406-52,1406神奈川県横須賀・三浦,52,39,ゆき呼吸器内科クリニック,横須賀市
R7,14,神奈川県,1406,横須賀・三浦,R7-1406-53,1406神奈川県横須賀・三浦,53,40,富永整形外科,横須賀市
R7,14,神奈川県,1406,横須賀・三浦,R7-1406-54,1406神奈川県横須賀・三浦,54,41,医療法人社団協愛会大船田園眼科,鎌倉市
R7,14,神奈川県,1407,湘南東部,R7-1407-14,1407神奈川県湘南東部,14,1,藤沢市民病院,藤沢市
R7,14,神奈川県,1407,湘南東部,R7-1407-15,1407神奈川県湘南東部,15,2,茅ヶ崎中央病院,茅ヶ崎市
R7,14,神奈川県,1407,湘南東部,R7-1407-16,1407神奈川県湘南東部,16,3,医療法人徳洲会 湘南藤沢徳洲会病院,藤沢市
R7,14,神奈川県,1407,湘南東部,R7-1407-17,1407神奈川県湘南東部,17,4,茅ヶ崎市立病院,茅ヶ崎市
R7,14,神奈川県,1407,湘南東部,R7-1407-18,1407神奈川県湘南東部,18,5,一般財団法人同友会藤沢湘南台病院,藤沢市
R7,14,神奈川県,1407,湘南東部,R7-1407-19,1407神奈川県湘南東部,19,6,湘南東部総合病院,茅ヶ崎市
R7,14,神奈川県,1407,湘南東部,R7-1407-20,1407神奈川県湘南東部,20,7,医療法人社団 健育会 湘南慶育病院,藤沢市
R7,14,神奈川県,1407,湘南東部,R7-1407-21,1407神奈川県湘南東部,21,8,クローバーホスピタル,藤沢市
R7,14,神奈川県,1407,湘南東部,R7-1407-22,1407神奈川県湘南東部,22,9,湘南中央病院,藤沢市
R7,14,神奈川県,1407,湘南東部,R7-1407-23,1407神奈川県湘南東部,23,10,医療法人徳洲会 茅ヶ崎徳洲会病院,茅ヶ崎市
R7,14,神奈川県,1407,湘南東部,R7-1407-24,1407神奈川県湘南東部,24,11,医療法人社団湘南健友会 長岡病院,茅ヶ崎市
R7,14,神奈川県,1407,湘南東部,R7-1407-25,1407神奈川県湘南東部,25,12,藤沢御所見病院,藤沢市
R7,14,神奈川県,1407,湘南東部,R7-1407-26,1407神奈川県湘南東部,26,13,湘南長寿園病院,藤沢市
R7,14,神奈川県,1407,湘南東部,R7-1407-27,1407神奈川県湘南東部,27,14,医療法人長谷川会湘南ホスピタル,藤沢市
R7,14,神奈川県,1407,湘南東部,R7-1407-28,1407神奈川県湘南東部,28,15,医療法人徳洲会山内病院,藤沢市
R7,14,神奈川県,1407,湘南東部,R7-1407-29,1407神奈川県湘南東部,29,16,宗教法人寒川神社 寒川病院,寒川町
R7,14,神奈川県,1407,湘南東部,R7-1407-30,1407神奈川県湘南東部,30,17,湘南第一病院,藤沢市
R7,14,神奈川県,1407,湘南東部,R7-1407-31,1407神奈川県湘南東部,31,18,村田会湘南大庭病院,藤沢市
R7,14,神奈川県,1407,湘南東部,R7-1407-32,1407神奈川県湘南東部,32,19,医療法人社団正拓会湘南太平台病院,藤沢市
R7,14,神奈川県,1407,湘南東部,R7-1407-33,1407神奈川県湘南東部,33,20,藤沢脳神経外科病院,藤沢市
R7,14,神奈川県,1407,湘南東部,R7-1407-34,1407神奈川県湘南東部,34,21,産婦人科吉田クリニック,藤沢市
R7,14,神奈川県,1407,湘南東部,R7-1407-35,1407神奈川県湘南東部,35,22,野中脳神経外科クリニック,藤沢市
R7,14,神奈川県,1407,湘南東部,R7-1407-36,1407神奈川県湘南東部,36,23,湘南鵠沼産婦人科,藤沢市
R7,14,神奈川県,1407,湘南東部,R7-1407-37,1407神奈川県湘南東部,37,24,メディカルパーク湘南,藤沢市
R7,14,神奈川県,1407,湘南東部,R7-1407-38,1407神奈川県湘南東部,38,25,みうらレディースクリニック,茅ヶ崎市
R7,14,神奈川県,1407,湘南東部,R7-1407-39,1407神奈川県湘南東部,39,26,医療法人社団芳晴会 愛児レディースクリニック,藤沢市
R7,14,神奈川県,1407,湘南東部,R7-1407-40,1407神奈川県湘南東部,40,27,下田産婦人科医院,茅ヶ崎市
R7,14,神奈川県,1407,湘南東部,R7-1407-41,1407神奈川県湘南東部,41,28,とやま産婦人科医院,藤沢市
R7,14,神奈川県,1407,湘南東部,R7-1407-42,1407神奈川県湘南東部,42,29,桜林産婦人科医院,藤沢市
R7,14,神奈川県,1407,湘南東部,R7-1407-43,1407神奈川県湘南東部,43,30,医療法人社団 藤順会 藤沢順天医院,藤沢市
R7,14,神奈川県,1407,湘南東部,R7-1407-44,1407神奈川県湘南東部,44,31,黒川産科婦人科医院,藤沢市
R7,14,神奈川県,1408,湘南西部,R7-1408-14,1408神奈川県湘南西部,14,1,東海大学医学部付属病院,伊勢原市
R7,14,神奈川県,1408,湘南西部,R7-1408-15,1408神奈川県湘南西部,15,2,医療法人社団三喜会 鶴巻温泉病院,秦野市
R7,14,神奈川県,1408,湘南西部,R7-1408-16,1408神奈川県湘南西部,16,3,国家公務員共済組合連合会 平塚共済病院,平塚市
R7,14,神奈川県,1408,湘南西部,R7-1408-17,1408神奈川県湘南西部,17,4,平塚市民病院,平塚市
R7,14,神奈川県,1408,湘南西部,R7-1408-18,1408神奈川県湘南西部,18,5,神奈川県厚生農業協同組合連合会 伊勢原協同病院,伊勢原市
R7,14,神奈川県,1408,湘南西部,R7-1408-19,1408神奈川県湘南西部,19,6,医療法人徳洲会湘南大磯病院,大磯町
R7,14,神奈川県,1408,湘南西部,R7-1408-20,1408神奈川県湘南西部,20,7,秦野赤十字病院,秦野市
R7,14,神奈川県,1408,湘南西部,R7-1408-21,1408神奈川県湘南西部,21,8,独立行政法人国立病院機構神奈川病院,秦野市
R7,14,神奈川県,1408,湘南西部,R7-1408-22,1408神奈川県湘南西部,22,9,医療法人研水会 高根台病院,平塚市
R7,14,神奈川県,1408,湘南西部,R7-1408-23,1408神奈川県湘南西部,23,10,医療法人社団水野会 平塚十全病院,平塚市
R7,14,神奈川県,1408,湘南西部,R7-1408-24,1408神奈川県湘南西部,24,11,医療法人社団三井会 伊勢原日向病院,伊勢原市
R7,14,神奈川県,1408,湘南西部,R7-1408-25,1408神奈川県湘南西部,25,12,社会福祉法人 恩賜財団済生会支部 神奈川県済生会湘南平塚病院,平塚市
R7,14,神奈川県,1408,湘南西部,R7-1408-26,1408神奈川県湘南西部,26,13,ふれあい平塚ホスピタル,平塚市
R7,14,神奈川県,1408,湘南西部,R7-1408-27,1408神奈川県湘南西部,27,14,医療法人杏林会 八木病院,秦野市
R7,14,神奈川県,1408,湘南西部,R7-1408-28,1408神奈川県湘南西部,28,15,くらた病院,平塚市
R7,14,神奈川県,1408,湘南西部,R7-1408-29,1408神奈川県湘南西部,29,16,医療法人社団 松和会 望星平塚クリニック,平塚市
R7,14,神奈川県,1408,湘南西部,R7-1408-30,1408神奈川県湘南西部,30,17,医療法人社団誠知会 誠知クリニック,伊勢原市
R7,14,神奈川県,1408,湘南西部,R7-1408-31,1408神奈川県湘南西部,31,18,医療法人ファインバース やはたウィメンズクリニック,伊勢原市
R7,14,神奈川県,1408,湘南西部,R7-1408-32,1408神奈川県湘南西部,32,19,医療法人社団慶水会前田産婦人科,平塚市
R7,14,神奈川県,1408,湘南西部,R7-1408-33,1408神奈川県湘南西部,33,20,医療法人社団光耀会 山本眼科医院,平塚市
R7,14,神奈川県,1408,湘南西部,R7-1408-34,1408神奈川県湘南西部,34,21,アクアベルクリニック,秦野市
R7,14,神奈川県,1408,湘南西部,R7-1408-35,1408神奈川県湘南西部,35,22,小清水産婦人科クリニック,平塚市
R7,14,神奈川県,1408,湘南西部,R7-1408-36,1408神奈川県湘南西部,36,23,おおたレディースクリニック,伊勢原市
R7,14,神奈川県,1408,湘南西部,R7-1408-37,1408神奈川県湘南西部,37,24,とりごしクリニック,平塚市
R7,14,神奈川県,1408,湘南西部,R7-1408-38,1408神奈川県湘南西部,38,25,新川クリニック,秦野市
R7,14,神奈川県,1409,県央,R7-1409-14,1409神奈川県県央,14,1,社会医療法人ジャパンメディカルアライアンス 海老名総合病院,海老名市
R7,14,神奈川県,1409,県央,R7-1409-15,1409神奈川県県央,15,2,大和市立病院,大和市
R7,14,神奈川県,1409,県央,R7-1409-16,1409神奈川県県央,16,3,社会医療法人ｼﾞｬﾊﾟﾝﾒﾃﾞｨｶﾙｱﾗｲｱﾝｽ 座間総合病院,座間市
R7,14,神奈川県,1409,県央,R7-1409-17,1409神奈川県県央,17,4,厚木市立病院,厚木市
R7,14,神奈川県,1409,県央,R7-1409-18,1409神奈川県県央,18,5,神奈川リハビリテーション病院,厚木市
R7,14,神奈川県,1409,県央,R7-1409-19,1409神奈川県県央,19,6,東名厚木病院,厚木市
R7,14,神奈川県,1409,県央,R7-1409-20,1409神奈川県県央,20,7,みどり野リハビリテーション病院,大和市
R7,14,神奈川県,1409,県央,R7-1409-21,1409神奈川県県央,21,8,医療法人徳洲会　湘南厚木病院,厚木市
R7,14,神奈川県,1409,県央,R7-1409-22,1409神奈川県県央,22,9,医療法人 徳洲会 大和徳洲会病院,大和市
R7,14,神奈川県,1409,県央,R7-1409-23,1409神奈川県県央,23,10,医療法人社団葵会 AOI七沢リハビリテーション病院,厚木市
R7,14,神奈川県,1409,県央,R7-1409-24,1409神奈川県県央,24,11,愛川北部病院,愛川町
R7,14,神奈川県,1409,県央,R7-1409-25,1409神奈川県県央,25,12,湘陽かしわ台病院,海老名市
R7,14,神奈川県,1409,県央,R7-1409-26,1409神奈川県県央,26,13,医療法人神奈川せいわ会 相武台リハビリテーション病院,座間市
R7,14,神奈川県,1409,県央,R7-1409-27,1409神奈川県県央,27,14,医療法人社団 柏綾会 綾瀬厚生病院,綾瀬市
R7,14,神奈川県,1409,県央,R7-1409-28,1409神奈川県県央,28,15,医療法人社団 哺育会 桜ヶ丘中央病院,大和市
R7,14,神奈川県,1409,県央,R7-1409-29,1409神奈川県県央,29,16,医療法人社団神愛会オアシス湘南病院,海老名市
R7,14,神奈川県,1409,県央,R7-1409-30,1409神奈川県県央,30,17,医療法人興生会 相模台病院,座間市
R7,14,神奈川県,1409,県央,R7-1409-31,1409神奈川県県央,31,18,南大和病院,大和市
R7,14,神奈川県,1409,県央,R7-1409-32,1409神奈川県県央,32,19,仁厚会病院,厚木市
R7,14,神奈川県,1409,県央,R7-1409-33,1409神奈川県県央,33,20,厚木佐藤病院,厚木市
R7,14,神奈川県,1409,県央,R7-1409-34,1409神奈川県県央,34,21,医療法人仁愛会近藤病院,厚木市
R7,14,神奈川県,1409,県央,R7-1409-35,1409神奈川県県央,35,22,社会医療法人三栄会 中央林間病院,大和市
R7,14,神奈川県,1409,県央,R7-1409-36,1409神奈川県県央,36,23,大和成和病院,大和市
R7,14,神奈川県,1409,県央,R7-1409-37,1409神奈川県県央,37,24,医療法人社団 さがみ野中央病院,海老名市
R7,14,神奈川県,1409,県央,R7-1409-38,1409神奈川県県央,38,25,医療法人鉄蕉会 亀田森の里病院,厚木市
R7,14,神奈川県,1409,県央,R7-1409-39,1409神奈川県県央,39,26,愛育病院,大和市
R7,14,神奈川県,1409,県央,R7-1409-40,1409神奈川県県央,40,27,医療法人社団一真会 座間厚生病院,座間市
R7,14,神奈川県,1409,県央,R7-1409-41,1409神奈川県県央,41,28,並木産婦人科クリニック,厚木市
R7,14,神奈川県,1409,県央,R7-1409-42,1409神奈川県県央,42,29,米澤外科内科,厚木市
R7,14,神奈川県,1409,県央,R7-1409-43,1409神奈川県県央,43,30,医療法人社団 公仁会 成和クリニック,大和市
R7,14,神奈川県,1409,県央,R7-1409-44,1409神奈川県県央,44,31,葉梨整形外科,海老名市
R7,14,神奈川県,1409,県央,R7-1409-45,1409神奈川県県央,45,32,医療法人社団厚成会海老名ハートクリニック,海老名市
R7,14,神奈川県,1409,県央,R7-1409-46,1409神奈川県県央,46,33,代田産婦人科,座間市
R7,14,神奈川県,1409,県央,R7-1409-47,1409神奈川県県央,47,34,馬來内科胃腸外科,座間市
R7,14,神奈川県,1409,県央,R7-1409-48,1409神奈川県県央,48,35,くりはらメディカルクリニック,座間市
R7,14,神奈川県,1409,県央,R7-1409-49,1409神奈川県県央,49,36,医療法人社団慈広会 矢崎胃腸外科,綾瀬市
R7,14,神奈川県,1409,県央,R7-1409-50,1409神奈川県県央,50,37,塩塚産婦人科,厚木市
R7,14,神奈川県,1409,県央,R7-1409-51,1409神奈川県県央,51,38,えびな産婦人科,海老名市
R7,14,神奈川県,1409,県央,R7-1409-52,1409神奈川県県央,52,39,医療法人 川口会 美和レディースクリニック,大和市
R7,14,神奈川県,1409,県央,R7-1409-53,1409神奈川県県央,53,40,厚木産婦人科,厚木市
R7,14,神奈川県,1409,県央,R7-1409-54,1409神奈川県県央,54,41,笹生循環器クリニック,厚木市
R7,14,神奈川県,1409,県央,R7-1409-55,1409神奈川県県央,55,42,会沢産婦人科医院,大和市
R7,14,神奈川県,1409,県央,R7-1409-56,1409神奈川県県央,56,43,海老名耳鼻咽喉科クリニック,海老名市
R7,14,神奈川県,1409,県央,R7-1409-57,1409神奈川県県央,57,44,小児科内科落合医院,厚木市
R7,14,神奈川県,1409,県央,R7-1409-58,1409神奈川県県央,58,45,ライオンデンタルクリニック,海老名市
R7,14,神奈川県,1410,相模原,R7-1410-14,1410神奈川県相模原,14,1,北里大学病院,相模原市南区
R7,14,神奈川県,1410,相模原,R7-1410-15,1410神奈川県相模原,15,2,独立行政法人国立病院機構 相模原病院,相模原市南区
R7,14,神奈川県,1410,相模原,R7-1410-16,1410神奈川県相模原,16,3,小松会病院,相模原市南区
R7,14,神奈川県,1410,相模原,R7-1410-17,1410神奈川県相模原,17,4,神奈川県厚生農業協同組合連合会相模原協同病院,相模原市緑区
R7,14,神奈川県,1410,相模原,R7-1410-18,1410神奈川県相模原,18,5,相和病院,相模原市緑区
R7,14,神奈川県,1410,相模原,R7-1410-19,1410神奈川県相模原,19,6,相模原南病院,相模原市南区
R7,14,神奈川県,1410,相模原,R7-1410-20,1410神奈川県相模原,20,7,総合相模更生病院,相模原市中央区
R7,14,神奈川県,1410,相模原,R7-1410-21,1410神奈川県相模原,21,8,医療法人社団清伸会 ふじの温泉病院,相模原市緑区
R7,14,神奈川県,1410,相模原,R7-1410-22,1410神奈川県相模原,22,9,独立行政法人地域医療機能推進機構 相模野病院,相模原市中央区
R7,14,神奈川県,1410,相模原,R7-1410-23,1410神奈川県相模原,23,10,AOI湘北病院,相模原市緑区
R7,14,神奈川県,1410,相模原,R7-1410-24,1410神奈川県相模原,24,11,さがみ林間病院,相模原市南区
R7,14,神奈川県,1410,相模原,R7-1410-25,1410神奈川県相模原,25,12,医療法人神奈川せいわ会相模大野リハビリテーション病院,相模原市南区
R7,14,神奈川県,1410,相模原,R7-1410-26,1410神奈川県相模原,26,13,渕野辺総合病院,相模原市中央区
R7,14,神奈川県,1410,相模原,R7-1410-27,1410神奈川県相模原,27,14,相模原友愛温泉病院,相模原市南区
R7,14,神奈川県,1410,相模原,R7-1410-28,1410神奈川県相模原,28,15,相模原中央病院,相模原市中央区
R7,14,神奈川県,1410,相模原,R7-1410-29,1410神奈川県相模原,29,16,相模原赤十字病院,相模原市緑区
R7,14,神奈川県,1410,相模原,R7-1410-30,1410神奈川県相模原,30,17,医療法人社団哺育会 さがみリハビリテーション病院,相模原市中央区
R7,14,神奈川県,1410,相模原,R7-1410-31,1410神奈川県相模原,31,18,医療法人財団明理会 相原病院,相模原市緑区
R7,14,神奈川県,1410,相模原,R7-1410-32,1410神奈川県相模原,32,19,医療法人 相愛会 相愛病院,相模原市南区
R7,14,神奈川県,1410,相模原,R7-1410-33,1410神奈川県相模原,33,20,医療法人社団悠心会 森田病院,相模原市緑区
R7,14,神奈川県,1410,相模原,R7-1410-34,1410神奈川県相模原,34,21,森下記念病院,相模原市南区
R7,14,神奈川県,1410,相模原,R7-1410-35,1410神奈川県相模原,35,22,医療法人社団仁和会 さがみ仁和会病院,相模原市中央区
R7,14,神奈川県,1410,相模原,R7-1410-36,1410神奈川県相模原,36,23,医療法人社団松寿会　丘整形外科病院,相模原市南区
R7,14,神奈川県,1410,相模原,R7-1410-37,1410神奈川県相模原,37,24,広瀬病院,相模原市緑区
R7,14,神奈川県,1410,相模原,R7-1410-38,1410神奈川県相模原,38,25,医療法人社団 白寿会 田名病院,相模原市中央区
R7,14,神奈川県,1410,相模原,R7-1410-39,1410神奈川県相模原,39,26,相模原療育園,相模原市南区
R7,14,神奈川県,1410,相模原,R7-1410-40,1410神奈川県相模原,40,27,晃友相模原病院,相模原市緑区
R7,14,神奈川県,1410,相模原,R7-1410-41,1410神奈川県相模原,41,28,医療法人社団仁恵会 黒河内病院,相模原市南区
R7,14,神奈川県,1410,相模原,R7-1410-42,1410神奈川県相模原,42,29,ワゲン療育病院長竹,相模原市緑区
R7,14,神奈川県,1410,相模原,R7-1410-43,1410神奈川県相模原,43,30,中村病院,相模原市中央区
R7,14,神奈川県,1410,相模原,R7-1410-44,1410神奈川県相模原,44,31,慈誠会病院,相模原市南区
R7,14,神奈川県,1410,相模原,R7-1410-45,1410神奈川県相模原,45,32,医療法人社団晃友会　山瀬整形外科,相模原市緑区
R7,14,神奈川県,1410,相模原,R7-1410-46,1410神奈川県相模原,46,33,医療法人社団三井会さがみ松が枝クリニック,相模原市南区
R7,14,神奈川県,1410,相模原,R7-1410-47,1410神奈川県相模原,47,34,医療法人社団光生会 さがみ循環器クリニック,相模原市南区
R7,14,神奈川県,1410,相模原,R7-1410-48,1410神奈川県相模原,48,35,さがみ生協眼科・内科,相模原市南区
R7,14,神奈川県,1410,相模原,R7-1410-49,1410神奈川県相模原,49,36,てるて産科クリニック,相模原市中央区
R7,14,神奈川県,1410,相模原,R7-1410-50,1410神奈川県相模原,50,37,医療法人社団央優会 央優会レディースクリニック,相模原市南区
R7,14,神奈川県,1410,相模原,R7-1410-51,1410神奈川県相模原,51,38,けい産婦人科クリニック,相模原市中央区
R7,14,神奈川県,1410,相模原,R7-1410-52,1410神奈川県相模原,52,39,にしさこレディースクリニック,相模原市緑区
R7,14,神奈川県,1411,県西,R7-1411-14,1411神奈川県県西,14,1,一般財団法人生活保健協会湯河原中央温泉病院,湯河原町
R7,14,神奈川県,1411,県西,R7-1411-15,1411神奈川県県西,15,2,小田原市立病院,小田原市
R7,14,神奈川県,1411,県西,R7-1411-16,1411神奈川県県西,16,3,医療法人勝又高台病院,開成町
R7,14,神奈川県,1411,県西,R7-1411-17,1411神奈川県県西,17,4,神奈川県立足柄上病院,松田町
R7,14,神奈川県,1411,県西,R7-1411-18,1411神奈川県県西,18,5,医療法人 同愛会 小澤病院,小田原市
R7,14,神奈川県,1411,県西,R7-1411-19,1411神奈川県県西,19,6,独立行政法人国立病院機構箱根病院,小田原市
R7,14,神奈川県,1411,県西,R7-1411-20,1411神奈川県県西,20,7,医療法人 小林病院,小田原市
R7,14,神奈川県,1411,県西,R7-1411-21,1411神奈川県県西,21,8,医療法人尽誠会 山近記念総合病院,小田原市
R7,14,神奈川県,1411,県西,R7-1411-22,1411神奈川県県西,22,9,独立行政法人地域医療機能推進機構 湯河原病院,湯河原町
R7,14,神奈川県,1411,県西,R7-1411-23,1411神奈川県県西,23,10,特定医療法人社団研精会 箱根リハビリテーション病院,箱根町
R7,14,神奈川県,1411,県西,R7-1411-24,1411神奈川県県西,24,11,湯河原胃腸病院,湯河原町
R7,14,神奈川県,1411,県西,R7-1411-25,1411神奈川県県西,25,12,西湘病院,小田原市
R7,14,神奈川県,1411,県西,R7-1411-26,1411神奈川県県西,26,13,医療法人邦友会 小田原循環器病院,小田原市
R7,14,神奈川県,1411,県西,R7-1411-27,1411神奈川県県西,27,14,医療法人社団綾和会 間中病院,小田原市
R7,14,神奈川県,1411,県西,R7-1411-28,1411神奈川県県西,28,15,医療法人社団明芳会北小田原病院,南足柄市
R7,14,神奈川県,1411,県西,R7-1411-29,1411神奈川県県西,29,16,大内病院,南足柄市
R7,14,神奈川県,1411,県西,R7-1411-30,1411神奈川県県西,30,17,太陽の門,小田原市
R7,14,神奈川県,1411,県西,R7-1411-31,1411神奈川県県西,31,18,医療法人社団 帰陽会 丹羽病院,小田原市
R7,14,神奈川県,1411,県西,R7-1411-32,1411神奈川県県西,32,19,医療法人社団三暉会 永井病院,小田原市
R7,14,神奈川県,1411,県西,R7-1411-33,1411神奈川県県西,33,20,佐藤病院,大井町
R7,14,神奈川県,1411,県西,R7-1411-34,1411神奈川県県西,34,21,日野原記念ピースハウス病院,中井町
R7,14,神奈川県,1411,県西,R7-1411-35,1411神奈川県県西,35,22,佐伯眼科クリニック,小田原市
R7,14,神奈川県,1411,県西,R7-1411-36,1411神奈川県県西,36,23,高木整形外科医院,小田原市
R7,14,神奈川県,1411,県西,R7-1411-37,1411神奈川県県西,37,24,山北中央診療所,山北町
R7,14,神奈川県,1411,県西,R7-1411-38,1411神奈川県県西,38,25,小田原マタニティクリニック,小田原市
R7,14,神奈川県,1411,県西,R7-1411-39,1411神奈川県県西,39,26,古橋産婦人科,小田原市
R7,14,神奈川県,1411,県西,R7-1411-40,1411神奈川県県西,40,27,開成駅光クリニック,開成町
R7,14,神奈川県,1411,県西,R7-1411-41,1411神奈川県県西,41,28,湯河原ゆうゆうの里診療所,湯河原町
R7,14,神奈川県,1411,県西,R7-1411-42,1411神奈川県県西,42,29,岡宮産婦人科医院,小田原市
R7,14,神奈川県,1412,横浜,R7-1412-14,1412神奈川県横浜,14,1,独立行政法人労働者健康安全機構 横浜労災病院,横浜市港北区
R7,14,神奈川県,1412,横浜,R7-1412-15,1412神奈川県横浜,15,2,公立大学法人 横浜市立大学附属病院,横浜市金沢区
R7,14,神奈川県,1412,横浜,R7-1412-16,1412神奈川県横浜,16,3,横浜市立市民病院,横浜市神奈川区
R7,14,神奈川県,1412,横浜,R7-1412-17,1412神奈川県横浜,17,4,公立大学法人横浜市立大学附属市民総合医療センター,横浜市南区
R7,14,神奈川県,1412,横浜,R7-1412-18,1412神奈川県横浜,18,5,昭和医科大学横浜市北部病院,横浜市都筑区
R7,14,神奈川県,1412,横浜,R7-1412-19,1412神奈川県横浜,19,6,昭和医科大学藤が丘病院,横浜市青葉区
R7,14,神奈川県,1412,横浜,R7-1412-20,1412神奈川県横浜,20,7,横浜市立みなと赤十字病院,横浜市中区
R7,14,神奈川県,1412,横浜,R7-1412-21,1412神奈川県横浜,21,8,国家公務員共済組合連合会 横浜南共済病院,横浜市金沢区
R7,14,神奈川県,1412,横浜,R7-1412-22,1412神奈川県横浜,22,9,医療法人社団 明芳会 横浜旭中央総合病院,横浜市旭区
R7,14,神奈川県,1412,横浜,R7-1412-23,1412神奈川県横浜,23,10,社会福祉法人恩賜財団済生会支部神奈川県済生会横浜市東部病院,横浜市鶴見区
R7,14,神奈川県,1412,横浜,R7-1412-24,1412神奈川県横浜,24,11,聖マリアンナ医科大学横浜市西部病院,横浜市旭区
R7,14,神奈川県,1412,横浜,R7-1412-25,1412神奈川県横浜,25,12,社会福祉法人恩賜財団済生会支部神奈川県済生会横浜市南部病院,横浜市港南区
R7,14,神奈川県,1412,横浜,R7-1412-26,1412神奈川県横浜,26,13,独立行政法人国立病院機構横浜医療センター,横浜市戸塚区
R7,14,神奈川県,1412,横浜,R7-1412-27,1412神奈川県横浜,27,14,国家公務員共済組合連合会 横浜栄共済病院,横浜市栄区
R7,14,神奈川県,1412,横浜,R7-1412-28,1412神奈川県横浜,28,15,神奈川県立がんセンター,横浜市旭区
R7,14,神奈川県,1412,横浜,R7-1412-29,1412神奈川県横浜,29,16,一般財団法人神奈川県警友会 けいゆう病院,横浜市西区
R7,14,神奈川県,1412,横浜,R7-1412-30,1412神奈川県横浜,30,17,神奈川県立こども医療センター,横浜市南区
R7,14,神奈川県,1412,横浜,R7-1412-31,1412神奈川県横浜,31,18,横浜田園都市病院,横浜市緑区
R7,14,神奈川県,1412,横浜,R7-1412-32,1412神奈川県横浜,32,19,聖隷横浜病院,横浜市保土ケ谷区
R7,14,神奈川県,1412,横浜,R7-1412-33,1412神奈川県横浜,33,20,医療法人社団明芳会イムス横浜東戸塚総合リハビリテーション病院,横浜市戸塚区
R7,14,神奈川県,1412,横浜,R7-1412-34,1412神奈川県横浜,34,21,汐田総合病院,横浜市鶴見区
R7,14,神奈川県,1412,横浜,R7-1412-35,1412神奈川県横浜,35,22,医療法人社団明芳会 横浜新都市脳神経外科病院,横浜市青葉区
R7,14,神奈川県,1412,横浜,R7-1412-36,1412神奈川県横浜,36,23,医療法人財団 明理会 東戸塚記念病院,横浜市戸塚区
R7,14,神奈川県,1412,横浜,R7-1412-37,1412神奈川県横浜,37,24,医療法人社団緑成会横浜総合病院,横浜市青葉区
R7,14,神奈川県,1412,横浜,R7-1412-38,1412神奈川県横浜,38,25,横浜市立脳卒中・神経脊椎センター,横浜市磯子区
R7,14,神奈川県,1412,横浜,R7-1412-39,1412神奈川県横浜,39,26,社会福祉法人 親善福祉協会 国際親善総合病院,横浜市泉区
R7,14,神奈川県,1412,横浜,R7-1412-40,1412神奈川県横浜,40,27,独立行政法人地域医療機能推進機構 横浜中央病院,横浜市中区
R7,14,神奈川県,1412,横浜,R7-1412-41,1412神奈川県横浜,41,28,医療法人社団三喜会横浜新緑総合病院,横浜市緑区
R7,14,神奈川県,1412,横浜,R7-1412-42,1412神奈川県横浜,42,29,独立行政法人地域医療機能推進機構 横浜保土ケ谷中央病院,横浜市保土ケ谷区
R7,14,神奈川県,1412,横浜,R7-1412-43,1412神奈川県横浜,43,30,新横浜リハビリテーション病院,横浜市神奈川区
R7,14,神奈川県,1412,横浜,R7-1412-44,1412神奈川県横浜,44,31,医療法人社団協友会横浜鶴見リハビリテーション病院,横浜市鶴見区
R7,14,神奈川県,1412,横浜,R7-1412-45,1412神奈川県横浜,45,32,康心会汐見台病院,横浜市磯子区
R7,14,神奈川県,1412,横浜,R7-1412-46,1412神奈川県横浜,46,33,医療法人社団 協友会 横浜なみきリハビリテーション病院,横浜市金沢区
R7,14,神奈川県,1412,横浜,R7-1412-47,1412神奈川県横浜,47,34,菊名記念病院,横浜市港北区
R7,14,神奈川県,1412,横浜,R7-1412-48,1412神奈川県横浜,48,35,医療法人社団元気会横浜病院,横浜市緑区
R7,14,神奈川県,1412,横浜,R7-1412-49,1412神奈川県横浜,49,36,ふれあい鶴見ホスピタル,横浜市鶴見区
R7,14,神奈川県,1412,横浜,R7-1412-50,1412神奈川県横浜,50,37,社会福祉法人恩賜財団済生会支部神奈川県済生会神奈川県病院,横浜市神奈川区
R7,14,神奈川県,1412,横浜,R7-1412-51,1412神奈川県横浜,51,38,赤枝病院,横浜市旭区
R7,14,神奈川県,1412,横浜,R7-1412-52,1412神奈川県横浜,52,39,関東病院,横浜市磯子区
R7,14,神奈川県,1412,横浜,R7-1412-53,1412神奈川県横浜,53,40,昭和医科大学藤が丘リハビリテーション病院,横浜市青葉区
R7,14,神奈川県,1412,横浜,R7-1412-54,1412神奈川県横浜,54,41,西横浜国際総合病院,横浜市戸塚区
R7,14,神奈川県,1412,横浜,R7-1412-55,1412神奈川県横浜,55,42,医療法人社団武蔵野会 牧野記念病院,横浜市緑区
R7,14,神奈川県,1412,横浜,R7-1412-56,1412神奈川県横浜,56,43,平成横浜病院,横浜市戸塚区
R7,14,神奈川県,1412,横浜,R7-1412-57,1412神奈川県横浜,57,44,磯子中央病院,横浜市磯子区
R7,14,神奈川県,1412,横浜,R7-1412-58,1412神奈川県横浜,58,45,神奈川県立循環器呼吸器病センター,横浜市金沢区
R7,14,神奈川県,1412,横浜,R7-1412-59,1412神奈川県横浜,59,46,医療法人社団 明芳会 江田記念病院,横浜市青葉区
R7,14,神奈川県,1412,横浜,R7-1412-60,1412神奈川県横浜,60,47,社会福祉法人恩賜財団済生会支部神奈川県済生会若草病院,横浜市金沢区
R7,14,神奈川県,1412,横浜,R7-1412-61,1412神奈川県横浜,61,48,横浜いずみ台病院,横浜市泉区
R7,14,神奈川県,1412,横浜,R7-1412-62,1412神奈川県横浜,62,49,医療法人社団博慈会青葉さわい病院,横浜市青葉区
R7,14,神奈川県,1412,横浜,R7-1412-63,1412神奈川県横浜,63,50,横浜医療福祉センター港南,横浜市港南区
R7,14,神奈川県,1412,横浜,R7-1412-64,1412神奈川県横浜,64,51,大口東総合病院,横浜市神奈川区
R7,14,神奈川県,1412,横浜,R7-1412-65,1412神奈川県横浜,65,52,医療法人社団 景翠会 金沢病院,横浜市金沢区
R7,14,神奈川県,1412,横浜,R7-1412-66,1412神奈川県横浜,66,53,ゆめが丘総合病院,横浜市泉区
R7,14,神奈川県,1412,横浜,R7-1412-67,1412神奈川県横浜,67,54,新中川病院,横浜市泉区
R7,14,神奈川県,1412,横浜,R7-1412-68,1412神奈川県横浜,68,55,横浜掖済会病院,横浜市中区
R7,14,神奈川県,1412,横浜,R7-1412-69,1412神奈川県横浜,69,56,鴨居病院,横浜市緑区
R7,14,神奈川県,1412,横浜,R7-1412-70,1412神奈川県横浜,70,57,ふれあい東戸塚ホスピタル,横浜市戸塚区
R7,14,神奈川県,1412,横浜,R7-1412-71,1412神奈川県横浜,71,58,医療法人社団恵生会 上白根病院,横浜市旭区
R7,14,神奈川県,1412,横浜,R7-1412-72,1412神奈川県横浜,72,59,医療法人横浜未来ヘルスケアシステム 戸塚共立第1病院,横浜市戸塚区
R7,14,神奈川県,1412,横浜,R7-1412-73,1412神奈川県横浜,73,60,医療法人社団協友会金沢文庫病院,横浜市金沢区
R7,14,神奈川県,1412,横浜,R7-1412-74,1412神奈川県横浜,74,61,医療法人社団明芳会　イムス横浜狩場脳神経外科病院,横浜市保土ケ谷区
R7,14,神奈川県,1412,横浜,R7-1412-75,1412神奈川県横浜,75,62,平和病院,横浜市鶴見区
R7,14,神奈川県,1412,横浜,R7-1412-76,1412神奈川県横浜,76,63,緑協和病院,横浜市青葉区
R7,14,神奈川県,1412,横浜,R7-1412-77,1412神奈川県横浜,77,64,医療法人社団一成会 たちばな台病院,横浜市青葉区
R7,14,神奈川県,1412,横浜,R7-1412-78,1412神奈川県横浜,78,65,山本記念病院,横浜市都筑区
R7,14,神奈川県,1412,横浜,R7-1412-79,1412神奈川県横浜,79,66,医療法人社団若葉会 つづき病院,横浜市都筑区
R7,14,神奈川県,1412,横浜,R7-1412-80,1412神奈川県横浜,80,67,医療法人社団武蔵野会 牧野リハビリテーション病院,横浜市緑区
R7,14,神奈川県,1412,横浜,R7-1412-81,1412神奈川県横浜,81,68,市ヶ尾病院,横浜市青葉区
R7,14,神奈川県,1412,横浜,R7-1412-82,1412神奈川県横浜,82,69,医療法人裕徳会　よこはま港南台地域包括ケア病院,横浜市港南区
R7,14,神奈川県,1412,横浜,R7-1412-83,1412神奈川県横浜,83,70,医療法人社団明芳会 イムス横浜旭リハビリテーション病院,横浜市旭区
R7,14,神奈川県,1412,横浜,R7-1412-84,1412神奈川県横浜,84,71,医療法人佐藤病院,横浜市南区
R7,14,神奈川県,1412,横浜,R7-1412-85,1412神奈川県横浜,85,72,大倉山記念病院,横浜市港北区
R7,14,神奈川県,1412,横浜,R7-1412-86,1412神奈川県横浜,86,73,重症心身障害児（者）施設横浜療育医療センター,横浜市旭区
R7,14,神奈川県,1412,横浜,R7-1412-87,1412神奈川県横浜,87,74,横浜鶴ヶ峰病院,横浜市旭区
R7,14,神奈川県,1412,横浜,R7-1412-88,1412神奈川県横浜,88,75,社会福祉法人 恩賜財団 済生会支部神奈川県済生会 東神奈川リハビリテーション病院,横浜市神奈川区
R7,14,神奈川県,1412,横浜,R7-1412-89,1412神奈川県横浜,89,76,一般財団法人育生会横浜病院,横浜市保土ケ谷区
R7,14,神奈川県,1412,横浜,R7-1412-90,1412神奈川県横浜,90,77,医療法人回生会 ふれあい横浜ホスピタル,横浜市中区
R7,14,神奈川県,1412,横浜,R7-1412-91,1412神奈川県横浜,91,78,新横浜こころのホスピタル,横浜市港北区
R7,14,神奈川県,1412,横浜,R7-1412-92,1412神奈川県横浜,92,79,医療法人横浜未来ヘルスケアシステム 戸塚共立第2病院,横浜市戸塚区
R7,14,神奈川県,1412,横浜,R7-1412-93,1412神奈川県横浜,93,80,医療法人横浜未来ヘルスケアシステム 戸塚共立いずみ野病院,横浜市泉区
R7,14,神奈川県,1412,横浜,R7-1412-94,1412神奈川県横浜,94,81,古川病院,横浜市神奈川区
R7,14,神奈川県,1412,横浜,R7-1412-95,1412神奈川県横浜,95,82,医療法人社団成仁会長田病院,横浜市港南区
R7,14,神奈川県,1412,横浜,R7-1412-96,1412神奈川県横浜,96,83,横浜東邦病院,横浜市港南区
R7,14,神奈川県,1412,横浜,R7-1412-97,1412神奈川県横浜,97,84,医療法人 恵仁会 松島病院,横浜市西区
R7,14,神奈川県,1412,横浜,R7-1412-98,1412神奈川県横浜,98,85,医療生協かながわ生活協同組合 戸塚病院,横浜市戸塚区
R7,14,神奈川県,1412,横浜,R7-1412-99,1412神奈川県横浜,99,86,医療法人健生会 朝倉病院,横浜市港南区
R7,14,神奈川県,1412,横浜,R7-1412-100,1412神奈川県横浜,100,87,医療法人社団美里会 瀬谷ふたつ橋病院,横浜市瀬谷区
R7,14,神奈川県,1412,横浜,R7-1412-101,1412神奈川県横浜,101,88,佐々木病院,横浜市鶴見区
R7,14,神奈川県,1412,横浜,R7-1412-102,1412神奈川県横浜,102,89,横浜甦生病院,横浜市瀬谷区
R7,14,神奈川県,1412,横浜,R7-1412-103,1412神奈川県横浜,103,90,医療法人博生会本牧病院,横浜市中区
R7,14,神奈川県,1412,横浜,R7-1412-104,1412神奈川県横浜,104,91,医療法人裕徳会 港南台病院,横浜市港南区
R7,14,神奈川県,1412,横浜,R7-1412-105,1412神奈川県横浜,105,92,医療法人産育会 堀病院,横浜市瀬谷区
R7,14,神奈川県,1412,横浜,R7-1412-106,1412神奈川県横浜,106,93,医療法人社団恵生会 竹山病院,横浜市緑区
R7,14,神奈川県,1412,横浜,R7-1412-107,1412神奈川県横浜,107,94,徳田病院,横浜市鶴見区
R7,14,神奈川県,1412,横浜,R7-1412-108,1412神奈川県横浜,108,95,森山病院,横浜市鶴見区
R7,14,神奈川県,1412,横浜,R7-1412-109,1412神奈川県横浜,109,96,医療法人社団新東京石心会 横浜石心会病院,横浜市鶴見区
R7,14,神奈川県,1412,横浜,R7-1412-110,1412神奈川県横浜,110,97,医療法人社団のう救会 脳神経外科東横浜病院,横浜市神奈川区
R7,14,神奈川県,1412,横浜,R7-1412-111,1412神奈川県横浜,111,98,新横浜母と子の病院,横浜市港北区
R7,14,神奈川県,1412,横浜,R7-1412-112,1412神奈川県横浜,112,99,医療法人すこやか 高田中央病院,横浜市港北区
R7,14,神奈川県,1412,横浜,R7-1412-113,1412神奈川県横浜,113,100,医療法人明和会亀田病院,横浜市西区
R7,14,神奈川県,1412,横浜,R7-1412-114,1412神奈川県横浜,114,101,公益財団法人明徳会 清水ヶ丘病院,横浜市南区
R7,14,神奈川県,1412,横浜,R7-1412-115,1412神奈川県横浜,115,102,医療法人社団 善仁会 横浜第一病院,横浜市西区
R7,14,神奈川県,1412,横浜,R7-1412-116,1412神奈川県横浜,116,103,医療法人社団厚済会 横浜じんせい病院,横浜市港南区
R7,14,神奈川県,1412,横浜,R7-1412-117,1412神奈川県横浜,117,104,医療法人社団仁明会 秋山脳神経外科病院,横浜市港南区
R7,14,神奈川県,1412,横浜,R7-1412-118,1412神奈川県横浜,118,105,仁恵病院,横浜市神奈川区
R7,14,神奈川県,1412,横浜,R7-1412-119,1412神奈川県横浜,119,106,生麦病院,横浜市鶴見区
R7,14,神奈川県,1412,横浜,R7-1412-120,1412神奈川県横浜,120,107,医療法人社団 片山整形外科記念病院,横浜市鶴見区
R7,14,神奈川県,1412,横浜,R7-1412-121,1412神奈川県横浜,121,108,東條ウイメンズホスピタル,横浜市港南区
R7,14,神奈川県,1412,横浜,R7-1412-122,1412神奈川県横浜,122,109,医療法人社団哺育会　横浜相原病院,横浜市瀬谷区
R7,14,神奈川県,1412,横浜,R7-1412-123,1412神奈川県横浜,123,110,鶴見大学歯学部附属病院,横浜市鶴見区
R7,14,神奈川県,1412,横浜,R7-1412-124,1412神奈川県横浜,124,111,十慈堂病院,横浜市戸塚区
R7,14,神奈川県,1412,横浜,R7-1412-125,1412神奈川県横浜,125,112,医療法人 愛生会 三ツ境病院,横浜市瀬谷区
R7,14,神奈川県,1412,横浜,R7-1412-126,1412神奈川県横浜,126,113,あおばウィメンズホスピタル,横浜市青葉区
R7,14,神奈川県,1412,横浜,R7-1412-127,1412神奈川県横浜,127,114,医療法人 晧慈会 浅川産婦人科医院,横浜市鶴見区
R7,14,神奈川県,1412,横浜,R7-1412-128,1412神奈川県横浜,128,115,神奈川歯科大学附属横浜クリニック,横浜市神奈川区
R7,14,神奈川県,1412,横浜,R7-1412-129,1412神奈川県横浜,129,116,北新横浜内科クリニック,横浜市港北区
R7,14,神奈川県,1412,横浜,R7-1412-130,1412神奈川県横浜,130,117,横浜市総合リハビリテーションセンター診療所,横浜市港北区
R7,14,神奈川県,1412,横浜,R7-1412-131,1412神奈川県横浜,131,118,綱島ゆめみ産婦人科,横浜市港北区
R7,14,神奈川県,1412,横浜,R7-1412-132,1412神奈川県横浜,132,119,医療法人社団 善仁会 かもい腎クリニック,横浜市緑区
R7,14,神奈川県,1412,横浜,R7-1412-133,1412神奈川県横浜,133,120,医療法人社団悠志会 横浜悠愛クリニック,横浜市青葉区
R7,14,神奈川県,1412,横浜,R7-1412-134,1412神奈川県横浜,134,121,元石川青葉クリニック,横浜市青葉区
R7,14,神奈川県,1412,横浜,R7-1412-135,1412神奈川県横浜,135,122,医療法人社団三井会 横浜つづき腎クリニック,横浜市都筑区
R7,14,神奈川県,1412,横浜,R7-1412-136,1412神奈川県横浜,136,123,港北メディカルクリニック,横浜市都筑区
R7,14,神奈川県,1412,横浜,R7-1412-137,1412神奈川県横浜,137,124,港北整形外科,横浜市都筑区
R7,14,神奈川県,1412,横浜,R7-1412-138,1412神奈川県横浜,138,125,港北肛門クリニック,横浜市都筑区
R7,14,神奈川県,1412,横浜,R7-1412-139,1412神奈川県横浜,139,126,深作眼科 内科 リハビリ科 横浜西口楠町本院,横浜市西区
R7,14,神奈川県,1412,横浜,R7-1412-140,1412神奈川県横浜,140,127,ソフィア横浜クリニック,横浜市戸塚区
R7,14,神奈川県,1412,横浜,R7-1412-141,1412神奈川県横浜,141,128,医療法人横浜未来ヘルスケアシステム 戸塚共立レディースクリニック,横浜市戸塚区
R7,14,神奈川県,1412,横浜,R7-1412-142,1412神奈川県横浜,142,129,医療法人小川クリニック,横浜市戸塚区
R7,14,神奈川県,1412,横浜,R7-1412-143,1412神奈川県横浜,143,130,聖マリアクリニック本院,横浜市戸塚区
R7,14,神奈川県,1412,横浜,R7-1412-144,1412神奈川県横浜,144,131,医療法人豊医会 左近山中央診療所,横浜市旭区
R7,14,神奈川県,1412,横浜,R7-1412-145,1412神奈川県横浜,145,132,本牧クリニック,横浜市中区
R7,14,神奈川県,1412,横浜,R7-1412-146,1412神奈川県横浜,146,133,横浜みのるクリニック,横浜市南区
R7,14,神奈川県,1412,横浜,R7-1412-147,1412神奈川県横浜,147,134,木村内科・胃腸内科,横浜市栄区
R7,14,神奈川県,1412,横浜,R7-1412-148,1412神奈川県横浜,148,135,はぐくみ母子クリニック新横浜,横浜市港北区
R7,14,神奈川県,1412,横浜,R7-1412-149,1412神奈川県横浜,149,136,サンマタニティクリニック,横浜市磯子区
R7,14,神奈川県,1412,横浜,R7-1412-150,1412神奈川県横浜,150,137,新横浜クリニック,横浜市神奈川区
R7,14,神奈川県,1412,横浜,R7-1412-151,1412神奈川県横浜,151,138,医療法人社団善方会よしかた産婦人科,横浜市港北区
R7,14,神奈川県,1412,横浜,R7-1412-152,1412神奈川県横浜,152,139,新横浜スパインクリニック,横浜市港北区
R7,14,神奈川県,1412,横浜,R7-1412-153,1412神奈川県横浜,153,140,おとめクリニック,横浜市都筑区
R7,14,神奈川県,1412,横浜,R7-1412-154,1412神奈川県横浜,154,141,磯レディースクリニック,横浜市保土ケ谷区
R7,14,神奈川県,1412,横浜,R7-1412-155,1412神奈川県横浜,155,142,プラタナス産婦人科クリニックながつた,横浜市緑区
R7,14,神奈川県,1412,横浜,R7-1412-156,1412神奈川県横浜,156,143,医療法人社団善仁会　鶴ヶ峰クリニック,横浜市旭区
R7,14,神奈川県,1412,横浜,R7-1412-157,1412神奈川県横浜,157,144,レディスクリニック フォレスタヴェルデ,横浜市都筑区
R7,14,神奈川県,1412,横浜,R7-1412-158,1412神奈川県横浜,158,145,マザーズ高田産医院,横浜市港北区
R7,14,神奈川県,1412,横浜,R7-1412-159,1412神奈川県横浜,159,146,あおのウイメンズクリニック,横浜市戸塚区
R7,14,神奈川県,1412,横浜,R7-1412-160,1412神奈川県横浜,160,147,おおいウィメンズクリニック,横浜市鶴見区
R7,14,神奈川県,1412,横浜,R7-1412-161,1412神奈川県横浜,161,148,こどもの国レディスクリニック,横浜市青葉区
R7,14,神奈川県,1412,横浜,R7-1412-162,1412神奈川県横浜,162,149,知産婦人科,横浜市青葉区
R7,14,神奈川県,1412,横浜,R7-1412-163,1412神奈川県横浜,163,150,Sola Clinic,横浜市都筑区
R7,14,神奈川県,1412,横浜,R7-1412-164,1412神奈川県横浜,164,151,横浜市総合保健医療センター診療所,横浜市港北区
R7,14,神奈川県,1412,横浜,R7-1412-165,1412神奈川県横浜,165,152,医療法人鏡明会 石井耳鼻咽喉科診療所,横浜市中区
R7,14,神奈川県,1412,横浜,R7-1412-166,1412神奈川県横浜,166,153,横浜呼吸器クリニック,横浜市神奈川区
R7,14,神奈川県,1412,横浜,R7-1412-167,1412神奈川県横浜,167,154,医療法人社団仲町台レディースクリニック,横浜市都筑区
R7,14,神奈川県,1412,横浜,R7-1412-168,1412神奈川県横浜,168,155,医療法人博仁会 ハマノ産婦人科,横浜市西区
R7,14,神奈川県,1412,横浜,R7-1412-169,1412神奈川県横浜,169,156,ワキタ産婦人科,横浜市青葉区
R7,14,神奈川県,1412,横浜,R7-1412-170,1412神奈川県横浜,170,157,つづきの家診療所,横浜市都筑区
R7,14,神奈川県,1412,横浜,R7-1412-171,1412神奈川県横浜,171,158,医療法人社団三穂会 満尾医院眼科・内科,横浜市戸塚区
R7,14,神奈川県,1412,横浜,R7-1412-172,1412神奈川県横浜,172,159,小関産婦人科医院,横浜市旭区
R7,14,神奈川県,1412,横浜,R7-1412-173,1412神奈川県横浜,173,160,上大岡内科･呼吸器科クリニック,横浜市港南区
R7,14,神奈川県,1412,横浜,R7-1412-174,1412神奈川県横浜,174,161,RESM（リズム）新横浜 睡眠・呼吸メディカルケアクリニック,横浜市港北区
R7,14,神奈川県,1412,横浜,R7-1412-175,1412神奈川県横浜,175,162,セルポートクリニック横浜,横浜市中区
R7,14,神奈川県,1412,横浜,R7-1412-176,1412神奈川県横浜,176,163,コシ産婦人科医院,横浜市神奈川区
R7,14,神奈川県,1412,横浜,R7-1412-177,1412神奈川県横浜,177,164,綱島西レディースクリニック,横浜市港北区
R7,14,神奈川県,1412,横浜,R7-1412-178,1412神奈川県横浜,178,165,シティクリニック,横浜市都筑区
R7,14,神奈川県,1412,横浜,R7-1412-179,1412神奈川県横浜,179,166,医療法人社団祥應会 福田俊子レディスクリニック,横浜市中区
R7,14,神奈川県,1412,横浜,R7-1412-180,1412神奈川県横浜,180,167,伴整形外科,横浜市磯子区
R7,14,神奈川県,1412,横浜,R7-1412-181,1412神奈川県横浜,181,168,中村医院,横浜市神奈川区
R7,14,神奈川県,1412,横浜,R7-1412-182,1412神奈川県横浜,182,169,医療法人社団善方会 カトレアレディースクリニック,横浜市港北区
R7,14,神奈川県,1412,横浜,R7-1412-183,1412神奈川県横浜,183,170,雨宮クリニック,横浜市中区
R7,15,新潟県,1501,下越,R7-1501-14,1501新潟県下越,14,1,新潟県立新発田病院,新発田市
R7,15,新潟県,1501,下越,R7-1501-15,1501新潟県下越,15,2,新発田リハビリテーション病院,新発田市
R7,15,新潟県,1501,下越,R7-1501-16,1501新潟県下越,16,3,新潟聖籠病院,聖籠町
R7,15,新潟県,1501,下越,R7-1501-17,1501新潟県下越,17,4,厚生連村上総合病院,村上市
R7,15,新潟県,1501,下越,R7-1501-18,1501新潟県下越,18,5,新潟県立坂町病院,村上市
R7,15,新潟県,1501,下越,R7-1501-19,1501新潟県下越,19,6,中条中央病院,胎内市
R7,15,新潟県,1501,下越,R7-1501-20,1501新潟県下越,20,7,村上記念病院,村上市
R7,15,新潟県,1501,下越,R7-1501-21,1501新潟県下越,21,8,山北徳新会病院,村上市
R7,15,新潟県,1501,下越,R7-1501-22,1501新潟県下越,22,9,北越病院,新発田市
R7,15,新潟県,1501,下越,R7-1501-23,1501新潟県下越,23,10,新潟手の外科研究所病院,聖籠町
R7,15,新潟県,1501,下越,R7-1501-24,1501新潟県下越,24,11,竹内病院,新発田市
R7,15,新潟県,1501,下越,R7-1501-25,1501新潟県下越,25,12,関塚医院,新発田市
R7,15,新潟県,1501,下越,R7-1501-26,1501新潟県下越,26,13,富田産科婦人科クリニック,新発田市
R7,15,新潟県,1501,下越,R7-1501-27,1501新潟県下越,27,14,いけだ耳鼻科　駅前医院,新発田市
R7,15,新潟県,1502,新潟,R7-1502-14,1502新潟県新潟,14,1,新潟大学医歯学総合病院,新潟市中央区
R7,15,新潟県,1502,新潟,R7-1502-15,1502新潟県新潟,15,2,新潟市民病院,新潟市中央区
R7,15,新潟県,1502,新潟,R7-1502-16,1502新潟県新潟,16,3,済生会新潟病院,新潟市西区
R7,15,新潟県,1502,新潟,R7-1502-17,1502新潟県新潟,17,4,新潟県立がんセンター新潟病院,新潟市中央区
R7,15,新潟県,1502,新潟,R7-1502-18,1502新潟県新潟,18,5,国立病院機構 西新潟中央病院,新潟市西区
R7,15,新潟県,1502,新潟,R7-1502-19,1502新潟県新潟,19,6,信楽園病院,新潟市西区
R7,15,新潟県,1502,新潟,R7-1502-20,1502新潟県新潟,20,7,新潟医療生活協同組合 木戸病院,新潟市東区
R7,15,新潟県,1502,新潟,R7-1502-21,1502新潟県新潟,21,8,下越病院,新潟市秋葉区
R7,15,新潟県,1502,新潟,R7-1502-22,1502新潟県新潟,22,9,厚生連新潟医療センター,新潟市西区
R7,15,新潟県,1502,新潟,R7-1502-23,1502新潟県新潟,23,10,新潟中央病院,新潟市中央区
R7,15,新潟県,1502,新潟,R7-1502-24,1502新潟県新潟,24,11,総合リハビリテーションセンター みどり病院,新潟市中央区
R7,15,新潟県,1502,新潟,R7-1502-25,1502新潟県新潟,25,12,白根大通病院,新潟市南区
R7,15,新潟県,1502,新潟,R7-1502-26,1502新潟県新潟,26,13,厚生連豊栄病院,新潟市北区
R7,15,新潟県,1502,新潟,R7-1502-27,1502新潟県新潟,27,14,亀田第一病院,新潟市江南区
R7,15,新潟県,1502,新潟,R7-1502-28,1502新潟県新潟,28,15,新潟臨港病院,新潟市東区
R7,15,新潟県,1502,新潟,R7-1502-29,1502新潟県新潟,29,16,あがの市民病院,阿賀野市
R7,15,新潟県,1502,新潟,R7-1502-30,1502新潟県新潟,30,17,社会医療法人　桑名恵風会　桑名病院,新潟市東区
R7,15,新潟県,1502,新潟,R7-1502-31,1502新潟県新潟,31,18,東新潟病院,新潟市中央区
R7,15,新潟県,1502,新潟,R7-1502-32,1502新潟県新潟,32,19,新潟白根総合病院,新潟市南区
R7,15,新潟県,1502,新潟,R7-1502-33,1502新潟県新潟,33,20,新潟脳外科病院,新潟市西区
R7,15,新潟県,1502,新潟,R7-1502-34,1502新潟県新潟,34,21,新潟南病院,新潟市中央区
R7,15,新潟県,1502,新潟,R7-1502-35,1502新潟県新潟,35,22,新津医療センター病院,新潟市秋葉区
R7,15,新潟県,1502,新潟,R7-1502-36,1502新潟県新潟,36,23,五泉中央病院,五泉市
R7,15,新潟県,1502,新潟,R7-1502-37,1502新潟県新潟,37,24,新潟リハビリテーション病院,新潟市北区
R7,15,新潟県,1502,新潟,R7-1502-38,1502新潟県新潟,38,25,西蒲中央病院,新潟市西蒲区
R7,15,新潟県,1502,新潟,R7-1502-39,1502新潟県新潟,39,26,新潟西蒲メディカルセンター病院,新潟市西蒲区
R7,15,新潟県,1502,新潟,R7-1502-40,1502新潟県新潟,40,27,とやの中央病院,新潟市中央区
R7,15,新潟県,1502,新潟,R7-1502-41,1502新潟県新潟,41,28,脳神経センター阿賀野病院,阿賀野市
R7,15,新潟県,1502,新潟,R7-1502-42,1502新潟県新潟,42,29,南部郷厚生病院,五泉市
R7,15,新潟県,1502,新潟,R7-1502-43,1502新潟県新潟,43,30,潟東けやき病院,新潟市西蒲区
R7,15,新潟県,1502,新潟,R7-1502-44,1502新潟県新潟,44,31,岩室リハビリテーション病院,新潟市西蒲区
R7,15,新潟県,1502,新潟,R7-1502-45,1502新潟県新潟,45,32,日本歯科大学新潟病院,新潟市中央区
R7,15,新潟県,1502,新潟,R7-1502-46,1502新潟県新潟,46,33,猫山宮尾病院,新潟市中央区
R7,15,新潟県,1502,新潟,R7-1502-47,1502新潟県新潟,47,34,黒埼病院,新潟市西区
R7,15,新潟県,1502,新潟,R7-1502-48,1502新潟県新潟,48,35,新潟万代病院,新潟市中央区
R7,15,新潟県,1502,新潟,R7-1502-49,1502新潟県新潟,49,36,新潟県はまぐみ小児療育センター,新潟市中央区
R7,15,新潟県,1502,新潟,R7-1502-50,1502新潟県新潟,50,37,新潟県立津川病院,阿賀町
R7,15,新潟県,1502,新潟,R7-1502-51,1502新潟県新潟,51,38,聖園病院,新潟市西区
R7,15,新潟県,1502,新潟,R7-1502-52,1502新潟県新潟,52,39,末広橋病院,新潟市東区
R7,15,新潟県,1502,新潟,R7-1502-53,1502新潟県新潟,53,40,竹山病院,新潟市中央区
R7,15,新潟県,1502,新潟,R7-1502-54,1502新潟県新潟,54,41,医療法人社団源川産婦人科クリニック,新潟市東区
R7,15,新潟県,1502,新潟,R7-1502-55,1502新潟県新潟,55,42,医療法人社団ロイヤルハートクリニック,新潟市中央区
R7,15,新潟県,1502,新潟,R7-1502-56,1502新潟県新潟,56,43,エンゼルマザークリニック,新潟市中央区
R7,15,新潟県,1502,新潟,R7-1502-57,1502新潟県新潟,57,44,大森内科医院,新潟市中央区
R7,15,新潟県,1502,新潟,R7-1502-58,1502新潟県新潟,58,45,新津産科婦人科クリニック,新潟市江南区
R7,15,新潟県,1502,新潟,R7-1502-59,1502新潟県新潟,59,46,新潟レディースライフクリニック,新潟市秋葉区
R7,15,新潟県,1502,新潟,R7-1502-60,1502新潟県新潟,60,47,恩田整形外科医院,阿賀野市
R7,15,新潟県,1502,新潟,R7-1502-61,1502新潟県新潟,61,48,本多レディースクリニック,新潟市東区
R7,15,新潟県,1502,新潟,R7-1502-62,1502新潟県新潟,62,49,渡辺記念クリニック,新潟市中央区
R7,15,新潟県,1502,新潟,R7-1502-63,1502新潟県新潟,63,50,荒川レディースクリニック,新潟市西蒲区
R7,15,新潟県,1502,新潟,R7-1502-64,1502新潟県新潟,64,51,とくなが女性クリニック,新潟市中央区
R7,15,新潟県,1502,新潟,R7-1502-65,1502新潟県新潟,65,52,すずき産科婦人科クリニック,新潟市西区
R7,15,新潟県,1502,新潟,R7-1502-66,1502新潟県新潟,66,53,松田眼科医院,新潟市中央区
R7,15,新潟県,1502,新潟,R7-1502-67,1502新潟県新潟,67,54,明生堂アイクリニック,新潟市東区
R7,15,新潟県,1502,新潟,R7-1502-68,1502新潟県新潟,68,55,山口眼科医院,新潟市中央区
R7,15,新潟県,1502,新潟,R7-1502-69,1502新潟県新潟,69,56,小林整形外科,新潟市江南区
R7,15,新潟県,1502,新潟,R7-1502-70,1502新潟県新潟,70,57,松波クリニック,
R7,15,新潟県,1503,県央,R7-1503-14,1503新潟県県央,14,1,済生会新潟県央基幹病院,三条市
R7,15,新潟県,1503,県央,R7-1503-15,1503新潟県県央,15,2,三之町病院,三条市
R7,15,新潟県,1503,県央,R7-1503-16,1503新潟県県央,16,3,新潟県立吉田病院,燕市
R7,15,新潟県,1503,県央,R7-1503-17,1503新潟県県央,17,4,済生会三条病院,三条市
R7,15,新潟県,1503,県央,R7-1503-18,1503新潟県県央,18,5,かもしか病院,三条市
R7,15,新潟県,1503,県央,R7-1503-19,1503新潟県県央,19,6,富永草野病院,三条市
R7,15,新潟県,1503,県央,R7-1503-20,1503新潟県県央,20,7,新潟県立加茂病院,加茂市
R7,15,新潟県,1503,県央,R7-1503-21,1503新潟県県央,21,8,三条東病院,三条市
R7,15,新潟県,1503,県央,R7-1503-22,1503新潟県県央,22,9,さくらクリニック,加茂市
R7,15,新潟県,1503,県央,R7-1503-23,1503新潟県県央,23,10,塚野目診療所,三条市
R7,15,新潟県,1503,県央,R7-1503-24,1503新潟県県央,24,11,大溪外科医院,三条市
R7,15,新潟県,1503,県央,R7-1503-25,1503新潟県県央,25,12,レディスクリニック石黒,
R7,15,新潟県,1504,中越,R7-1504-14,1504新潟県中越,14,1,長岡赤十字病院,長岡市
R7,15,新潟県,1504,中越,R7-1504-15,1504新潟県中越,15,2,厚生連長岡中央綜合病院,長岡市
R7,15,新潟県,1504,中越,R7-1504-16,1504新潟県中越,16,3,立川綜合病院,長岡市
R7,15,新潟県,1504,中越,R7-1504-17,1504新潟県中越,17,4,立川ﾒﾃﾞｨｶﾙｾﾝﾀｰ悠遊健康村病院,長岡市
R7,15,新潟県,1504,中越,R7-1504-18,1504新潟県中越,18,5,国立病院機構 新潟病院,柏崎市
R7,15,新潟県,1504,中越,R7-1504-19,1504新潟県中越,19,6,厚生連柏崎総合医療センター,柏崎市
R7,15,新潟県,1504,中越,R7-1504-20,1504新潟県中越,20,7,長岡西病院,長岡市
R7,15,新潟県,1504,中越,R7-1504-21,1504新潟県中越,21,8,厚生連 小千谷総合病院,小千谷市
R7,15,新潟県,1504,中越,R7-1504-22,1504新潟県中越,22,9,小千谷さくら病院,小千谷市
R7,15,新潟県,1504,中越,R7-1504-23,1504新潟県中越,23,10,長岡療育園,長岡市
R7,15,新潟県,1504,中越,R7-1504-24,1504新潟県中越,24,11,吉田病院,長岡市
R7,15,新潟県,1504,中越,R7-1504-25,1504新潟県中越,25,12,長岡保養園,長岡市
R7,15,新潟県,1504,中越,R7-1504-26,1504新潟県中越,26,13,見附市立病院,見附市
R7,15,新潟県,1504,中越,R7-1504-27,1504新潟県中越,27,14,立川ﾒﾃﾞｨｶﾙｾﾝﾀｰ柏崎厚生病院,柏崎市
R7,15,新潟県,1504,中越,R7-1504-28,1504新潟県中越,28,15,三島病院,長岡市
R7,15,新潟県,1504,中越,R7-1504-29,1504新潟県中越,29,16,柏崎中央病院,柏崎市
R7,15,新潟県,1504,中越,R7-1504-30,1504新潟県中越,30,17,八幡産科婦人科医院,長岡市
R7,15,新潟県,1504,中越,R7-1504-31,1504新潟県中越,31,18,長岡眼科医院,長岡市
R7,15,新潟県,1505,魚沼,R7-1505-14,1505新潟県魚沼,14,1,新潟大学地域医療教育センター・魚沼基幹病院,南魚沼市
R7,15,新潟県,1505,魚沼,R7-1505-15,1505新潟県魚沼,15,2,新潟県立十日町病院,十日町市
R7,15,新潟県,1505,魚沼,R7-1505-16,1505新潟県魚沼,16,3,国民健康保険魚沼市立小出病院,魚沼市
R7,15,新潟県,1505,魚沼,R7-1505-17,1505新潟県魚沼,17,4,南魚沼市民病院,南魚沼市
R7,15,新潟県,1505,魚沼,R7-1505-18,1505新潟県魚沼,18,5,齋藤記念病院,南魚沼市
R7,15,新潟県,1505,魚沼,R7-1505-19,1505新潟県魚沼,19,6,町立津南病院,津南町
R7,15,新潟県,1505,魚沼,R7-1505-20,1505新潟県魚沼,20,7,新潟県立松代病院,十日町市
R7,15,新潟県,1505,魚沼,R7-1505-21,1505新潟県魚沼,21,8,町立湯沢病院,湯沢町
R7,15,新潟県,1505,魚沼,R7-1505-22,1505新潟県魚沼,22,9,医療法人社団 山口医院,十日町市
R7,15,新潟県,1505,魚沼,R7-1505-23,1505新潟県魚沼,23,10,たかき医院,十日町市
R7,15,新潟県,1505,魚沼,R7-1505-24,1505新潟県魚沼,24,11,藤島眼科医院,南魚沼市
R7,15,新潟県,1505,魚沼,R7-1505-25,1505新潟県魚沼,25,12,萌気園浦佐診療所,南魚沼市
R7,15,新潟県,1506,上越,R7-1506-14,1506新潟県上越,14,1,新潟県立中央病院,上越市
R7,15,新潟県,1506,上越,R7-1506-15,1506新潟県上越,15,2,厚生連上越総合病院,上越市
R7,15,新潟県,1506,上越,R7-1506-16,1506新潟県上越,16,3,上越地域医療センター病院,上越市
R7,15,新潟県,1506,上越,R7-1506-17,1506新潟県上越,17,4,厚生連糸魚川総合病院,糸魚川市
R7,15,新潟県,1506,上越,R7-1506-18,1506新潟県上越,18,5,独立行政法人国立病院機構さいがた医療センター,上越市
R7,15,新潟県,1506,上越,R7-1506-19,1506新潟県上越,19,6,知命堂病院,上越市
R7,15,新潟県,1506,上越,R7-1506-20,1506新潟県上越,20,7,厚生連けいなん総合病院,妙高市
R7,15,新潟県,1506,上越,R7-1506-21,1506新潟県上越,21,8,よしだ病院,糸魚川市
R7,15,新潟県,1506,上越,R7-1506-22,1506新潟県上越,22,9,新潟県立柿崎病院,上越市
R7,15,新潟県,1506,上越,R7-1506-23,1506新潟県上越,23,10,新潟県立妙高病院,妙高市
R7,15,新潟県,1506,上越,R7-1506-24,1506新潟県上越,24,11,城北レディースクリニック,上越市
R7,15,新潟県,1506,上越,R7-1506-25,1506新潟県上越,25,12,上田レディースクリニック,上越市
R7,15,新潟県,1506,上越,R7-1506-26,1506新潟県上越,26,13,上越市国民健康保険くろかわ診療所,上越市
R7,15,新潟県,1506,上越,R7-1506-27,1506新潟県上越,27,14,医療法人社団大島クリニック,上越市
R7,15,新潟県,1506,上越,R7-1506-28,1506新潟県上越,28,15,石田眼科医院,
R7,15,新潟県,1507,佐渡,R7-1507-14,1507新潟県佐渡,14,1,厚生連佐渡総合病院,佐渡市
R7,15,新潟県,1507,佐渡,R7-1507-15,1507新潟県佐渡,15,2,佐渡市立両津病院,佐渡市
R7,15,新潟県,1507,佐渡,R7-1507-16,1507新潟県佐渡,16,3,佐渡市立相川診療所,佐渡市
R7,16,富山県,1601,新川,R7-1601-14,1601富山県新川,14,1,黒部市民病院,黒部市
R7,16,富山県,1601,新川,R7-1601-15,1601富山県新川,15,2,富山労災病院,魚津市
R7,16,富山県,1601,新川,R7-1601-16,1601富山県新川,16,3,深川病院,魚津市
R7,16,富山県,1601,新川,R7-1601-17,1601富山県新川,17,4,医療法人社団平成会桜井病院,黒部市
R7,16,富山県,1601,新川,R7-1601-18,1601富山県新川,18,5,あさひ総合病院,朝日町
R7,16,富山県,1601,新川,R7-1601-19,1601富山県新川,19,6,黒部温泉病院,黒部市
R7,16,富山県,1601,新川,R7-1601-20,1601富山県新川,20,7,医療法人新川病院,魚津市
R7,16,富山県,1601,新川,R7-1601-21,1601富山県新川,21,8,魚津病院,魚津市
R7,16,富山県,1601,新川,R7-1601-22,1601富山県新川,22,9,坂東病院,朝日町
R7,16,富山県,1601,新川,R7-1601-23,1601富山県新川,23,10,池田リハビリテーション病院,黒部市
R7,16,富山県,1601,新川,R7-1601-24,1601富山県新川,24,11,丸川病院,入善町
R7,16,富山県,1601,新川,R7-1601-25,1601富山県新川,25,12,あわの産婦人科医院,入善町
R7,16,富山県,1601,新川,R7-1601-26,1601富山県新川,26,13,医療法人社団　明清会　新田眼科,入善町
R7,16,富山県,1601,新川,R7-1601-27,1601富山県新川,27,14,松本眼科医院,魚津市
R7,16,富山県,1602,富山,R7-1602-14,1602富山県富山,14,1,富山県立中央病院,富山市
R7,16,富山県,1602,富山,R7-1602-15,1602富山県富山,15,2,国立大学法人富山大学附属病院,富山市
R7,16,富山県,1602,富山,R7-1602-16,1602富山県富山,16,3,富山市立富山市民病院,富山市
R7,16,富山県,1602,富山,R7-1602-17,1602富山県富山,17,4,富山赤十字病院,富山市
R7,16,富山県,1602,富山,R7-1602-18,1602富山県富山,18,5,独立行政法人国立病院機構富山病院,富山市
R7,16,富山県,1602,富山,R7-1602-19,1602富山県富山,19,6,富山県済生会富山病院,富山市
R7,16,富山県,1602,富山,R7-1602-20,1602富山県富山,20,7,富山県リハビリテーション病院・こども支援センター,富山市
R7,16,富山県,1602,富山,R7-1602-21,1602富山県富山,21,8,野村病院,富山市
R7,16,富山県,1602,富山,R7-1602-22,1602富山県富山,22,9,富山県厚生農業協同組合連合会滑川病院,滑川市
R7,16,富山県,1602,富山,R7-1602-23,1602富山県富山,23,10,富山西総合病院,富山市
R7,16,富山県,1602,富山,R7-1602-24,1602富山県富山,24,11,医療法人社団城南会富山城南病院,富山市
R7,16,富山県,1602,富山,R7-1602-25,1602富山県富山,25,12,富山医療生活協同組合富山協立病院,富山市
R7,16,富山県,1602,富山,R7-1602-26,1602富山県富山,26,13,友愛温泉病院,富山市
R7,16,富山県,1602,富山,R7-1602-27,1602富山県富山,27,14,かみいち総合病院,上市町
R7,16,富山県,1602,富山,R7-1602-28,1602富山県富山,28,15,流杉病院,富山市
R7,16,富山県,1602,富山,R7-1602-29,1602富山県富山,29,16,富山西リハビリテーション病院,富山市
R7,16,富山県,1602,富山,R7-1602-30,1602富山県富山,30,17,いま泉病院,富山市
R7,16,富山県,1602,富山,R7-1602-31,1602富山県富山,31,18,西能病院,富山市
R7,16,富山県,1602,富山,R7-1602-32,1602富山県富山,32,19,三輪病院,富山市
R7,16,富山県,1602,富山,R7-1602-33,1602富山県富山,33,20,清幸会島田病院,富山市
R7,16,富山県,1602,富山,R7-1602-34,1602富山県富山,34,21,医療法人北聖病院,富山市
R7,16,富山県,1602,富山,R7-1602-35,1602富山県富山,35,22,西能みなみ病院,富山市
R7,16,富山県,1602,富山,R7-1602-36,1602富山県富山,36,23,横田記念病院,富山市
R7,16,富山県,1602,富山,R7-1602-37,1602富山県富山,37,24,アルペンリハビリテーション病院,富山市
R7,16,富山県,1602,富山,R7-1602-38,1602富山県富山,38,25,藤木病院,立山町
R7,16,富山県,1602,富山,R7-1602-39,1602富山県富山,39,26,あゆみの郷,富山市
R7,16,富山県,1602,富山,R7-1602-40,1602富山県富山,40,27,不二越病院,富山市
R7,16,富山県,1602,富山,R7-1602-41,1602富山県富山,41,28,誠友病院,富山市
R7,16,富山県,1602,富山,R7-1602-42,1602富山県富山,42,29,うおざきファミリー病院,富山市
R7,16,富山県,1602,富山,R7-1602-43,1602富山県富山,43,30,政岡内科病院,富山市
R7,16,富山県,1602,富山,R7-1602-44,1602富山県富山,44,31,吉見病院,滑川市
R7,16,富山県,1602,富山,R7-1602-45,1602富山県富山,45,32,富山市立富山まちなか病院,富山市
R7,16,富山県,1602,富山,R7-1602-46,1602富山県富山,46,33,おおやま病院,富山市
R7,16,富山県,1602,富山,R7-1602-47,1602富山県富山,47,34,チューリップ長江病院,富山市
R7,16,富山県,1602,富山,R7-1602-48,1602富山県富山,48,35,栗山病院,富山市
R7,16,富山県,1602,富山,R7-1602-49,1602富山県富山,49,36,佐伯病院,富山市
R7,16,富山県,1602,富山,R7-1602-50,1602富山県富山,50,37,長谷川病院,富山市
R7,16,富山県,1602,富山,R7-1602-51,1602富山県富山,51,38,みなみの星病院,富山市
R7,16,富山県,1602,富山,R7-1602-52,1602富山県富山,52,39,成和病院,富山市
R7,16,富山県,1602,富山,R7-1602-53,1602富山県富山,53,40,萩野病院,富山市
R7,16,富山県,1602,富山,R7-1602-54,1602富山県富山,54,41,月岡クリニック,富山市
R7,16,富山県,1602,富山,R7-1602-55,1602富山県富山,55,42,本江整形外科医院,富山市
R7,16,富山県,1602,富山,R7-1602-56,1602富山県富山,56,43,すぎき整形外科,富山市
R7,16,富山県,1602,富山,R7-1602-57,1602富山県富山,57,44,岡田産科婦人科,富山市
R7,16,富山県,1602,富山,R7-1602-58,1602富山県富山,58,45,なかしま産婦人科,富山市
R7,16,富山県,1602,富山,R7-1602-59,1602富山県富山,59,46,吉本レディースクリニック,富山市
R7,16,富山県,1602,富山,R7-1602-60,1602富山県富山,60,47,かんすいこうえんレディースクリニック,富山市
R7,16,富山県,1602,富山,R7-1602-61,1602富山県富山,61,48,片山眼科医院,富山市
R7,16,富山県,1602,富山,R7-1602-62,1602富山県富山,62,49,根塚整形外科・スポーツクリニック,富山市
R7,16,富山県,1602,富山,R7-1602-63,1602富山県富山,63,50,山田祐司眼科医院,富山市
R7,16,富山県,1602,富山,R7-1602-64,1602富山県富山,64,51,ますだ眼科医院,富山市
R7,16,富山県,1602,富山,R7-1602-65,1602富山県富山,65,52,三川クリニック,富山市
R7,16,富山県,1602,富山,R7-1602-66,1602富山県富山,66,53,石坂眼科医院,滑川市
R7,16,富山県,1602,富山,R7-1602-67,1602富山県富山,67,54,医療法人社団若葉会 高重記念クリニック,富山市
R7,16,富山県,1603,高岡,R7-1603-14,1603富山県高岡,14,1,富山県厚生農業協同組合連合会高岡病院,高岡市
R7,16,富山県,1603,高岡,R7-1603-15,1603富山県高岡,15,2,高岡市民病院,高岡市
R7,16,富山県,1603,高岡,R7-1603-16,1603富山県高岡,16,3,富山県済生会 高岡病院,高岡市
R7,16,富山県,1603,高岡,R7-1603-17,1603富山県高岡,17,4,金沢医科大学氷見市民病院,氷見市
R7,16,富山県,1603,高岡,R7-1603-18,1603富山県高岡,18,5,独立行政法人地域医療機能推進機構高岡ふしき病院,高岡市
R7,16,富山県,1603,高岡,R7-1603-19,1603富山県高岡,19,6,射水市民病院,射水市
R7,16,富山県,1603,高岡,R7-1603-20,1603富山県高岡,20,7,医療法人光ケ丘病院,高岡市
R7,16,富山県,1603,高岡,R7-1603-21,1603富山県高岡,21,8,サンバリー福岡病院,高岡市
R7,16,富山県,1603,高岡,R7-1603-22,1603富山県高岡,22,9,サンバリー高岡病院,高岡市
R7,16,富山県,1603,高岡,R7-1603-23,1603富山県高岡,23,10,真生会富山病院,射水市
R7,16,富山県,1603,高岡,R7-1603-24,1603富山県高岡,24,11,大島くるみ病院,射水市
R7,16,富山県,1603,高岡,R7-1603-25,1603富山県高岡,25,12,医療法人高岡みなみハートセンターみなみの杜病院,高岡市
R7,16,富山県,1603,高岡,R7-1603-26,1603富山県高岡,26,13,医療法人社団整志会沢田記念高岡整志会病院,高岡市
R7,16,富山県,1603,高岡,R7-1603-27,1603富山県高岡,27,14,陽和温泉病院,氷見市
R7,16,富山県,1603,高岡,R7-1603-28,1603富山県高岡,28,15,あさなぎ病院,高岡市
R7,16,富山県,1603,高岡,R7-1603-29,1603富山県高岡,29,16,医療法人 財団正友会 中村記念病院,氷見市
R7,16,富山県,1603,高岡,R7-1603-30,1603富山県高岡,30,17,医療法人万葉病院,高岡市
R7,16,富山県,1603,高岡,R7-1603-31,1603富山県高岡,31,18,姫野病院,射水市
R7,16,富山県,1603,高岡,R7-1603-32,1603富山県高岡,32,19,医療法人社団桑山会丹保病院,高岡市
R7,16,富山県,1603,高岡,R7-1603-33,1603富山県高岡,33,20,市野瀬和田内科医院,高岡市
R7,16,富山県,1603,高岡,R7-1603-34,1603富山県高岡,34,21,雨晴クリニック,高岡市
R7,16,富山県,1603,高岡,R7-1603-35,1603富山県高岡,35,22,白石整形外科医院,氷見市
R7,16,富山県,1603,高岡,R7-1603-36,1603富山県高岡,36,23,レディースクリニックむらた,射水市
R7,16,富山県,1603,高岡,R7-1603-37,1603富山県高岡,37,24,吉江レデイスクリニック,高岡市
R7,16,富山県,1603,高岡,R7-1603-38,1603富山県高岡,38,25,おとぎの森レディースクリニック,高岡市
R7,16,富山県,1603,高岡,R7-1603-39,1603富山県高岡,39,26,佐伯レディースクリニック,氷見市
R7,16,富山県,1603,高岡,R7-1603-40,1603富山県高岡,40,27,高陵クリニック,高岡市
R7,16,富山県,1603,高岡,R7-1603-41,1603富山県高岡,41,28,高岡駅南クリニック,高岡市
R7,16,富山県,1603,高岡,R7-1603-42,1603富山県高岡,42,29,上野医院,高岡市
R7,16,富山県,1603,高岡,R7-1603-43,1603富山県高岡,43,30,たちなみ歯科口腔外科クリニック,射水市
R7,16,富山県,1604,砺波,R7-1604-14,1604富山県砺波,14,1,市立砺波総合病院,砺波市
R7,16,富山県,1604,砺波,R7-1604-15,1604富山県砺波,15,2,公立学校共済組合北陸中央病院,小矢部市
R7,16,富山県,1604,砺波,R7-1604-16,1604富山県砺波,16,3,南砺市民病院,南砺市
R7,16,富山県,1604,砺波,R7-1604-17,1604富山県砺波,17,4,公立南砺中央病院,南砺市
R7,16,富山県,1604,砺波,R7-1604-18,1604富山県砺波,18,5,独立行政法人国立病院機構北陸病院,南砺市
R7,16,富山県,1604,砺波,R7-1604-19,1604富山県砺波,19,6,ふくの若葉病院,南砺市
R7,16,富山県,1604,砺波,R7-1604-20,1604富山県砺波,20,7,あおい病院,砺波市
R7,16,富山県,1604,砺波,R7-1604-21,1604富山県砺波,21,8,砺波サンシャイン病院,砺波市
R7,16,富山県,1604,砺波,R7-1604-22,1604富山県砺波,22,9,となみ三輪病院,砺波市
R7,16,富山県,1604,砺波,R7-1604-23,1604富山県砺波,23,10,砺波誠友病院,砺波市
R7,16,富山県,1604,砺波,R7-1604-24,1604富山県砺波,24,11,つざわ津田病院,小矢部市
R7,16,富山県,1604,砺波,R7-1604-25,1604富山県砺波,25,12,西野内科病院,小矢部市
R7,16,富山県,1604,砺波,R7-1604-26,1604富山県砺波,26,13,太田病院,小矢部市
R7,16,富山県,1604,砺波,R7-1604-27,1604富山県砺波,27,14,吉岡整形外科,南砺市
R7,16,富山県,1604,砺波,R7-1604-28,1604富山県砺波,28,15,津田産婦人科医院,砺波市
R7,17,石川県,1701,南加賀,R7-1701-14,1701石川県南加賀,14,1,国民健康保険 小松市民病院,小松市
R7,17,石川県,1701,南加賀,R7-1701-15,1701石川県南加賀,15,2,加賀市医療センター,加賀市
R7,17,石川県,1701,南加賀,R7-1701-16,1701石川県南加賀,16,3,独立行政法人国立病院機構石川病院,加賀市
R7,17,石川県,1701,南加賀,R7-1701-17,1701石川県南加賀,17,4,特定医療法人社団 勝木会 やわたメディカルセンター,小松市
R7,17,石川県,1701,南加賀,R7-1701-18,1701石川県南加賀,18,5,医療法人社団和楽仁 芳珠記念病院,能美市
R7,17,石川県,1701,南加賀,R7-1701-19,1701石川県南加賀,19,6,医療法人社団慈豊会 久藤総合病院,加賀市
R7,17,石川県,1701,南加賀,R7-1701-20,1701石川県南加賀,20,7,国民健康保険 能美市立病院,能美市
R7,17,石川県,1701,南加賀,R7-1701-21,1701石川県南加賀,21,8,医療法人社団さくら会 森田病院,小松市
R7,17,石川県,1701,南加賀,R7-1701-22,1701石川県南加賀,22,9,寺井病院,能美市
R7,17,石川県,1701,南加賀,R7-1701-23,1701石川県南加賀,23,10,小松こども医療福祉センター,小松市
R7,17,石川県,1701,南加賀,R7-1701-24,1701石川県南加賀,24,11,小松ソフィア病院,小松市
R7,17,石川県,1701,南加賀,R7-1701-25,1701石川県南加賀,25,12,東野病院,小松市
R7,17,石川県,1701,南加賀,R7-1701-26,1701石川県南加賀,26,13,医療法人社団 岡本会 岡本病院,小松市
R7,17,石川県,1701,南加賀,R7-1701-27,1701石川県南加賀,27,14,医療法人社団松陽東病院,小松市
R7,17,石川県,1701,南加賀,R7-1701-28,1701石川県南加賀,28,15,湯浅医院,小松市
R7,17,石川県,1701,南加賀,R7-1701-29,1701石川県南加賀,29,16,医療法人社団 加賀白山会 板谷医院,加賀市
R7,17,石川県,1701,南加賀,R7-1701-30,1701石川県南加賀,30,17,渋谷医院,加賀市
R7,17,石川県,1701,南加賀,R7-1701-31,1701石川県南加賀,31,18,恵愛みらいクリニック,小松市
R7,17,石川県,1701,南加賀,R7-1701-32,1701石川県南加賀,32,19,あらきクリニック,小松市
R7,17,石川県,1701,南加賀,R7-1701-33,1701石川県南加賀,33,20,田谷泌尿器科医院,小松市
R7,17,石川県,1701,南加賀,R7-1701-34,1701石川県南加賀,34,21,川北レイクサイドクリニック,小松市
R7,17,石川県,1701,南加賀,R7-1701-35,1701石川県南加賀,35,22,眼科わじま医院,小松市
R7,17,石川県,1701,南加賀,R7-1701-36,1701石川県南加賀,36,23,おかやま眼科医院,小松市
R7,17,石川県,1701,南加賀,R7-1701-37,1701石川県南加賀,37,24,医療法人社団上田眼科医院,能美市
R7,17,石川県,1701,南加賀,R7-1701-38,1701石川県南加賀,38,25,永遠幸レディスクリニック,小松市
R7,17,石川県,1702,石川中央,R7-1702-14,1702石川県石川中央,14,1,国立大学法人金沢大学附属病院,金沢市
R7,17,石川県,1702,石川中央,R7-1702-15,1702石川県石川中央,15,2,金沢医科大学病院,内灘町
R7,17,石川県,1702,石川中央,R7-1702-16,1702石川県石川中央,16,3,石川県立中央病院,金沢市
R7,17,石川県,1702,石川中央,R7-1702-17,1702石川県石川中央,17,4,独立行政法人国立病院機構金沢医療センター,金沢市
R7,17,石川県,1702,石川中央,R7-1702-18,1702石川県石川中央,18,5,医療法人社団浅ノ川 浅ノ川総合病院,金沢市
R7,17,石川県,1702,石川中央,R7-1702-19,1702石川県石川中央,19,6,医療法人社団浅ノ川千木病院,金沢市
R7,17,石川県,1702,石川中央,R7-1702-20,1702石川県石川中央,20,7,独立行政法人国立病院機構医王病院,金沢市
R7,17,石川県,1702,石川中央,R7-1702-21,1702石川県石川中央,21,8,公益社団法人石川勤労者医療協会 城北病院,金沢市
R7,17,石川県,1702,石川中央,R7-1702-22,1702石川県石川中央,22,9,金沢市立病院,金沢市
R7,17,石川県,1702,石川中央,R7-1702-23,1702石川県石川中央,23,10,公立松任石川中央病院,白山市
R7,17,石川県,1702,石川中央,R7-1702-24,1702石川県石川中央,24,11,金沢赤十字病院,金沢市
R7,17,石川県,1702,石川中央,R7-1702-25,1702石川県石川中央,25,12,石川県済生会金沢病院,金沢市
R7,17,石川県,1702,石川中央,R7-1702-26,1702石川県石川中央,26,13,独立行政法人地域医療機能推進機構金沢病院,金沢市
R7,17,石川県,1702,石川中央,R7-1702-27,1702石川県石川中央,27,14,医療法人社団和宏会大手町病院,金沢市
R7,17,石川県,1702,石川中央,R7-1702-28,1702石川県石川中央,28,15,医療法人社団浅ノ川 金沢脳神経外科病院,野々市市
R7,17,石川県,1702,石川中央,R7-1702-29,1702石川県石川中央,29,16,医療法人社団浅ノ川 心臓血管センター金沢循環器病院,金沢市
R7,17,石川県,1702,石川中央,R7-1702-30,1702石川県石川中央,30,17,医療法人社団和宏会 敬愛病院,金沢市
R7,17,石川県,1702,石川中央,R7-1702-31,1702石川県石川中央,31,18,医療法人社団博友会 金沢西病院,金沢市
R7,17,石川県,1702,石川中央,R7-1702-32,1702石川県石川中央,32,19,公立つるぎ病院,白山市
R7,17,石川県,1702,石川中央,R7-1702-33,1702石川県石川中央,33,20,みらい病院,金沢市
R7,17,石川県,1702,石川中央,R7-1702-34,1702石川県石川中央,34,21,医療法人社団 中央会 金沢有松病院,金沢市
R7,17,石川県,1702,石川中央,R7-1702-35,1702石川県石川中央,35,22,医療法人社団芙蓉会 二ツ屋病院,かほく市
R7,17,石川県,1702,石川中央,R7-1702-36,1702石川県石川中央,36,23,国家公務員共済組合連合会 北陸病院,金沢市
R7,17,石川県,1702,石川中央,R7-1702-37,1702石川県石川中央,37,24,医療法人社団白銀会 林病院,金沢市
R7,17,石川県,1702,石川中央,R7-1702-38,1702石川県石川中央,38,25,南ケ丘病院,野々市市
R7,17,石川県,1702,石川中央,R7-1702-39,1702石川県石川中央,39,26,金沢古府記念病院,金沢市
R7,17,石川県,1702,石川中央,R7-1702-40,1702石川県石川中央,40,27,金沢こども医療福祉センター,金沢市
R7,17,石川県,1702,石川中央,R7-1702-41,1702石川県石川中央,41,28,すずみが丘病院,金沢市
R7,17,石川県,1702,石川中央,R7-1702-42,1702石川県石川中央,42,29,社会医療法人財団董仙会 恵寿金沢病院,金沢市
R7,17,石川県,1702,石川中央,R7-1702-43,1702石川県石川中央,43,30,木島病院,金沢市
R7,17,石川県,1702,石川中央,R7-1702-44,1702石川県石川中央,44,31,内灘温泉病院,内灘町
R7,17,石川県,1702,石川中央,R7-1702-45,1702石川県石川中央,45,32,医療法人社団 瑞穂会 みずほ病院,津幡町
R7,17,石川県,1702,石川中央,R7-1702-46,1702石川県石川中央,46,33,整形外科米澤病院,金沢市
R7,17,石川県,1702,石川中央,R7-1702-47,1702石川県石川中央,47,34,安田内科病院,金沢市
R7,17,石川県,1702,石川中央,R7-1702-48,1702石川県石川中央,48,35,川北病院,金沢市
R7,17,石川県,1702,石川中央,R7-1702-49,1702石川県石川中央,49,36,小池病院,金沢市
R7,17,石川県,1702,石川中央,R7-1702-50,1702石川県石川中央,50,37,石川療育センター,金沢市
R7,17,石川県,1702,石川中央,R7-1702-51,1702石川県石川中央,51,38,金沢聖霊総合病院,金沢市
R7,17,石川県,1702,石川中央,R7-1702-52,1702石川県石川中央,52,39,石野病院,金沢市
R7,17,石川県,1702,石川中央,R7-1702-53,1702石川県石川中央,53,40,公立河北中央病院,津幡町
R7,17,石川県,1702,石川中央,R7-1702-54,1702石川県石川中央,54,41,金沢宗広病院,金沢市
R7,17,石川県,1702,石川中央,R7-1702-55,1702石川県石川中央,55,42,新村病院,白山市
R7,17,石川県,1702,石川中央,R7-1702-56,1702石川県石川中央,56,43,池田病院,野々市市
R7,17,石川県,1702,石川中央,R7-1702-57,1702石川県石川中央,57,44,医療法人社団　晃樹会　石田病院,金沢市
R7,17,石川県,1702,石川中央,R7-1702-58,1702石川県石川中央,58,45,中田内科病院,かほく市
R7,17,石川県,1702,石川中央,R7-1702-59,1702石川県石川中央,59,46,恵愛会松南病院,白山市
R7,17,石川県,1702,石川中央,R7-1702-60,1702石川県石川中央,60,47,社会医療法人財団松原愛育会 松原病院,金沢市
R7,17,石川県,1702,石川中央,R7-1702-61,1702石川県石川中央,61,48,伊藤病院,金沢市
R7,17,石川県,1702,石川中央,R7-1702-62,1702石川県石川中央,62,49,鈴木レディスホスピタル,金沢市
R7,17,石川県,1702,石川中央,R7-1702-63,1702石川県石川中央,63,50,辻整形外科クリニック,金沢市
R7,17,石川県,1702,石川中央,R7-1702-64,1702石川県石川中央,64,51,産科婦人科佐川クリニック,金沢市
R7,17,石川県,1702,石川中央,R7-1702-65,1702石川県石川中央,65,52,愛育産婦人科医院,金沢市
R7,17,石川県,1702,石川中央,R7-1702-66,1702石川県石川中央,66,53,加藤整形外科医院,金沢市
R7,17,石川県,1702,石川中央,R7-1702-67,1702石川県石川中央,67,54,森下整形外科医院,金沢市
R7,17,石川県,1702,石川中央,R7-1702-68,1702石川県石川中央,68,55,三秋整形外科医院,金沢市
R7,17,石川県,1702,石川中央,R7-1702-69,1702石川県石川中央,69,56,さがら整形外科医院,金沢市
R7,17,石川県,1702,石川中央,R7-1702-70,1702石川県石川中央,70,57,下崎整形外科医院,白山市
R7,17,石川県,1702,石川中央,R7-1702-71,1702石川県石川中央,71,58,舩木医院,野々市市
R7,17,石川県,1702,石川中央,R7-1702-72,1702石川県石川中央,72,59,ののいち白山醫院,野々市市
R7,17,石川県,1702,石川中央,R7-1702-73,1702石川県石川中央,73,60,尾張町たかたクリニック,金沢市
R7,17,石川県,1702,石川中央,R7-1702-74,1702石川県石川中央,74,61,医療法人社団ママBBクリニック,金沢市
R7,17,石川県,1702,石川中央,R7-1702-75,1702石川県石川中央,75,62,といたレディースクリニック,金沢市
R7,17,石川県,1702,石川中央,R7-1702-76,1702石川県石川中央,76,63,吉澤レディースクリニック,金沢市
R7,17,石川県,1702,石川中央,R7-1702-77,1702石川県石川中央,77,64,めぐみクリニック,金沢市
R7,17,石川県,1702,石川中央,R7-1702-78,1702石川県石川中央,78,65,ののいち産婦人科クリニック,野々市市
R7,17,石川県,1702,石川中央,R7-1702-79,1702石川県石川中央,79,66,まなぶ産科婦人科クリニック,金沢市
R7,17,石川県,1702,石川中央,R7-1702-80,1702石川県石川中央,80,67,いこまともみレディースクリニック産科分院,白山市
R7,17,石川県,1702,石川中央,R7-1702-81,1702石川県石川中央,81,68,つむぎクリニック,野々市市
R7,17,石川県,1702,石川中央,R7-1702-82,1702石川県石川中央,82,69,あさがおクリニック,白山市
R7,17,石川県,1702,石川中央,R7-1702-83,1702石川県石川中央,83,70,わかばやし眼科クリニック,野々市市
R7,17,石川県,1702,石川中央,R7-1702-84,1702石川県石川中央,84,71,アンジュレディースクリニック,金沢市
R7,17,石川県,1702,石川中央,R7-1702-85,1702石川県石川中央,85,72,医療法人社団 くらち眼科医院,金沢市
R7,17,石川県,1702,石川中央,R7-1702-86,1702石川県石川中央,86,73,柳田眼科クリニック,金沢市
R7,17,石川県,1702,石川中央,R7-1702-87,1702石川県石川中央,87,74,医療法人財団 玉川会 金沢クリニック,金沢市
R7,17,石川県,1702,石川中央,R7-1702-88,1702石川県石川中央,88,75,金沢たまごクリニック,金沢市
R7,17,石川県,1702,石川中央,R7-1702-89,1702石川県石川中央,89,76,金沢駅前ぐっすりクリニック,金沢市
R7,17,石川県,1702,石川中央,R7-1702-90,1702石川県石川中央,90,77,嶋医院,白山市
R7,17,石川県,1702,石川中央,R7-1702-91,1702石川県石川中央,91,78,医療法人社団壱愛会 愛レディスクリニック,金沢市
R7,17,石川県,1703,能登中部,R7-1703-14,1703石川県能登中部,14,1,恵寿総合病院,七尾市
R7,17,石川県,1703,能登中部,R7-1703-15,1703石川県能登中部,15,2,公立能登総合病院,七尾市
R7,17,石川県,1703,能登中部,R7-1703-16,1703石川県能登中部,16,3,独立行政法人国立病院機構七尾病院,七尾市
R7,17,石川県,1703,能登中部,R7-1703-17,1703石川県能登中部,17,4,公立羽咋病院,羽咋市
R7,17,石川県,1703,能登中部,R7-1703-18,1703石川県能登中部,18,5,町立宝達志水病院,宝達志水町
R7,17,石川県,1703,能登中部,R7-1703-19,1703石川県能登中部,19,6,町立富来病院,志賀町
R7,17,石川県,1703,能登中部,R7-1703-20,1703石川県能登中部,20,7,北村病院,七尾市
R7,17,石川県,1703,能登中部,R7-1703-21,1703石川県能登中部,21,8,医療法人社団真貴会 国下整形外科医院,七尾市
R7,17,石川県,1703,能登中部,R7-1703-22,1703石川県能登中部,22,9,医療法人社団森クリニック,七尾市
R7,17,石川県,1703,能登中部,R7-1703-23,1703石川県能登中部,23,10,山田産婦人科医院,七尾市
R7,17,石川県,1704,能登北部,R7-1704-14,1704石川県能登北部,14,1,市立輪島病院,輪島市
R7,17,石川県,1704,能登北部,R7-1704-15,1704石川県能登北部,15,2,珠洲市総合病院,珠洲市
R7,17,石川県,1704,能登北部,R7-1704-16,1704石川県能登北部,16,3,公立穴水総合病院,穴水町
R7,17,石川県,1704,能登北部,R7-1704-17,1704石川県能登北部,17,4,公立宇出津総合病院,能登町
R7,17,石川県,1704,能登北部,R7-1704-18,1704石川県能登北部,18,5,医療法人社団持木会 柳田温泉病院,能登町
R7,17,石川県,1704,能登北部,R7-1704-19,1704石川県能登北部,19,6,医療法人社団 桶本眼科,輪島市
R7,18,福井県,1801,福井・坂井,R7-1801-14,1801福井県福井・坂井,14,1,福井大学医学部附属病院,永平寺町
R7,18,福井県,1801,福井・坂井,R7-1801-15,1801福井県福井・坂井,15,2,福井県立病院,福井市
R7,18,福井県,1801,福井・坂井,R7-1801-16,1801福井県福井・坂井,16,3,福井赤十字病院,福井市
R7,18,福井県,1801,福井・坂井,R7-1801-17,1801福井県福井・坂井,17,4,福井県済生会病院,福井市
R7,18,福井県,1801,福井・坂井,R7-1801-18,1801福井県福井・坂井,18,5,福井総合病院,福井市
R7,18,福井県,1801,福井・坂井,R7-1801-19,1801福井県福井・坂井,19,6,医療法人岩井病院,福井市
R7,18,福井県,1801,福井・坂井,R7-1801-20,1801福井県福井・坂井,20,7,独立行政法人国立病院機構あわら病院,あわら市
R7,18,福井県,1801,福井・坂井,R7-1801-21,1801福井県福井・坂井,21,8,福井循環器病院,福井市
R7,18,福井県,1801,福井・坂井,R7-1801-22,1801福井県福井・坂井,22,9,福井厚生病院,福井市
R7,18,福井県,1801,福井・坂井,R7-1801-23,1801福井県福井・坂井,23,10,医療法人慈豊会 田中病院,福井市
R7,18,福井県,1801,福井・坂井,R7-1801-24,1801福井県福井・坂井,24,11,春江病院,坂井市
R7,18,福井県,1801,福井・坂井,R7-1801-25,1801福井県福井・坂井,25,12,木村病院,あわら市
R7,18,福井県,1801,福井・坂井,R7-1801-26,1801福井県福井・坂井,26,13,大滝病院,福井市
R7,18,福井県,1801,福井・坂井,R7-1801-27,1801福井県福井・坂井,27,14,嶋田病院,福井市
R7,18,福井県,1801,福井・坂井,R7-1801-28,1801福井県福井・坂井,28,15,医療法人福井愛育病院,福井市
R7,18,福井県,1801,福井・坂井,R7-1801-29,1801福井県福井・坂井,29,16,坂井市立三国病院,坂井市
R7,18,福井県,1801,福井・坂井,R7-1801-30,1801福井県福井・坂井,30,17,つくし野病院,福井市
R7,18,福井県,1801,福井・坂井,R7-1801-31,1801福井県福井・坂井,31,18,福井温泉病院,福井市
R7,18,福井県,1801,福井・坂井,R7-1801-32,1801福井県福井・坂井,32,19,安川病院,福井市
R7,18,福井県,1801,福井・坂井,R7-1801-33,1801福井県福井・坂井,33,20,さくら病院,福井市
R7,18,福井県,1801,福井・坂井,R7-1801-34,1801福井県福井・坂井,34,21,宮﨑病院,坂井市
R7,18,福井県,1801,福井・坂井,R7-1801-35,1801福井県福井・坂井,35,22,藤田記念病院,福井市
R7,18,福井県,1801,福井・坂井,R7-1801-36,1801福井県福井・坂井,36,23,光陽生協病院,福井市
R7,18,福井県,1801,福井・坂井,R7-1801-37,1801福井県福井・坂井,37,24,福井中央クリニック,福井市
R7,18,福井県,1801,福井・坂井,R7-1801-38,1801福井県福井・坂井,38,25,福井県こども療育センター,福井市
R7,18,福井県,1801,福井・坂井,R7-1801-39,1801福井県福井・坂井,39,26,福井リハビリテーション病院,福井市
R7,18,福井県,1801,福井・坂井,R7-1801-40,1801福井県福井・坂井,40,27,冨永病院,福井市
R7,18,福井県,1801,福井・坂井,R7-1801-41,1801福井県福井・坂井,41,28,加納病院,あわら市
R7,18,福井県,1801,福井・坂井,R7-1801-42,1801福井県福井・坂井,42,29,藤田神経内科病院,坂井市
R7,18,福井県,1801,福井・坂井,R7-1801-43,1801福井県福井・坂井,43,30,福仁会病院,福井市
R7,18,福井県,1801,福井・坂井,R7-1801-44,1801福井県福井・坂井,44,31,奥村病院,福井市
R7,18,福井県,1801,福井・坂井,R7-1801-45,1801福井県福井・坂井,45,32,長保会 吉水整形外科医院,福井市
R7,18,福井県,1801,福井・坂井,R7-1801-46,1801福井県福井・坂井,46,33,山内整形外科,福井市
R7,18,福井県,1801,福井・坂井,R7-1801-47,1801福井県福井・坂井,47,34,ホーカベレディースクリニック,福井市
R7,18,福井県,1801,福井・坂井,R7-1801-48,1801福井県福井・坂井,48,35,福井総合クリニック,福井市
R7,18,福井県,1801,福井・坂井,R7-1801-49,1801福井県福井・坂井,49,36,安土整形外科医院,福井市
R7,18,福井県,1801,福井・坂井,R7-1801-50,1801福井県福井・坂井,50,37,大森整形外科リウマチ科,福井市
R7,18,福井県,1801,福井・坂井,R7-1801-51,1801福井県福井・坂井,51,38,医療法人駅東整形外科,福井市
R7,18,福井県,1801,福井・坂井,R7-1801-52,1801福井県福井・坂井,52,39,医療法人久保田内科医院,福井市
R7,18,福井県,1801,福井・坂井,R7-1801-53,1801福井県福井・坂井,53,40,医療法人宮﨑整形外科医院,福井市
R7,18,福井県,1801,福井・坂井,R7-1801-54,1801福井県福井・坂井,54,41,片山整形外科,福井市
R7,18,福井県,1801,福井・坂井,R7-1801-55,1801福井県福井・坂井,55,42,ひらい内科消化器科医院,福井市
R7,18,福井県,1801,福井・坂井,R7-1801-56,1801福井県福井・坂井,56,43,あすわクリニック,福井市
R7,18,福井県,1801,福井・坂井,R7-1801-57,1801福井県福井・坂井,57,44,佐藤整形形成外科,福井市
R7,18,福井県,1801,福井・坂井,R7-1801-58,1801福井県福井・坂井,58,45,打波外科胃腸科婦人科,福井市
R7,18,福井県,1801,福井・坂井,R7-1801-59,1801福井県福井・坂井,59,46,医療法人清風会 吉田医院,福井市
R7,18,福井県,1801,福井・坂井,R7-1801-60,1801福井県福井・坂井,60,47,医療法人中瀬整形外科医院,坂井市
R7,18,福井県,1801,福井・坂井,R7-1801-61,1801福井県福井・坂井,61,48,東外科医院,坂井市
R7,18,福井県,1801,福井・坂井,R7-1801-62,1801福井県福井・坂井,62,49,本多レディースクリニック,福井市
R7,18,福井県,1801,福井・坂井,R7-1801-63,1801福井県福井・坂井,63,50,福島泌尿器科医院,福井市
R7,18,福井県,1801,福井・坂井,R7-1801-64,1801福井県福井・坂井,64,51,齋藤眼科,福井市
R7,18,福井県,1801,福井・坂井,R7-1801-65,1801福井県福井・坂井,65,52,中永医院,福井市
R7,18,福井県,1801,福井・坂井,R7-1801-66,1801福井県福井・坂井,66,53,高波耳鼻咽喉科医院,福井市
R7,18,福井県,1801,福井・坂井,R7-1801-67,1801福井県福井・坂井,67,54,まつむら眼科クリニック,福井市
R7,18,福井県,1801,福井・坂井,R7-1801-68,1801福井県福井・坂井,68,55,つながるクリニック,福井市
R7,18,福井県,1802,奥越,R7-1802-14,1802福井県奥越,14,1,独立行政法人地域医療機能推進機構 福井勝山総合病院,勝山市
R7,18,福井県,1802,奥越,R7-1802-15,1802福井県奥越,15,2,医療法人 キラキラ会 松田病院,大野市
R7,18,福井県,1802,奥越,R7-1802-16,1802福井県奥越,16,3,医療法人清翔会尾崎病院,大野市
R7,18,福井県,1802,奥越,R7-1802-17,1802福井県奥越,17,4,広瀬病院,大野市
R7,18,福井県,1802,奥越,R7-1802-18,1802福井県奥越,18,5,阿部病院,大野市
R7,18,福井県,1802,奥越,R7-1802-19,1802福井県奥越,19,6,芳野医院,勝山市
R7,18,福井県,1802,奥越,R7-1802-20,1802福井県奥越,20,7,勝山オレンジクリニック,勝山市
R7,18,福井県,1803,丹南,R7-1803-14,1803福井県丹南,14,1,木村病院,鯖江市
R7,18,福井県,1803,丹南,R7-1803-15,1803福井県丹南,15,2,医療法人林病院,越前市
R7,18,福井県,1803,丹南,R7-1803-16,1803福井県丹南,16,3,社会医療法人 財団 中村病院,越前市
R7,18,福井県,1803,丹南,R7-1803-17,1803福井県丹南,17,4,公立丹南病院,鯖江市
R7,18,福井県,1803,丹南,R7-1803-18,1803福井県丹南,18,5,広瀬病院,鯖江市
R7,18,福井県,1803,丹南,R7-1803-19,1803福井県丹南,19,6,斎藤病院,鯖江市
R7,18,福井県,1803,丹南,R7-1803-20,1803福井県丹南,20,7,医療法人笠原病院,越前市
R7,18,福井県,1803,丹南,R7-1803-21,1803福井県丹南,21,8,高村病院,鯖江市
R7,18,福井県,1803,丹南,R7-1803-22,1803福井県丹南,22,9,越前町国民健康保険織田病院,越前町
R7,18,福井県,1803,丹南,R7-1803-23,1803福井県丹南,23,10,一般財団法人 今立中央病院,越前市
R7,18,福井県,1803,丹南,R7-1803-24,1803福井県丹南,24,11,高野病院,鯖江市
R7,18,福井県,1803,丹南,R7-1803-25,1803福井県丹南,25,12,医療法人 相木病院,越前市
R7,18,福井県,1803,丹南,R7-1803-26,1803福井県丹南,26,13,池端病院,越前市
R7,18,福井県,1803,丹南,R7-1803-27,1803福井県丹南,27,14,医療法人 倉伊会 伊部病院,越前町
R7,18,福井県,1803,丹南,R7-1803-28,1803福井県丹南,28,15,越前外科内科医院,越前市
R7,18,福井県,1803,丹南,R7-1803-29,1803福井県丹南,29,16,藤井医院,越前市
R7,18,福井県,1803,丹南,R7-1803-30,1803福井県丹南,30,17,岩堀メディカルオフィス,越前市
R7,18,福井県,1803,丹南,R7-1803-31,1803福井県丹南,31,18,医療法人斎藤医院,越前市
R7,18,福井県,1803,丹南,R7-1803-32,1803福井県丹南,32,19,東武内科外科クリニック,越前市
R7,18,福井県,1803,丹南,R7-1803-33,1803福井県丹南,33,20,南越前町国民健康保険今庄診療所,南越前町
R7,18,福井県,1803,丹南,R7-1803-34,1803福井県丹南,34,21,産婦人科鈴木クリニック,鯖江市
R7,18,福井県,1803,丹南,R7-1803-35,1803福井県丹南,35,22,医療法人文生会 井元産婦人科医院,越前市
R7,18,福井県,1803,丹南,R7-1803-36,1803福井県丹南,36,23,鯖江清水眼科,鯖江市
R7,18,福井県,1803,丹南,R7-1803-37,1803福井県丹南,37,24,花岡医院,南越前町
R7,18,福井県,1804,嶺南,R7-1804-14,1804福井県嶺南,14,1,杉田玄白記念公立小浜病院,小浜市
R7,18,福井県,1804,嶺南,R7-1804-15,1804福井県嶺南,15,2,市立敦賀病院,敦賀市
R7,18,福井県,1804,嶺南,R7-1804-16,1804福井県嶺南,16,3,独立行政法人国立病院機構敦賀医療センター,敦賀市
R7,18,福井県,1804,嶺南,R7-1804-17,1804福井県嶺南,17,4,泉ヶ丘病院,敦賀市
R7,18,福井県,1804,嶺南,R7-1804-18,1804福井県嶺南,18,5,レイクヒルズ美方病院,若狭町
R7,18,福井県,1804,嶺南,R7-1804-19,1804福井県嶺南,19,6,独立行政法人地域医療機能推進機構 若狭高浜病院,高浜町
R7,18,福井県,1804,嶺南,R7-1804-20,1804福井県嶺南,20,7,田中病院,小浜市
R7,18,福井県,1804,嶺南,R7-1804-21,1804福井県嶺南,21,8,和久野医院,敦賀市
R7,18,福井県,1804,嶺南,R7-1804-22,1804福井県嶺南,22,9,おおい町保健・医療・福祉総合施設診療所,おおい町
R7,18,福井県,1804,嶺南,R7-1804-23,1804福井県嶺南,23,10,若狭町国民健康保険上中診療所,若狭町
R7,18,福井県,1804,嶺南,R7-1804-24,1804福井県嶺南,24,11,産科・婦人科 井上クリニック,敦賀市
R7,18,福井県,1804,嶺南,R7-1804-25,1804福井県嶺南,25,12,三宅眼科医院,敦賀市
R7,19,山梨県,1901,中北,R7-1901-14,1901山梨県中北,14,1,山梨県立中央病院,甲府市
R7,19,山梨県,1901,中北,R7-1901-15,1901山梨県中北,15,2,山梨大学医学部附属病院,中央市
R7,19,山梨県,1901,中北,R7-1901-16,1901山梨県中北,16,3,市立甲府病院,甲府市
R7,19,山梨県,1901,中北,R7-1901-17,1901山梨県中北,17,4,甲府城南病院,甲府市
R7,19,山梨県,1901,中北,R7-1901-18,1901山梨県中北,18,5,甲府共立病院,甲府市
R7,19,山梨県,1901,中北,R7-1901-19,1901山梨県中北,19,6,独立行政法人国立病院機構甲府病院,甲府市
R7,19,山梨県,1901,中北,R7-1901-20,1901山梨県中北,20,7,白根徳洲会病院,南アルプス市
R7,19,山梨県,1901,中北,R7-1901-21,1901山梨県中北,21,8,巨摩共立病院,南アルプス市
R7,19,山梨県,1901,中北,R7-1901-22,1901山梨県中北,22,9,湯村温泉病院,甲府市
R7,19,山梨県,1901,中北,R7-1901-23,1901山梨県中北,23,10,竜王リハビリテーション病院,甲斐市
R7,19,山梨県,1901,中北,R7-1901-24,1901山梨県中北,24,11,地域医療機能推進機構山梨病院,甲府市
R7,19,山梨県,1901,中北,R7-1901-25,1901山梨県中北,25,12,韮崎市立病院,韮崎市
R7,19,山梨県,1901,中北,R7-1901-26,1901山梨県中北,26,13,恵信甲府病院,甲府市
R7,19,山梨県,1901,中北,R7-1901-27,1901山梨県中北,27,14,北杜市立甲陽病院,北杜市
R7,19,山梨県,1901,中北,R7-1901-28,1901山梨県中北,28,15,北杜市立　塩川病院,北杜市
R7,19,山梨県,1901,中北,R7-1901-29,1901山梨県中北,29,16,赤坂台病院,甲斐市
R7,19,山梨県,1901,中北,R7-1901-30,1901山梨県中北,30,17,あけぼの医療福祉センター,韮崎市
R7,19,山梨県,1901,中北,R7-1901-31,1901山梨県中北,31,18,恵信リハビリテーション病院,甲斐市
R7,19,山梨県,1901,中北,R7-1901-32,1901山梨県中北,32,19,甲府脳神経外科病院,甲府市
R7,19,山梨県,1901,中北,R7-1901-33,1901山梨県中北,33,20,恵信韮崎病院,韮崎市
R7,19,山梨県,1901,中北,R7-1901-34,1901山梨県中北,34,21,城東病院,甲府市
R7,19,山梨県,1901,中北,R7-1901-35,1901山梨県中北,35,22,三枝病院,甲斐市
R7,19,山梨県,1901,中北,R7-1901-36,1901山梨県中北,36,23,貢川整形外科病院,甲府市
R7,19,山梨県,1901,中北,R7-1901-37,1901山梨県中北,37,24,韮崎東ケ丘病院,韮崎市
R7,19,山梨県,1901,中北,R7-1901-38,1901山梨県中北,38,25,武川病院,昭和町
R7,19,山梨県,1901,中北,R7-1901-39,1901山梨県中北,39,26,高原病院,南アルプス市
R7,19,山梨県,1901,中北,R7-1901-40,1901山梨県中北,40,27,宮川病院,南アルプス市
R7,19,山梨県,1901,中北,R7-1901-41,1901山梨県中北,41,28,青沼整形外科,南アルプス市
R7,19,山梨県,1901,中北,R7-1901-42,1901山梨県中北,42,29,ほくと診療所,北杜市
R7,19,山梨県,1901,中北,R7-1901-43,1901山梨県中北,43,30,赤岡整形外科医院,中央市
R7,19,山梨県,1901,中北,R7-1901-44,1901山梨県中北,44,31,玉穂ふれあい診療所,中央市
R7,19,山梨県,1901,中北,R7-1901-45,1901山梨県中北,45,32,医療法人　田辺産婦人科,昭和町
R7,19,山梨県,1901,中北,R7-1901-46,1901山梨県中北,46,33,今井整形外科医院,甲府市
R7,19,山梨県,1901,中北,R7-1901-47,1901山梨県中北,47,34,箭本外科整形外科医院,甲府市
R7,19,山梨県,1901,中北,R7-1901-48,1901山梨県中北,48,35,産科婦人科清水クリニック,甲府市
R7,19,山梨県,1901,中北,R7-1901-49,1901山梨県中北,49,36,梶山クリニック,甲府市
R7,19,山梨県,1901,中北,R7-1901-50,1901山梨県中北,50,37,竜王レディースクリニック,甲斐市
R7,19,山梨県,1901,中北,R7-1901-51,1901山梨県中北,51,38,長田産婦人科クリニック,甲府市
R7,19,山梨県,1901,中北,R7-1901-52,1901山梨県中北,52,39,今井クリニック,昭和町
R7,19,山梨県,1901,中北,R7-1901-53,1901山梨県中北,53,40,田辺眼科,甲斐市
R7,19,山梨県,1901,中北,R7-1901-54,1901山梨県中北,54,41,依田産科婦人科クリニック,甲府市
R7,19,山梨県,1901,中北,R7-1901-55,1901山梨県中北,55,42,土屋眼科医院,甲府市
R7,19,山梨県,1901,中北,R7-1901-56,1901山梨県中北,56,43,ひかりの里クリニック,甲斐市
R7,19,山梨県,1901,中北,R7-1901-57,1901山梨県中北,57,44,韮崎おはな産婦人科,韮崎市
R7,19,山梨県,1901,中北,R7-1901-58,1901山梨県中北,58,45,露木耳鼻咽喉科医院,甲府市
R7,19,山梨県,1901,中北,R7-1901-59,1901山梨県中北,59,46,薬袋レディースクリニック,甲府市
R7,19,山梨県,1902,峡東,R7-1902-14,1902山梨県峡東,14,1,山梨厚生病院,山梨市
R7,19,山梨県,1902,峡東,R7-1902-15,1902山梨県峡東,15,2,春日居総合リハビリテーション病院,笛吹市
R7,19,山梨県,1902,峡東,R7-1902-16,1902山梨県峡東,16,3,富士温泉病院,笛吹市
R7,19,山梨県,1902,峡東,R7-1902-17,1902山梨県峡東,17,4,石和温泉病院,笛吹市
R7,19,山梨県,1902,峡東,R7-1902-18,1902山梨県峡東,18,5,甲州リハビリテーション病院,笛吹市
R7,19,山梨県,1902,峡東,R7-1902-19,1902山梨県峡東,19,6,塩山市民病院,甲州市
R7,19,山梨県,1902,峡東,R7-1902-20,1902山梨県峡東,20,7,加納岩総合病院,山梨市
R7,19,山梨県,1902,峡東,R7-1902-21,1902山梨県峡東,21,8,笛吹中央病院,笛吹市
R7,19,山梨県,1902,峡東,R7-1902-22,1902山梨県峡東,22,9,山梨リハビリテーション病院,笛吹市
R7,19,山梨県,1902,峡東,R7-1902-23,1902山梨県峡東,23,10,一宮温泉病院,笛吹市
R7,19,山梨県,1902,峡東,R7-1902-24,1902山梨県峡東,24,11,石和共立病院,笛吹市
R7,19,山梨県,1902,峡東,R7-1902-25,1902山梨県峡東,25,12,勝沼病院,甲州市
R7,19,山梨県,1902,峡東,R7-1902-26,1902山梨県峡東,26,13,山梨市立牧丘病院,山梨市
R7,19,山梨県,1902,峡東,R7-1902-27,1902山梨県峡東,27,14,山梨市立産婦人科医院,山梨市
R7,19,山梨県,1902,峡東,R7-1902-28,1902山梨県峡東,28,15,花の丘たちかわクリニック,笛吹市
R7,19,山梨県,1902,峡東,R7-1902-29,1902山梨県峡東,29,16,長坂クリニック,笛吹市
R7,19,山梨県,1903,峡南,R7-1903-14,1903山梨県峡南,14,1,峡南医療センター企業団富士川病院,富士川町
R7,19,山梨県,1903,峡南,R7-1903-15,1903山梨県峡南,15,2,しもべ病院,身延町
R7,19,山梨県,1903,峡南,R7-1903-16,1903山梨県峡南,16,3,身延山病院,身延町
R7,19,山梨県,1903,峡南,R7-1903-17,1903山梨県峡南,17,4,飯富病院,身延町
R7,19,山梨県,1903,峡南,R7-1903-18,1903山梨県峡南,18,5,峡南病院,富士川町
R7,19,山梨県,1904,富士・東部,R7-1904-14,1904山梨県富士・東部,14,1,富士吉田市立病院,富士吉田市
R7,19,山梨県,1904,富士・東部,R7-1904-15,1904山梨県富士・東部,15,2,山梨赤十字病院,富士河口湖町
R7,19,山梨県,1904,富士・東部,R7-1904-16,1904山梨県富士・東部,16,3,地方独立行政法人 大月市立中央病院,大月市
R7,19,山梨県,1904,富士・東部,R7-1904-17,1904山梨県富士・東部,17,4,都留市立病院,都留市
R7,19,山梨県,1904,富士・東部,R7-1904-18,1904山梨県富士・東部,18,5,上野原市立病院,上野原市
R7,19,山梨県,1904,富士・東部,R7-1904-19,1904山梨県富士・東部,19,6,ツル虎ノ門整形外科・リハビリテーション病院,都留市
R7,19,山梨県,1904,富士・東部,R7-1904-20,1904山梨県富士・東部,20,7,東桂メディカルクリック,都留市
R7,19,山梨県,1904,富士・東部,R7-1904-21,1904山梨県富士・東部,21,8,医療法人 雙寿会 ことぶき診療所,富士吉田市
R7,19,山梨県,1904,富士・東部,R7-1904-22,1904山梨県富士・東部,22,9,富士厚生クリニック,大月市
R7,19,山梨県,1904,富士・東部,R7-1904-23,1904山梨県富士・東部,23,10,武者医院,大月市
R7,19,山梨県,1904,富士・東部,R7-1904-24,1904山梨県富士・東部,24,11,宮下医院,富士吉田市
R7,19,山梨県,1904,富士・東部,R7-1904-25,1904山梨県富士・東部,25,12,加賀谷医院,富士吉田市
R7,20,長野県,2001,佐久,R7-2001-14,2001長野県佐久,14,1,長野県厚生農業協同組合連合会 佐久総合病院 佐久医療センター,佐久市
R7,20,長野県,2001,佐久,R7-2001-15,2001長野県佐久,15,2,長野県厚生農業協同組合連合会　浅間南麓こもろ医療センター,小諸市
R7,20,長野県,2001,佐久,R7-2001-16,2001長野県佐久,16,3,長野県厚生農業協同組合連合会佐久総合病院,佐久市
R7,20,長野県,2001,佐久,R7-2001-17,2001長野県佐久,17,4,佐久市立国保浅間総合病院,佐久市
R7,20,長野県,2001,佐久,R7-2001-18,2001長野県佐久,18,5,医療法人社団軽井沢西部総合病院,御代田町
R7,20,長野県,2001,佐久,R7-2001-19,2001長野県佐久,19,6,軽井沢町国民健康保険軽井沢病院,軽井沢町
R7,20,長野県,2001,佐久,R7-2001-20,2001長野県佐久,20,7,長野県厚生農業協同組合連合会佐久総合病院 小海分院,小海町
R7,20,長野県,2001,佐久,R7-2001-21,2001長野県佐久,21,8,川西赤十字病院,佐久市
R7,20,長野県,2001,佐久,R7-2001-22,2001長野県佐久,22,9,くろさわ病院,佐久市
R7,20,長野県,2001,佐久,R7-2001-23,2001長野県佐久,23,10,医療法人三世会金澤病院,佐久市
R7,20,長野県,2001,佐久,R7-2001-24,2001長野県佐久,24,11,佐久穂町立千曲病院,佐久穂町
R7,20,長野県,2001,佐久,R7-2001-25,2001長野県佐久,25,12,独立行政法人国立病院機構小諸高原病院,小諸市
R7,20,長野県,2001,佐久,R7-2001-26,2001長野県佐久,26,13,医療法人雨宮病院,佐久市
R7,20,長野県,2001,佐久,R7-2001-27,2001長野県佐久,27,14,医療法人山月会小諸医院,小諸市
R7,20,長野県,2001,佐久,R7-2001-28,2001長野県佐久,28,15,花岡レディースクリニック,小諸市
R7,20,長野県,2001,佐久,R7-2001-29,2001長野県佐久,29,16,中澤眼科クリニック,佐久市
R7,20,長野県,2001,佐久,R7-2001-30,2001長野県佐久,30,17,博愛こばやし眼科,佐久市
R7,20,長野県,2002,上小,R7-2002-14,2002長野県上小,14,1,長野県厚生農業協同組合連合会鹿教湯三才山リハビリテーションセンター鹿教湯病院,上田市
R7,20,長野県,2002,上小,R7-2002-15,2002長野県上小,15,2,独立行政法人国立病院機構信州上田医療センター,上田市
R7,20,長野県,2002,上小,R7-2002-16,2002長野県上小,16,3,丸子中央病院,上田市
R7,20,長野県,2002,上小,R7-2002-17,2002長野県上小,17,4,国民健康保険依田窪病院,長和町
R7,20,長野県,2002,上小,R7-2002-18,2002長野県上小,18,5,医療法人慈善会安藤病院,上田市
R7,20,長野県,2002,上小,R7-2002-19,2002長野県上小,19,6,医療法人健救会柳沢病院,上田市
R7,20,長野県,2002,上小,R7-2002-20,2002長野県上小,20,7,医療法人健和会 小林脳神経外科・神経内科病院,上田市
R7,20,長野県,2002,上小,R7-2002-21,2002長野県上小,21,8,医療法人健静会上田病院,上田市
R7,20,長野県,2002,上小,R7-2002-22,2002長野県上小,22,9,東御市民病院,東御市
R7,20,長野県,2002,上小,R7-2002-23,2002長野県上小,23,10,医療法人共和会塩田病院,上田市
R7,20,長野県,2002,上小,R7-2002-24,2002長野県上小,24,11,医療法人仁和会上田花園病院,上田市
R7,20,長野県,2002,上小,R7-2002-25,2002長野県上小,25,12,医療法人慈修会 上田腎臓クリニック,上田市
R7,20,長野県,2002,上小,R7-2002-26,2002長野県上小,26,13,医療法人秀栄会 岸医院,上田市
R7,20,長野県,2002,上小,R7-2002-27,2002長野県上小,27,14,医療法人光仁会 川西医院,上田市
R7,20,長野県,2002,上小,R7-2002-28,2002長野県上小,28,15,祢津診療所,東御市
R7,20,長野県,2002,上小,R7-2002-29,2002長野県上小,29,16,東御記念セントラルクリニック,東御市
R7,20,長野県,2002,上小,R7-2002-30,2002長野県上小,30,17,角田産婦人科医院,上田市
R7,20,長野県,2002,上小,R7-2002-31,2002長野県上小,31,18,あおやぎ眼科,上田市
R7,20,長野県,2003,諏訪,R7-2003-14,2003長野県諏訪,14,1,諏訪赤十字病院,諏訪市
R7,20,長野県,2003,諏訪,R7-2003-15,2003長野県諏訪,15,2,諏訪中央病院,茅野市
R7,20,長野県,2003,諏訪,R7-2003-16,2003長野県諏訪,16,3,岡谷市民病院,岡谷市
R7,20,長野県,2003,諏訪,R7-2003-17,2003長野県諏訪,17,4,富士見高原医療福祉センター富士見高原病院,富士見町
R7,20,長野県,2003,諏訪,R7-2003-18,2003長野県諏訪,18,5,医療法人研成会諏訪湖畔病院,岡谷市
R7,20,長野県,2003,諏訪,R7-2003-19,2003長野県諏訪,19,6,社会福祉法人信濃医療福祉センター,下諏訪町
R7,20,長野県,2003,諏訪,R7-2003-20,2003長野県諏訪,20,7,社会医療法人南信勤労者医療協会諏訪共立病院,下諏訪町
R7,20,長野県,2003,諏訪,R7-2003-21,2003長野県諏訪,21,8,祐愛病院,岡谷市
R7,20,長野県,2003,諏訪,R7-2003-22,2003長野県諏訪,22,9,諏訪城東病院,諏訪市
R7,20,長野県,2003,諏訪,R7-2003-23,2003長野県諏訪,23,10,諏訪マタニティークリニック,下諏訪町
R7,20,長野県,2003,諏訪,R7-2003-24,2003長野県諏訪,24,11,あおぞらレディス＆マタニティクリニック,諏訪市
R7,20,長野県,2003,諏訪,R7-2003-25,2003長野県諏訪,25,12,山崎医院,岡谷市
R7,20,長野県,2003,諏訪,R7-2003-26,2003長野県諏訪,26,13,野村ウイメンズクリニック,岡谷市
R7,20,長野県,2004,上伊那,R7-2004-14,2004長野県上伊那,14,1,伊那中央病院,伊那市
R7,20,長野県,2004,上伊那,R7-2004-15,2004長野県上伊那,15,2,昭和伊南総合病院,駒ヶ根市
R7,20,長野県,2004,上伊那,R7-2004-16,2004長野県上伊那,16,3,上伊那生協病院,箕輪町
R7,20,長野県,2004,上伊那,R7-2004-17,2004長野県上伊那,17,4,医療法人暁会 仁愛病院,伊那市
R7,20,長野県,2004,上伊那,R7-2004-18,2004長野県上伊那,18,5,町立辰野病院,辰野町
R7,20,長野県,2004,上伊那,R7-2004-19,2004長野県上伊那,19,6,医療法人保健同人会 田中病院,伊那市
R7,20,長野県,2004,上伊那,R7-2004-20,2004長野県上伊那,20,7,駒ヶ根高原レディスクリニック,駒ヶ根市
R7,20,長野県,2004,上伊那,R7-2004-21,2004長野県上伊那,21,8,医療法人岩段会　菜の花マタニティクリニック,伊那市
R7,20,長野県,2005,飯伊,R7-2005-14,2005長野県飯伊,14,1,飯田市立病院,飯田市
R7,20,長野県,2005,飯伊,R7-2005-15,2005長野県飯伊,15,2,飯田病院,飯田市
R7,20,長野県,2005,飯伊,R7-2005-16,2005長野県飯伊,16,3,輝山会記念病院,飯田市
R7,20,長野県,2005,飯伊,R7-2005-17,2005長野県飯伊,17,4,健和会病院,飯田市
R7,20,長野県,2005,飯伊,R7-2005-18,2005長野県飯伊,18,5,長野県厚生農業協同組合連合会下伊那厚生病院,高森町
R7,20,長野県,2005,飯伊,R7-2005-19,2005長野県飯伊,19,6,瀬口脳神経外科病院,飯田市
R7,20,長野県,2005,飯伊,R7-2005-20,2005長野県飯伊,20,7,下伊那赤十字病院,松川町
R7,20,長野県,2005,飯伊,R7-2005-21,2005長野県飯伊,21,8,長野県立阿南病院,阿南町
R7,20,長野県,2005,飯伊,R7-2005-22,2005長野県飯伊,22,9,菅沼病院,飯田市
R7,20,長野県,2005,飯伊,R7-2005-23,2005長野県飯伊,23,10,慶友整形外科,飯田市
R7,20,長野県,2005,飯伊,R7-2005-24,2005長野県飯伊,24,11,橋上医院,阿智村
R7,20,長野県,2006,木曽,R7-2006-14,2006長野県木曽,14,1,長野県立木曽病院,木曽町
R7,20,長野県,2007,松本,R7-2007-14,2007長野県松本,14,1,信州大学医学部附属病院,松本市
R7,20,長野県,2007,松本,R7-2007-15,2007長野県松本,15,2,社会医療法人財団慈泉会 相澤病院,松本市
R7,20,長野県,2007,松本,R7-2007-16,2007長野県松本,16,3,独立行政法人国立病院機構まつもと医療センター,松本市
R7,20,長野県,2007,松本,R7-2007-17,2007長野県松本,17,4,安曇野赤十字病院,安曇野市
R7,20,長野県,2007,松本,R7-2007-18,2007長野県松本,18,5,長野県立こども病院,安曇野市
R7,20,長野県,2007,松本,R7-2007-19,2007長野県松本,19,6,松本協立病院,松本市
R7,20,長野県,2007,松本,R7-2007-20,2007長野県松本,20,7,社会医療法人抱生会 丸の内病院,松本市
R7,20,長野県,2007,松本,R7-2007-21,2007長野県松本,21,8,松本市立病院,松本市
R7,20,長野県,2007,松本,R7-2007-22,2007長野県松本,22,9,桔梗ヶ原病院,塩尻市
R7,20,長野県,2007,松本,R7-2007-23,2007長野県松本,23,10,城西病院,松本市
R7,20,長野県,2007,松本,R7-2007-24,2007長野県松本,24,11,医療法人仁雄会 穂高病院,安曇野市
R7,20,長野県,2007,松本,R7-2007-25,2007長野県松本,25,12,塩尻協立病院,塩尻市
R7,20,長野県,2007,松本,R7-2007-26,2007長野県松本,26,13,医療法人心泉会 上條記念病院,松本市
R7,20,長野県,2007,松本,R7-2007-27,2007長野県松本,27,14,松本中川病院,松本市
R7,20,長野県,2007,松本,R7-2007-28,2007長野県松本,28,15,一之瀬脳神経外科病院,松本市
R7,20,長野県,2007,松本,R7-2007-29,2007長野県松本,29,16,藤森病院,松本市
R7,20,長野県,2007,松本,R7-2007-30,2007長野県松本,30,17,医療法人元山会 中村病院,塩尻市
R7,20,長野県,2007,松本,R7-2007-31,2007長野県松本,31,18,社会医療法人財団慈泉会相澤東病院,松本市
R7,20,長野県,2007,松本,R7-2007-32,2007長野県松本,32,19,塩尻病院,塩尻市
R7,20,長野県,2007,松本,R7-2007-33,2007長野県松本,33,20,医療法人和心会　松南病院,松本市
R7,20,長野県,2007,松本,R7-2007-34,2007長野県松本,34,21,松本歯科大学病院,塩尻市
R7,20,長野県,2007,松本,R7-2007-35,2007長野県松本,35,22,神應透析クリニック,松本市
R7,20,長野県,2007,松本,R7-2007-36,2007長野県松本,36,23,肛門外科渡辺医院,松本市
R7,20,長野県,2007,松本,R7-2007-37,2007長野県松本,37,24,柏原クリニック,安曇野市
R7,20,長野県,2007,松本,R7-2007-38,2007長野県松本,38,25,社会医療法人財団慈泉会 相澤健康センター,松本市
R7,20,長野県,2007,松本,R7-2007-39,2007長野県松本,39,26,横西産婦人科,松本市
R7,20,長野県,2007,松本,R7-2007-40,2007長野県松本,40,27,松塩クリニック透析センター,松本市
R7,20,長野県,2007,松本,R7-2007-41,2007長野県松本,41,28,医療法人民蘇堂 野中眼科,松本市
R7,20,長野県,2007,松本,R7-2007-42,2007長野県松本,42,29,高橋医院,安曇野市
R7,20,長野県,2007,松本,R7-2007-43,2007長野県松本,43,30,山田眼科医院,安曇野市
R7,20,長野県,2007,松本,R7-2007-44,2007長野県松本,44,31,象先堂田村眼科医院,塩尻市
R7,20,長野県,2007,松本,R7-2007-45,2007長野県松本,45,32,裏川眼科,松本市
R7,20,長野県,2007,松本,R7-2007-46,2007長野県松本,46,33,医療法人山本耳鼻咽喉科,安曇野市
R7,20,長野県,2007,松本,R7-2007-47,2007長野県松本,47,34,佐藤耳鼻咽喉科医院,
R7,20,長野県,2008,大北,R7-2008-14,2008長野県大北,14,1,長野県厚生農業協同組合連合会 北アルプス医療センターあづみ病院,池田町
R7,20,長野県,2008,大北,R7-2008-15,2008長野県大北,15,2,市立大町総合病院,大町市
R7,20,長野県,2008,大北,R7-2008-16,2008長野県大北,16,3,神城醫院,白馬村
R7,20,長野県,2009,長野,R7-2009-14,2009長野県長野,14,1,長野赤十字病院,長野市
R7,20,長野県,2009,長野,R7-2009-15,2009長野県長野,15,2,長野県厚生農業協同組合連合会 南長野医療センター篠ノ井総合病院,長野市
R7,20,長野県,2009,長野,R7-2009-16,2009長野県長野,16,3,長野市民病院,長野市
R7,20,長野県,2009,長野,R7-2009-17,2009長野県長野,17,4,長野県厚生農業協同組合連合会長野松代総合病院,長野市
R7,20,長野県,2009,長野,R7-2009-18,2009長野県長野,18,5,長野医療生活協同組合長野中央病院,長野市
R7,20,長野県,2009,長野,R7-2009-19,2009長野県長野,19,6,長野県立信州医療センター,須坂市
R7,20,長野県,2009,長野,R7-2009-20,2009長野県長野,20,7,長野寿光会上山田病院,千曲市
R7,20,長野県,2009,長野,R7-2009-21,2009長野県長野,21,8,社会医療法人大西会　千曲中央病院,千曲市
R7,20,長野県,2009,長野,R7-2009-22,2009長野県長野,22,9,独立行政法人国立病院機構東長野病院,長野市
R7,20,長野県,2009,長野,R7-2009-23,2009長野県長野,23,10,朝日ながの病院,長野市
R7,20,長野県,2009,長野,R7-2009-24,2009長野県長野,24,11,特定医療法人新生病院,小布施町
R7,20,長野県,2009,長野,R7-2009-25,2009長野県長野,25,12,長野県厚生農業協同組合連合会南長野医療センター新町病院,長野市
R7,20,長野県,2009,長野,R7-2009-26,2009長野県長野,26,13,長野県厚生農業協同組合連合会 長野松代総合病院附属若穂病院,長野市
R7,20,長野県,2009,長野,R7-2009-27,2009長野県長野,27,14,飯綱町立飯綱病院,飯綱町
R7,20,長野県,2009,長野,R7-2009-28,2009長野県長野,28,15,医療法人公仁会轟病院,須坂市
R7,20,長野県,2009,長野,R7-2009-29,2009長野県長野,29,16,栗田病院,長野市
R7,20,長野県,2009,長野,R7-2009-30,2009長野県長野,30,17,長野県立総合リハビリテーションセンター,長野市
R7,20,長野県,2009,長野,R7-2009-31,2009長野県長野,31,18,稲荷山医療福祉センター,千曲市
R7,20,長野県,2009,長野,R7-2009-32,2009長野県長野,32,19,小島病院,長野市
R7,20,長野県,2009,長野,R7-2009-33,2009長野県長野,33,20,医療法人公生会　竹重病院,長野市
R7,20,長野県,2009,長野,R7-2009-34,2009長野県長野,34,21,信越病院,信濃町
R7,20,長野県,2009,長野,R7-2009-35,2009長野県長野,35,22,医療法人愛和会 愛和病院,長野市
R7,20,長野県,2009,長野,R7-2009-36,2009長野県長野,36,23,医療法人健成会 小林脳神経外科病院,長野市
R7,20,長野県,2009,長野,R7-2009-37,2009長野県長野,37,24,山田記念 朝日病院,長野市
R7,20,長野県,2009,長野,R7-2009-38,2009長野県長野,38,25,ナカジマ外科病院,長野市
R7,20,長野県,2009,長野,R7-2009-39,2009長野県長野,39,26,田中病院,長野市
R7,20,長野県,2009,長野,R7-2009-40,2009長野県長野,40,27,東口病院,長野市
R7,20,長野県,2009,長野,R7-2009-41,2009長野県長野,41,28,北野病院,長野市
R7,20,長野県,2009,長野,R7-2009-42,2009長野県長野,42,29,医療法人慈恵会吉田病院,長野市
R7,20,長野県,2009,長野,R7-2009-43,2009長野県長野,43,30,南十字脳神経外科,長野市
R7,20,長野県,2009,長野,R7-2009-44,2009長野県長野,44,31,医療法人鈴木泌尿器科,長野市
R7,20,長野県,2009,長野,R7-2009-45,2009長野県長野,45,32,伊勢宮腎臓内科クリニック,長野市
R7,20,長野県,2009,長野,R7-2009-46,2009長野県長野,46,33,クリニックコスモス長野,長野市
R7,20,長野県,2009,長野,R7-2009-47,2009長野県長野,47,34,医療法人裕生会 丸山産婦人科医院,長野市
R7,20,長野県,2009,長野,R7-2009-48,2009長野県長野,48,35,中澤ウィメンズライフクリニック,長野市
R7,20,長野県,2009,長野,R7-2009-49,2009長野県長野,49,36,彦坂医院,長野市
R7,20,長野県,2009,長野,R7-2009-50,2009長野県長野,50,37,ながのファミリークリニック,長野市
R7,20,長野県,2009,長野,R7-2009-51,2009長野県長野,51,38,三本柳整形外科クリニック,長野市
R7,20,長野県,2009,長野,R7-2009-52,2009長野県長野,52,39,医療法人つかさ会　石田眼科長野クリニック,長野市
R7,20,長野県,2009,長野,R7-2009-53,2009長野県長野,53,40,清水産婦人科医院,長野市
R7,20,長野県,2009,長野,R7-2009-54,2009長野県長野,54,41,板倉レディースクリニック,長野市
R7,20,長野県,2009,長野,R7-2009-55,2009長野県長野,55,42,鳥山眼科医院,長野市
R7,20,長野県,2009,長野,R7-2009-56,2009長野県長野,56,43,わかまつ呼吸器内科クリニック,長野市
R7,20,長野県,2009,長野,R7-2009-57,2009長野県長野,57,44,池田眼科,長野市
R7,20,長野県,2009,長野,R7-2009-58,2009長野県長野,58,45,島田内科クリニック,高山村
R7,20,長野県,2009,長野,R7-2009-59,2009長野県長野,59,46,おおくぼ眼科長野クリニック,長野市
R7,20,長野県,2009,長野,R7-2009-60,2009長野県長野,60,47,医療法人おおくぼ眼科　須坂クリニック,須坂市
R7,20,長野県,2010,北信,R7-2010-14,2010長野県北信,14,1,長野県厚生農業協同組合連合会北信総合病院,中野市
R7,20,長野県,2010,北信,R7-2010-15,2010長野県北信,15,2,飯山赤十字病院,飯山市
R7,20,長野県,2010,北信,R7-2010-16,2010長野県北信,16,3,医療法人聖峰会佐藤病院,中野市
R7,20,長野県,2010,北信,R7-2010-17,2010長野県北信,17,4,医療法人 保倉産婦人科医院,中野市
R7,21,岐阜県,2101,岐阜,R7-2101-14,2101岐阜県岐阜,14,1,岐阜県総合医療センター,岐阜市
R7,21,岐阜県,2101,岐阜,R7-2101-15,2101岐阜県岐阜,15,2,岐阜大学医学部附属病院,岐阜市
R7,21,岐阜県,2101,岐阜,R7-2101-16,2101岐阜県岐阜,16,3,岐阜市民病院,岐阜市
R7,21,岐阜県,2101,岐阜,R7-2101-17,2101岐阜県岐阜,17,4,松波総合病院,笠松町
R7,21,岐阜県,2101,岐阜,R7-2101-18,2101岐阜県岐阜,18,5,独立行政法人国立病院機構長良医療センター,岐阜市
R7,21,岐阜県,2101,岐阜,R7-2101-19,2101岐阜県岐阜,19,6,朝日大学病院,岐阜市
R7,21,岐阜県,2101,岐阜,R7-2101-20,2101岐阜県岐阜,20,7,岐阜清流病院,岐阜市
R7,21,岐阜県,2101,岐阜,R7-2101-21,2101岐阜県岐阜,21,8,公立学校共済組合東海中央病院,各務原市
R7,21,岐阜県,2101,岐阜,R7-2101-22,2101岐阜県岐阜,22,9,河村病院,岐阜市
R7,21,岐阜県,2101,岐阜,R7-2101-23,2101岐阜県岐阜,23,10,岐阜赤十字病院,岐阜市
R7,21,岐阜県,2101,岐阜,R7-2101-24,2101岐阜県岐阜,24,11,岐阜県厚生農業協同組合連合会岐阜・西濃医療センター岐北厚生病院,山県市
R7,21,岐阜県,2101,岐阜,R7-2101-25,2101岐阜県岐阜,25,12,羽島市民病院,羽島市
R7,21,岐阜県,2101,岐阜,R7-2101-26,2101岐阜県岐阜,26,13,医療法人社団 慈朋会 澤田病院,岐阜市
R7,21,岐阜県,2101,岐阜,R7-2101-27,2101岐阜県岐阜,27,14,医療法人社団 誠広会 平野総合病院,岐阜市
R7,21,岐阜県,2101,岐阜,R7-2101-28,2101岐阜県岐阜,28,15,岩砂病院・岩砂マタニティ,岐阜市
R7,21,岐阜県,2101,岐阜,R7-2101-29,2101岐阜県岐阜,29,16,近石病院,岐阜市
R7,21,岐阜県,2101,岐阜,R7-2101-30,2101岐阜県岐阜,30,17,山内ホスピタル,岐阜市
R7,21,岐阜県,2101,岐阜,R7-2101-31,2101岐阜県岐阜,31,18,岐阜ハートセンター,岐阜市
R7,21,岐阜県,2101,岐阜,R7-2101-32,2101岐阜県岐阜,32,19,各務原リハビリテーション病院,各務原市
R7,21,岐阜県,2101,岐阜,R7-2101-33,2101岐阜県岐阜,33,20,愛生病院,笠松町
R7,21,岐阜県,2101,岐阜,R7-2101-34,2101岐阜県岐阜,34,21,医療法人 和光会 山田病院,岐阜市
R7,21,岐阜県,2101,岐阜,R7-2101-35,2101岐阜県岐阜,35,22,医療法人社団双樹会 早徳病院,岐阜市
R7,21,岐阜県,2101,岐阜,R7-2101-36,2101岐阜県岐阜,36,23,みどり病院,岐阜市
R7,21,岐阜県,2101,岐阜,R7-2101-37,2101岐阜県岐阜,37,24,笠松病院,岐阜市
R7,21,岐阜県,2101,岐阜,R7-2101-38,2101岐阜県岐阜,38,25,城南病院,岐阜市
R7,21,岐阜県,2101,岐阜,R7-2101-39,2101岐阜県岐阜,39,26,医療法人社団幸紀会安江病院,岐阜市
R7,21,岐阜県,2101,岐阜,R7-2101-40,2101岐阜県岐阜,40,27,医療法人慶睦会　千手堂病院,岐阜市
R7,21,岐阜県,2101,岐阜,R7-2101-41,2101岐阜県岐阜,41,28,医療法人社団永寿会大橋整形外科病院,岐阜市
R7,21,岐阜県,2101,岐阜,R7-2101-42,2101岐阜県岐阜,42,29,医療法人生友会 柳津病院,岐阜市
R7,21,岐阜県,2101,岐阜,R7-2101-43,2101岐阜県岐阜,43,30,岐阜県立希望が丘こども医療福祉センター,岐阜市
R7,21,岐阜県,2101,岐阜,R7-2101-44,2101岐阜県岐阜,44,31,医療法人 秀幸会 横山病院,各務原市
R7,21,岐阜県,2101,岐阜,R7-2101-45,2101岐阜県岐阜,45,32,操外科病院,岐阜市
R7,21,岐阜県,2101,岐阜,R7-2101-46,2101岐阜県岐阜,46,33,医療法人社団志朋会加納渡辺病院,岐阜市
R7,21,岐阜県,2101,岐阜,R7-2101-47,2101岐阜県岐阜,47,34,操レディスホスピタル,岐阜市
R7,21,岐阜県,2101,岐阜,R7-2101-48,2101岐阜県岐阜,48,35,芥見診療所,岐阜市
R7,21,岐阜県,2101,岐阜,R7-2101-49,2101岐阜県岐阜,49,36,くまざき内科,岐阜市
R7,21,岐阜県,2101,岐阜,R7-2101-50,2101岐阜県岐阜,50,37,松原医院,岐阜市
R7,21,岐阜県,2101,岐阜,R7-2101-51,2101岐阜県岐阜,51,38,松岡整形外科・内科リハビリテーション,岐阜市
R7,21,岐阜県,2101,岐阜,R7-2101-52,2101岐阜県岐阜,52,39,古田産科婦人科クリニック,岐阜市
R7,21,岐阜県,2101,岐阜,R7-2101-53,2101岐阜県岐阜,53,40,操健康クリニック,岐阜市
R7,21,岐阜県,2101,岐阜,R7-2101-54,2101岐阜県岐阜,54,41,アイリスベルクリニック,羽島市
R7,21,岐阜県,2101,岐阜,R7-2101-55,2101岐阜県岐阜,55,42,医療法人おると会 榊原整形外科,各務原市
R7,21,岐阜県,2101,岐阜,R7-2101-56,2101岐阜県岐阜,56,43,フェニックス在宅支援クリニック,各務原市
R7,21,岐阜県,2101,岐阜,R7-2101-57,2101岐阜県岐阜,57,44,フェニックス総合クリニック,各務原市
R7,21,岐阜県,2101,岐阜,R7-2101-58,2101岐阜県岐阜,58,45,小林内科,各務原市
R7,21,岐阜県,2101,岐阜,R7-2101-59,2101岐阜県岐阜,59,46,北方医院,北方町
R7,21,岐阜県,2101,岐阜,R7-2101-60,2101岐阜県岐阜,60,47,いとうレディースケアクリニック,北方町
R7,21,岐阜県,2101,岐阜,R7-2101-61,2101岐阜県岐阜,61,48,永田産婦人科,各務原市
R7,21,岐阜県,2101,岐阜,R7-2101-62,2101岐阜県岐阜,62,49,羽島クリニック,笠松町
R7,21,岐阜県,2101,岐阜,R7-2101-63,2101岐阜県岐阜,63,50,さとうファミリークリニック,北方町
R7,21,岐阜県,2101,岐阜,R7-2101-64,2101岐阜県岐阜,64,51,高橋産婦人科,岐阜市
R7,21,岐阜県,2101,岐阜,R7-2101-65,2101岐阜県岐阜,65,52,あいレディースクリニック,岐阜市
R7,21,岐阜県,2101,岐阜,R7-2101-66,2101岐阜県岐阜,66,53,大塚レディスクリニック,岐阜市
R7,21,岐阜県,2101,岐阜,R7-2101-67,2101岐阜県岐阜,67,54,基生会 おおのレディースクリニック,岐阜市
R7,21,岐阜県,2101,岐阜,R7-2101-68,2101岐阜県岐阜,68,55,岐阜メイツ睡眠クリニック,岐阜市
R7,21,岐阜県,2101,岐阜,R7-2101-69,2101岐阜県岐阜,69,56,医療法人令明会　ゆりレディスクリニック,岐阜市
R7,21,岐阜県,2101,岐阜,R7-2101-70,2101岐阜県岐阜,70,57,宮崎レディスクリニック,岐阜市
R7,21,岐阜県,2101,岐阜,R7-2101-71,2101岐阜県岐阜,71,58,医療法人高井外科,岐阜市
R7,21,岐阜県,2101,岐阜,R7-2101-72,2101岐阜県岐阜,72,59,まつなみ健康増進クリニック,笠松町
R7,21,岐阜県,2101,岐阜,R7-2101-73,2101岐阜県岐阜,73,60,服部耳鼻咽喉科,岐阜市
R7,21,岐阜県,2101,岐阜,R7-2101-74,2101岐阜県岐阜,74,61,福富医院,岐阜市
R7,21,岐阜県,2101,岐阜,R7-2101-75,2101岐阜県岐阜,75,62,高橋眼科医院,岐阜市
R7,21,岐阜県,2101,岐阜,R7-2101-76,2101岐阜県岐阜,76,63,各務原第一外科,各務原市
R7,21,岐阜県,2101,岐阜,R7-2101-77,2101岐阜県岐阜,77,64,横山産院,各務原市
R7,21,岐阜県,2101,岐阜,R7-2101-78,2101岐阜県岐阜,78,65,医療法人寿康会 村上医院耳鼻咽喉科,各務原市
R7,21,岐阜県,2101,岐阜,R7-2101-79,2101岐阜県岐阜,79,66,医療法人誠優会　石原産婦人科,岐阜市
R7,21,岐阜県,2101,岐阜,R7-2101-80,2101岐阜県岐阜,80,67,総合在宅医療クリニック,岐南町
R7,21,岐阜県,2101,岐阜,R7-2101-81,2101岐阜県岐阜,81,68,野川眼科医院,岐阜市
R7,21,岐阜県,2101,岐阜,R7-2101-82,2101岐阜県岐阜,82,69,サンライズクリニック,岐南町
R7,21,岐阜県,2101,岐阜,R7-2101-83,2101岐阜県岐阜,83,70,医療法人内田眼科,岐阜市
R7,21,岐阜県,2101,岐阜,R7-2101-84,2101岐阜県岐阜,84,71,しま医院,岐阜市
R7,21,岐阜県,2101,岐阜,R7-2101-85,2101岐阜県岐阜,85,72,田中整形外科,羽島市
R7,21,岐阜県,2101,岐阜,R7-2101-86,2101岐阜県岐阜,86,73,宇土医院,瑞穂市
R7,21,岐阜県,2101,岐阜,R7-2101-87,2101岐阜県岐阜,87,74,おぐら産科婦人科クリニック,岐阜市
R7,21,岐阜県,2101,岐阜,R7-2101-88,2101岐阜県岐阜,88,75,はっとりクリニック,岐阜市
R7,21,岐阜県,2101,岐阜,R7-2101-89,2101岐阜県岐阜,89,76,阪野クリニック,岐阜市
R7,21,岐阜県,2101,岐阜,R7-2101-90,2101岐阜県岐阜,90,77,石田眼科,各務原市
R7,21,岐阜県,2101,岐阜,R7-2101-91,2101岐阜県岐阜,91,78,社会医療法人清光会 名和内科,瑞穂市
R7,21,岐阜県,2101,岐阜,R7-2101-92,2101岐阜県岐阜,92,79,佐久間眼科医院,岐阜市
R7,21,岐阜県,2101,岐阜,R7-2101-93,2101岐阜県岐阜,93,80,桑山眼科,岐阜市
R7,21,岐阜県,2101,岐阜,R7-2101-94,2101岐阜県岐阜,94,81,あさこう眼科クリニック,羽島市
R7,21,岐阜県,2101,岐阜,R7-2101-95,2101岐阜県岐阜,95,82,堀部クリニック,本巣市
R7,21,岐阜県,2101,岐阜,R7-2101-96,2101岐阜県岐阜,96,83,矢嶋小児科小児循環器クリニック,岐阜市
R7,21,岐阜県,2101,岐阜,R7-2101-97,2101岐阜県岐阜,97,84,たかはし眼科クリニック,羽島市
R7,21,岐阜県,2101,岐阜,R7-2101-98,2101岐阜県岐阜,98,85,大橋・谷 整形外科,
R7,21,岐阜県,2101,岐阜,R7-2101-99,2101岐阜県岐阜,99,86,佐竹整形外科,
R7,21,岐阜県,2101,岐阜,R7-2101-100,2101岐阜県岐阜,100,87,赤座医院上印食診療所,
R7,21,岐阜県,2102,西濃,R7-2102-14,2102岐阜県西濃,14,1,大垣市民病院,大垣市
R7,21,岐阜県,2102,西濃,R7-2102-15,2102岐阜県西濃,15,2,岐阜県厚生農業協同組合連合会　岐阜・西濃医療センター　西濃厚生病院,大野町
R7,21,岐阜県,2102,西濃,R7-2102-16,2102岐阜県西濃,16,3,博愛会病院,垂井町
R7,21,岐阜県,2102,西濃,R7-2102-17,2102岐阜県西濃,17,4,医療法人徳洲会 大垣徳洲会病院,大垣市
R7,21,岐阜県,2102,西濃,R7-2102-18,2102岐阜県西濃,18,5,岐阜県厚生農業協同組合連合会 岐阜・西濃医療センター 西美濃厚生病院,養老町
R7,21,岐阜県,2102,西濃,R7-2102-19,2102岐阜県西濃,19,6,名和病院,大垣市
R7,21,岐阜県,2102,西濃,R7-2102-20,2102岐阜県西濃,20,7,海津市医師会病院,海津市
R7,21,岐阜県,2102,西濃,R7-2102-21,2102岐阜県西濃,21,8,新生病院,池田町
R7,21,岐阜県,2102,西濃,R7-2102-22,2102岐阜県西濃,22,9,医療法人社団豊正会大垣中央病院,大垣市
R7,21,岐阜県,2102,西濃,R7-2102-23,2102岐阜県西濃,23,10,医療法人社団正和会 馬渕病院,大垣市
R7,21,岐阜県,2102,西濃,R7-2102-24,2102岐阜県西濃,24,11,大垣病院,大垣市
R7,21,岐阜県,2102,西濃,R7-2102-25,2102岐阜県西濃,25,12,市川外科,大垣市
R7,21,岐阜県,2102,西濃,R7-2102-26,2102岐阜県西濃,26,13,クリニックママ,大垣市
R7,21,岐阜県,2102,西濃,R7-2102-27,2102岐阜県西濃,27,14,森外科医院,大垣市
R7,21,岐阜県,2102,西濃,R7-2102-28,2102岐阜県西濃,28,15,もりレディースクラブクリニック,大垣市
R7,21,岐阜県,2102,西濃,R7-2102-29,2102岐阜県西濃,29,16,大垣整形外科,大垣市
R7,21,岐阜県,2102,西濃,R7-2102-30,2102岐阜県西濃,30,17,国保関ケ原診療所,関ケ原町
R7,21,岐阜県,2102,西濃,R7-2102-31,2102岐阜県西濃,31,18,田中医院,神戸町
R7,21,岐阜県,2102,西濃,R7-2102-32,2102岐阜県西濃,32,19,山中ジェネラルクリニック,安八町
R7,21,岐阜県,2102,西濃,R7-2102-33,2102岐阜県西濃,33,20,高田医院,神戸町
R7,21,岐阜県,2102,西濃,R7-2102-34,2102岐阜県西濃,34,21,いびレディースクリニック,揖斐川町
R7,21,岐阜県,2102,西濃,R7-2102-35,2102岐阜県西濃,35,22,近藤眼科医院,大垣市
R7,21,岐阜県,2102,西濃,R7-2102-36,2102岐阜県西濃,36,23,小坂井レディスクリニック,海津市
R7,21,岐阜県,2102,西濃,R7-2102-37,2102岐阜県西濃,37,24,小森眼科,大野町
R7,21,岐阜県,2102,西濃,R7-2102-38,2102岐阜県西濃,38,25,稲川耳鼻咽喉科,大垣市
R7,21,岐阜県,2102,西濃,R7-2102-39,2102岐阜県西濃,39,26,関ケ原クリニック,関ケ原町
R7,21,岐阜県,2102,西濃,R7-2102-40,2102岐阜県西濃,40,27,黒川胃腸科外科クリニック,神戸町
R7,21,岐阜県,2102,西濃,R7-2102-41,2102岐阜県西濃,41,28,むらいクリニック,大垣市
R7,21,岐阜県,2102,西濃,R7-2102-42,2102岐阜県西濃,42,29,社会福祉法人新生会サンビレッジ新生苑,池田町
R7,21,岐阜県,2102,西濃,R7-2102-43,2102岐阜県西濃,43,30,まつばら眼科,池田町
R7,21,岐阜県,2102,西濃,R7-2102-44,2102岐阜県西濃,44,31,奥田整形外科,大垣市
R7,21,岐阜県,2102,西濃,R7-2102-45,2102岐阜県西濃,45,32,小林医院,揖斐川町
R7,21,岐阜県,2103,中濃,R7-2103-14,2103岐阜県中濃,14,1,中部国際医療センター,美濃加茂市
R7,21,岐阜県,2103,中濃,R7-2103-15,2103岐阜県中濃,15,2,岐阜県厚生農業協同組合連合会 中濃厚生病院,関市
R7,21,岐阜県,2103,中濃,R7-2103-16,2103岐阜県中濃,16,3,独立行政法人地域医療機能推進機構 可児とうのう病院,可児市
R7,21,岐阜県,2103,中濃,R7-2103-17,2103岐阜県中濃,17,4,医療法人社団慶桜会 東可児病院,可児市
R7,21,岐阜県,2103,中濃,R7-2103-18,2103岐阜県中濃,18,5,医療法人香徳会 関中央病院,関市
R7,21,岐阜県,2103,中濃,R7-2103-19,2103岐阜県中濃,19,6,郡上市民病院,郡上市
R7,21,岐阜県,2103,中濃,R7-2103-20,2103岐阜県中濃,20,7,社会医療法人 白鳳会 鷲見病院,郡上市
R7,21,岐阜県,2103,中濃,R7-2103-21,2103岐阜県中濃,21,8,医療法人 白水会 白川病院,白川町
R7,21,岐阜県,2103,中濃,R7-2103-22,2103岐阜県中濃,22,9,美濃市立美濃病院,美濃市
R7,21,岐阜県,2103,中濃,R7-2103-23,2103岐阜県中濃,23,10,太田病院,美濃加茂市
R7,21,岐阜県,2103,中濃,R7-2103-24,2103岐阜県中濃,24,11,中部脳リハビリテーション病院,美濃加茂市
R7,21,岐阜県,2103,中濃,R7-2103-25,2103岐阜県中濃,25,12,桃井病院,御嵩町
R7,21,岐阜県,2103,中濃,R7-2103-26,2103岐阜県中濃,26,13,医療法人社団耀和会 濃成病院,可児市
R7,21,岐阜県,2103,中濃,R7-2103-27,2103岐阜県中濃,27,14,医療法人 馨仁会 藤掛病院,可児市
R7,21,岐阜県,2103,中濃,R7-2103-28,2103岐阜県中濃,28,15,伊佐治病院,八百津町
R7,21,岐阜県,2103,中濃,R7-2103-29,2103岐阜県中濃,29,16,県北西部地域医療センター国保白鳥病院,郡上市
R7,21,岐阜県,2103,中濃,R7-2103-30,2103岐阜県中濃,30,17,医療法人新生会八幡病院,郡上市
R7,21,岐阜県,2103,中濃,R7-2103-31,2103岐阜県中濃,31,18,せきレディースクリニック,関市
R7,21,岐阜県,2103,中濃,R7-2103-32,2103岐阜県中濃,32,19,ローズベルクリニック,可児市
R7,21,岐阜県,2103,中濃,R7-2103-33,2103岐阜県中濃,33,20,大和医院,郡上市
R7,21,岐阜県,2103,中濃,R7-2103-34,2103岐阜県中濃,34,21,医療法人社団 麟生会 田原医院,川辺町
R7,21,岐阜県,2103,中濃,R7-2103-35,2103岐阜県中濃,35,22,伊佐治医院,八百津町
R7,21,岐阜県,2103,中濃,R7-2103-36,2103岐阜県中濃,36,23,御嵩クリニック,御嵩町
R7,21,岐阜県,2103,中濃,R7-2103-37,2103岐阜県中濃,37,24,とまつレディースクリニック,可児市
R7,21,岐阜県,2103,中濃,R7-2103-38,2103岐阜県中濃,38,25,今井内科,可児市
R7,21,岐阜県,2103,中濃,R7-2103-39,2103岐阜県中濃,39,26,県北西部地域医療センター国保和良診療所,郡上市
R7,21,岐阜県,2103,中濃,R7-2103-40,2103岐阜県中濃,40,27,ふかがや眼科,美濃加茂市
R7,21,岐阜県,2103,中濃,R7-2103-41,2103岐阜県中濃,41,28,かわべ眼科,川辺町
R7,21,岐阜県,2103,中濃,R7-2103-42,2103岐阜県中濃,42,29,佐藤歯科医院,美濃加茂市
R7,21,岐阜県,2103,中濃,R7-2103-43,2103岐阜県中濃,43,30,にしむら眼科,可児市
R7,21,岐阜県,2103,中濃,R7-2103-44,2103岐阜県中濃,44,31,岩永耳鼻咽喉科,
R7,21,岐阜県,2103,中濃,R7-2103-45,2103岐阜県中濃,45,32,粕谷医院,
R7,21,岐阜県,2104,東濃,R7-2104-14,2104岐阜県東濃,14,1,岐阜県立多治見病院,多治見市
R7,21,岐阜県,2104,東濃,R7-2104-15,2104岐阜県東濃,15,2,岐阜県厚生農業協同組合連合会 東濃中部医療センター 土岐市立総合病院,土岐市
R7,21,岐阜県,2104,東濃,R7-2104-16,2104岐阜県東濃,16,3,総合病院 中津川市民病院,中津川市
R7,21,岐阜県,2104,東濃,R7-2104-17,2104岐阜県東濃,17,4,岐阜県厚生農業協同組合連合会 東濃中部医療センター 東濃厚生病院,瑞浪市
R7,21,岐阜県,2104,東濃,R7-2104-18,2104岐阜県東濃,18,5,社会医療法人 厚生会 多治見市民病院,多治見市
R7,21,岐阜県,2104,東濃,R7-2104-19,2104岐阜県東濃,19,6,市立恵那病院,恵那市
R7,21,岐阜県,2104,東濃,R7-2104-20,2104岐阜県東濃,20,7,城山病院,中津川市
R7,21,岐阜県,2104,東濃,R7-2104-21,2104岐阜県東濃,21,8,タジミ第一病院,多治見市
R7,21,岐阜県,2104,東濃,R7-2104-22,2104岐阜県東濃,22,9,医療法人敬生会 高井病院,土岐市
R7,21,岐阜県,2104,東濃,R7-2104-23,2104岐阜県東濃,23,10,国民健康保険上矢作病院,恵那市
R7,21,岐阜県,2104,東濃,R7-2104-24,2104岐阜県東濃,24,11,サニーサイドホスピタル,多治見市
R7,21,岐阜県,2104,東濃,R7-2104-25,2104岐阜県東濃,25,12,医療法人社団仁愛会瑞浪病院,瑞浪市
R7,21,岐阜県,2104,東濃,R7-2104-26,2104岐阜県東濃,26,13,安藤クリニック,多治見市
R7,21,岐阜県,2104,東濃,R7-2104-27,2104岐阜県東濃,27,14,幸クリニック,多治見市
R7,21,岐阜県,2104,東濃,R7-2104-28,2104岐阜県東濃,28,15,中部クリニック,恵那市
R7,21,岐阜県,2104,東濃,R7-2104-29,2104岐阜県東濃,29,16,中津川市国民健康保険坂下診療所,中津川市
R7,21,岐阜県,2104,東濃,R7-2104-30,2104岐阜県東濃,30,17,多治見クリニック,多治見市
R7,21,岐阜県,2104,東濃,R7-2104-31,2104岐阜県東濃,31,18,中西ウィメンズクリニック,多治見市
R7,21,岐阜県,2104,東濃,R7-2104-32,2104岐阜県東濃,32,19,浜田・浅井医院,多治見市
R7,21,岐阜県,2104,東濃,R7-2104-33,2104岐阜県東濃,33,20,塚田レディースクリニック,瑞浪市
R7,21,岐阜県,2104,東濃,R7-2104-34,2104岐阜県東濃,34,21,多治見スマートクリニック,多治見市
R7,21,岐阜県,2105,飛騨,R7-2105-14,2105岐阜県飛騨,14,1,高山赤十字病院,高山市
R7,21,岐阜県,2105,飛騨,R7-2105-15,2105岐阜県飛騨,15,2,岐阜県厚生農業協同組合連合会飛騨医療センター久美愛厚生病院,高山市
R7,21,岐阜県,2105,飛騨,R7-2105-16,2105岐阜県飛騨,16,3,岐阜県立下呂温泉病院,下呂市
R7,21,岐阜県,2105,飛騨,R7-2105-17,2105岐阜県飛騨,17,4,国民健康保険飛騨市民病院,飛騨市
R7,21,岐阜県,2105,飛騨,R7-2105-18,2105岐阜県飛騨,18,5,下呂市立金山病院,下呂市
R7,21,岐阜県,2105,飛騨,R7-2105-19,2105岐阜県飛騨,19,6,社団医療法人 古川病院,飛騨市
R7,21,岐阜県,2105,飛騨,R7-2105-20,2105岐阜県飛騨,20,7,アルプスベルクリニック,高山市
R7,21,岐阜県,2105,飛騨,R7-2105-21,2105岐阜県飛騨,21,8,ナチュラルクリニック２１,高山市
R7,21,岐阜県,2105,飛騨,R7-2105-22,2105岐阜県飛騨,22,9,医療法人下呂温泉渓泉会 黒木医院,下呂市
R7,21,岐阜県,2105,飛騨,R7-2105-23,2105岐阜県飛騨,23,10,光華眼科医院,高山市
R7,21,岐阜県,2105,飛騨,R7-2105-24,2105岐阜県飛騨,24,11,村瀬眼科クリニック,下呂市
R7,21,岐阜県,2105,飛騨,R7-2105-25,2105岐阜県飛騨,25,12,下呂市立小坂診療所,下呂市
R7,22,静岡県,2201,賀茂,R7-2201-14,2201静岡県賀茂,14,1,医療法人社団健育会 熱川温泉病院,東伊豆町
R7,22,静岡県,2201,賀茂,R7-2201-15,2201静岡県賀茂,15,2,医療法人社団康心会 康心会伊豆東部病院,東伊豆町
R7,22,静岡県,2201,賀茂,R7-2201-16,2201静岡県賀茂,16,3,下田メディカルセンター,下田市
R7,22,静岡県,2201,賀茂,R7-2201-17,2201静岡県賀茂,17,4,公益社団法人 地域医療振興協会 伊豆今井浜病院,河津町
R7,22,静岡県,2201,賀茂,R7-2201-18,2201静岡県賀茂,18,5,医療法人社団健育会西伊豆健育会病院,西伊豆町
R7,22,静岡県,2201,賀茂,R7-2201-19,2201静岡県賀茂,19,6,医療法人社団 桑寿会 下田温泉病院,下田市
R7,22,静岡県,2201,賀茂,R7-2201-20,2201静岡県賀茂,20,7,のぞみ記念 下田循環器・腎臓クリニック,下田市
R7,22,静岡県,2201,賀茂,R7-2201-21,2201静岡県賀茂,21,8,河井医院,下田市
R7,22,静岡県,2201,賀茂,R7-2201-22,2201静岡県賀茂,22,9,臼井医院,下田市
R7,22,静岡県,2202,熱海伊東,R7-2202-14,2202静岡県熱海伊東,14,1,国際医療福祉大学熱海病院,熱海市
R7,22,静岡県,2202,熱海伊東,R7-2202-15,2202静岡県熱海伊東,15,2,伊東市民病院,伊東市
R7,22,静岡県,2202,熱海伊東,R7-2202-16,2202静岡県熱海伊東,16,3,医療法人社団伊豆七海会 熱海所記念病院,熱海市
R7,22,静岡県,2202,熱海伊東,R7-2202-17,2202静岡県熱海伊東,17,4,医療法人社団伊豆七海会 熱海 海の見える病院,熱海市
R7,22,静岡県,2202,熱海伊東,R7-2202-18,2202静岡県熱海伊東,18,5,社会福祉法人愛誠会南熱海病院,熱海市
R7,22,静岡県,2202,熱海伊東,R7-2202-19,2202静岡県熱海伊東,19,6,熱海ちとせ病院,熱海市
R7,22,静岡県,2202,熱海伊東,R7-2202-20,2202静岡県熱海伊東,20,7,はぁとふる内科・泌尿器科 伊豆高原,伊東市
R7,22,静岡県,2202,熱海伊東,R7-2202-21,2202静岡県熱海伊東,21,8,医療法人社団望洋会 横山医院,伊東市
R7,22,静岡県,2202,熱海伊東,R7-2202-22,2202静岡県熱海伊東,22,9,伊豆高原ゆうゆうの里診療所,伊東市
R7,22,静岡県,2202,熱海伊東,R7-2202-23,2202静岡県熱海伊東,23,10,上山レディースクリニック,伊東市
R7,22,静岡県,2203,駿東田方,R7-2203-14,2203静岡県駿東田方,14,1,順天堂大学医学部附属静岡病院,伊豆の国市
R7,22,静岡県,2203,駿東田方,R7-2203-15,2203静岡県駿東田方,15,2,静岡県立静岡がんセンター,長泉町
R7,22,静岡県,2203,駿東田方,R7-2203-16,2203静岡県駿東田方,16,3,独立行政法人国立病院機構静岡医療センター,清水町
R7,22,静岡県,2203,駿東田方,R7-2203-17,2203静岡県駿東田方,17,4,沼津市立病院,沼津市
R7,22,静岡県,2203,駿東田方,R7-2203-18,2203静岡県駿東田方,18,5,国立駿河療養所,御殿場市
R7,22,静岡県,2203,駿東田方,R7-2203-19,2203静岡県駿東田方,19,6,一般財団法人 芙蓉協会 聖隷沼津病院,沼津市
R7,22,静岡県,2203,駿東田方,R7-2203-20,2203静岡県駿東田方,20,7,ＪＡ静岡厚生連中伊豆温泉病院,伊豆市
R7,22,静岡県,2203,駿東田方,R7-2203-21,2203静岡県駿東田方,21,8,社会医療法人 青虎会 フジ虎ノ門整形外科病院,御殿場市
R7,22,静岡県,2203,駿東田方,R7-2203-22,2203静岡県駿東田方,22,9,社会医療法人志仁会三島中央病院,三島市
R7,22,静岡県,2203,駿東田方,R7-2203-23,2203静岡県駿東田方,23,10,公益社団法人有隣厚生会富士病院,御殿場市
R7,22,静岡県,2203,駿東田方,R7-2203-24,2203静岡県駿東田方,24,11,独立行政法人 地域医療機能推進機構 三島総合病院,三島市
R7,22,静岡県,2203,駿東田方,R7-2203-25,2203静岡県駿東田方,25,12,医療法人社団 駿栄会 御殿場石川病院,御殿場市
R7,22,静岡県,2203,駿東田方,R7-2203-26,2203静岡県駿東田方,26,13,医療法人社団親和会 西島病院,沼津市
R7,22,静岡県,2203,駿東田方,R7-2203-27,2203静岡県駿東田方,27,14,ＮＴＴ東日本伊豆病院,函南町
R7,22,静岡県,2203,駿東田方,R7-2203-28,2203静岡県駿東田方,28,15,農協共済中伊豆リハビリテーションセンター,伊豆市
R7,22,静岡県,2203,駿東田方,R7-2203-29,2203静岡県駿東田方,29,16,御殿場かいせい病院,御殿場市
R7,22,静岡県,2203,駿東田方,R7-2203-30,2203静岡県駿東田方,30,17,医療法人社団慈広会記念病院,伊豆の国市
R7,22,静岡県,2203,駿東田方,R7-2203-31,2203静岡県駿東田方,31,18,医療法人新光会伊豆平和病院,函南町
R7,22,静岡県,2203,駿東田方,R7-2203-32,2203静岡県駿東田方,32,19,公益財団法人復康会 沼津リハビリテーション病院,沼津市
R7,22,静岡県,2203,駿東田方,R7-2203-33,2203静岡県駿東田方,33,20,医療法人社団清風会芹沢病院,三島市
R7,22,静岡県,2203,駿東田方,R7-2203-34,2203静岡県駿東田方,34,21,伊豆韮山温泉病院,伊豆の国市
R7,22,静岡県,2203,駿東田方,R7-2203-35,2203静岡県駿東田方,35,22,医療法人社団福仁会 三島東海病院,三島市
R7,22,静岡県,2203,駿東田方,R7-2203-36,2203静岡県駿東田方,36,23,裾野赤十字病院,裾野市
R7,22,静岡県,2203,駿東田方,R7-2203-37,2203静岡県駿東田方,37,24,公益社団法人 有隣厚生会 富士小山病院,小山町
R7,22,静岡県,2203,駿東田方,R7-2203-38,2203静岡県駿東田方,38,25,医療法人社団榮紀会 東名裾野病院,裾野市
R7,22,静岡県,2203,駿東田方,R7-2203-39,2203静岡県駿東田方,39,26,医療法人社団 聡誠会 池田病院,長泉町
R7,22,静岡県,2203,駿東田方,R7-2203-40,2203静岡県駿東田方,40,27,医療法人社団真養会 きせがわ病院,沼津市
R7,22,静岡県,2203,駿東田方,R7-2203-41,2203静岡県駿東田方,41,28,伊豆保健医療センター,伊豆の国市
R7,22,静岡県,2203,駿東田方,R7-2203-42,2203静岡県駿東田方,42,29,医療法人社団 静岡健生会 三島共立病院,三島市
R7,22,静岡県,2203,駿東田方,R7-2203-43,2203静岡県駿東田方,43,30,伊豆赤十字病院,伊豆市
R7,22,静岡県,2203,駿東田方,R7-2203-44,2203静岡県駿東田方,44,31,瀬尾記念慶友病院,沼津市
R7,22,静岡県,2203,駿東田方,R7-2203-45,2203静岡県駿東田方,45,32,医療法人社団宏和会 岡村記念病院,清水町
R7,22,静岡県,2203,駿東田方,R7-2203-46,2203静岡県駿東田方,46,33,沼津西病院,沼津市
R7,22,静岡県,2203,駿東田方,R7-2203-47,2203静岡県駿東田方,47,34,公益社団法人有隣厚生会 東部病院,御殿場市
R7,22,静岡県,2203,駿東田方,R7-2203-48,2203静岡県駿東田方,48,35,長岡リハビリテーション病院,伊豆の国市
R7,22,静岡県,2203,駿東田方,R7-2203-49,2203静岡県駿東田方,49,36,医療法人社団賢仁会沼津はまゆう病院,沼津市
R7,22,静岡県,2203,駿東田方,R7-2203-50,2203静岡県駿東田方,50,37,自衛隊富士病院,小山町
R7,22,静岡県,2203,駿東田方,R7-2203-51,2203静岡県駿東田方,51,38,医療法人全心会 伊豆慶友病院,伊豆市
R7,22,静岡県,2203,駿東田方,R7-2203-52,2203静岡県駿東田方,52,39,伊豆医療福祉センター,伊豆の国市
R7,22,静岡県,2203,駿東田方,R7-2203-53,2203静岡県駿東田方,53,40,医療法人社団同仁会 中島病院,伊豆市
R7,22,静岡県,2203,駿東田方,R7-2203-54,2203静岡県駿東田方,54,41,一般財団法人神山復生会 神山復生病院,御殿場市
R7,22,静岡県,2203,駿東田方,R7-2203-55,2203静岡県駿東田方,55,42,メディトピア沼津・内科クリニック,沼津市
R7,22,静岡県,2203,駿東田方,R7-2203-56,2203静岡県駿東田方,56,43,望星第一クリニック,沼津市
R7,22,静岡県,2203,駿東田方,R7-2203-57,2203静岡県駿東田方,57,44,医療法人社団真養会田沢医院,沼津市
R7,22,静岡県,2203,駿東田方,R7-2203-58,2203静岡県駿東田方,58,45,前田脳神経外科,御殿場市
R7,22,静岡県,2203,駿東田方,R7-2203-59,2203静岡県駿東田方,59,46,医療法人社団弘仁勝和会 沼津勝和クリニック,沼津市
R7,22,静岡県,2203,駿東田方,R7-2203-60,2203静岡県駿東田方,60,47,公益社団法人有隣厚生会共立産婦人科医院,御殿場市
R7,22,静岡県,2203,駿東田方,R7-2203-61,2203静岡県駿東田方,61,48,島田産婦人科医院,清水町
R7,22,静岡県,2203,駿東田方,R7-2203-62,2203静岡県駿東田方,62,49,さくら胃腸科・外科,裾野市
R7,22,静岡県,2203,駿東田方,R7-2203-63,2203静岡県駿東田方,63,50,田中産婦人科医院,三島市
R7,22,静岡県,2203,駿東田方,R7-2203-64,2203静岡県駿東田方,64,51,安達産婦人科クリニック,三島市
R7,22,静岡県,2203,駿東田方,R7-2203-65,2203静岡県駿東田方,65,52,永野医院,沼津市
R7,22,静岡県,2203,駿東田方,R7-2203-66,2203静岡県駿東田方,66,53,ごとうレディースクリニック,裾野市
R7,22,静岡県,2203,駿東田方,R7-2203-67,2203静岡県駿東田方,67,54,産婦人科　清稜クリニック,長泉町
R7,22,静岡県,2203,駿東田方,R7-2203-68,2203静岡県駿東田方,68,55,遠藤クリニック,清水町
R7,22,静岡県,2203,駿東田方,R7-2203-69,2203静岡県駿東田方,69,56,医療法人社団 浩仁会 矢田眼科医院,伊豆の国市
R7,22,静岡県,2203,駿東田方,R7-2203-70,2203静岡県駿東田方,70,57,関谷レディースクリニック,沼津市
R7,22,静岡県,2203,駿東田方,R7-2203-71,2203静岡県駿東田方,71,58,香貫医院,沼津市
R7,22,静岡県,2203,駿東田方,R7-2203-72,2203静岡県駿東田方,72,59,岩端医院,沼津市
R7,22,静岡県,2203,駿東田方,R7-2203-73,2203静岡県駿東田方,73,60,医療法人社団徳優会 かやま産科婦人科医院,裾野市
R7,22,静岡県,2203,駿東田方,R7-2203-74,2203静岡県駿東田方,74,61,かぬき岩端医院,沼津市
R7,22,静岡県,2203,駿東田方,R7-2203-75,2203静岡県駿東田方,75,62,矢田眼科クリニック,沼津市
R7,22,静岡県,2203,駿東田方,R7-2203-76,2203静岡県駿東田方,76,63,伊豆函南鈴木内科泌尿器科クリニック,函南町
R7,22,静岡県,2203,駿東田方,R7-2203-77,2203静岡県駿東田方,77,64,医療法人財団 玉川会 エムオーエー奥熱海クリニック,伊豆の国市
R7,22,静岡県,2203,駿東田方,R7-2203-78,2203静岡県駿東田方,78,65,宇野眼科医院,函南町
R7,22,静岡県,2203,駿東田方,R7-2203-79,2203静岡県駿東田方,79,66,三島マタニティクリニック,函南町
R7,22,静岡県,2203,駿東田方,R7-2203-80,2203静岡県駿東田方,80,67,小野眼科クリニック,沼津市
R7,22,静岡県,2203,駿東田方,R7-2203-81,2203静岡県駿東田方,81,68,高桑医院岩波診療所,裾野市
R7,22,静岡県,2203,駿東田方,R7-2203-82,2203静岡県駿東田方,82,69,医療法人社団ムラマツクリニックむらまつ眼科医院,裾野市
R7,22,静岡県,2203,駿東田方,R7-2203-83,2203静岡県駿東田方,83,70,ゆうあいクリニック,沼津市
R7,22,静岡県,2203,駿東田方,R7-2203-84,2203静岡県駿東田方,84,71,本田さくら眼科医院,沼津市
R7,22,静岡県,2203,駿東田方,R7-2203-85,2203静岡県駿東田方,85,72,三島ゆうレディースクリニック,三島市
R7,22,静岡県,2203,駿東田方,R7-2203-86,2203静岡県駿東田方,86,73,ベビーアンドレディースクリニック山口医院,函南町
R7,22,静岡県,2203,駿東田方,R7-2203-87,2203静岡県駿東田方,87,74,ウスイクリニック,長泉町
R7,22,静岡県,2204,富士,R7-2204-14,2204静岡県富士,14,1,富士市立中央病院,富士市
R7,22,静岡県,2204,富士,R7-2204-15,2204静岡県富士,15,2,富士宮市立病院,富士宮市
R7,22,静岡県,2204,富士,R7-2204-16,2204静岡県富士,16,3,共立蒲原総合病院,富士市
R7,22,静岡県,2204,富士,R7-2204-17,2204静岡県富士,17,4,湖山リハビリテーション病院,富士市
R7,22,静岡県,2204,富士,R7-2204-18,2204静岡県富士,18,5,新富士病院,富士市
R7,22,静岡県,2204,富士,R7-2204-19,2204静岡県富士,19,6,富士いきいき病院,富士市
R7,22,静岡県,2204,富士,R7-2204-20,2204静岡県富士,20,7,一般財団法人 富士脳障害研究所附属病院,富士宮市
R7,22,静岡県,2204,富士,R7-2204-21,2204静岡県富士,21,8,聖隷富士病院,富士市
R7,22,静岡県,2204,富士,R7-2204-22,2204静岡県富士,22,9,医療法人社団鵬友会 フジヤマ病院,富士宮市
R7,22,静岡県,2204,富士,R7-2204-23,2204静岡県富士,23,10,富士整形外科病院,富士市
R7,22,静岡県,2204,富士,R7-2204-24,2204静岡県富士,24,11,芦川病院,富士市
R7,22,静岡県,2204,富士,R7-2204-25,2204静岡県富士,25,12,医療法人社団秀峰会 川村病院,富士市
R7,22,静岡県,2204,富士,R7-2204-26,2204静岡県富士,26,13,富士宮中央クリニック,富士宮市
R7,22,静岡県,2204,富士,R7-2204-27,2204静岡県富士,27,14,片桐整形外科,富士宮市
R7,22,静岡県,2204,富士,R7-2204-28,2204静岡県富士,28,15,池辺クリニック,富士市
R7,22,静岡県,2204,富士,R7-2204-29,2204静岡県富士,29,16,医療法人社団長寿会　長野医院,富士市
R7,22,静岡県,2204,富士,R7-2204-30,2204静岡県富士,30,17,花崎眼科医院,富士市
R7,22,静岡県,2204,富士,R7-2204-31,2204静岡県富士,31,18,富士レディースクリニック,富士市
R7,22,静岡県,2204,富士,R7-2204-32,2204静岡県富士,32,19,中西眼科クリニック,富士市
R7,22,静岡県,2204,富士,R7-2204-33,2204静岡県富士,33,20,指出泌尿器科,富士宮市
R7,22,静岡県,2204,富士,R7-2204-34,2204静岡県富士,34,21,中島産婦人科医院,富士市
R7,22,静岡県,2204,富士,R7-2204-35,2204静岡県富士,35,22,武田産婦人科医院,富士市
R7,22,静岡県,2204,富士,R7-2204-36,2204静岡県富士,36,23,医療法人社団弘仁会 中根クリニック,富士市
R7,22,静岡県,2204,富士,R7-2204-37,2204静岡県富士,37,24,加藤医院,富士市
R7,22,静岡県,2204,富士,R7-2204-38,2204静岡県富士,38,25,医療法人社団順栄会 小森眼科クリニック,富士市
R7,22,静岡県,2204,富士,R7-2204-39,2204静岡県富士,39,26,宮下医院,富士市
R7,22,静岡県,2204,富士,R7-2204-40,2204静岡県富士,40,27,医療法人社団優仁会協愛医院,富士宮市
R7,22,静岡県,2204,富士,R7-2204-41,2204静岡県富士,41,28,医療法人社団マタニティー・スクウェア たむらレディース・クリニック,富士市
R7,22,静岡県,2204,富士,R7-2204-42,2204静岡県富士,42,29,小田部産婦人科医院,富士宮市
R7,22,静岡県,2204,富士,R7-2204-43,2204静岡県富士,43,30,宮﨑クリニック,富士市
R7,22,静岡県,2205,静岡,R7-2205-14,2205静岡県静岡,14,1,静岡県立総合病院,静岡市葵区
R7,22,静岡県,2205,静岡,R7-2205-15,2205静岡県静岡,15,2,静岡済生会総合病院,静岡市駿河区
R7,22,静岡県,2205,静岡,R7-2205-16,2205静岡県静岡,16,3,静岡市立静岡病院,静岡市葵区
R7,22,静岡県,2205,静岡,R7-2205-17,2205静岡県静岡,17,4,静岡赤十字病院,静岡市葵区
R7,22,静岡県,2205,静岡,R7-2205-18,2205静岡県静岡,18,5,静岡市立清水病院,静岡市清水区
R7,22,静岡県,2205,静岡,R7-2205-19,2205静岡県静岡,19,6,医療法人徳洲会　静岡徳洲会病院,静岡市駿河区
R7,22,静岡県,2205,静岡,R7-2205-20,2205静岡県静岡,20,7,独立行政法人国立病院機構静岡てんかん・神経医療センター,静岡市葵区
R7,22,静岡県,2205,静岡,R7-2205-21,2205静岡県静岡,21,8,医療法人社団健寿会 山の上病院,静岡市清水区
R7,22,静岡県,2205,静岡,R7-2205-22,2205静岡県静岡,22,9,ＪＡ静岡厚生連静岡厚生病院,静岡市葵区
R7,22,静岡県,2205,静岡,R7-2205-23,2205静岡県静岡,23,10,静清リハビリテーション病院,静岡市葵区
R7,22,静岡県,2205,静岡,R7-2205-24,2205静岡県静岡,24,11,静岡県立こども病院,静岡市葵区
R7,22,静岡県,2205,静岡,R7-2205-25,2205静岡県静岡,25,12,医療法人社団 清明会 静岡富沢病院,静岡市葵区
R7,22,静岡県,2205,静岡,R7-2205-26,2205静岡県静岡,26,13,医療法人社団健正会静岡アオイ病院,静岡市葵区
R7,22,静岡県,2205,静岡,R7-2205-27,2205静岡県静岡,27,14,独立行政法人地域医療機能推進機構清水さくら病院,静岡市清水区
R7,22,静岡県,2205,静岡,R7-2205-28,2205静岡県静岡,28,15,ＪＡ静岡厚生連清水厚生病院,静岡市清水区
R7,22,静岡県,2205,静岡,R7-2205-29,2205静岡県静岡,29,16,医療法人社団宝徳会 小鹿病院,静岡市駿河区
R7,22,静岡県,2205,静岡,R7-2205-30,2205静岡県静岡,30,17,医療法人社団清明会 静岡リハビリテーション病院,静岡市葵区
R7,22,静岡県,2205,静岡,R7-2205-31,2205静岡県静岡,31,18,白萩病院,静岡市駿河区
R7,22,静岡県,2205,静岡,R7-2205-32,2205静岡県静岡,32,19,清水富士山病院,静岡市清水区
R7,22,静岡県,2205,静岡,R7-2205-33,2205静岡県静岡,33,20,しずおか整形外科病院,静岡市葵区
R7,22,静岡県,2205,静岡,R7-2205-34,2205静岡県静岡,34,21,重症心身障害児施設 つばさ静岡,静岡市葵区
R7,22,静岡県,2205,静岡,R7-2205-35,2205静岡県静岡,35,22,静岡瀬名病院,静岡市葵区
R7,22,静岡県,2205,静岡,R7-2205-36,2205静岡県静岡,36,23,三枝クリニック肛門科,静岡市葵区
R7,22,静岡県,2205,静岡,R7-2205-37,2205静岡県静岡,37,24,やなぎだ眼科医院,静岡市駿河区
R7,22,静岡県,2205,静岡,R7-2205-38,2205静岡県静岡,38,25,たむらウィメンズクリニック,静岡市駿河区
R7,22,静岡県,2205,静岡,R7-2205-39,2205静岡県静岡,39,26,依藤産婦人科医院,静岡市葵区
R7,22,静岡県,2205,静岡,R7-2205-40,2205静岡県静岡,40,27,医療法人社団 ケイスリーエム まりこレディスクリニック,静岡市駿河区
R7,22,静岡県,2205,静岡,R7-2205-41,2205静岡県静岡,41,28,くさなぎマタニティクリニック,静岡市駿河区
R7,22,静岡県,2205,静岡,R7-2205-42,2205静岡県静岡,42,29,石川眼科医院,静岡市葵区
R7,22,静岡県,2205,静岡,R7-2205-43,2205静岡県静岡,43,30,中村眼科医院,静岡市清水区
R7,22,静岡県,2205,静岡,R7-2205-44,2205静岡県静岡,44,31,南波眼科,静岡市葵区
R7,22,静岡県,2205,静岡,R7-2205-45,2205静岡県静岡,45,32,浦島メディカルクリニック,静岡市清水区
R7,22,静岡県,2205,静岡,R7-2205-46,2205静岡県静岡,46,33,富松レディスクリニック,静岡市葵区
R7,22,静岡県,2205,静岡,R7-2205-47,2205静岡県静岡,47,34,イイダ眼科医院,静岡市葵区
R7,22,静岡県,2205,静岡,R7-2205-48,2205静岡県静岡,48,35,医療法人社団豊栄会 きゅう眼科医院,静岡市駿河区
R7,22,静岡県,2205,静岡,R7-2205-49,2205静岡県静岡,49,36,医療法人財団 健康睡眠会 静岡睡眠メディカルクリニック,静岡市葵区
R7,22,静岡県,2205,静岡,R7-2205-50,2205静岡県静岡,50,37,清水産婦人科クリニック,静岡市葵区
R7,22,静岡県,2205,静岡,R7-2205-51,2205静岡県静岡,51,38,静岡市国民健康保険井川診療所,静岡市葵区
R7,22,静岡県,2205,静岡,R7-2205-52,2205静岡県静岡,52,39,福間産婦人科クリニック,静岡市駿河区
R7,22,静岡県,2205,静岡,R7-2205-53,2205静岡県静岡,53,40,庄司産婦人科,静岡市清水区
R7,22,静岡県,2206,志太榛原,R7-2206-14,2206静岡県志太榛原,14,1,藤枝市立総合病院,藤枝市
R7,22,静岡県,2206,志太榛原,R7-2206-15,2206静岡県志太榛原,15,2,島田市立総合医療センター,島田市
R7,22,静岡県,2206,志太榛原,R7-2206-16,2206静岡県志太榛原,16,3,焼津市立総合病院,焼津市
R7,22,静岡県,2206,志太榛原,R7-2206-17,2206静岡県志太榛原,17,4,榛原総合病院,牧之原市
R7,22,静岡県,2206,志太榛原,R7-2206-18,2206静岡県志太榛原,18,5,社会医療法人駿甲会コミュニティーホスピタル甲賀病院,焼津市
R7,22,静岡県,2206,志太榛原,R7-2206-19,2206静岡県志太榛原,19,6,藤枝平成記念病院,藤枝市
R7,22,静岡県,2206,志太榛原,R7-2206-20,2206静岡県志太榛原,20,7,岡本石井病院,焼津市
R7,22,静岡県,2206,志太榛原,R7-2206-21,2206静岡県志太榛原,21,8,誠和藤枝病院,藤枝市
R7,22,静岡県,2206,志太榛原,R7-2206-22,2206静岡県志太榛原,22,9,医療法人社団綾和会 駿河西病院,焼津市
R7,22,静岡県,2206,志太榛原,R7-2206-23,2206静岡県志太榛原,23,10,聖稜リハビリテーション病院,藤枝市
R7,22,静岡県,2206,志太榛原,R7-2206-24,2206静岡県志太榛原,24,11,医療法人社団 八洲会 はいなん吉田病院,吉田町
R7,22,静岡県,2206,志太榛原,R7-2206-25,2206静岡県志太榛原,25,12,志太記念脳神経外科,焼津市
R7,22,静岡県,2206,志太榛原,R7-2206-26,2206静岡県志太榛原,26,13,焼津バースクリニック,焼津市
R7,22,静岡県,2206,志太榛原,R7-2206-27,2206静岡県志太榛原,27,14,錦野クリニック,藤枝市
R7,22,静岡県,2206,志太榛原,R7-2206-28,2206静岡県志太榛原,28,15,鈴木レディースクリニック,藤枝市
R7,22,静岡県,2206,志太榛原,R7-2206-29,2206静岡県志太榛原,29,16,しのはら産科婦人科医院,島田市
R7,22,静岡県,2206,志太榛原,R7-2206-30,2206静岡県志太榛原,30,17,いしかわレディースクリニック,藤枝市
R7,22,静岡県,2206,志太榛原,R7-2206-31,2206静岡県志太榛原,31,18,アイ・レディースクリニック,焼津市
R7,22,静岡県,2206,志太榛原,R7-2206-32,2206静岡県志太榛原,32,19,焼津こがわ眼科,焼津市
R7,22,静岡県,2206,志太榛原,R7-2206-33,2206静岡県志太榛原,33,20,あきやま眼科,島田市
R7,22,静岡県,2206,志太榛原,R7-2206-34,2206静岡県志太榛原,34,21,天野医院,焼津市
R7,22,静岡県,2207,中東遠,R7-2207-14,2207静岡県中東遠,14,1,磐田市立総合病院,磐田市
R7,22,静岡県,2207,中東遠,R7-2207-15,2207静岡県中東遠,15,2,掛川市･袋井市病院企業団立中東遠総合医療センター,掛川市
R7,22,静岡県,2207,中東遠,R7-2207-16,2207静岡県中東遠,16,3,市立御前崎総合病院,御前崎市
R7,22,静岡県,2207,中東遠,R7-2207-17,2207静岡県中東遠,17,4,菊川市立総合病院,菊川市
R7,22,静岡県,2207,中東遠,R7-2207-18,2207静岡県中東遠,18,5,医療法人社団 綾和会 掛川東病院,掛川市
R7,22,静岡県,2207,中東遠,R7-2207-19,2207静岡県中東遠,19,6,医療法人社団　恵成会　豊田えいせい病院,磐田市
R7,22,静岡県,2207,中東遠,R7-2207-20,2207静岡県中東遠,20,7,医療法人弘遠会 すずかけヘルスケアホスピタル,磐田市
R7,22,静岡県,2207,中東遠,R7-2207-21,2207静岡県中東遠,21,8,袋井みつかわ病院,袋井市
R7,22,静岡県,2207,中東遠,R7-2207-22,2207静岡県中東遠,22,9,袋井市立 聖隷袋井市民病院,袋井市
R7,22,静岡県,2207,中東遠,R7-2207-23,2207静岡県中東遠,23,10,公立森町病院,森町
R7,22,静岡県,2207,中東遠,R7-2207-24,2207静岡県中東遠,24,11,医療法人社団　澄明会　磐南中央病院,磐田市
R7,22,静岡県,2207,中東遠,R7-2207-25,2207静岡県中東遠,25,12,医療法人社団 綾和会 掛川北病院,掛川市
R7,22,静岡県,2207,中東遠,R7-2207-26,2207静岡県中東遠,26,13,新都市病院,磐田市
R7,22,静岡県,2207,中東遠,R7-2207-27,2207静岡県中東遠,27,14,白梅豊岡病院,磐田市
R7,22,静岡県,2207,中東遠,R7-2207-28,2207静岡県中東遠,28,15,医療法人社団富士ヶ丘　富士ヶ丘内科,磐田市
R7,22,静岡県,2207,中東遠,R7-2207-29,2207静岡県中東遠,29,16,ハートセンター磐田,磐田市
R7,22,静岡県,2207,中東遠,R7-2207-30,2207静岡県中東遠,30,17,松下産婦人科医院,菊川市
R7,22,静岡県,2207,中東遠,R7-2207-31,2207静岡県中東遠,31,18,アザレアベルクリニック,掛川市
R7,22,静岡県,2207,中東遠,R7-2207-32,2207静岡県中東遠,32,19,かけ川海谷眼科,掛川市
R7,22,静岡県,2207,中東遠,R7-2207-33,2207静岡県中東遠,33,20,ふくろいマタニティクリニック,袋井市
R7,22,静岡県,2207,中東遠,R7-2207-34,2207静岡県中東遠,34,21,あんずクリニック産婦人科,磐田市
R7,22,静岡県,2207,中東遠,R7-2207-35,2207静岡県中東遠,35,22,ティアラウィメンズクリニック,掛川市
R7,22,静岡県,2207,中東遠,R7-2207-36,2207静岡県中東遠,36,23,磐田メイツ睡眠クリニック,磐田市
R7,22,静岡県,2207,中東遠,R7-2207-37,2207静岡県中東遠,37,24,小野澤医院,御前崎市
R7,22,静岡県,2207,中東遠,R7-2207-38,2207静岡県中東遠,38,25,ふくろい旭眼科クリニック,袋井市
R7,22,静岡県,2207,中東遠,R7-2207-39,2207静岡県中東遠,39,26,クリニックさくら,掛川市
R7,22,静岡県,2207,中東遠,R7-2207-40,2207静岡県中東遠,40,27,産婦人科西垣エーアールティークリニック,磐田市
R7,22,静岡県,2208,西部,R7-2208-14,2208静岡県西部,14,1,社会福祉法人 聖隷福祉事業団 総合病院 聖隷三方原病院,浜松市中央区
R7,22,静岡県,2208,西部,R7-2208-15,2208静岡県西部,15,2,社会福祉法人聖隷福祉事業団総合病院聖隷浜松病院,浜松市中央区
R7,22,静岡県,2208,西部,R7-2208-16,2208静岡県西部,16,3,浜松医療センター,浜松市中央区
R7,22,静岡県,2208,西部,R7-2208-17,2208静岡県西部,17,4,浜松医科大学医学部附属病院,浜松市中央区
R7,22,静岡県,2208,西部,R7-2208-18,2208静岡県西部,18,5,JA静岡厚生連遠州病院,浜松市中央区
R7,22,静岡県,2208,西部,R7-2208-19,2208静岡県西部,19,6,独立行政法人労働者健康安全機構 浜松労災病院,浜松市中央区
R7,22,静岡県,2208,西部,R7-2208-20,2208静岡県西部,20,7,浜松赤十字病院,浜松市浜名区
R7,22,静岡県,2208,西部,R7-2208-21,2208静岡県西部,21,8,医療法人弘遠会　すずかけセントラル病院,浜松市中央区
R7,22,静岡県,2208,西部,R7-2208-22,2208静岡県西部,22,9,十全記念病院,浜松市浜名区
R7,22,静岡県,2208,西部,R7-2208-23,2208静岡県西部,23,10,独立行政法人国立病院機構 天竜病院,浜松市浜名区
R7,22,静岡県,2208,西部,R7-2208-24,2208静岡県西部,24,11,医療法人 豊岡会 浜松とよおか病院,浜松市中央区
R7,22,静岡県,2208,西部,R7-2208-25,2208静岡県西部,25,12,浜松市リハビリテーション病院,浜松市中央区
R7,22,静岡県,2208,西部,R7-2208-26,2208静岡県西部,26,13,浜松北病院,浜松市中央区
R7,22,静岡県,2208,西部,R7-2208-27,2208静岡県西部,27,14,市立湖西病院,湖西市
R7,22,静岡県,2208,西部,R7-2208-28,2208静岡県西部,28,15,医療法人弘遠会 天竜すずかけ病院,浜松市天竜区
R7,22,静岡県,2208,西部,R7-2208-29,2208静岡県西部,29,16,医療法人社団一穂会 西山病院,浜松市中央区
R7,22,静岡県,2208,西部,R7-2208-30,2208静岡県西部,30,17,医療法人社団綾和会 浜松南病院,浜松市中央区
R7,22,静岡県,2208,西部,R7-2208-31,2208静岡県西部,31,18,医療法人社団三誠会 北斗わかば病院,浜松市浜名区
R7,22,静岡県,2208,西部,R7-2208-32,2208静岡県西部,32,19,医療法人社団 誠心会 浜北さくら台病院,浜松市浜名区
R7,22,静岡県,2208,西部,R7-2208-33,2208静岡県西部,33,20,浜名病院,湖西市
R7,22,静岡県,2208,西部,R7-2208-34,2208静岡県西部,34,21,平安の森記念病院,浜松市中央区
R7,22,静岡県,2208,西部,R7-2208-35,2208静岡県西部,35,22,常葉大学リハビリテーション病院,浜松市中央区
R7,22,静岡県,2208,西部,R7-2208-36,2208静岡県西部,36,23,医療法人社団松愛会松田病院,浜松市中央区
R7,22,静岡県,2208,西部,R7-2208-37,2208静岡県西部,37,24,医療法人社団新風会丸山病院,浜松市中央区
R7,22,静岡県,2208,西部,R7-2208-38,2208静岡県西部,38,25,かば記念病院,浜松市中央区
R7,22,静岡県,2208,西部,R7-2208-39,2208静岡県西部,39,26,浜松市国民健康保険 佐久間病院,浜松市天竜区
R7,22,静岡県,2208,西部,R7-2208-40,2208静岡県西部,40,27,医療法人社団海仁 海谷眼科,浜松市中央区
R7,22,静岡県,2208,西部,R7-2208-41,2208静岡県西部,41,28,坂の上在宅医療支援医院,浜松市中央区
R7,22,静岡県,2208,西部,R7-2208-42,2208静岡県西部,42,29,志都呂クリニック,浜松市中央区
R7,22,静岡県,2208,西部,R7-2208-43,2208静岡県西部,43,30,医療法人精粋会 細江クリニック,浜松市浜名区
R7,22,静岡県,2208,西部,R7-2208-44,2208静岡県西部,44,31,天竜厚生会診療所,浜松市天竜区
R7,22,静岡県,2208,西部,R7-2208-45,2208静岡県西部,45,32,ことみレディースクリニック,浜松市浜名区
R7,22,静岡県,2208,西部,R7-2208-46,2208静岡県西部,46,33,木村産科・婦人科,浜松市中央区
R7,22,静岡県,2208,西部,R7-2208-47,2208静岡県西部,47,34,医療法人社団気賀渥美医院,浜松市浜名区
R7,22,静岡県,2208,西部,R7-2208-48,2208静岡県西部,48,35,さなるサンクリニック,浜松市中央区
R7,22,静岡県,2208,西部,R7-2208-49,2208静岡県西部,49,36,ピュアレディースクリニック,浜松市中央区
R7,22,静岡県,2208,西部,R7-2208-50,2208静岡県西部,50,37,賛育産婦人科医院,浜松市中央区
R7,22,静岡県,2208,西部,R7-2208-51,2208静岡県西部,51,38,石井第一産科婦人科クリニック,浜松市浜名区
R7,22,静岡県,2208,西部,R7-2208-52,2208静岡県西部,52,39,宮口こんどうクリニック,浜松市浜名区
R7,22,静岡県,2208,西部,R7-2208-53,2208静岡県西部,53,40,さとうクリニック,浜松市浜名区
R7,22,静岡県,2208,西部,R7-2208-54,2208静岡県西部,54,41,大脇産婦人科医院,浜松市中央区
R7,22,静岡県,2208,西部,R7-2208-55,2208静岡県西部,55,42,サージセンター,浜松市中央区
R7,22,静岡県,2208,西部,R7-2208-56,2208静岡県西部,56,43,石垣クリニック,浜松市中央区
R7,22,静岡県,2208,西部,R7-2208-57,2208静岡県西部,57,44,医療法人社団真愛かおり会 こぼり整形外科クリニック,浜松市中央区
R7,22,静岡県,2208,西部,R7-2208-58,2208静岡県西部,58,45,ＪＡ静岡厚生連 遠州病院 健康管理センター,浜松市中央区
R7,22,静岡県,2208,西部,R7-2208-59,2208静岡県西部,59,46,朝岡眼科医院,浜松市中央区
R7,22,静岡県,2208,西部,R7-2208-60,2208静岡県西部,60,47,おおたにレディースクリニック,浜松市中央区
R7,22,静岡県,2208,西部,R7-2208-61,2208静岡県西部,61,48,兼子眼科,浜松市中央区
R7,22,静岡県,2208,西部,R7-2208-62,2208静岡県西部,62,49,青沼眼科,浜松市中央区
R7,22,静岡県,2208,西部,R7-2208-63,2208静岡県西部,63,50,医療法人社団新風会 丸山クリニック,浜松市中央区
R7,22,静岡県,2208,西部,R7-2208-64,2208静岡県西部,64,51,西坂整形外科,浜松市浜名区
R7,22,静岡県,2208,西部,R7-2208-65,2208静岡県西部,65,52,石垣内科医院,浜松市中央区
R7,23,愛知県,2302,海部,R7-2302-14,2302愛知県海部,14,1,愛知県厚生農業協同組合連合会海南病院,弥富市
R7,23,愛知県,2302,海部,R7-2302-15,2302愛知県海部,15,2,津島市民病院,津島市
R7,23,愛知県,2302,海部,R7-2302-16,2302愛知県海部,16,3,あま市民病院,あま市
R7,23,愛知県,2302,海部,R7-2302-17,2302愛知県海部,17,4,偕行会リハビリテーション病院,弥富市
R7,23,愛知県,2302,海部,R7-2302-18,2302愛知県海部,18,5,医療法人瑞頌会 尾張温泉かにえ病院,蟹江町
R7,23,愛知県,2302,海部,R7-2302-19,2302愛知県海部,19,6,医療法人宏徳会安藤病院,津島市
R7,23,愛知県,2302,海部,R7-2302-20,2302愛知県海部,20,7,医療法人三善会 津島中央病院,津島市
R7,23,愛知県,2302,海部,R7-2302-21,2302愛知県海部,21,8,船入病院,蟹江町
R7,23,愛知県,2302,海部,R7-2302-22,2302愛知県海部,22,9,津島リハビリテーション病院,津島市
R7,23,愛知県,2302,海部,R7-2302-23,2302愛知県海部,23,10,医療法人雄峰会 真野産婦人科,津島市
R7,23,愛知県,2302,海部,R7-2302-24,2302愛知県海部,24,11,医療法人佳信会 あすかクリニック愛西,愛西市
R7,23,愛知県,2302,海部,R7-2302-25,2302愛知県海部,25,12,野村胃腸科,弥富市
R7,23,愛知県,2302,海部,R7-2302-26,2302愛知県海部,26,13,服部整形外科皮フ科,弥富市
R7,23,愛知県,2302,海部,R7-2302-27,2302愛知県海部,27,14,医療法人佳信会 クリニックつしま,津島市
R7,23,愛知県,2302,海部,R7-2302-28,2302愛知県海部,28,15,貴子ウィメンズクリニック,津島市
R7,23,愛知県,2302,海部,R7-2302-29,2302愛知県海部,29,16,大橋産婦人科クリニック,津島市
R7,23,愛知県,2302,海部,R7-2302-30,2302愛知県海部,30,17,大橋眼科医院,津島市
R7,23,愛知県,2302,海部,R7-2302-31,2302愛知県海部,31,18,レディスケア和田クリニック,愛西市
R7,23,愛知県,2302,海部,R7-2302-32,2302愛知県海部,32,19,中村眼科,弥富市
R7,23,愛知県,2302,海部,R7-2302-33,2302愛知県海部,33,20,小野クリニック,あま市
R7,23,愛知県,2302,海部,R7-2302-34,2302愛知県海部,34,21,大鹿眼科,津島市
R7,23,愛知県,2302,海部,R7-2302-35,2302愛知県海部,35,22,かみ形成外科,愛西市
R7,23,愛知県,2302,海部,R7-2302-36,2302愛知県海部,36,23,いくた整形外科クリニック,愛西市
R7,23,愛知県,2304,尾張東部,R7-2304-14,2304愛知県尾張東部,14,1,藤田医科大学病院,豊明市
R7,23,愛知県,2304,尾張東部,R7-2304-15,2304愛知県尾張東部,15,2,愛知医科大学病院,長久手市
R7,23,愛知県,2304,尾張東部,R7-2304-16,2304愛知県尾張東部,16,3,公立陶生病院,瀬戸市
R7,23,愛知県,2304,尾張東部,R7-2304-17,2304愛知県尾張東部,17,4,独立行政法人労働者健康安全機構旭労災病院,尾張旭市
R7,23,愛知県,2304,尾張東部,R7-2304-18,2304愛知県尾張東部,18,5,医療法人福友会 福友病院,日進市
R7,23,愛知県,2304,尾張東部,R7-2304-19,2304愛知県尾張東部,19,6,瀬戸みどりのまち病院,瀬戸市
R7,23,愛知県,2304,尾張東部,R7-2304-20,2304愛知県尾張東部,20,7,日進南病院,日進市
R7,23,愛知県,2304,尾張東部,R7-2304-21,2304愛知県尾張東部,21,8,医療法人大医会 日進おりど病院,日進市
R7,23,愛知県,2304,尾張東部,R7-2304-22,2304愛知県尾張東部,22,9,医療法人宏和会 あさい病院,瀬戸市
R7,23,愛知県,2304,尾張東部,R7-2304-23,2304愛知県尾張東部,23,10,医療法人青和会中央病院,瀬戸市
R7,23,愛知県,2304,尾張東部,R7-2304-24,2304愛知県尾張東部,24,11,医療法人青山病院,瀬戸市
R7,23,愛知県,2304,尾張東部,R7-2304-25,2304愛知県尾張東部,25,12,医療法人財団 愛泉会 愛知国際病院,日進市
R7,23,愛知県,2304,尾張東部,R7-2304-26,2304愛知県尾張東部,26,13,医療法人橘会　東名病院,長久手市
R7,23,愛知県,2304,尾張東部,R7-2304-27,2304愛知県尾張東部,27,14,医療法人社団順心会井上病院,瀬戸市
R7,23,愛知県,2304,尾張東部,R7-2304-28,2304愛知県尾張東部,28,15,可知整形外科,尾張旭市
R7,23,愛知県,2304,尾張東部,R7-2304-29,2304愛知県尾張東部,29,16,なごやひがし整形外科・脊椎クリニック,東郷町
R7,23,愛知県,2304,尾張東部,R7-2304-30,2304愛知県尾張東部,30,17,平針北クリニック,日進市
R7,23,愛知県,2304,尾張東部,R7-2304-31,2304愛知県尾張東部,31,18,アガペクリニック,日進市
R7,23,愛知県,2304,尾張東部,R7-2304-32,2304愛知県尾張東部,32,19,医療法人L’Ange　レディースクリニックアンジュ,日進市
R7,23,愛知県,2304,尾張東部,R7-2304-33,2304愛知県尾張東部,33,20,いしかわレディースクリニック,尾張旭市
R7,23,愛知県,2304,尾張東部,R7-2304-34,2304愛知県尾張東部,34,21,中原クリニック,瀬戸市
R7,23,愛知県,2304,尾張東部,R7-2304-35,2304愛知県尾張東部,35,22,クリニックベル,瀬戸市
R7,23,愛知県,2304,尾張東部,R7-2304-36,2304愛知県尾張東部,36,23,Ｌａｄｉｅｓ　Ｃｌｉｎｉｃ　ＴОＩＲО,東郷町
R7,23,愛知県,2304,尾張東部,R7-2304-37,2304愛知県尾張東部,37,24,前原外科　整形外科　小児科,豊明市
R7,23,愛知県,2304,尾張東部,R7-2304-38,2304愛知県尾張東部,38,25,図書館通おかもとマタニティークリニック,長久手市
R7,23,愛知県,2304,尾張東部,R7-2304-39,2304愛知県尾張東部,39,26,浅野産婦人科,尾張旭市
R7,23,愛知県,2304,尾張東部,R7-2304-40,2304愛知県尾張東部,40,27,エム産婦人科外科クリニック,長久手市
R7,23,愛知県,2304,尾張東部,R7-2304-41,2304愛知県尾張東部,41,28,寺島ファミリアクリニック,日進市
R7,23,愛知県,2304,尾張東部,R7-2304-42,2304愛知県尾張東部,42,29,医療法人豊水会みずのクリニック,豊明市
R7,23,愛知県,2304,尾張東部,R7-2304-43,2304愛知県尾張東部,43,30,杉上クリニック,日進市
R7,23,愛知県,2304,尾張東部,R7-2304-44,2304愛知県尾張東部,44,31,おおたけニコニコクリニック,瀬戸市
R7,23,愛知県,2304,尾張東部,R7-2304-45,2304愛知県尾張東部,45,32,奥田眼科,東郷町
R7,23,愛知県,2305,尾張西部,R7-2305-14,2305愛知県尾張西部,14,1,一宮西病院,一宮市
R7,23,愛知県,2305,尾張西部,R7-2305-15,2305愛知県尾張西部,15,2,一宮市立市民病院,一宮市
R7,23,愛知県,2305,尾張西部,R7-2305-16,2305愛知県尾張西部,16,3,総合大雄会病院,一宮市
R7,23,愛知県,2305,尾張西部,R7-2305-17,2305愛知県尾張西部,17,4,医療法人尾張健友会 千秋病院,一宮市
R7,23,愛知県,2305,尾張西部,R7-2305-18,2305愛知県尾張西部,18,5,稲沢市民病院,稲沢市
R7,23,愛知県,2305,尾張西部,R7-2305-19,2305愛知県尾張西部,19,6,愛知県厚生農業協同組合連合会稲沢厚生病院,稲沢市
R7,23,愛知県,2305,尾張西部,R7-2305-20,2305愛知県尾張西部,20,7,医療法人泰玄会　泰玄会病院,一宮市
R7,23,愛知県,2305,尾張西部,R7-2305-21,2305愛知県尾張西部,21,8,大雄会第一病院,一宮市
R7,23,愛知県,2305,尾張西部,R7-2305-22,2305愛知県尾張西部,22,9,医療法人来光会 尾洲病院,一宮市
R7,23,愛知県,2305,尾張西部,R7-2305-23,2305愛知県尾張西部,23,10,一宮市立木曽川市民病院,一宮市
R7,23,愛知県,2305,尾張西部,R7-2305-24,2305愛知県尾張西部,24,11,一宮医療療育センター,一宮市
R7,23,愛知県,2305,尾張西部,R7-2305-25,2305愛知県尾張西部,25,12,医療法人六輪会 六輪病院,稲沢市
R7,23,愛知県,2305,尾張西部,R7-2305-26,2305愛知県尾張西部,26,13,医療法人山下病院,一宮市
R7,23,愛知県,2305,尾張西部,R7-2305-27,2305愛知県尾張西部,27,14,医療法人泰玄会 泰玄会西病院,一宮市
R7,23,愛知県,2305,尾張西部,R7-2305-28,2305愛知県尾張西部,28,15,上林記念病院,一宮市
R7,23,愛知県,2305,尾張西部,R7-2305-29,2305愛知県尾張西部,29,16,医療法人医徳会 国井病院,一宮市
R7,23,愛知県,2305,尾張西部,R7-2305-30,2305愛知県尾張西部,30,17,医療法人回精会北津島病院,稲沢市
R7,23,愛知県,2305,尾張西部,R7-2305-31,2305愛知県尾張西部,31,18,孝友クリニック,一宮市
R7,23,愛知県,2305,尾張西部,R7-2305-32,2305愛知県尾張西部,32,19,磯村医院,一宮市
R7,23,愛知県,2305,尾張西部,R7-2305-33,2305愛知県尾張西部,33,20,たなけん脊椎・眼科クリニック,一宮市
R7,23,愛知県,2305,尾張西部,R7-2305-34,2305愛知県尾張西部,34,21,医療法人いつき会 いつきクリニック一宮,一宮市
R7,23,愛知県,2305,尾張西部,R7-2305-35,2305愛知県尾張西部,35,22,井上内科クリニック,一宮市
R7,23,愛知県,2305,尾張西部,R7-2305-36,2305愛知県尾張西部,36,23,医療法人洲榮会 山村外科,稲沢市
R7,23,愛知県,2305,尾張西部,R7-2305-37,2305愛知県尾張西部,37,24,宮崎外科,稲沢市
R7,23,愛知県,2305,尾張西部,R7-2305-38,2305愛知県尾張西部,38,25,セブンベルクリニック,稲沢市
R7,23,愛知県,2305,尾張西部,R7-2305-39,2305愛知県尾張西部,39,26,つかはらレディースクリニック,一宮市
R7,23,愛知県,2305,尾張西部,R7-2305-40,2305愛知県尾張西部,40,27,メイプルベルクリニック,一宮市
R7,23,愛知県,2305,尾張西部,R7-2305-41,2305愛知県尾張西部,41,28,てしがわらレディスクリニック,一宮市
R7,23,愛知県,2305,尾張西部,R7-2305-42,2305愛知県尾張西部,42,29,三輪産婦人科,稲沢市
R7,23,愛知県,2305,尾張西部,R7-2305-43,2305愛知県尾張西部,43,30,愛北ハートクリニック,一宮市
R7,23,愛知県,2305,尾張西部,R7-2305-44,2305愛知県尾張西部,44,31,愛岐眼科,一宮市
R7,23,愛知県,2305,尾張西部,R7-2305-45,2305愛知県尾張西部,45,32,医療法人高橋眼科,一宮市
R7,23,愛知県,2305,尾張西部,R7-2305-46,2305愛知県尾張西部,46,33,産婦人科はっとりクリニック,一宮市
R7,23,愛知県,2305,尾張西部,R7-2305-47,2305愛知県尾張西部,47,34,ふなはし眼科,一宮市
R7,23,愛知県,2305,尾張西部,R7-2305-48,2305愛知県尾張西部,48,35,びさい眼科,一宮市
R7,23,愛知県,2305,尾張西部,R7-2305-49,2305愛知県尾張西部,49,36,医療法人恵仁会 一宮整形外科,一宮市
R7,23,愛知県,2305,尾張西部,R7-2305-50,2305愛知県尾張西部,50,37,ながき眼科,一宮市
R7,23,愛知県,2305,尾張西部,R7-2305-51,2305愛知県尾張西部,51,38,医療法人 東浦眼科医院,稲沢市
R7,23,愛知県,2306,尾張北部,R7-2306-14,2306愛知県尾張北部,14,1,愛知県厚生農業協同組合連合会江南厚生病院,江南市
R7,23,愛知県,2306,尾張北部,R7-2306-15,2306愛知県尾張北部,15,2,春日井市民病院,春日井市
R7,23,愛知県,2306,尾張北部,R7-2306-16,2306愛知県尾張北部,16,3,小牧市民病院,小牧市
R7,23,愛知県,2306,尾張北部,R7-2306-17,2306愛知県尾張北部,17,4,さくら総合病院,大口町
R7,23,愛知県,2306,尾張北部,R7-2306-18,2306愛知県尾張北部,18,5,医療法人徳洲会名古屋徳洲会総合病院,春日井市
R7,23,愛知県,2306,尾張北部,R7-2306-19,2306愛知県尾張北部,19,6,社会医療法人志聖会総合犬山中央病院,犬山市
R7,23,愛知県,2306,尾張北部,R7-2306-20,2306愛知県尾張北部,20,7,医療法人陽和会 春日井リハビリテーション病院,春日井市
R7,23,愛知県,2306,尾張北部,R7-2306-21,2306愛知県尾張北部,21,8,愛知県医療療育総合センター中央病院,春日井市
R7,23,愛知県,2306,尾張北部,R7-2306-22,2306愛知県尾張北部,22,9,医療法人社団喜峰会 東海記念病院,春日井市
R7,23,愛知県,2306,尾張北部,R7-2306-23,2306愛知県尾張北部,23,10,小牧第一病院,小牧市
R7,23,愛知県,2306,尾張北部,R7-2306-24,2306愛知県尾張北部,24,11,高森台病院,春日井市
R7,23,愛知県,2306,尾張北部,R7-2306-25,2306愛知県尾張北部,25,12,岩倉病院,岩倉市
R7,23,愛知県,2306,尾張北部,R7-2306-26,2306愛知県尾張北部,26,13,佐藤病院,江南市
R7,23,愛知県,2306,尾張北部,R7-2306-27,2306愛知県尾張北部,27,14,北陽会病院,春日井市
R7,23,愛知県,2306,尾張北部,R7-2306-28,2306愛知県尾張北部,28,15,小牧ようてい記念病院,小牧市
R7,23,愛知県,2306,尾張北部,R7-2306-29,2306愛知県尾張北部,29,16,医療法人大町会犬山駅西病院,犬山市
R7,23,愛知県,2306,尾張北部,R7-2306-30,2306愛知県尾張北部,30,17,医療法人永仁会 さとう病院,犬山市
R7,23,愛知県,2306,尾張北部,R7-2306-31,2306愛知県尾張北部,31,18,白山リハビリテーション病院,春日井市
R7,23,愛知県,2306,尾張北部,R7-2306-32,2306愛知県尾張北部,32,19,春日井整形あさひ病院,春日井市
R7,23,愛知県,2306,尾張北部,R7-2306-33,2306愛知県尾張北部,33,20,一般財団法人春日会足立病院,春日井市
R7,23,愛知県,2306,尾張北部,R7-2306-34,2306愛知県尾張北部,34,21,医療法人光寿会 光寿会春日井病院,春日井市
R7,23,愛知県,2306,尾張北部,R7-2306-35,2306愛知県尾張北部,35,22,あいちせぼね病院,犬山市
R7,23,愛知県,2306,尾張北部,R7-2306-36,2306愛知県尾張北部,36,23,かすがいマタニティクリニック,春日井市
R7,23,愛知県,2306,尾張北部,R7-2306-37,2306愛知県尾張北部,37,24,医療法人愛洋会 加藤クリニック,春日井市
R7,23,愛知県,2306,尾張北部,R7-2306-38,2306愛知県尾張北部,38,25,医療法人雄峰会まのウィメンズクリニック,春日井市
R7,23,愛知県,2306,尾張北部,R7-2306-39,2306愛知県尾張北部,39,26,森永産婦人科,春日井市
R7,23,愛知県,2306,尾張北部,R7-2306-40,2306愛知県尾張北部,40,27,医療法人俊友会 渡辺整形外科,春日井市
R7,23,愛知県,2306,尾張北部,R7-2306-41,2306愛知県尾張北部,41,28,医療法人同仁会 鳥居クリニック,春日井市
R7,23,愛知県,2306,尾張北部,R7-2306-42,2306愛知県尾張北部,42,29,医療法人啓友会 宮崎整形外科．外科．内科,犬山市
R7,23,愛知県,2306,尾張北部,R7-2306-43,2306愛知県尾張北部,43,30,医療法人ふなびきクリニック,犬山市
R7,23,愛知県,2306,尾張北部,R7-2306-44,2306愛知県尾張北部,44,31,ハートクリニックさわだ,犬山市
R7,23,愛知県,2306,尾張北部,R7-2306-45,2306愛知県尾張北部,45,32,マザークリニックハピネス,犬山市
R7,23,愛知県,2306,尾張北部,R7-2306-46,2306愛知県尾張北部,46,33,みわレディースクリニック,小牧市
R7,23,愛知県,2306,尾張北部,R7-2306-47,2306愛知県尾張北部,47,34,医療法人啓生会 小牧クリニック,小牧市
R7,23,愛知県,2306,尾張北部,R7-2306-48,2306愛知県尾張北部,48,35,産科・婦人科ミナミクリニック,小牧市
R7,23,愛知県,2306,尾張北部,R7-2306-49,2306愛知県尾張北部,49,36,小木こどもファミリークリニック,小牧市
R7,23,愛知県,2306,尾張北部,R7-2306-50,2306愛知県尾張北部,50,37,エンゼルレディースクリニック,小牧市
R7,23,愛知県,2306,尾張北部,R7-2306-51,2306愛知県尾張北部,51,38,ようてい中央クリニック,岩倉市
R7,23,愛知県,2306,尾張北部,R7-2306-52,2306愛知県尾張北部,52,39,医療法人山田外科内科,大口町
R7,23,愛知県,2306,尾張北部,R7-2306-53,2306愛知県尾張北部,53,40,伊藤整形・内科　あいちスポーツ・人工関節クリニック,扶桑町
R7,23,愛知県,2306,尾張北部,R7-2306-54,2306愛知県尾張北部,54,41,福井産婦人科医院,春日井市
R7,23,愛知県,2306,尾張北部,R7-2306-55,2306愛知県尾張北部,55,42,医療法人政秀会 肛門科安藤外科,春日井市
R7,23,愛知県,2306,尾張北部,R7-2306-56,2306愛知県尾張北部,56,43,愛岐中央眼科,江南市
R7,23,愛知県,2306,尾張北部,R7-2306-57,2306愛知県尾張北部,57,44,やまだ産婦人科,江南市
R7,23,愛知県,2306,尾張北部,R7-2306-58,2306愛知県尾張北部,58,45,医療法人 啓生会 春日井クリニック,春日井市
R7,23,愛知県,2306,尾張北部,R7-2306-59,2306愛知県尾張北部,59,46,大野レディスクリニック,岩倉市
R7,23,愛知県,2306,尾張北部,R7-2306-60,2306愛知県尾張北部,60,47,医療法人いつき会 樹クリニック,犬山市
R7,23,愛知県,2306,尾張北部,R7-2306-61,2306愛知県尾張北部,61,48,いたつ内科クリニック,犬山市
R7,23,愛知県,2306,尾張北部,R7-2306-62,2306愛知県尾張北部,62,49,医療法人和恵会 はやかわ・すずきクリニック,春日井市
R7,23,愛知県,2306,尾張北部,R7-2306-63,2306愛知県尾張北部,63,50,出川もりクリニック,春日井市
R7,23,愛知県,2306,尾張北部,R7-2306-64,2306愛知県尾張北部,64,51,平松内科・呼吸器内科 小牧ぜんそく睡眠リハビリクリニック,小牧市
R7,23,愛知県,2306,尾張北部,R7-2306-65,2306愛知県尾張北部,65,52,宮田眼科,犬山市
R7,23,愛知県,2306,尾張北部,R7-2306-66,2306愛知県尾張北部,66,53,宮川クリニック,扶桑町
R7,23,愛知県,2306,尾張北部,R7-2306-67,2306愛知県尾張北部,67,54,コスモス眼科,大口町
R7,23,愛知県,2307,知多半島,R7-2307-14,2307愛知県知多半島,14,1,公立西知多総合病院,東海市
R7,23,愛知県,2307,知多半島,R7-2307-15,2307愛知県知多半島,15,2,地方独立行政法人知多半島総合医療機構知多半島総合医療センター,半田市
R7,23,愛知県,2307,知多半島,R7-2307-16,2307愛知県知多半島,16,3,国立研究開発法人国立長寿医療研究センター,大府市
R7,23,愛知県,2307,知多半島,R7-2307-17,2307愛知県知多半島,17,4,地方独立行政法人知多半島総合医療機構知多半島りんくう病院,常滑市
R7,23,愛知県,2307,知多半島,R7-2307-18,2307愛知県知多半島,18,5,小嶋病院,東海市
R7,23,愛知県,2307,知多半島,R7-2307-19,2307愛知県知多半島,19,6,医療法人 贈恩会 知多小嶋記念病院,知多市
R7,23,愛知県,2307,知多半島,R7-2307-20,2307愛知県知多半島,20,7,あいち小児保健医療総合センター,大府市
R7,23,愛知県,2307,知多半島,R7-2307-21,2307愛知県知多半島,21,8,愛知県厚生農業協同組合連合会知多厚生病院,美浜町
R7,23,愛知県,2307,知多半島,R7-2307-22,2307愛知県知多半島,22,9,医療法人赫和会杉石病院,武豊町
R7,23,愛知県,2307,知多半島,R7-2307-23,2307愛知県知多半島,23,10,社会福祉法人　大同宏緑会　重心施設　にじいろのいえ,東海市
R7,23,愛知県,2307,知多半島,R7-2307-24,2307愛知県知多半島,24,11,渡辺病院,美浜町
R7,23,愛知県,2307,知多半島,R7-2307-25,2307愛知県知多半島,25,12,半田中央病院,半田市
R7,23,愛知県,2307,知多半島,R7-2307-26,2307愛知県知多半島,26,13,医療法人共和会共和病院,大府市
R7,23,愛知県,2307,知多半島,R7-2307-27,2307愛知県知多半島,27,14,医療法人 聖会 石川病院,武豊町
R7,23,愛知県,2307,知多半島,R7-2307-28,2307愛知県知多半島,28,15,西知多リハビリテーション病院,知多市
R7,23,愛知県,2307,知多半島,R7-2307-29,2307愛知県知多半島,29,16,医療法人双葉会 藤田病院,半田市
R7,23,愛知県,2307,知多半島,R7-2307-30,2307愛知県知多半島,30,17,結生クリニック,半田市
R7,23,愛知県,2307,知多半島,R7-2307-31,2307愛知県知多半島,31,18,中野整形外科,半田市
R7,23,愛知県,2307,知多半島,R7-2307-32,2307愛知県知多半島,32,19,医療法人双葉会 ふたばクリニック,半田市
R7,23,愛知県,2307,知多半島,R7-2307-33,2307愛知県知多半島,33,20,あおぞらファミリークリニック,大府市
R7,23,愛知県,2307,知多半島,R7-2307-34,2307愛知県知多半島,34,21,前原整形外科リハビリテーションクリニック,大府市
R7,23,愛知県,2307,知多半島,R7-2307-35,2307愛知県知多半島,35,22,医療法人清樹会 知多サザンクリニック,知多市
R7,23,愛知県,2307,知多半島,R7-2307-36,2307愛知県知多半島,36,23,浅井外科,阿久比町
R7,23,愛知県,2307,知多半島,R7-2307-37,2307愛知県知多半島,37,24,医療法人宏友会 竹内整形外科・内科クリニック,阿久比町
R7,23,愛知県,2307,知多半島,R7-2307-38,2307愛知県知多半島,38,25,浜田整形外科・内科クリニック,美浜町
R7,23,愛知県,2307,知多半島,R7-2307-39,2307愛知県知多半島,39,26,榊原整形外科,武豊町
R7,23,愛知県,2307,知多半島,R7-2307-40,2307愛知県知多半島,40,27,名古屋南脳神経外科クリニック,大府市
R7,23,愛知県,2307,知多半島,R7-2307-41,2307愛知県知多半島,41,28,広川レディスクリニック,大府市
R7,23,愛知県,2307,知多半島,R7-2307-42,2307愛知県知多半島,42,29,産院いしがせの森,大府市
R7,23,愛知県,2307,知多半島,R7-2307-43,2307愛知県知多半島,43,30,広渡レディスクリニック,阿久比町
R7,23,愛知県,2307,知多半島,R7-2307-44,2307愛知県知多半島,44,31,友田クリニック,知多市
R7,23,愛知県,2307,知多半島,R7-2307-45,2307愛知県知多半島,45,32,尾関眼科クリニック,大府市
R7,23,愛知県,2307,知多半島,R7-2307-46,2307愛知県知多半島,46,33,浅見眼科手術クリニック,大府市
R7,23,愛知県,2307,知多半島,R7-2307-47,2307愛知県知多半島,47,34,原田レディースクリニック,知多市
R7,23,愛知県,2308,西三河北部,R7-2308-14,2308愛知県西三河北部,14,1,愛知県厚生農業協同組合連合会 豊田厚生病院,豊田市
R7,23,愛知県,2308,西三河北部,R7-2308-15,2308愛知県西三河北部,15,2,トヨタ記念病院,豊田市
R7,23,愛知県,2308,西三河北部,R7-2308-16,2308愛知県西三河北部,16,3,名豊病院,豊田市
R7,23,愛知県,2308,西三河北部,R7-2308-17,2308愛知県西三河北部,17,4,豊田地域医療センター,豊田市
R7,23,愛知県,2308,西三河北部,R7-2308-18,2308愛知県西三河北部,18,5,医療法人寿光会 寿光会中央病院,みよし市
R7,23,愛知県,2308,西三河北部,R7-2308-19,2308愛知県西三河北部,19,6,愛知県厚生農業協同組合連合会足助病院,豊田市
R7,23,愛知県,2308,西三河北部,R7-2308-20,2308愛知県西三河北部,20,7,みよし市民病院,みよし市
R7,23,愛知県,2308,西三河北部,R7-2308-21,2308愛知県西三河北部,21,8,医療法人三九会 三九朗病院,豊田市
R7,23,愛知県,2308,西三河北部,R7-2308-22,2308愛知県西三河北部,22,9,医療法人 若宮会 菊池病院,豊田市
R7,23,愛知県,2308,西三河北部,R7-2308-23,2308愛知県西三河北部,23,10,さくら病院,豊田市
R7,23,愛知県,2308,西三河北部,R7-2308-24,2308愛知県西三河北部,24,11,家田病院,豊田市
R7,23,愛知県,2308,西三河北部,R7-2308-25,2308愛知県西三河北部,25,12,医療法人慈和会 吉田整形外科病院,豊田市
R7,23,愛知県,2308,西三河北部,R7-2308-26,2308愛知県西三河北部,26,13,医療法人豊寿会 斉藤病院,豊田市
R7,23,愛知県,2308,西三河北部,R7-2308-27,2308愛知県西三河北部,27,14,医療法人清慈会 鈴木病院,豊田市
R7,23,愛知県,2308,西三河北部,R7-2308-28,2308愛知県西三河北部,28,15,医療法人社団以心会 中野胃腸病院,豊田市
R7,23,愛知県,2308,西三河北部,R7-2308-29,2308愛知県西三河北部,29,16,医療法人三九会　三九朗東リハビリテーション病院,豊田市
R7,23,愛知県,2308,西三河北部,R7-2308-30,2308愛知県西三河北部,30,17,グリーンベルクリニック,豊田市
R7,23,愛知県,2308,西三河北部,R7-2308-31,2308愛知県西三河北部,31,18,小早川整形外科・内科,豊田市
R7,23,愛知県,2308,西三河北部,R7-2308-32,2308愛知県西三河北部,32,19,花レディースクリニック,みよし市
R7,23,愛知県,2308,西三河北部,R7-2308-33,2308愛知県西三河北部,33,20,加茂クリニック,豊田市
R7,23,愛知県,2308,西三河北部,R7-2308-34,2308愛知県西三河北部,34,21,医療法人茜草会 あかね医院,豊田市
R7,23,愛知県,2308,西三河北部,R7-2308-35,2308愛知県西三河北部,35,22,医療法人財団健康睡眠会豊田睡眠呼吸障害治療クリニック,豊田市
R7,23,愛知県,2308,西三河北部,R7-2308-36,2308愛知県西三河北部,36,23,たなかマタニティクリニック,みよし市
R7,23,愛知県,2308,西三河北部,R7-2308-37,2308愛知県西三河北部,37,24,医療法人淳和会 内田クリニック,豊田市
R7,23,愛知県,2308,西三河北部,R7-2308-38,2308愛知県西三河北部,38,25,河合眼科,豊田市
R7,23,愛知県,2308,西三河北部,R7-2308-39,2308愛知県西三河北部,39,26,深見眼科,豊田市
R7,23,愛知県,2308,西三河北部,R7-2308-40,2308愛知県西三河北部,40,27,ひらい眼科,豊田市
R7,23,愛知県,2309,西三河南部西,R7-2309-14,2309愛知県西三河南部西,14,1,愛知県厚生農業協同組合連合会 安城更生病院,安城市
R7,23,愛知県,2309,西三河南部西,R7-2309-15,2309愛知県西三河南部西,15,2,刈谷豊田総合病院,刈谷市
R7,23,愛知県,2309,西三河南部西,R7-2309-16,2309愛知県西三河南部西,16,3,社会医療法人財団新和会八千代病院,安城市
R7,23,愛知県,2309,西三河南部西,R7-2309-17,2309愛知県西三河南部西,17,4,西尾市民病院,西尾市
R7,23,愛知県,2309,西三河南部西,R7-2309-18,2309愛知県西三河南部西,18,5,碧南市民病院,碧南市
R7,23,愛知県,2309,西三河南部西,R7-2309-19,2309愛知県西三河南部西,19,6,刈谷豊田東病院,刈谷市
R7,23,愛知県,2309,西三河南部西,R7-2309-20,2309愛知県西三河南部西,20,7,小林記念病院,碧南市
R7,23,愛知県,2309,西三河南部西,R7-2309-21,2309愛知県西三河南部西,21,8,医療法人田中会西尾病院,西尾市
R7,23,愛知県,2309,西三河南部西,R7-2309-22,2309愛知県西三河南部西,22,9,刈谷記念病院,刈谷市
R7,23,愛知県,2309,西三河南部西,R7-2309-23,2309愛知県西三河南部西,23,10,秋田病院,知立市
R7,23,愛知県,2309,西三河南部西,R7-2309-24,2309愛知県西三河南部西,24,11,あいちリハビリテーション病院,西尾市
R7,23,愛知県,2309,西三河南部西,R7-2309-25,2309愛知県西三河南部西,25,12,高浜豊田病院,高浜市
R7,23,愛知県,2309,西三河南部西,R7-2309-26,2309愛知県西三河南部西,26,13,富士病院,知立市
R7,23,愛知県,2309,西三河南部西,R7-2309-27,2309愛知県西三河南部西,27,14,医療法人明和会 辻村外科病院,刈谷市
R7,23,愛知県,2309,西三河南部西,R7-2309-28,2309愛知県西三河南部西,28,15,山尾病院,西尾市
R7,23,愛知県,2309,西三河南部西,R7-2309-29,2309愛知県西三河南部西,29,16,医療法人社団福祉会高須病院,西尾市
R7,23,愛知県,2309,西三河南部西,R7-2309-30,2309愛知県西三河南部西,30,17,医療法人大朋会 刈谷整形外科病院,刈谷市
R7,23,愛知県,2309,西三河南部西,R7-2309-31,2309愛知県西三河南部西,31,18,医療法人十喜会加藤病院,碧南市
R7,23,愛知県,2309,西三河南部西,R7-2309-32,2309愛知県西三河南部西,32,19,新川中央病院,碧南市
R7,23,愛知県,2309,西三河南部西,R7-2309-33,2309愛知県西三河南部西,33,20,一里山・今井病院,刈谷市
R7,23,愛知県,2309,西三河南部西,R7-2309-34,2309愛知県西三河南部西,34,21,医療法人清風会 岡村産科婦人科,碧南市
R7,23,愛知県,2309,西三河南部西,R7-2309-35,2309愛知県西三河南部西,35,22,杉浦医院,刈谷市
R7,23,愛知県,2309,西三河南部西,R7-2309-36,2309愛知県西三河南部西,36,23,医療法人輝ジュンレディースクリニック刈谷,刈谷市
R7,23,愛知県,2309,西三河南部西,R7-2309-37,2309愛知県西三河南部西,37,24,松井整形外科,安城市
R7,23,愛知県,2309,西三河南部西,R7-2309-38,2309愛知県西三河南部西,38,25,医療法人輝 ジュンレディースクリニック安城,安城市
R7,23,愛知県,2309,西三河南部西,R7-2309-39,2309愛知県西三河南部西,39,26,医療法人深見十全会 深見クリニック,西尾市
R7,23,愛知県,2309,西三河南部西,R7-2309-40,2309愛知県西三河南部西,40,27,医療法人尚志会 山田産婦人科,西尾市
R7,23,愛知県,2309,西三河南部西,R7-2309-41,2309愛知県西三河南部西,41,28,ピーチベルクリニック,安城市
R7,23,愛知県,2309,西三河南部西,R7-2309-42,2309愛知県西三河南部西,42,29,G＆Oレディスクリニック,刈谷市
R7,23,愛知県,2309,西三河南部西,R7-2309-43,2309愛知県西三河南部西,43,30,医療法人セントファミリアクリニック,知立市
R7,23,愛知県,2309,西三河南部西,R7-2309-44,2309愛知県西三河南部西,44,31,工藤眼科クリニック,西尾市
R7,23,愛知県,2309,西三河南部西,R7-2309-45,2309愛知県西三河南部西,45,32,医療法人正栄会堀眼科医院,刈谷市
R7,23,愛知県,2309,西三河南部西,R7-2309-46,2309愛知県西三河南部西,46,33,三河乳がんクリニック,安城市
R7,23,愛知県,2309,西三河南部西,R7-2309-47,2309愛知県西三河南部西,47,34,三村医院,西尾市
R7,23,愛知県,2309,西三河南部西,R7-2309-48,2309愛知県西三河南部西,48,35,医療法人康喜会大竹耳鼻咽喉科・睡眠クリニック,刈谷市
R7,23,愛知県,2309,西三河南部西,R7-2309-49,2309愛知県西三河南部西,49,36,高浜愛レディースクリニック,高浜市
R7,23,愛知県,2309,西三河南部西,R7-2309-50,2309愛知県西三河南部西,50,37,医療法人研信会 知立クリニック,知立市
R7,23,愛知県,2309,西三河南部西,R7-2309-51,2309愛知県西三河南部西,51,38,あいちハートクリニック,知立市
R7,23,愛知県,2309,西三河南部西,R7-2309-52,2309愛知県西三河南部西,52,39,とね耳鼻咽喉科クリニック,安城市
R7,23,愛知県,2309,西三河南部西,R7-2309-53,2309愛知県西三河南部西,53,40,かみやクリニック,知立市
R7,23,愛知県,2310,西三河南部東,R7-2310-14,2310愛知県西三河南部東,14,1,岡崎市民病院,岡崎市
R7,23,愛知県,2310,西三河南部東,R7-2310-15,2310愛知県西三河南部東,15,2,藤田医科大学岡崎医療センター,岡崎市
R7,23,愛知県,2310,西三河南部東,R7-2310-16,2310愛知県西三河南部東,16,3,愛知医科大学メディカルセンター,岡崎市
R7,23,愛知県,2310,西三河南部東,R7-2310-17,2310愛知県西三河南部東,17,4,医療法人大朋会 岡崎共立病院,岡崎市
R7,23,愛知県,2310,西三河南部東,R7-2310-18,2310愛知県西三河南部東,18,5,医療法人鉄友会 宇野病院,岡崎市
R7,23,愛知県,2310,西三河南部東,R7-2310-19,2310愛知県西三河南部東,19,6,医療法人十全会三嶋内科病院,岡崎市
R7,23,愛知県,2310,西三河南部東,R7-2310-20,2310愛知県西三河南部東,20,7,愛知県三河青い鳥医療療育センター,岡崎市
R7,23,愛知県,2310,西三河南部東,R7-2310-21,2310愛知県西三河南部東,21,8,岡崎南病院,岡崎市
R7,23,愛知県,2310,西三河南部東,R7-2310-22,2310愛知県西三河南部東,22,9,医療法人博報会 岡崎東病院,岡崎市
R7,23,愛知県,2310,西三河南部東,R7-2310-23,2310愛知県西三河南部東,23,10,冨田病院,岡崎市
R7,23,愛知県,2310,西三河南部東,R7-2310-24,2310愛知県西三河南部東,24,11,エンジェルベルホスピタル,岡崎市
R7,23,愛知県,2310,西三河南部東,R7-2310-25,2310愛知県西三河南部東,25,12,医療法人葵　葵セントラル病院,岡崎市
R7,23,愛知県,2310,西三河南部東,R7-2310-26,2310愛知県西三河南部東,26,13,岡崎メイツ腎・睡眠クリニック,岡崎市
R7,23,愛知県,2310,西三河南部東,R7-2310-27,2310愛知県西三河南部東,27,14,フェアリーベルクリニック,岡崎市
R7,23,愛知県,2310,西三河南部東,R7-2310-28,2310愛知県西三河南部東,28,15,あかりレディースクリニック,岡崎市
R7,23,愛知県,2310,西三河南部東,R7-2310-29,2310愛知県西三河南部東,29,16,おおはらマタニティクリニック,岡崎市
R7,23,愛知県,2310,西三河南部東,R7-2310-30,2310愛知県西三河南部東,30,17,田那村産婦人科,岡崎市
R7,23,愛知県,2310,西三河南部東,R7-2310-31,2310愛知県西三河南部東,31,18,鍋田眼科医院,岡崎市
R7,23,愛知県,2310,西三河南部東,R7-2310-32,2310愛知県西三河南部東,32,19,吉村医院　あさひ産婦人科,岡崎市
R7,23,愛知県,2310,西三河南部東,R7-2310-33,2310愛知県西三河南部東,33,20,耳鼻咽喉科気管食道科康生医院,岡崎市
R7,23,愛知県,2310,西三河南部東,R7-2310-34,2310愛知県西三河南部東,34,21,医療法人清雅会シバタ歯科,岡崎市
R7,23,愛知県,2310,西三河南部東,R7-2310-35,2310愛知県西三河南部東,35,22,奥田眼科クリニック,岡崎市
R7,23,愛知県,2311,東三河北部,R7-2311-14,2311愛知県東三河北部,14,1,新城市民病院,新城市
R7,23,愛知県,2311,東三河北部,R7-2311-15,2311愛知県東三河北部,15,2,医療法人星野病院,新城市
R7,23,愛知県,2311,東三河北部,R7-2311-16,2311愛知県東三河北部,16,3,茶臼山厚生病院,新城市
R7,23,愛知県,2311,東三河北部,R7-2311-17,2311愛知県東三河北部,17,4,さくら眼科,新城市
R7,23,愛知県,2311,東三河北部,R7-2311-18,2311愛知県東三河北部,18,5,新城市作手診療所,新城市
R7,23,愛知県,2312,東三河南部,R7-2312-14,2312愛知県東三河南部,14,1,豊橋市民病院,豊橋市
R7,23,愛知県,2312,東三河南部,R7-2312-15,2312愛知県東三河南部,15,2,豊川市民病院,豊川市
R7,23,愛知県,2312,東三河南部,R7-2312-16,2312愛知県東三河南部,16,3,医療法人積善会 積善病院,豊橋市
R7,23,愛知県,2312,東三河南部,R7-2312-17,2312愛知県東三河南部,17,4,独立行政法人国立病院機構豊橋医療センター,豊橋市
R7,23,愛知県,2312,東三河南部,R7-2312-18,2312愛知県東三河南部,18,5,蒲郡市民病院,蒲郡市
R7,23,愛知県,2312,東三河南部,R7-2312-19,2312愛知県東三河南部,19,6,愛知県厚生農業協同組合連合会渥美病院,田原市
R7,23,愛知県,2312,東三河南部,R7-2312-20,2312愛知県東三河南部,20,7,光生会 赤岩病院,豊橋市
R7,23,愛知県,2312,東三河南部,R7-2312-21,2312愛知県東三河南部,21,8,成田記念病院,豊橋市
R7,23,愛知県,2312,東三河南部,R7-2312-22,2312愛知県東三河南部,22,9,医療法人さわらび会福祉村病院,豊橋市
R7,23,愛知県,2312,東三河南部,R7-2312-23,2312愛知県東三河南部,23,10,医療法人積善会 第二積善病院,豊橋市
R7,23,愛知県,2312,東三河南部,R7-2312-24,2312愛知県東三河南部,24,11,医療法人積善会 蒲郡東部病院,蒲郡市
R7,23,愛知県,2312,東三河南部,R7-2312-25,2312愛知県東三河南部,25,12,総合青山病院,豊川市
R7,23,愛知県,2312,東三河南部,R7-2312-26,2312愛知県東三河南部,26,13,医療法人豊岡会 豊橋元町病院,豊橋市
R7,23,愛知県,2312,東三河南部,R7-2312-27,2312愛知県東三河南部,27,14,医療法人羔羊会 弥生病院,豊橋市
R7,23,愛知県,2312,東三河南部,R7-2312-28,2312愛知県東三河南部,28,15,医療法人澄心会豊橋ハートセンター,豊橋市
R7,23,愛知県,2312,東三河南部,R7-2312-29,2312愛知県東三河南部,29,16,光生会病院,豊橋市
R7,23,愛知県,2312,東三河南部,R7-2312-30,2312愛知県東三河南部,30,17,豊川青山病院,豊川市
R7,23,愛知県,2312,東三河南部,R7-2312-31,2312愛知県東三河南部,31,18,医療法人北辰会 蒲郡厚生館病院,蒲郡市
R7,23,愛知県,2312,東三河南部,R7-2312-32,2312愛知県東三河南部,32,19,二川病院,豊橋市
R7,23,愛知県,2312,東三河南部,R7-2312-33,2312愛知県東三河南部,33,20,第二成田記念病院,豊橋市
R7,23,愛知県,2312,東三河南部,R7-2312-34,2312愛知県東三河南部,34,21,医療法人啓仁会 豊川さくら病院,豊川市
R7,23,愛知県,2312,東三河南部,R7-2312-35,2312愛知県東三河南部,35,22,共立荻野病院,豊川市
R7,23,愛知県,2312,東三河南部,R7-2312-36,2312愛知県東三河南部,36,23,医療法人善恵会 長屋病院,豊橋市
R7,23,愛知県,2312,東三河南部,R7-2312-37,2312愛知県東三河南部,37,24,信愛医療療育センター,豊川市
R7,23,愛知県,2312,東三河南部,R7-2312-38,2312愛知県東三河南部,38,25,医療法人義興会 可知記念病院,豊橋市
R7,23,愛知県,2312,東三河南部,R7-2312-39,2312愛知県東三河南部,39,26,医療法人鳳紀会可知病院,豊川市
R7,23,愛知県,2312,東三河南部,R7-2312-40,2312愛知県東三河南部,40,27,医療法人信雅会 宮地病院,豊川市
R7,23,愛知県,2312,東三河南部,R7-2312-41,2312愛知県東三河南部,41,28,国府病院,豊川市
R7,23,愛知県,2312,東三河南部,R7-2312-42,2312愛知県東三河南部,42,29,医療法人聖俊会 樋口病院,豊川市
R7,23,愛知県,2312,東三河南部,R7-2312-43,2312愛知県東三河南部,43,30,タチバナ病院,豊川市
R7,23,愛知県,2312,東三河南部,R7-2312-44,2312愛知県東三河南部,44,31,豊橋整形外科江崎病院,豊橋市
R7,23,愛知県,2312,東三河南部,R7-2312-45,2312愛知県東三河南部,45,32,医療法人桃源堂後藤病院,豊川市
R7,23,愛知県,2312,東三河南部,R7-2312-46,2312愛知県東三河南部,46,33,医療法人中岡レディスクリニック,豊橋市
R7,23,愛知県,2312,東三河南部,R7-2312-47,2312愛知県東三河南部,47,34,医療法人小石マタニティクリニック,豊橋市
R7,23,愛知県,2312,東三河南部,R7-2312-48,2312愛知県東三河南部,48,35,肛門・胃腸科たつおクリニック,豊橋市
R7,23,愛知県,2312,東三河南部,R7-2312-49,2312愛知県東三河南部,49,36,医療法人輝ジュンレディースクリニック豊橋,豊橋市
R7,23,愛知県,2312,東三河南部,R7-2312-50,2312愛知県東三河南部,50,37,パークベルクリニック,豊橋市
R7,23,愛知県,2312,東三河南部,R7-2312-51,2312愛知県東三河南部,51,38,ひがし循環器クリニック,豊橋市
R7,23,愛知県,2312,東三河南部,R7-2312-52,2312愛知県東三河南部,52,39,権田脳神経外科,豊橋市
R7,23,愛知県,2312,東三河南部,R7-2312-53,2312愛知県東三河南部,53,40,医療法人　塩之谷整形外科,豊橋市
R7,23,愛知県,2312,東三河南部,R7-2312-54,2312愛知県東三河南部,54,41,医療法人山本一誠会　山本肛門科胃腸科,豊橋市
R7,23,愛知県,2312,東三河南部,R7-2312-55,2312愛知県東三河南部,55,42,加藤医院,蒲郡市
R7,23,愛知県,2312,東三河南部,R7-2312-56,2312愛知県東三河南部,56,43,ふじい整形外科,蒲郡市
R7,23,愛知県,2312,東三河南部,R7-2312-57,2312愛知県東三河南部,57,44,医療法人豊誠会 とよおかクリニック,蒲郡市
R7,23,愛知県,2312,東三河南部,R7-2312-58,2312愛知県東三河南部,58,45,豊橋メイツ睡眠クリニック,豊橋市
R7,23,愛知県,2312,東三河南部,R7-2312-59,2312愛知県東三河南部,59,46,豊橋メイツクリニック,豊橋市
R7,23,愛知県,2312,東三河南部,R7-2312-60,2312愛知県東三河南部,60,47,リバーベルクリニック,豊川市
R7,23,愛知県,2312,東三河南部,R7-2312-61,2312愛知県東三河南部,61,48,太田整形外科,豊橋市
R7,23,愛知県,2312,東三河南部,R7-2312-62,2312愛知県東三河南部,62,49,今泉産婦人科医院,豊橋市
R7,23,愛知県,2312,東三河南部,R7-2312-63,2312愛知県東三河南部,63,50,よしおか眼科クリニック,豊川市
R7,23,愛知県,2312,東三河南部,R7-2312-64,2312愛知県東三河南部,64,51,有木眼科クリニック,豊川市
R7,23,愛知県,2312,東三河南部,R7-2312-65,2312愛知県東三河南部,65,52,大島整形外科クリニック,豊橋市
R7,23,愛知県,2313,名古屋・尾張中部,R7-2313-14,2313愛知県名古屋・尾張中部,14,1,名古屋大学医学部附属病院,名古屋市昭和区
R7,23,愛知県,2313,名古屋・尾張中部,R7-2313-15,2313愛知県名古屋・尾張中部,15,2,日本赤十字社愛知医療センター名古屋第一病院,名古屋市中村区
R7,23,愛知県,2313,名古屋・尾張中部,R7-2313-16,2313愛知県名古屋・尾張中部,16,3,日本赤十字社愛知医療センター名古屋第二病院,名古屋市昭和区
R7,23,愛知県,2313,名古屋・尾張中部,R7-2313-17,2313愛知県名古屋・尾張中部,17,4,名古屋市立大学病院,名古屋市瑞穂区
R7,23,愛知県,2313,名古屋・尾張中部,R7-2313-18,2313愛知県名古屋・尾張中部,18,5,独立行政法人国立病院機構名古屋医療センター,名古屋市中区
R7,23,愛知県,2313,名古屋・尾張中部,R7-2313-19,2313愛知県名古屋・尾張中部,19,6,名古屋掖済会病院,名古屋市中川区
R7,23,愛知県,2313,名古屋・尾張中部,R7-2313-20,2313愛知県名古屋・尾張中部,20,7,独立行政法人地域医療機能推進機構 中京病院,名古屋市南区
R7,23,愛知県,2313,名古屋・尾張中部,R7-2313-21,2313愛知県名古屋・尾張中部,21,8,独立行政法人労働者健康安全機構中部労災病院,名古屋市港区
R7,23,愛知県,2313,名古屋・尾張中部,R7-2313-22,2313愛知県名古屋・尾張中部,22,9,愛知県がんセンター,名古屋市千種区
R7,23,愛知県,2313,名古屋・尾張中部,R7-2313-23,2313愛知県名古屋・尾張中部,23,10,名古屋市立大学医学部附属西部医療センター,名古屋市北区
R7,23,愛知県,2313,名古屋・尾張中部,R7-2313-24,2313愛知県名古屋・尾張中部,24,11,名古屋市立大学医学部附属東部医療センター,名古屋市千種区
R7,23,愛知県,2313,名古屋・尾張中部,R7-2313-25,2313愛知県名古屋・尾張中部,25,12,みなと医療生活協同組合協立総合病院,名古屋市熱田区
R7,23,愛知県,2313,名古屋・尾張中部,R7-2313-26,2313愛知県名古屋・尾張中部,26,13,名古屋記念病院,名古屋市天白区
R7,23,愛知県,2313,名古屋・尾張中部,R7-2313-27,2313愛知県名古屋・尾張中部,27,14,大同病院,名古屋市南区
R7,23,愛知県,2313,名古屋・尾張中部,R7-2313-28,2313愛知県名古屋・尾張中部,28,15,名鉄病院,名古屋市西区
R7,23,愛知県,2313,名古屋・尾張中部,R7-2313-29,2313愛知県名古屋・尾張中部,29,16,藤田医科大学ばんたね病院,名古屋市中川区
R7,23,愛知県,2313,名古屋・尾張中部,R7-2313-30,2313愛知県名古屋・尾張中部,30,17,医療法人済衆館 済衆館病院,北名古屋市
R7,23,愛知県,2313,名古屋・尾張中部,R7-2313-31,2313愛知県名古屋・尾張中部,31,18,独立行政法人国立病院機構東名古屋病院,名古屋市名東区
R7,23,愛知県,2313,名古屋・尾張中部,R7-2313-32,2313愛知県名古屋・尾張中部,32,19,国家公務員共済組合連合会名城病院,名古屋市中区
R7,23,愛知県,2313,名古屋・尾張中部,R7-2313-33,2313愛知県名古屋・尾張中部,33,20,総合病院 南生協病院,名古屋市緑区
R7,23,愛知県,2313,名古屋・尾張中部,R7-2313-34,2313愛知県名古屋・尾張中部,34,21,医療法人生生会 まつかげシニアホスピタル,名古屋市中川区
R7,23,愛知県,2313,名古屋・尾張中部,R7-2313-35,2313愛知県名古屋・尾張中部,35,22,重工大須病院,名古屋市中区
R7,23,愛知県,2313,名古屋・尾張中部,R7-2313-36,2313愛知県名古屋・尾張中部,36,23,社会医療法人愛生会 総合上飯田第一病院,名古屋市北区
R7,23,愛知県,2313,名古屋・尾張中部,R7-2313-37,2313愛知県名古屋・尾張中部,37,24,医療法人並木会 並木病院,名古屋市天白区
R7,23,愛知県,2313,名古屋・尾張中部,R7-2313-38,2313愛知県名古屋・尾張中部,38,25,医療法人福友会八田なみき病院,名古屋市中村区
R7,23,愛知県,2313,名古屋・尾張中部,R7-2313-39,2313愛知県名古屋・尾張中部,39,26,名古屋市立大学医学部附属みどり市民病院,名古屋市緑区
R7,23,愛知県,2313,名古屋・尾張中部,R7-2313-40,2313愛知県名古屋・尾張中部,40,27,愛知県済生会リハビリテーション病院,名古屋市西区
R7,23,愛知県,2313,名古屋・尾張中部,R7-2313-41,2313愛知県名古屋・尾張中部,41,28,名古屋セントラル病院,名古屋市中村区
R7,23,愛知県,2313,名古屋・尾張中部,R7-2313-42,2313愛知県名古屋・尾張中部,42,29,社会福祉法人聖霊会 聖霊病院,名古屋市昭和区
R7,23,愛知県,2313,名古屋・尾張中部,R7-2313-43,2313愛知県名古屋・尾張中部,43,30,公益財団法人名古屋港湾福利厚生協会臨港病院,名古屋市港区
R7,23,愛知県,2313,名古屋・尾張中部,R7-2313-44,2313愛知県名古屋・尾張中部,44,31,愛知県青い鳥医療療育センター,名古屋市西区
R7,23,愛知県,2313,名古屋・尾張中部,R7-2313-45,2313愛知県名古屋・尾張中部,45,32,ＡＯＩ名古屋病院,名古屋市東区
R7,23,愛知県,2313,名古屋・尾張中部,R7-2313-46,2313愛知県名古屋・尾張中部,46,33,国家公務員共済組合連合会東海病院,名古屋市千種区
R7,23,愛知県,2313,名古屋・尾張中部,R7-2313-47,2313愛知県名古屋・尾張中部,47,34,医療法人清水会 相生山病院,名古屋市緑区
R7,23,愛知県,2313,名古屋・尾張中部,R7-2313-48,2313愛知県名古屋・尾張中部,48,35,紘仁病院,名古屋市守山区
R7,23,愛知県,2313,名古屋・尾張中部,R7-2313-49,2313愛知県名古屋・尾張中部,49,36,医療法人生寿会 五条川リハビリテーション病院,清須市
R7,23,愛知県,2313,名古屋・尾張中部,R7-2313-50,2313愛知県名古屋・尾張中部,50,37,医療法人杏園会　熱田リハビリテーション病院,名古屋市熱田区
R7,23,愛知県,2313,名古屋・尾張中部,R7-2313-51,2313愛知県名古屋・尾張中部,51,38,大隈病院,名古屋市北区
R7,23,愛知県,2313,名古屋・尾張中部,R7-2313-52,2313愛知県名古屋・尾張中部,52,39,名南病院,名古屋市南区
R7,23,愛知県,2313,名古屋・尾張中部,R7-2313-53,2313愛知県名古屋・尾張中部,53,40,名古屋共立病院,名古屋市中川区
R7,23,愛知県,2313,名古屋・尾張中部,R7-2313-54,2313愛知県名古屋・尾張中部,54,41,医療法人珪山会 鵜飼リハビリテーション病院,名古屋市中村区
R7,23,愛知県,2313,名古屋・尾張中部,R7-2313-55,2313愛知県名古屋・尾張中部,55,42,新生会第一病院,名古屋市天白区
R7,23,愛知県,2313,名古屋・尾張中部,R7-2313-56,2313愛知県名古屋・尾張中部,56,43,名古屋市立大学医学部附属みらい光生病院,名古屋市名東区
R7,23,愛知県,2313,名古屋・尾張中部,R7-2313-57,2313愛知県名古屋・尾張中部,57,44,東洋病院,名古屋市港区
R7,23,愛知県,2313,名古屋・尾張中部,R7-2313-58,2313愛知県名古屋・尾張中部,58,45,第一なるみ病院,名古屋市緑区
R7,23,愛知県,2313,名古屋・尾張中部,R7-2313-59,2313愛知県名古屋・尾張中部,59,46,医療法人笠寺病院,名古屋市南区
R7,23,愛知県,2313,名古屋・尾張中部,R7-2313-60,2313愛知県名古屋・尾張中部,60,47,偕行会城西病院,名古屋市中村区
R7,23,愛知県,2313,名古屋・尾張中部,R7-2313-61,2313愛知県名古屋・尾張中部,61,48,医療法人珪山会 鵜飼病院,名古屋市中村区
R7,23,愛知県,2313,名古屋・尾張中部,R7-2313-62,2313愛知県名古屋・尾張中部,62,49,はるひ呼吸器病院,清須市
R7,23,愛知県,2313,名古屋・尾張中部,R7-2313-63,2313愛知県名古屋・尾張中部,63,50,医療法人勝又　勝又病院,名古屋市中区
R7,23,愛知県,2313,名古屋・尾張中部,R7-2313-64,2313愛知県名古屋・尾張中部,64,51,名古屋西病院,名古屋市中川区
R7,23,愛知県,2313,名古屋・尾張中部,R7-2313-65,2313愛知県名古屋・尾張中部,65,52,医療法人吉田病院,名古屋市千種区
R7,23,愛知県,2313,名古屋・尾張中部,R7-2313-66,2313愛知県名古屋・尾張中部,66,53,医療法人衆済会 増子記念病院,名古屋市中村区
R7,23,愛知県,2313,名古屋・尾張中部,R7-2313-67,2313愛知県名古屋・尾張中部,67,54,医療法人いつき会守山いつき病院,名古屋市守山区
R7,23,愛知県,2313,名古屋・尾張中部,R7-2313-68,2313愛知県名古屋・尾張中部,68,55,医療法人香徳会メイトウホスピタル,名古屋市名東区
R7,23,愛知県,2313,名古屋・尾張中部,R7-2313-69,2313愛知県名古屋・尾張中部,69,56,医療法人光寿会 光寿会リハビリテーション病院,北名古屋市
R7,23,愛知県,2313,名古屋・尾張中部,R7-2313-70,2313愛知県名古屋・尾張中部,70,57,野垣病院,名古屋市瑞穂区
R7,23,愛知県,2313,名古屋・尾張中部,R7-2313-71,2313愛知県名古屋・尾張中部,71,58,医療法人幸会 南陽病院,名古屋市港区
R7,23,愛知県,2313,名古屋・尾張中部,R7-2313-72,2313愛知県名古屋・尾張中部,72,59,社会医療法人愛生会 上飯田リハビリテーション病院,名古屋市北区
R7,23,愛知県,2313,名古屋・尾張中部,R7-2313-73,2313愛知県名古屋・尾張中部,73,60,善常会リハビリテーション病院,名古屋市南区
R7,23,愛知県,2313,名古屋・尾張中部,R7-2313-74,2313愛知県名古屋・尾張中部,74,61,中日病院,名古屋市中区
R7,23,愛知県,2313,名古屋・尾張中部,R7-2313-75,2313愛知県名古屋・尾張中部,75,62,名古屋市重症心身障害児者施設,名古屋市北区
R7,23,愛知県,2313,名古屋・尾張中部,R7-2313-76,2313愛知県名古屋・尾張中部,76,63,医療法人東樹会 あずまリハビリテーション病院,名古屋市港区
R7,23,愛知県,2313,名古屋・尾張中部,R7-2313-77,2313愛知県名古屋・尾張中部,77,64,医療法人緑翔会 小松病院,名古屋市南区
R7,23,愛知県,2313,名古屋・尾張中部,R7-2313-78,2313愛知県名古屋・尾張中部,78,65,医療法人愛仁会名春中央病院,名古屋市北区
R7,23,愛知県,2313,名古屋・尾張中部,R7-2313-79,2313愛知県名古屋・尾張中部,79,66,医療法人すみれ会 中央病院,名古屋市東区
R7,23,愛知県,2313,名古屋・尾張中部,R7-2313-80,2313愛知県名古屋・尾張中部,80,67,名古屋市立大学医学部附属リハビリテーション病院,名古屋市瑞穂区
R7,23,愛知県,2313,名古屋・尾張中部,R7-2313-81,2313愛知県名古屋・尾張中部,81,68,和田内科病院,名古屋市千種区
R7,23,愛知県,2313,名古屋・尾張中部,R7-2313-82,2313愛知県名古屋・尾張中部,82,69,名古屋ハートセンター,名古屋市東区
R7,23,愛知県,2313,名古屋・尾張中部,R7-2313-83,2313愛知県名古屋・尾張中部,83,70,眼科杉田病院,名古屋市中区
R7,23,愛知県,2313,名古屋・尾張中部,R7-2313-84,2313愛知県名古屋・尾張中部,84,71,医療法人親和会 富田病院,名古屋市中川区
R7,23,愛知県,2313,名古屋・尾張中部,R7-2313-85,2313愛知県名古屋・尾張中部,85,72,医療法人山和会 山口病院,名古屋市南区
R7,23,愛知県,2313,名古屋・尾張中部,R7-2313-86,2313愛知県名古屋・尾張中部,86,73,南医療生協かなめ病院,名古屋市南区
R7,23,愛知県,2313,名古屋・尾張中部,R7-2313-87,2313愛知県名古屋・尾張中部,87,74,名南ふれあい病院,名古屋市南区
R7,23,愛知県,2313,名古屋・尾張中部,R7-2313-88,2313愛知県名古屋・尾張中部,88,75,医療法人幸寿会平岩病院,名古屋市緑区
R7,23,愛知県,2313,名古屋・尾張中部,R7-2313-89,2313愛知県名古屋・尾張中部,89,76,八事病院,名古屋市天白区
R7,23,愛知県,2313,名古屋・尾張中部,R7-2313-90,2313愛知県名古屋・尾張中部,90,77,ブラザー記念病院,名古屋市瑞穂区
R7,23,愛知県,2313,名古屋・尾張中部,R7-2313-91,2313愛知県名古屋・尾張中部,91,78,医療法人東恵会星ケ丘マタニティ病院,名古屋市千種区
R7,23,愛知県,2313,名古屋・尾張中部,R7-2313-92,2313愛知県名古屋・尾張中部,92,79,木村病院,名古屋市名東区
R7,23,愛知県,2313,名古屋・尾張中部,R7-2313-93,2313愛知県名古屋・尾張中部,93,80,医療法人聖真会 横山記念病院,名古屋市中区
R7,23,愛知県,2313,名古屋・尾張中部,R7-2313-94,2313愛知県名古屋・尾張中部,94,81,医療法人三恵会服部病院,名古屋市熱田区
R7,23,愛知県,2313,名古屋・尾張中部,R7-2313-95,2313愛知県名古屋・尾張中部,95,82,医療法人聖真会 春田仁愛病院,名古屋市中川区
R7,23,愛知県,2313,名古屋・尾張中部,R7-2313-96,2313愛知県名古屋・尾張中部,96,83,医療法人和光会 川島病院,名古屋市守山区
R7,23,愛知県,2313,名古屋・尾張中部,R7-2313-97,2313愛知県名古屋・尾張中部,97,84,医療法人杉山会 すぎやま病院,名古屋市名東区
R7,23,愛知県,2313,名古屋・尾張中部,R7-2313-98,2313愛知県名古屋・尾張中部,98,85,医療法人米田病院,名古屋市西区
R7,23,愛知県,2313,名古屋・尾張中部,R7-2313-99,2313愛知県名古屋・尾張中部,99,86,ちくさ病院,名古屋市千種区
R7,23,愛知県,2313,名古屋・尾張中部,R7-2313-100,2313愛知県名古屋・尾張中部,100,87,医療法人 生寿会 かわな病院,名古屋市昭和区
R7,23,愛知県,2313,名古屋・尾張中部,R7-2313-101,2313愛知県名古屋・尾張中部,101,88,医療法人蜂友会はちや整形外科病院,名古屋市千種区
R7,23,愛知県,2313,名古屋・尾張中部,R7-2313-102,2313愛知県名古屋・尾張中部,102,89,北医療生活協同組合北病院,名古屋市北区
R7,23,愛知県,2313,名古屋・尾張中部,R7-2313-103,2313愛知県名古屋・尾張中部,103,90,共愛病院,名古屋市中川区
R7,23,愛知県,2313,名古屋・尾張中部,R7-2313-104,2313愛知県名古屋・尾張中部,104,91,医療法人博報会 いのこし病院,名古屋市名東区
R7,23,愛知県,2313,名古屋・尾張中部,R7-2313-105,2313愛知県名古屋・尾張中部,105,92,医療法人湘山会眼科三宅病院,名古屋市北区
R7,23,愛知県,2313,名古屋・尾張中部,R7-2313-106,2313愛知県名古屋・尾張中部,106,93,医療法人誠心会大菅病院,名古屋市中村区
R7,23,愛知県,2313,名古屋・尾張中部,R7-2313-107,2313愛知県名古屋・尾張中部,107,94,水谷病院,名古屋市熱田区
R7,23,愛知県,2313,名古屋・尾張中部,R7-2313-108,2313愛知県名古屋・尾張中部,108,95,岩田病院,名古屋市中村区
R7,23,愛知県,2313,名古屋・尾張中部,R7-2313-109,2313愛知県名古屋・尾張中部,109,96,愛知学院大学歯学部附属病院,名古屋市千種区
R7,23,愛知県,2313,名古屋・尾張中部,R7-2313-110,2313愛知県名古屋・尾張中部,110,97,北村病院,名古屋市南区
R7,23,愛知県,2313,名古屋・尾張中部,R7-2313-111,2313愛知県名古屋・尾張中部,111,98,医療法人開生会 かいせい病院,名古屋市中川区
R7,23,愛知県,2313,名古屋・尾張中部,R7-2313-112,2313愛知県名古屋・尾張中部,112,99,医療法人広徳会 佐藤病院,名古屋市中川区
R7,23,愛知県,2313,名古屋・尾張中部,R7-2313-113,2313愛知県名古屋・尾張中部,113,100,医療法人安正会 安井病院,名古屋市昭和区
R7,23,愛知県,2313,名古屋・尾張中部,R7-2313-114,2313愛知県名古屋・尾張中部,114,101,医療法人昌峰会 加藤病院,名古屋市千種区
R7,23,愛知県,2313,名古屋・尾張中部,R7-2313-115,2313愛知県名古屋・尾張中部,115,102,稲熊病院,名古屋市瑞穂区
R7,23,愛知県,2313,名古屋・尾張中部,R7-2313-116,2313愛知県名古屋・尾張中部,116,103,西本病院,名古屋市瑞穂区
R7,23,愛知県,2313,名古屋・尾張中部,R7-2313-117,2313愛知県名古屋・尾張中部,117,104,医療法人有仁会 守山友愛病院,名古屋市守山区
R7,23,愛知県,2313,名古屋・尾張中部,R7-2313-118,2313愛知県名古屋・尾張中部,118,105,医療法人博報会 上野産婦人科,名古屋市千種区
R7,23,愛知県,2313,名古屋・尾張中部,R7-2313-119,2313愛知県名古屋・尾張中部,119,106,医療法人紫陽 クリニックサンセール清里,名古屋市西区
R7,23,愛知県,2313,名古屋・尾張中部,R7-2313-120,2313愛知県名古屋・尾張中部,120,107,天野記念クリニック,名古屋市西区
R7,23,愛知県,2313,名古屋・尾張中部,R7-2313-121,2313愛知県名古屋・尾張中部,121,108,医療法人桜井医院 庄内緑地救急クリニック,名古屋市西区
R7,23,愛知県,2313,名古屋・尾張中部,R7-2313-122,2313愛知県名古屋・尾張中部,122,109,キャッスルベルクリニック,名古屋市西区
R7,23,愛知県,2313,名古屋・尾張中部,R7-2313-123,2313愛知県名古屋・尾張中部,123,110,名古屋東栄クリニック,名古屋市中区
R7,23,愛知県,2313,名古屋・尾張中部,R7-2313-124,2313愛知県名古屋・尾張中部,124,111,医療法人安間眼科,名古屋市中区
R7,23,愛知県,2313,名古屋・尾張中部,R7-2313-125,2313愛知県名古屋・尾張中部,125,112,グレイスベルクリニック,名古屋市中区
R7,23,愛知県,2313,名古屋・尾張中部,R7-2313-126,2313愛知県名古屋・尾張中部,126,113,産婦人科水野クリニック,名古屋市瑞穂区
R7,23,愛知県,2313,名古屋・尾張中部,R7-2313-127,2313愛知県名古屋・尾張中部,127,114,医療法人千音寺産婦人科,名古屋市中川区
R7,23,愛知県,2313,名古屋・尾張中部,R7-2313-128,2313愛知県名古屋・尾張中部,128,115,医療法人紫陽 クリニックサンセール,名古屋市中川区
R7,23,愛知県,2313,名古屋・尾張中部,R7-2313-129,2313愛知県名古屋・尾張中部,129,116,医療法人伸和會野崎クリニック,名古屋市中川区
R7,23,愛知県,2313,名古屋・尾張中部,R7-2313-130,2313愛知県名古屋・尾張中部,130,117,岡本医院本院,名古屋市港区
R7,23,愛知県,2313,名古屋・尾張中部,R7-2313-131,2313愛知県名古屋・尾張中部,131,118,医療法人幸会 岡田整形外科内科,名古屋市港区
R7,23,愛知県,2313,名古屋・尾張中部,R7-2313-132,2313愛知県名古屋・尾張中部,132,119,樋口整形外科　人工関節クリニック,名古屋市守山区
R7,23,愛知県,2313,名古屋・尾張中部,R7-2313-133,2313愛知県名古屋・尾張中部,133,120,フォレストベルクリニック,名古屋市守山区
R7,23,愛知県,2313,名古屋・尾張中部,R7-2313-134,2313愛知県名古屋・尾張中部,134,121,ロイヤルベルクリニック,名古屋市緑区
R7,23,愛知県,2313,名古屋・尾張中部,R7-2313-135,2313愛知県名古屋・尾張中部,135,122,ジャパン藤脳クリニック,名古屋市緑区
R7,23,愛知県,2313,名古屋・尾張中部,R7-2313-136,2313愛知県名古屋・尾張中部,136,123,医療法人愛惠会 愛光整形外科,名古屋市緑区
R7,23,愛知県,2313,名古屋・尾張中部,R7-2313-137,2313愛知県名古屋・尾張中部,137,124,西山団地内科胃腸科,名古屋市名東区
R7,23,愛知県,2313,名古屋・尾張中部,R7-2313-138,2313愛知県名古屋・尾張中部,138,125,一ツ山クリニック,名古屋市天白区
R7,23,愛知県,2313,名古屋・尾張中部,R7-2313-139,2313愛知県名古屋・尾張中部,139,126,医療法人医聖会イルマーレレディスクリニック,名古屋市天白区
R7,23,愛知県,2313,名古屋・尾張中部,R7-2313-140,2313愛知県名古屋・尾張中部,140,127,おにたけ整形外科,名古屋市天白区
R7,23,愛知県,2313,名古屋・尾張中部,R7-2313-141,2313愛知県名古屋・尾張中部,141,128,名古屋整形外科・人工関節クリニック,北名古屋市
R7,23,愛知県,2313,名古屋・尾張中部,R7-2313-142,2313愛知県名古屋・尾張中部,142,129,ようていファミリークリニック,北名古屋市
R7,23,愛知県,2313,名古屋・尾張中部,R7-2313-143,2313愛知県名古屋・尾張中部,143,130,医療法人成田育成会成田産婦人科,名古屋市中区
R7,23,愛知県,2313,名古屋・尾張中部,R7-2313-144,2313愛知県名古屋・尾張中部,144,131,医療法人博報会 名古屋バースクリニック,名古屋市名東区
R7,23,愛知県,2313,名古屋・尾張中部,R7-2313-145,2313愛知県名古屋・尾張中部,145,132,産科婦人科上野レディスクリニック,名古屋市北区
R7,23,愛知県,2313,名古屋・尾張中部,R7-2313-146,2313愛知県名古屋・尾張中部,146,133,井戸田整形外科 名駅スポーツクリニック,名古屋市西区
R7,23,愛知県,2313,名古屋・尾張中部,R7-2313-147,2313愛知県名古屋・尾張中部,147,134,桑山産婦人科・眼科,名古屋市港区
R7,23,愛知県,2313,名古屋・尾張中部,R7-2313-148,2313愛知県名古屋・尾張中部,148,135,医療法人友成会 名西クリニック,清須市
R7,23,愛知県,2313,名古屋・尾張中部,R7-2313-149,2313愛知県名古屋・尾張中部,149,136,アイ・レディスクリニック,名古屋市南区
R7,23,愛知県,2313,名古屋・尾張中部,R7-2313-150,2313愛知県名古屋・尾張中部,150,137,平竹クリニック,名古屋市北区
R7,23,愛知県,2313,名古屋・尾張中部,R7-2313-151,2313愛知県名古屋・尾張中部,151,138,吹上マタニティクリニック,名古屋市昭和区
R7,23,愛知県,2313,名古屋・尾張中部,R7-2313-152,2313愛知県名古屋・尾張中部,152,139,おおばやしマタニティクリニック,北名古屋市
R7,23,愛知県,2313,名古屋・尾張中部,R7-2313-153,2313愛知県名古屋・尾張中部,153,140,レディースクリニックヴェルデ,名古屋市緑区
R7,23,愛知県,2313,名古屋・尾張中部,R7-2313-154,2313愛知県名古屋・尾張中部,154,141,山田産婦人科,名古屋市中村区
R7,23,愛知県,2313,名古屋・尾張中部,R7-2313-155,2313愛知県名古屋・尾張中部,155,142,医療法人立光会 鈴木眼科医院,名古屋市天白区
R7,23,愛知県,2313,名古屋・尾張中部,R7-2313-156,2313愛知県名古屋・尾張中部,156,143,医療法人厚仁会 城北クリニック,名古屋市北区
R7,23,愛知県,2313,名古屋・尾張中部,R7-2313-157,2313愛知県名古屋・尾張中部,157,144,野垣クリニック,名古屋市中区
R7,23,愛知県,2313,名古屋・尾張中部,R7-2313-158,2313愛知県名古屋・尾張中部,158,145,医療法人藤渓会加藤外科・産婦人科・乳腺クリニック,名古屋市瑞穂区
R7,23,愛知県,2313,名古屋・尾張中部,R7-2313-159,2313愛知県名古屋・尾張中部,159,146,徳重ウィメンズケアクリニック,名古屋市緑区
R7,23,愛知県,2313,名古屋・尾張中部,R7-2313-160,2313愛知県名古屋・尾張中部,160,147,医療法人秀峰会 レディースクリニック山原,名古屋市千種区
R7,23,愛知県,2313,名古屋・尾張中部,R7-2313-161,2313愛知県名古屋・尾張中部,161,148,医療法人川合産婦人科,名古屋市西区
R7,23,愛知県,2313,名古屋・尾張中部,R7-2313-162,2313愛知県名古屋・尾張中部,162,149,山田シティクリニック,名古屋市中区
R7,23,愛知県,2313,名古屋・尾張中部,R7-2313-163,2313愛知県名古屋・尾張中部,163,150,あさもとクリニック産婦人科,名古屋市昭和区
R7,23,愛知県,2313,名古屋・尾張中部,R7-2313-164,2313愛知県名古屋・尾張中部,164,151,医療法人明眼会 西垣眼科医院,名古屋市熱田区
R7,23,愛知県,2313,名古屋・尾張中部,R7-2313-165,2313愛知県名古屋・尾張中部,165,152,伊藤しあわせクリニック,名古屋市南区
R7,23,愛知県,2313,名古屋・尾張中部,R7-2313-166,2313愛知県名古屋・尾張中部,166,153,小林産婦人科,北名古屋市
R7,23,愛知県,2313,名古屋・尾張中部,R7-2313-167,2313愛知県名古屋・尾張中部,167,154,みずほ足クリニック,名古屋市瑞穂区
R7,23,愛知県,2313,名古屋・尾張中部,R7-2313-168,2313愛知県名古屋・尾張中部,168,155,医療法人正進会 名古屋泌尿器科,名古屋市中川区
R7,23,愛知県,2313,名古屋・尾張中部,R7-2313-169,2313愛知県名古屋・尾張中部,169,156,たかおかクリニック,名古屋市東区
R7,23,愛知県,2313,名古屋・尾張中部,R7-2313-170,2313愛知県名古屋・尾張中部,170,157,メドック健康クリニック,名古屋市昭和区
R7,23,愛知県,2313,名古屋・尾張中部,R7-2313-171,2313愛知県名古屋・尾張中部,171,158,医療法人一樹会 浅野眼科クリニック,名古屋市瑞穂区
R7,23,愛知県,2313,名古屋・尾張中部,R7-2313-172,2313愛知県名古屋・尾張中部,172,159,小児在宅クリニックみちくさ,名古屋市千種区
R7,23,愛知県,2313,名古屋・尾張中部,R7-2313-173,2313愛知県名古屋・尾張中部,173,160,阿由知通山路整形外科,名古屋市昭和区
R7,23,愛知県,2313,名古屋・尾張中部,R7-2313-174,2313愛知県名古屋・尾張中部,174,161,伊藤整形外科,名古屋市天白区
R7,23,愛知県,2313,名古屋・尾張中部,R7-2313-175,2313愛知県名古屋・尾張中部,175,162,杉浦内科クリニック,名古屋市昭和区
R7,23,愛知県,2313,名古屋・尾張中部,R7-2313-176,2313愛知県名古屋・尾張中部,176,163,眼科広川クリニック,名古屋市守山区
R7,23,愛知県,2313,名古屋・尾張中部,R7-2313-177,2313愛知県名古屋・尾張中部,177,164,深見眼科,名古屋市名東区
R7,23,愛知県,2313,名古屋・尾張中部,R7-2313-178,2313愛知県名古屋・尾張中部,178,165,医療法人健伸会 はっとり耳鼻咽喉科,名古屋市天白区
R7,23,愛知県,2313,名古屋・尾張中部,R7-2313-179,2313愛知県名古屋・尾張中部,179,166,アイケア名古屋,名古屋市中村区
R7,23,愛知県,2313,名古屋・尾張中部,R7-2313-180,2313愛知県名古屋・尾張中部,180,167,岡本医院分院,名古屋市中川区
R7,23,愛知県,2313,名古屋・尾張中部,R7-2313-181,2313愛知県名古屋・尾張中部,181,168,いまず外科,名古屋市西区
R7,23,愛知県,2313,名古屋・尾張中部,R7-2313-182,2313愛知県名古屋・尾張中部,182,169,としわ会診療センターレクリニック,名古屋市中区
R7,23,愛知県,2313,名古屋・尾張中部,R7-2313-183,2313愛知県名古屋・尾張中部,183,170,長坂眼科クリニック,名古屋市昭和区
R7,23,愛知県,2313,名古屋・尾張中部,R7-2313-184,2313愛知県名古屋・尾張中部,184,171,安井眼科医院,名古屋市港区
R7,23,愛知県,2313,名古屋・尾張中部,R7-2313-185,2313愛知県名古屋・尾張中部,185,172,鈴木眼科クリニック緑,名古屋市緑区
R7,23,愛知県,2313,名古屋・尾張中部,R7-2313-186,2313愛知県名古屋・尾張中部,186,173,原田眼科,名古屋市緑区
R7,23,愛知県,2313,名古屋・尾張中部,R7-2313-187,2313愛知県名古屋・尾張中部,187,174,あいち診療所野並,名古屋市天白区
R7,23,愛知県,2313,名古屋・尾張中部,R7-2313-188,2313愛知県名古屋・尾張中部,188,175,森眼科,清須市
R7,23,愛知県,2313,名古屋・尾張中部,R7-2313-189,2313愛知県名古屋・尾張中部,189,176,鈴木眼科クリニック名東,名古屋市名東区
R7,23,愛知県,2313,名古屋・尾張中部,R7-2313-190,2313愛知県名古屋・尾張中部,190,177,こうさか眼科,名古屋市中川区
R7,23,愛知県,2313,名古屋・尾張中部,R7-2313-191,2313愛知県名古屋・尾張中部,191,178,西春眼科クリニック,北名古屋市
R7,24,三重県,2405,桑員,R7-2405-14,2405三重県桑員,14,1,地方独立行政法人　桑名市総合医療センター,桑名市
R7,24,三重県,2405,桑員,R7-2405-15,2405三重県桑員,15,2,三重県厚生農業協同組合連合会 三重北医療センター いなべ総合病院,いなべ市
R7,24,三重県,2405,桑員,R7-2405-16,2405三重県桑員,16,3,ヨナハ丘の上病院,桑名市
R7,24,三重県,2405,桑員,R7-2405-17,2405三重県桑員,17,4,医療法人（社団）佐藤病院 長島中央病院,桑名市
R7,24,三重県,2405,桑員,R7-2405-18,2405三重県桑員,18,5,医療法人（社団）大和会 日下病院,いなべ市
R7,24,三重県,2405,桑員,R7-2405-19,2405三重県桑員,19,6,青木記念病院,桑名市
R7,24,三重県,2405,桑員,R7-2405-20,2405三重県桑員,20,7,もりえい病院,桑名市
R7,24,三重県,2405,桑員,R7-2405-21,2405三重県桑員,21,8,医療法人桑名病院,桑名市
R7,24,三重県,2405,桑員,R7-2405-22,2405三重県桑員,22,9,山崎病院,桑名市
R7,24,三重県,2405,桑員,R7-2405-23,2405三重県桑員,23,10,東新クリニック,桑名市
R7,24,三重県,2405,桑員,R7-2405-24,2405三重県桑員,24,11,医療法人坂井橋クリニック,桑名市
R7,24,三重県,2405,桑員,R7-2405-25,2405三重県桑員,25,12,青木内科,桑名市
R7,24,三重県,2405,桑員,R7-2405-26,2405三重県桑員,26,13,宮口内科循環器科,桑名市
R7,24,三重県,2405,桑員,R7-2405-27,2405三重県桑員,27,14,大安クリニック,いなべ市
R7,24,三重県,2405,桑員,R7-2405-28,2405三重県桑員,28,15,小塚産婦人科,桑名市
R7,24,三重県,2405,桑員,R7-2405-29,2405三重県桑員,29,16,中部眼科,桑名市
R7,24,三重県,2405,桑員,R7-2405-30,2405三重県桑員,30,17,ウエルネス医療クリニック,桑名市
R7,24,三重県,2405,桑員,R7-2405-31,2405三重県桑員,31,18,田渕眼科,桑名市
R7,24,三重県,2406,三泗,R7-2406-14,2406三重県三泗,14,1,市立四日市病院,四日市市
R7,24,三重県,2406,三泗,R7-2406-15,2406三重県三泗,15,2,三重県立総合医療センター,四日市市
R7,24,三重県,2406,三泗,R7-2406-16,2406三重県三泗,16,3,小山田記念温泉病院,四日市市
R7,24,三重県,2406,三泗,R7-2406-17,2406三重県三泗,17,4,菰野厚生病院,菰野町
R7,24,三重県,2406,三泗,R7-2406-18,2406三重県三泗,18,5,医療法人社団主体会 主体会病院,四日市市
R7,24,三重県,2406,三泗,R7-2406-19,2406三重県三泗,19,6,独立行政法人地域医療機能推進機構 四日市羽津医療センター,四日市市
R7,24,三重県,2406,三泗,R7-2406-20,2406三重県三泗,20,7,医療法人尚豊会 みたき総合病院,四日市市
R7,24,三重県,2406,三泗,R7-2406-21,2406三重県三泗,21,8,医療法人富田浜病院,四日市市
R7,24,三重県,2406,三泗,R7-2406-22,2406三重県三泗,22,9,医療法人社団山中胃腸科病院,四日市市
R7,24,三重県,2406,三泗,R7-2406-23,2406三重県三泗,23,10,四日市消化器病センター,四日市市
R7,24,三重県,2406,三泗,R7-2406-24,2406三重県三泗,24,11,水沢病院,四日市市
R7,24,三重県,2406,三泗,R7-2406-25,2406三重県三泗,25,12,医療法人石田会 石田胃腸科病院,四日市市
R7,24,三重県,2406,三泗,R7-2406-26,2406三重県三泗,26,13,医療法人徳新会　四日市徳新会病院,四日市市
R7,24,三重県,2406,三泗,R7-2406-27,2406三重県三泗,27,14,四日市レディースクリニック,四日市市
R7,24,三重県,2406,三泗,R7-2406-28,2406三重県三泗,28,15,医療法人慈芳産婦人科,四日市市
R7,24,三重県,2406,三泗,R7-2406-29,2406三重県三泗,29,16,医療法人 前田医院,四日市市
R7,24,三重県,2406,三泗,R7-2406-30,2406三重県三泗,30,17,医療法人守屋レディースクリニック,四日市市
R7,24,三重県,2406,三泗,R7-2406-31,2406三重県三泗,31,18,おばたレディースクリニック,四日市市
R7,24,三重県,2406,三泗,R7-2406-32,2406三重県三泗,32,19,医療法人 いくわ眼科,四日市市
R7,24,三重県,2407,鈴亀,R7-2407-14,2407三重県鈴亀,14,1,三重県厚生農業協同組合連合会 鈴鹿中央総合病院,鈴鹿市
R7,24,三重県,2407,鈴亀,R7-2407-15,2407三重県鈴亀,15,2,鈴鹿回生病院,鈴鹿市
R7,24,三重県,2407,鈴亀,R7-2407-16,2407三重県鈴亀,16,3,独立行政法人国立病院機構鈴鹿病院,鈴鹿市
R7,24,三重県,2407,鈴亀,R7-2407-17,2407三重県鈴亀,17,4,医療法人博仁会村瀬病院,鈴鹿市
R7,24,三重県,2407,鈴亀,R7-2407-18,2407三重県鈴亀,18,5,亀山市立医療センター,亀山市
R7,24,三重県,2407,鈴亀,R7-2407-19,2407三重県鈴亀,19,6,高木病院,鈴鹿市
R7,24,三重県,2407,鈴亀,R7-2407-20,2407三重県鈴亀,20,7,田中病院,亀山市
R7,24,三重県,2407,鈴亀,R7-2407-21,2407三重県鈴亀,21,8,亀山回生病院,亀山市
R7,24,三重県,2407,鈴亀,R7-2407-22,2407三重県鈴亀,22,9,医療法人誠仁会 塩川病院,鈴鹿市
R7,24,三重県,2407,鈴亀,R7-2407-23,2407三重県鈴亀,23,10,白子ウィメンズホスピタル,鈴鹿市
R7,24,三重県,2407,鈴亀,R7-2407-24,2407三重県鈴亀,24,11,鈴鹿医療科学大学附属桜の森病院,鈴鹿市
R7,24,三重県,2407,鈴亀,R7-2407-25,2407三重県鈴亀,25,12,医療法人なわて記念会 鈴木レディースクリニック,鈴鹿市
R7,24,三重県,2407,鈴亀,R7-2407-26,2407三重県鈴亀,26,13,村瀬病院附属クリニック,鈴鹿市
R7,24,三重県,2407,鈴亀,R7-2407-27,2407三重県鈴亀,27,14,医療法人宮崎産婦人科,鈴鹿市
R7,24,三重県,2407,鈴亀,R7-2407-28,2407三重県鈴亀,28,15,みえ呼吸嚥下リハビリクリニック,亀山市
R7,24,三重県,2407,鈴亀,R7-2407-29,2407三重県鈴亀,29,16,川口整形外科,亀山市
R7,24,三重県,2407,鈴亀,R7-2407-30,2407三重県鈴亀,30,17,尾池整形外科,鈴鹿市
R7,24,三重県,2407,鈴亀,R7-2407-31,2407三重県鈴亀,31,18,しまむら外科内科,鈴鹿市
R7,24,三重県,2407,鈴亀,R7-2407-32,2407三重県鈴亀,32,19,医療法人 鈴鹿クリニック,鈴鹿市
R7,24,三重県,2408,津,R7-2408-14,2408三重県津,14,1,国立大学法人三重大学医学部附属病院,津市
R7,24,三重県,2408,津,R7-2408-15,2408三重県津,15,2,独立行政法人国立病院機構三重中央医療センター,津市
R7,24,三重県,2408,津,R7-2408-16,2408三重県津,16,3,若葉病院,津市
R7,24,三重県,2408,津,R7-2408-17,2408三重県津,17,4,独立行政法人国立病院機構三重病院,津市
R7,24,三重県,2408,津,R7-2408-18,2408三重県津,18,5,藤田医科大学 七栗記念病院,津市
R7,24,三重県,2408,津,R7-2408-19,2408三重県津,19,6,医療法人永井病院,津市
R7,24,三重県,2408,津,R7-2408-20,2408三重県津,20,7,特定医療法人暲純会 　榊原温泉病院,津市
R7,24,三重県,2408,津,R7-2408-21,2408三重県津,21,8,榊原白鳳病院,津市
R7,24,三重県,2408,津,R7-2408-22,2408三重県津,22,9,武内病院,津市
R7,24,三重県,2408,津,R7-2408-23,2408三重県津,23,10,遠山病院,津市
R7,24,三重県,2408,津,R7-2408-24,2408三重県津,24,11,津生協病院,津市
R7,24,三重県,2408,津,R7-2408-25,2408三重県津,25,12,大門病院,津市
R7,24,三重県,2408,津,R7-2408-26,2408三重県津,26,13,医療法人吉田クリニック,津市
R7,24,三重県,2408,津,R7-2408-27,2408三重県津,27,14,第二岩崎病院,津市
R7,24,三重県,2408,津,R7-2408-28,2408三重県津,28,15,岩崎病院,津市
R7,24,三重県,2408,津,R7-2408-29,2408三重県津,29,16,三重県立一志病院,津市
R7,24,三重県,2408,津,R7-2408-30,2408三重県津,30,17,医療法人　井上内科病院,津市
R7,24,三重県,2408,津,R7-2408-31,2408三重県津,31,18,三重県立子ども心身発達医療センター,津市
R7,24,三重県,2408,津,R7-2408-32,2408三重県津,32,19,医療法人倉本病院 倉本内科病院,津市
R7,24,三重県,2408,津,R7-2408-33,2408三重県津,33,20,ヤナセクリニック,津市
R7,24,三重県,2408,津,R7-2408-34,2408三重県津,34,21,ゆり形成内科整形,津市
R7,24,三重県,2408,津,R7-2408-35,2408三重県津,35,22,セントローズクリニック,津市
R7,24,三重県,2408,津,R7-2408-36,2408三重県津,36,23,医療法人東海眼科,津市
R7,24,三重県,2408,津,R7-2408-37,2408三重県津,37,24,イタミ内科・整形外科,津市
R7,24,三重県,2409,伊賀,R7-2409-14,2409三重県伊賀,14,1,社会医療法人畿内会岡波総合病院,伊賀市
R7,24,三重県,2409,伊賀,R7-2409-15,2409三重県伊賀,15,2,伊賀市立上野総合市民病院,伊賀市
R7,24,三重県,2409,伊賀,R7-2409-16,2409三重県伊賀,16,3,名張市立病院,名張市
R7,24,三重県,2409,伊賀,R7-2409-17,2409三重県伊賀,17,4,医療法人寺田病院,名張市
R7,24,三重県,2409,伊賀,R7-2409-18,2409三重県伊賀,18,5,森川病院,伊賀市
R7,24,三重県,2409,伊賀,R7-2409-19,2409三重県伊賀,19,6,浅野整形外科内科,伊賀市
R7,24,三重県,2409,伊賀,R7-2409-20,2409三重県伊賀,20,7,金丸脳脊椎外科クリニック,伊賀市
R7,24,三重県,2409,伊賀,R7-2409-21,2409三重県伊賀,21,8,医療法人武田産婦人科,名張市
R7,24,三重県,2409,伊賀,R7-2409-22,2409三重県伊賀,22,9,医療法人藤本産婦人科,名張市
R7,24,三重県,2409,伊賀,R7-2409-23,2409三重県伊賀,23,10,にしうら眼科,伊賀市
R7,24,三重県,2410,松阪,R7-2410-14,2410三重県松阪,14,1,三重県厚生農業協同組合連合会 松阪中央総合病院,松阪市
R7,24,三重県,2410,松阪,R7-2410-15,2410三重県松阪,15,2,恩賜財団済生会 松阪総合病院,松阪市
R7,24,三重県,2410,松阪,R7-2410-16,2410三重県松阪,16,3,松阪市民病院,松阪市
R7,24,三重県,2410,松阪,R7-2410-17,2410三重県松阪,17,4,恩賜財団済生会明和病院,明和町
R7,24,三重県,2410,松阪,R7-2410-18,2410三重県松阪,18,5,松阪厚生病院,松阪市
R7,24,三重県,2410,松阪,R7-2410-19,2410三重県松阪,19,6,三重県厚生農業協同組合連合会 大台厚生病院,大台町
R7,24,三重県,2410,松阪,R7-2410-20,2410三重県松阪,20,7,花の丘病院,松阪市
R7,24,三重県,2410,松阪,R7-2410-21,2410三重県松阪,21,8,医療法人桜木記念病院,松阪市
R7,24,三重県,2410,松阪,R7-2410-22,2410三重県松阪,22,9,南勢病院,松阪市
R7,24,三重県,2410,松阪,R7-2410-23,2410三重県松阪,23,10,三重ハートセンター,明和町
R7,24,三重県,2410,松阪,R7-2410-24,2410三重県松阪,24,11,医療法人あのつ 松阪あのつクリニック,松阪市
R7,24,三重県,2410,松阪,R7-2410-25,2410三重県松阪,25,12,河合産婦人科,松阪市
R7,24,三重県,2410,松阪,R7-2410-26,2410三重県松阪,26,13,医療法人社団南産婦人科,松阪市
R7,24,三重県,2410,松阪,R7-2410-27,2410三重県松阪,27,14,医療法人奈々光会 ナオミレディースクリニック,松阪市
R7,24,三重県,2410,松阪,R7-2410-28,2410三重県松阪,28,15,松本クリニック,松阪市
R7,24,三重県,2410,松阪,R7-2410-29,2410三重県松阪,29,16,北大路眼科,松阪市
R7,24,三重県,2410,松阪,R7-2410-30,2410三重県松阪,30,17,わきたに眼科,松阪市
R7,24,三重県,2410,松阪,R7-2410-31,2410三重県松阪,31,18,医療法人おかの医院,松阪市
R7,24,三重県,2411,伊勢志摩,R7-2411-14,2411三重県伊勢志摩,14,1,伊勢赤十字病院,伊勢市
R7,24,三重県,2411,伊勢志摩,R7-2411-15,2411三重県伊勢志摩,15,2,市立伊勢総合病院,伊勢市
R7,24,三重県,2411,伊勢志摩,R7-2411-16,2411三重県伊勢志摩,16,3,三重県立志摩病院,志摩市
R7,24,三重県,2411,伊勢志摩,R7-2411-17,2411三重県伊勢志摩,17,4,医療法人全心会 伊勢ひかり病院,伊勢市
R7,24,三重県,2411,伊勢志摩,R7-2411-18,2411三重県伊勢志摩,18,5,伊勢田中病院,伊勢市
R7,24,三重県,2411,伊勢志摩,R7-2411-19,2411三重県伊勢志摩,19,6,国民健康保険志摩市民病院,志摩市
R7,24,三重県,2411,伊勢志摩,R7-2411-20,2411三重県伊勢志摩,20,7,豊和病院,志摩市
R7,24,三重県,2411,伊勢志摩,R7-2411-21,2411三重県伊勢志摩,21,8,玉城町国民健康保険玉城病院,玉城町
R7,24,三重県,2411,伊勢志摩,R7-2411-22,2411三重県伊勢志摩,22,9,町立南伊勢病院,南伊勢町
R7,24,三重県,2411,伊勢志摩,R7-2411-23,2411三重県伊勢志摩,23,10,河崎クリニック,伊勢市
R7,24,三重県,2411,伊勢志摩,R7-2411-24,2411三重県伊勢志摩,24,11,畑肛門医院,伊勢市
R7,24,三重県,2411,伊勢志摩,R7-2411-25,2411三重県伊勢志摩,25,12,寺田産婦人科,伊勢市
R7,24,三重県,2411,伊勢志摩,R7-2411-26,2411三重県伊勢志摩,26,13,医療法人白奉会 中嶋医院,玉城町
R7,24,三重県,2411,伊勢志摩,R7-2411-27,2411三重県伊勢志摩,27,14,菊川産婦人科,伊勢市
R7,24,三重県,2411,伊勢志摩,R7-2411-28,2411三重県伊勢志摩,28,15,医療法人玉石産婦人科,伊勢市
R7,24,三重県,2411,伊勢志摩,R7-2411-29,2411三重県伊勢志摩,29,16,南島メディカルセンター,南伊勢町
R7,24,三重県,2411,伊勢志摩,R7-2411-30,2411三重県伊勢志摩,30,17,山崎外科内科,伊勢市
R7,24,三重県,2411,伊勢志摩,R7-2411-31,2411三重県伊勢志摩,31,18,中條眼科志摩分院,志摩市
R7,24,三重県,2411,伊勢志摩,R7-2411-32,2411三重県伊勢志摩,32,19,医療法人西井耳鼻咽喉科,伊勢市
R7,24,三重県,2411,伊勢志摩,R7-2411-33,2411三重県伊勢志摩,33,20,さいとう内科呼吸器科三重スリープクリニック,伊勢市
R7,24,三重県,2412,東紀州,R7-2412-14,2412三重県東紀州,14,1,紀南病院,御浜町
R7,24,三重県,2412,東紀州,R7-2412-15,2412三重県東紀州,15,2,尾鷲総合病院,尾鷲市
R7,24,三重県,2412,東紀州,R7-2412-16,2412三重県東紀州,16,3,第一病院,紀北町
R7,24,三重県,2412,東紀州,R7-2412-17,2412三重県東紀州,17,4,社会医療法人峰和会 長島回生病院,紀北町
R7,24,三重県,2412,東紀州,R7-2412-18,2412三重県東紀州,18,5,大石産婦人科医院,熊野市
R7,25,滋賀県,2501,大津,R7-2501-14,2501滋賀県大津,14,1,大津赤十字病院,大津市
R7,25,滋賀県,2501,大津,R7-2501-15,2501滋賀県大津,15,2,滋賀医科大学医学部附属病院,大津市
R7,25,滋賀県,2501,大津,R7-2501-16,2501滋賀県大津,16,3,市立大津市民病院,大津市
R7,25,滋賀県,2501,大津,R7-2501-17,2501滋賀県大津,17,4,独立行政法人地域医療機能推進機構滋賀病院,大津市
R7,25,滋賀県,2501,大津,R7-2501-18,2501滋賀県大津,18,5,医療法人弘英会琵琶湖大橋病院,大津市
R7,25,滋賀県,2501,大津,R7-2501-19,2501滋賀県大津,19,6,琵琶湖中央リハビリテーション病院,大津市
R7,25,滋賀県,2501,大津,R7-2501-20,2501滋賀県大津,20,7,医療法人良善会ひかり病院,大津市
R7,25,滋賀県,2501,大津,R7-2501-21,2501滋賀県大津,21,8,医療法人華頂会琵琶湖養育院病院,大津市
R7,25,滋賀県,2501,大津,R7-2501-22,2501滋賀県大津,22,9,大津赤十字志賀病院,大津市
R7,25,滋賀県,2501,大津,R7-2501-23,2501滋賀県大津,23,10,打出病院,大津市
R7,25,滋賀県,2501,大津,R7-2501-24,2501滋賀県大津,24,11,医療法人堅田病院,大津市
R7,25,滋賀県,2501,大津,R7-2501-25,2501滋賀県大津,25,12,山田整形外科病院,大津市
R7,25,滋賀県,2501,大津,R7-2501-26,2501滋賀県大津,26,13,医療法人社団 瀬田川病院,大津市
R7,25,滋賀県,2501,大津,R7-2501-27,2501滋賀県大津,27,14,琵琶湖病院,大津市
R7,25,滋賀県,2501,大津,R7-2501-28,2501滋賀県大津,28,15,医療法人せせらぎ会浮田クリニック,大津市
R7,25,滋賀県,2501,大津,R7-2501-29,2501滋賀県大津,29,16,瀬田西クリニック,大津市
R7,25,滋賀県,2501,大津,R7-2501-30,2501滋賀県大津,30,17,医療法人竹林ウィメンズクリニック,大津市
R7,25,滋賀県,2501,大津,R7-2501-31,2501滋賀県大津,31,18,医療法人桂川レディースクリニック,大津市
R7,25,滋賀県,2501,大津,R7-2501-32,2501滋賀県大津,32,19,医療法人輝生産婦人科内科小児科医院,大津市
R7,25,滋賀県,2501,大津,R7-2501-33,2501滋賀県大津,33,20,松島産婦人科医院,大津市
R7,25,滋賀県,2501,大津,R7-2501-34,2501滋賀県大津,34,21,医療法人社団新緑会森井眼科医院,大津市
R7,25,滋賀県,2501,大津,R7-2501-35,2501滋賀県大津,35,22,はえうち診療所,大津市
R7,25,滋賀県,2502,湖南,R7-2502-14,2502滋賀県湖南,14,1,滋賀県立総合病院,守山市
R7,25,滋賀県,2502,湖南,R7-2502-15,2502滋賀県湖南,15,2,社会医療法人誠光会淡海医療センター,草津市
R7,25,滋賀県,2502,湖南,R7-2502-16,2502滋賀県湖南,16,3,社会福祉法人恩賜財団済生会滋賀県病院,栗東市
R7,25,滋賀県,2502,湖南,R7-2502-17,2502滋賀県湖南,17,4,医療法人 徳洲会 近江草津徳洲会病院,草津市
R7,25,滋賀県,2502,湖南,R7-2502-18,2502滋賀県湖南,18,5,社会福祉法人恩賜財団済生会守山市民病院,守山市
R7,25,滋賀県,2502,湖南,R7-2502-19,2502滋賀県湖南,19,6,市立野洲病院,野洲市
R7,25,滋賀県,2502,湖南,R7-2502-20,2502滋賀県湖南,20,7,社会医療法人誠光会淡海ふれあい病院,草津市
R7,25,滋賀県,2502,湖南,R7-2502-21,2502滋賀県湖南,21,8,びわこ学園医療福祉センター野洲,野洲市
R7,25,滋賀県,2502,湖南,R7-2502-22,2502滋賀県湖南,22,9,医療法人芙蓉会南草津病院,草津市
R7,25,滋賀県,2502,湖南,R7-2502-23,2502滋賀県湖南,23,10,びわこ学園医療福祉センター草津,草津市
R7,25,滋賀県,2502,湖南,R7-2502-24,2502滋賀県湖南,24,11,南草津野村病院,草津市
R7,25,滋賀県,2502,湖南,R7-2502-25,2502滋賀県湖南,25,12,医療法人 双葉会 清水産婦人科,草津市
R7,25,滋賀県,2502,湖南,R7-2502-26,2502滋賀県湖南,26,13,草津ハートセンター,草津市
R7,25,滋賀県,2502,湖南,R7-2502-27,2502滋賀県湖南,27,14,希望が丘クリニック,野洲市
R7,25,滋賀県,2502,湖南,R7-2502-28,2502滋賀県湖南,28,15,第二富田クリニック,草津市
R7,25,滋賀県,2502,湖南,R7-2502-29,2502滋賀県湖南,29,16,医療法人社団渡辺産婦人科,栗東市
R7,25,滋賀県,2502,湖南,R7-2502-30,2502滋賀県湖南,30,17,医療法人加藤乳腺クリニック,草津市
R7,25,滋賀県,2502,湖南,R7-2502-31,2502滋賀県湖南,31,18,医療法人産科婦人科ハピネスバースクリニック,草津市
R7,25,滋賀県,2502,湖南,R7-2502-32,2502滋賀県湖南,32,19,医療法人せんぎく腎泌尿器科クリニック,守山市
R7,25,滋賀県,2503,甲賀,R7-2503-14,2503滋賀県甲賀,14,1,公立甲賀病院,甲賀市
R7,25,滋賀県,2503,甲賀,R7-2503-15,2503滋賀県甲賀,15,2,医療法人社団仁生会甲南病院,甲賀市
R7,25,滋賀県,2503,甲賀,R7-2503-16,2503滋賀県甲賀,16,3,独立行政法人国立病院機構紫香楽病院,甲賀市
R7,25,滋賀県,2503,甲賀,R7-2503-17,2503滋賀県甲賀,17,4,医療法人社団美松会生田病院,湖南市
R7,25,滋賀県,2503,甲賀,R7-2503-18,2503滋賀県甲賀,18,5,医療法人阿星会甲西リハビリ病院,湖南市
R7,25,滋賀県,2503,甲賀,R7-2503-19,2503滋賀県甲賀,19,6,甲賀市立信楽中央病院,甲賀市
R7,25,滋賀県,2503,甲賀,R7-2503-20,2503滋賀県甲賀,20,7,ハートクリニックこころ,甲賀市
R7,25,滋賀県,2503,甲賀,R7-2503-21,2503滋賀県甲賀,21,8,医療法人真心会野村産婦人科,湖南市
R7,25,滋賀県,2503,甲賀,R7-2503-22,2503滋賀県甲賀,22,9,医療法人みのり会濱田クリニック,甲賀市
R7,25,滋賀県,2504,東近江,R7-2504-14,2504滋賀県東近江,14,1,近江八幡市立総合医療センター,近江八幡市
R7,25,滋賀県,2504,東近江,R7-2504-15,2504滋賀県東近江,15,2,医療法人医誠会神崎中央病院,東近江市
R7,25,滋賀県,2504,東近江,R7-2504-16,2504滋賀県東近江,16,3,独立行政法人国立病院機構東近江総合医療センター,東近江市
R7,25,滋賀県,2504,東近江,R7-2504-17,2504滋賀県東近江,17,4,医療法人恒仁会近江温泉病院,東近江市
R7,25,滋賀県,2504,東近江,R7-2504-18,2504滋賀県東近江,18,5,公益財団法人近江兄弟社ヴォーリズ記念病院,近江八幡市
R7,25,滋賀県,2504,東近江,R7-2504-19,2504滋賀県東近江,19,6,東近江敬愛病院,東近江市
R7,25,滋賀県,2504,東近江,R7-2504-20,2504滋賀県東近江,20,7,医療法人社団昴会日野記念病院,日野町
R7,25,滋賀県,2504,東近江,R7-2504-21,2504滋賀県東近江,21,8,医療法人社団昴会湖東記念病院,東近江市
R7,25,滋賀県,2504,東近江,R7-2504-22,2504滋賀県東近江,22,9,東近江市立能登川病院,東近江市
R7,25,滋賀県,2504,東近江,R7-2504-23,2504滋賀県東近江,23,10,医療法人社団幸信会青葉病院,東近江市
R7,25,滋賀県,2504,東近江,R7-2504-24,2504滋賀県東近江,24,11,東近江市蒲生医療センター,東近江市
R7,25,滋賀県,2504,東近江,R7-2504-25,2504滋賀県東近江,25,12,医療法人笠原レディースクリニック,東近江市
R7,25,滋賀県,2504,東近江,R7-2504-26,2504滋賀県東近江,26,13,うえだウィメンズクリニック,近江八幡市
R7,25,滋賀県,2504,東近江,R7-2504-27,2504滋賀県東近江,27,14,まつおファミリークリニック,近江八幡市
R7,25,滋賀県,2505,湖東,R7-2505-14,2505滋賀県湖東,14,1,彦根市立病院,彦根市
R7,25,滋賀県,2505,湖東,R7-2505-15,2505滋賀県湖東,15,2,医療法人恭昭会彦根中央病院,彦根市
R7,25,滋賀県,2505,湖東,R7-2505-16,2505滋賀県湖東,16,3,公益財団法人豊郷病院,豊郷町
R7,25,滋賀県,2505,湖東,R7-2505-17,2505滋賀県湖東,17,4,医療法人友仁会友仁山崎病院,彦根市
R7,25,滋賀県,2505,湖東,R7-2505-18,2505滋賀県湖東,18,5,医療法人青葉会イーリスウィメンズクリニックアリス,彦根市
R7,25,滋賀県,2505,湖東,R7-2505-19,2505滋賀県湖東,19,6,医療法人青葉会イーリスウィメンズクリニック,彦根市
R7,25,滋賀県,2506,湖北,R7-2506-14,2506滋賀県湖北,14,1,市立長浜病院,長浜市
R7,25,滋賀県,2506,湖北,R7-2506-15,2506滋賀県湖北,15,2,長浜赤十字病院,長浜市
R7,25,滋賀県,2506,湖北,R7-2506-16,2506滋賀県湖北,16,3,長浜市立湖北病院,長浜市
R7,25,滋賀県,2506,湖北,R7-2506-17,2506滋賀県湖北,17,4,医療法人橋場レディスクリニック,長浜市
R7,25,滋賀県,2507,湖西,R7-2507-14,2507滋賀県湖西,14,1,高島市民病院,高島市
R7,25,滋賀県,2507,湖西,R7-2507-15,2507滋賀県湖西,15,2,医療法人マキノ病院,高島市
R7,25,滋賀県,2507,湖西,R7-2507-16,2507滋賀県湖西,16,3,一般財団法人近江愛隣園今津病院,高島市
R7,26,京都府,2601,丹後,R7-2601-14,2601京都府丹後,14,1,公益財団法人丹後中央病院,京丹後市
R7,26,京都府,2601,丹後,R7-2601-15,2601京都府丹後,15,2,京都府立医科大学附属北部医療センター,与謝野町
R7,26,京都府,2601,丹後,R7-2601-16,2601京都府丹後,16,3,京丹後市立久美浜病院,京丹後市
R7,26,京都府,2601,丹後,R7-2601-17,2601京都府丹後,17,4,特定医療法人三青園丹後ふるさと病院,京丹後市
R7,26,京都府,2601,丹後,R7-2601-18,2601京都府丹後,18,5,京丹後市立弥栄病院,京丹後市
R7,26,京都府,2601,丹後,R7-2601-19,2601京都府丹後,19,6,医療法人財団宮津康生会宮津武田病院,宮津市
R7,26,京都府,2601,丹後,R7-2601-20,2601京都府丹後,20,7,医療法人佐藤医院,宮津市
R7,26,京都府,2601,丹後,R7-2601-21,2601京都府丹後,21,8,京丹後市国民健康保険直営野間診療所,京丹後市
R7,26,京都府,2601,丹後,R7-2601-22,2601京都府丹後,22,9,医療法人仁寿会いわさく診療所,与謝野町
R7,26,京都府,2602,中丹,R7-2602-14,2602京都府中丹,14,1,市立福知山市民病院,福知山市
R7,26,京都府,2602,中丹,R7-2602-15,2602京都府中丹,15,2,国家公務員共済組合連合会舞鶴共済病院,舞鶴市
R7,26,京都府,2602,中丹,R7-2602-16,2602京都府中丹,16,3,独立行政法人国立病院機構舞鶴医療センター,舞鶴市
R7,26,京都府,2602,中丹,R7-2602-17,2602京都府中丹,17,4,綾部市立病院,綾部市
R7,26,京都府,2602,中丹,R7-2602-18,2602京都府中丹,18,5,医療法人福冨士会京都ルネス病院,福知山市
R7,26,京都府,2602,中丹,R7-2602-19,2602京都府中丹,19,6,舞鶴赤十字病院,舞鶴市
R7,26,京都府,2602,中丹,R7-2602-20,2602京都府中丹,20,7,市立舞鶴市民病院,舞鶴市
R7,26,京都府,2602,中丹,R7-2602-21,2602京都府中丹,21,8,公益社団法人京都保健会京都協立病院,綾部市
R7,26,京都府,2602,中丹,R7-2602-22,2602京都府中丹,22,9,医療法人静寿会渡辺病院,福知山市
R7,26,京都府,2602,中丹,R7-2602-23,2602京都府中丹,23,10,医療法人綾冨士会綾部ルネス病院,綾部市
R7,26,京都府,2602,中丹,R7-2602-24,2602京都府中丹,24,11,市立福知山市民病院大江分院,福知山市
R7,26,京都府,2602,中丹,R7-2602-25,2602京都府中丹,25,12,医療法人岸本病院,舞鶴市
R7,26,京都府,2602,中丹,R7-2602-26,2602京都府中丹,26,13,京都府立舞鶴こども療育センター,舞鶴市
R7,26,京都府,2602,中丹,R7-2602-27,2602京都府中丹,27,14,渡辺医院,舞鶴市
R7,26,京都府,2602,中丹,R7-2602-28,2602京都府中丹,28,15,医療法人久英会　片山産婦人科,舞鶴市
R7,26,京都府,2602,中丹,R7-2602-29,2602京都府中丹,29,16,医療法人慈光会岡本産婦人科,福知山市
R7,26,京都府,2602,中丹,R7-2602-30,2602京都府中丹,30,17,医療法人鶴洋会河﨑内科,舞鶴市
R7,26,京都府,2602,中丹,R7-2602-31,2602京都府中丹,31,18,由良産婦人科小児科医院,綾部市
R7,26,京都府,2602,中丹,R7-2602-32,2602京都府中丹,32,19,医療法人虹樹会おおえ乳腺クリニック,舞鶴市
R7,26,京都府,2602,中丹,R7-2602-33,2602京都府中丹,33,20,医療法人翠生会松本病院,
R7,26,京都府,2602,中丹,R7-2602-34,2602京都府中丹,34,21,大西医院,
R7,26,京都府,2603,南丹,R7-2603-14,2603京都府南丹,14,1,京都中部総合医療センター,南丹市
R7,26,京都府,2603,南丹,R7-2603-15,2603京都府南丹,15,2,医療法人清仁会亀岡シミズ病院,亀岡市
R7,26,京都府,2603,南丹,R7-2603-16,2603京都府南丹,16,3,重症心身障害児施設花ノ木医療福祉センター,亀岡市
R7,26,京都府,2603,南丹,R7-2603-17,2603京都府南丹,17,4,明治国際医療大学附属病院,南丹市
R7,26,京都府,2603,南丹,R7-2603-18,2603京都府南丹,18,5,医療法人亀岡病院,亀岡市
R7,26,京都府,2603,南丹,R7-2603-19,2603京都府南丹,19,6,亀岡市立病院,亀岡市
R7,26,京都府,2603,南丹,R7-2603-20,2603京都府南丹,20,7,医療法人社団菫会園部病院,南丹市
R7,26,京都府,2603,南丹,R7-2603-21,2603京都府南丹,21,8,医療法人丹笠会丹波笠次病院,京丹波町
R7,26,京都府,2603,南丹,R7-2603-22,2603京都府南丹,22,9,国保京丹波町病院,京丹波町
R7,26,京都府,2603,南丹,R7-2603-23,2603京都府南丹,23,10,医療法人田村産婦人科医院,亀岡市
R7,26,京都府,2603,南丹,R7-2603-24,2603京都府南丹,24,11,医療法人芽生会山口マタニティクリニック,亀岡市
R7,26,京都府,2603,南丹,R7-2603-25,2603京都府南丹,25,12,南丹市国民健康保険南丹みやま診療所,南丹市
R7,26,京都府,2603,南丹,R7-2603-26,2603京都府南丹,26,13,もんじ循環器科内科診療所,亀岡市
R7,26,京都府,2604,京都・乙訓,R7-2604-14,2604京都府京都・乙訓,14,1,京都大学医学部附属病院,京都市左京区
R7,26,京都府,2604,京都・乙訓,R7-2604-15,2604京都府京都・乙訓,15,2,京都府立医科大学附属病院,京都市上京区
R7,26,京都府,2604,京都・乙訓,R7-2604-16,2604京都府京都・乙訓,16,3,京都第二赤十字病院,京都市上京区
R7,26,京都府,2604,京都・乙訓,R7-2604-17,2604京都府京都・乙訓,17,4,京都第一赤十字病院,京都市東山区
R7,26,京都府,2604,京都・乙訓,R7-2604-18,2604京都府京都・乙訓,18,5,独立行政法人国立病院機構京都医療センター,京都市伏見区
R7,26,京都府,2604,京都・乙訓,R7-2604-19,2604京都府京都・乙訓,19,6,社会福祉法人京都社会事業財団京都桂病院,京都市西京区
R7,26,京都府,2604,京都・乙訓,R7-2604-20,2604京都府京都・乙訓,20,7,地方独立行政法人京都市立病院機構京都市立病院,京都市中京区
R7,26,京都府,2604,京都・乙訓,R7-2604-21,2604京都府京都・乙訓,21,8,医療法人医仁会武田総合病院,京都市伏見区
R7,26,京都府,2604,京都・乙訓,R7-2604-22,2604京都府京都・乙訓,22,9,医療法人社団洛和会洛和会音羽病院,京都市山科区
R7,26,京都府,2604,京都・乙訓,R7-2604-23,2604京都府京都・乙訓,23,10,公益社団法人京都保健会京都民医連中央病院,京都市右京区
R7,26,京都府,2604,京都・乙訓,R7-2604-24,2604京都府京都・乙訓,24,11,医療法人財団康生会武田病院,京都市下京区
R7,26,京都府,2604,京都・乙訓,R7-2604-25,2604京都府京都・乙訓,25,12,独立行政法人国立病院機構宇多野病院,京都市右京区
R7,26,京都府,2604,京都・乙訓,R7-2604-26,2604京都府京都・乙訓,26,13,独立行政法人地域医療機能推進機構京都鞍馬口医療センター,京都市北区
R7,26,京都府,2604,京都・乙訓,R7-2604-27,2604京都府京都・乙訓,27,14,社会福祉法人京都社会事業財団西陣病院,京都市上京区
R7,26,京都府,2604,京都・乙訓,R7-2604-28,2604京都府京都・乙訓,28,15,蘇生会総合病院,京都市伏見区
R7,26,京都府,2604,京都・乙訓,R7-2604-29,2604京都府京都・乙訓,29,16,医療法人新生十全会京都東山老年サナトリウム,京都市山科区
R7,26,京都府,2604,京都・乙訓,R7-2604-30,2604京都府京都・乙訓,30,17,社会福祉法人恩賜財団京都府済生会京都済生会病院,長岡京市
R7,26,京都府,2604,京都・乙訓,R7-2604-31,2604京都府京都・乙訓,31,18,医療法人社団恵心会京都武田病院,京都市下京区
R7,26,京都府,2604,京都・乙訓,R7-2604-32,2604京都府京都・乙訓,32,19,医療法人社団育生会京都久野病院,京都市東山区
R7,26,京都府,2604,京都・乙訓,R7-2604-33,2604京都府京都・乙訓,33,20,医療法人回生会京都回生病院,京都市下京区
R7,26,京都府,2604,京都・乙訓,R7-2604-34,2604京都府京都・乙訓,34,21,医療法人新生十全会なごみの里病院,京都市伏見区
R7,26,京都府,2604,京都・乙訓,R7-2604-35,2604京都府京都・乙訓,35,22,一般社団法人愛生会山科病院,京都市山科区
R7,26,京都府,2604,京都・乙訓,R7-2604-36,2604京都府京都・乙訓,36,23,医療法人清仁会洛西ニュータウン病院,京都市西京区
R7,26,京都府,2604,京都・乙訓,R7-2604-37,2604京都府京都・乙訓,37,24,医療法人清仁会洛西シミズ病院,京都市西京区
R7,26,京都府,2604,京都・乙訓,R7-2604-38,2604京都府京都・乙訓,38,25,医療法人社団行陵会京都大原記念病院,京都市左京区
R7,26,京都府,2604,京都・乙訓,R7-2604-39,2604京都府京都・乙訓,39,26,医療法人同仁会（社団）京都九条病院,京都市南区
R7,26,京都府,2604,京都・乙訓,R7-2604-40,2604京都府京都・乙訓,40,27,社会福祉法人京都博愛会京都博愛会病院,京都市北区
R7,26,京都府,2604,京都・乙訓,R7-2604-41,2604京都府京都・乙訓,41,28,社会医療法人健康会　京都南病院,京都市下京区
R7,26,京都府,2604,京都・乙訓,R7-2604-42,2604京都府京都・乙訓,42,29,社会福祉法人浩照会伏見桃山総合病院,京都市伏見区
R7,26,京都府,2604,京都・乙訓,R7-2604-43,2604京都府京都・乙訓,43,30,医療法人社団洛和会洛和会音羽リハビリテーション病院,京都市山科区
R7,26,京都府,2604,京都・乙訓,R7-2604-44,2604京都府京都・乙訓,44,31,医療法人京都翔医会西京都病院,京都市西京区
R7,26,京都府,2604,京都・乙訓,R7-2604-45,2604京都府京都・乙訓,45,32,社会医療法人西陣健康会堀川病院,京都市上京区
R7,26,京都府,2604,京都・乙訓,R7-2604-46,2604京都府京都・乙訓,46,33,医療法人社団志高会　三菱京都病院,京都市西京区
R7,26,京都府,2604,京都・乙訓,R7-2604-47,2604京都府京都・乙訓,47,34,医療法人財団医道会十条武田リハビリテーション病院,京都市南区
R7,26,京都府,2604,京都・乙訓,R7-2604-48,2604京都府京都・乙訓,48,35,日本バプテスト病院,京都市左京区
R7,26,京都府,2604,京都・乙訓,R7-2604-49,2604京都府京都・乙訓,49,36,医療法人社団恵仁会なぎ辻病院,京都市山科区
R7,26,京都府,2604,京都・乙訓,R7-2604-50,2604京都府京都・乙訓,50,37,社会医療法人弘仁会大島病院,京都市伏見区
R7,26,京都府,2604,京都・乙訓,R7-2604-51,2604京都府京都・乙訓,51,38,公益社団法人信和会京都民医連あすかい病院,京都市左京区
R7,26,京都府,2604,京都・乙訓,R7-2604-52,2604京都府京都・乙訓,52,39,医療法人真生会向日回生病院,向日市
R7,26,京都府,2604,京都・乙訓,R7-2604-53,2604京都府京都・乙訓,53,40,医療法人社団洛和会洛和会丸太町病院,京都市中京区
R7,26,京都府,2604,京都・乙訓,R7-2604-54,2604京都府京都・乙訓,54,41,医療法人健幸会むかいじま病院,京都市伏見区
R7,26,京都府,2604,京都・乙訓,R7-2604-55,2604京都府京都・乙訓,55,42,医療法人清仁会シミズ病院,京都市西京区
R7,26,京都府,2604,京都・乙訓,R7-2604-56,2604京都府京都・乙訓,56,43,医療法人寿尚会洛陽病院,京都市左京区
R7,26,京都府,2604,京都・乙訓,R7-2604-57,2604京都府京都・乙訓,57,44,医療法人社団洛和会洛和会音羽記念病院,京都市山科区
R7,26,京都府,2604,京都・乙訓,R7-2604-58,2604京都府京都・乙訓,58,45,医療法人相馬病院,京都市上京区
R7,26,京都府,2604,京都・乙訓,R7-2604-59,2604京都府京都・乙訓,59,46,医療法人社団淀さんせん会金井病院,京都市伏見区
R7,26,京都府,2604,京都・乙訓,R7-2604-60,2604京都府京都・乙訓,60,47,社会福祉法人聖ヨゼフ会肢体不自由児・重症心身障害児施設聖ヨゼフ医療福祉センター,京都市北区
R7,26,京都府,2604,京都・乙訓,R7-2604-61,2604京都府京都・乙訓,61,48,医療法人愛友会明石病院,京都市下京区
R7,26,京都府,2604,京都・乙訓,R7-2604-62,2604京都府京都・乙訓,62,49,医療法人松寿会共和病院,京都市伏見区
R7,26,京都府,2604,京都・乙訓,R7-2604-63,2604京都府京都・乙訓,63,50,社会医療法人健康会　新京都南病院,京都市下京区
R7,26,京都府,2604,京都・乙訓,R7-2604-64,2604京都府京都・乙訓,64,51,医療法人社団行陵会京都近衛リハビリテーション病院,京都市左京区
R7,26,京都府,2604,京都・乙訓,R7-2604-65,2604京都府京都・乙訓,65,52,社会福祉法人京都社会事業財団京都からすま病院,京都市北区
R7,26,京都府,2604,京都・乙訓,R7-2604-66,2604京都府京都・乙訓,66,53,社会福祉法人京都博愛会冨田病院,京都市北区
R7,26,京都府,2604,京都・乙訓,R7-2604-67,2604京都府京都・乙訓,67,54,医療法人医修会新河端病院,長岡京市
R7,26,京都府,2604,京都・乙訓,R7-2604-68,2604京都府京都・乙訓,68,55,医療法人総心会長岡京病院,長岡京市
R7,26,京都府,2604,京都・乙訓,R7-2604-69,2604京都府京都・乙訓,69,56,医療法人知音会　京都新町病院,京都市中京区
R7,26,京都府,2604,京都・乙訓,R7-2604-70,2604京都府京都・乙訓,70,57,がくさい病院,京都市中京区
R7,26,京都府,2604,京都・乙訓,R7-2604-71,2604京都府京都・乙訓,71,58,医療法人浜田会洛北病院,京都市北区
R7,26,京都府,2604,京都・乙訓,R7-2604-72,2604京都府京都・乙訓,72,59,京都市桃陽病院,京都市伏見区
R7,26,京都府,2604,京都・乙訓,R7-2604-73,2604京都府京都・乙訓,73,60,一般財団法人仁風会京都南西病院,京都市伏見区
R7,26,京都府,2604,京都・乙訓,R7-2604-74,2604京都府京都・乙訓,74,61,一般財団法人泉谷病院,京都市右京区
R7,26,京都府,2604,京都・乙訓,R7-2604-75,2604京都府京都・乙訓,75,62,一般財団法人薬師山病院,京都市北区
R7,26,京都府,2604,京都・乙訓,R7-2604-76,2604京都府京都・乙訓,76,63,医療法人西大路病院,京都市中京区
R7,26,京都府,2604,京都・乙訓,R7-2604-77,2604京都府京都・乙訓,77,64,医療法人財団康生会北山武田病院,京都市北区
R7,26,京都府,2604,京都・乙訓,R7-2604-78,2604京都府京都・乙訓,78,65,医療法人清水会京都リハビリテーション病院,京都市伏見区
R7,26,京都府,2604,京都・乙訓,R7-2604-79,2604京都府京都・乙訓,79,66,医療法人社団松仁会内田病院,京都市右京区
R7,26,京都府,2604,京都・乙訓,R7-2604-80,2604京都府京都・乙訓,80,67,医療法人威徳壬生大路病院,京都市下京区
R7,26,京都府,2604,京都・乙訓,R7-2604-81,2604京都府京都・乙訓,81,68,医療法人毛利病院,京都市中京区
R7,26,京都府,2604,京都・乙訓,R7-2604-82,2604京都府京都・乙訓,82,69,一般財団法人仁風会嵯峨野病院,京都市右京区
R7,26,京都府,2604,京都・乙訓,R7-2604-83,2604京都府京都・乙訓,83,70,一般財団法人高雄病院,京都市右京区
R7,26,京都府,2604,京都・乙訓,R7-2604-84,2604京都府京都・乙訓,84,71,医療法人社団千春会千春会病院,長岡京市
R7,26,京都府,2604,京都・乙訓,R7-2604-85,2604京都府京都・乙訓,85,72,医療法人明生会賀茂病院,京都市北区
R7,26,京都府,2604,京都・乙訓,R7-2604-86,2604京都府京都・乙訓,86,73,医療法人清水会脳神経リハビリ北大路病院,京都市左京区
R7,26,京都府,2604,京都・乙訓,R7-2604-87,2604京都府京都・乙訓,87,74,医療法人財団今井会足立病院　足立病院,京都市中京区
R7,26,京都府,2604,京都・乙訓,R7-2604-88,2604京都府京都・乙訓,88,75,加藤山科病院,京都市山科区
R7,26,京都府,2604,京都・乙訓,R7-2604-89,2604京都府京都・乙訓,89,76,医療法人財団医道会稲荷山武田病院,京都市伏見区
R7,26,京都府,2604,京都・乙訓,R7-2604-90,2604京都府京都・乙訓,90,77,医療法人社団順和会京都下鴨病院,京都市左京区
R7,26,京都府,2604,京都・乙訓,R7-2604-91,2604京都府京都・乙訓,91,78,医療法人社団貴順会吉川病院,京都市左京区
R7,26,京都府,2604,京都・乙訓,R7-2604-92,2604京都府京都・乙訓,92,79,医療法人幸生会室町病院,京都市上京区
R7,26,京都府,2604,京都・乙訓,R7-2604-93,2604京都府京都・乙訓,93,80,医療法人原田病院,京都市東山区
R7,26,京都府,2604,京都・乙訓,R7-2604-94,2604京都府京都・乙訓,94,81,医療法人河端病院,京都市右京区
R7,26,京都府,2604,京都・乙訓,R7-2604-95,2604京都府京都・乙訓,95,82,医療法人新生十全会京都ならびがおか病院,京都市右京区
R7,26,京都府,2604,京都・乙訓,R7-2604-96,2604京都府京都・乙訓,96,83,医療法人社団親和会京都木原病院,京都市南区
R7,26,京都府,2604,京都・乙訓,R7-2604-97,2604京都府京都・乙訓,97,84,社会医療法人太秦病院,京都市右京区
R7,26,京都府,2604,京都・乙訓,R7-2604-98,2604京都府京都・乙訓,98,85,公益社団法人京都保健会吉祥院病院,京都市南区
R7,26,京都府,2604,京都・乙訓,R7-2604-99,2604京都府京都・乙訓,99,86,特定医療法人桃仁会病院,京都市伏見区
R7,26,京都府,2604,京都・乙訓,R7-2604-100,2604京都府京都・乙訓,100,87,医療法人愛寿会同仁病院,京都市上京区
R7,26,京都府,2604,京都・乙訓,R7-2604-101,2604京都府京都・乙訓,101,88,京都市立京北病院,京都市右京区
R7,26,京都府,2604,京都・乙訓,R7-2604-102,2604京都府京都・乙訓,102,89,山元病院,京都市中京区
R7,26,京都府,2604,京都・乙訓,R7-2604-103,2604京都府京都・乙訓,103,90,医療法人倖生会身原病院,京都市西京区
R7,26,京都府,2604,京都・乙訓,R7-2604-104,2604京都府京都・乙訓,104,91,医療法人財団今井会足立病院第二足立病院,京都市南区
R7,26,京都府,2604,京都・乙訓,R7-2604-105,2604京都府京都・乙訓,105,92,医療法人社団中部産婦人科医院,京都市伏見区
R7,26,京都府,2604,京都・乙訓,R7-2604-106,2604京都府京都・乙訓,106,93,医療法人社団ハシイ産婦人科,向日市
R7,26,京都府,2604,京都・乙訓,R7-2604-107,2604京都府京都・乙訓,107,94,医療法人社団 岡村医院 腎・泌尿器科クリニック,長岡京市
R7,26,京都府,2604,京都・乙訓,R7-2604-108,2604京都府京都・乙訓,108,95,醍醐渡辺クリニック,京都市伏見区
R7,26,京都府,2604,京都・乙訓,R7-2604-109,2604京都府京都・乙訓,109,96,医療法人社団和秀会近藤産婦人科医院,長岡京市
R7,26,京都府,2604,京都・乙訓,R7-2604-110,2604京都府京都・乙訓,110,97,医療法人財団今井会足立病院足立乳腺クリニック,京都市北区
R7,26,京都府,2604,京都・乙訓,R7-2604-111,2604京都府京都・乙訓,111,98,医療法人佐伯医院,京都市下京区
R7,26,京都府,2604,京都・乙訓,R7-2604-112,2604京都府京都・乙訓,112,99,医療法人藍整会なか整形外科 京都北野本院,京都市上京区
R7,26,京都府,2604,京都・乙訓,R7-2604-113,2604京都府京都・乙訓,113,100,医療法人仁愛会川村産婦人科,京都市左京区
R7,26,京都府,2604,京都・乙訓,R7-2604-114,2604京都府京都・乙訓,114,101,医療法人社団聖医会バプテスト眼科クリニック,京都市左京区
R7,26,京都府,2604,京都・乙訓,R7-2604-115,2604京都府京都・乙訓,115,102,医療法人芙蓉会北辰堂佐藤医院,京都市中京区
R7,26,京都府,2604,京都・乙訓,R7-2604-116,2604京都府京都・乙訓,116,103,南部産婦人科医院,京都市下京区
R7,26,京都府,2604,京都・乙訓,R7-2604-117,2604京都府京都・乙訓,117,104,医療法人種田産婦人科,京都市下京区
R7,26,京都府,2604,京都・乙訓,R7-2604-118,2604京都府京都・乙訓,118,105,医療法人社団美友会産科・婦人科松本クリニック,京都市下京区
R7,26,京都府,2604,京都・乙訓,R7-2604-119,2604京都府京都・乙訓,119,106,島岡医院,京都市南区
R7,26,京都府,2604,京都・乙訓,R7-2604-120,2604京都府京都・乙訓,120,107,医療法人産婦人科細田クリニック,京都市右京区
R7,26,京都府,2604,京都・乙訓,R7-2604-121,2604京都府京都・乙訓,121,108,医療法人柏木産婦人科,京都市右京区
R7,26,京都府,2604,京都・乙訓,R7-2604-122,2604京都府京都・乙訓,122,109,医療法人朋生会中尾クリニック,京都市右京区
R7,26,京都府,2604,京都・乙訓,R7-2604-123,2604京都府京都・乙訓,123,110,医療法人石原クリニック,京都市伏見区
R7,26,京都府,2604,京都・乙訓,R7-2604-124,2604京都府京都・乙訓,124,111,医療法人藤田産科・婦人科医院,京都市伏見区
R7,26,京都府,2604,京都・乙訓,R7-2604-125,2604京都府京都・乙訓,125,112,永原診療会浄福寺診療所,京都市上京区
R7,26,京都府,2604,京都・乙訓,R7-2604-126,2604京都府京都・乙訓,126,113,医療法人瑞明会たなか睡眠クリニック,京都市下京区
R7,26,京都府,2604,京都・乙訓,R7-2604-127,2604京都府京都・乙訓,127,114,一般社団法人視力愛護協会富井眼科診療所,京都市右京区
R7,26,京都府,2604,京都・乙訓,R7-2604-128,2604京都府京都・乙訓,128,115,医療法人植田眼科診療所,京都市伏見区
R7,26,京都府,2604,京都・乙訓,R7-2604-129,2604京都府京都・乙訓,129,116,嶋村医院,京都市左京区
R7,26,京都府,2604,京都・乙訓,R7-2604-130,2604京都府京都・乙訓,130,117,永原診療会千本診療所,京都市上京区
R7,26,京都府,2604,京都・乙訓,R7-2604-131,2604京都府京都・乙訓,131,118,医療法人耳鼻咽喉科安野医院,京都市中京区
R7,26,京都府,2604,京都・乙訓,R7-2604-132,2604京都府京都・乙訓,132,119,医療法人社団小室整形外科医院小室整形外科医院リハビリリウマチクリニック,京都市右京区
R7,26,京都府,2604,京都・乙訓,R7-2604-133,2604京都府京都・乙訓,133,120,医療法人朋友会泌尿器科上田クリニック,京都市中京区
R7,26,京都府,2604,京都・乙訓,R7-2604-134,2604京都府京都・乙訓,134,121,医療法人究理堂小石医院,京都市中京区
R7,26,京都府,2604,京都・乙訓,R7-2604-135,2604京都府京都・乙訓,135,122,光仁病院,
R7,26,京都府,2604,京都・乙訓,R7-2604-136,2604京都府京都・乙訓,136,123,上羽医院,
R7,26,京都府,2604,京都・乙訓,R7-2604-137,2604京都府京都・乙訓,137,124,医療法人社団幸得会貫戸産婦人科医院,
R7,26,京都府,2604,京都・乙訓,R7-2604-138,2604京都府京都・乙訓,138,125,医療法人盟兄会木下歯科,
R7,26,京都府,2604,京都・乙訓,R7-2604-139,2604京都府京都・乙訓,139,126,山口医院,
R7,26,京都府,2604,京都・乙訓,R7-2604-140,2604京都府京都・乙訓,140,127,医療法人信誠恵会横関産婦人科,
R7,26,京都府,2605,山城北,R7-2605-14,2605京都府山城北,14,1,医療法人徳洲会宇治徳洲会病院,宇治市
R7,26,京都府,2605,山城北,R7-2605-15,2605京都府山城北,15,2,京都岡本記念病院,久御山町
R7,26,京都府,2605,山城北,R7-2605-16,2605京都府山城北,16,3,医療法人啓信会京都きづ川病院,城陽市
R7,26,京都府,2605,山城北,R7-2605-17,2605京都府山城北,17,4,独立行政法人国立病院機構南京都病院,城陽市
R7,26,京都府,2605,山城北,R7-2605-18,2605京都府山城北,18,5,社会福祉法人あじろぎ会宇治病院,宇治市
R7,26,京都府,2605,山城北,R7-2605-19,2605京都府山城北,19,6,医療法人徳洲会六地蔵総合病院,宇治市
R7,26,京都府,2605,山城北,R7-2605-20,2605京都府山城北,20,7,社会医療法人美杉会男山病院,八幡市
R7,26,京都府,2605,山城北,R7-2605-21,2605京都府山城北,21,8,医療法人社団石鎚会京都田辺中央病院,京田辺市
R7,26,京都府,2605,山城北,R7-2605-22,2605京都府山城北,22,9,医療法人仁心会宇治川病院,宇治市
R7,26,京都府,2605,山城北,R7-2605-23,2605京都府山城北,23,10,宇治武田病院,宇治市
R7,26,京都府,2605,山城北,R7-2605-24,2605京都府山城北,24,11,医療法人社団医聖会京都八幡病院,八幡市
R7,26,京都府,2605,山城北,R7-2605-25,2605京都府山城北,25,12,医療法人社団医聖会八幡中央病院,八幡市
R7,26,京都府,2605,山城北,R7-2605-26,2605京都府山城北,26,13,医療法人社団石鎚会京都田辺記念病院,京田辺市
R7,26,京都府,2605,山城北,R7-2605-27,2605京都府山城北,27,14,医療法人芳松会田辺病院,京田辺市
R7,26,京都府,2605,山城北,R7-2605-28,2605京都府山城北,28,15,医療法人長安会中村病院,宇治市
R7,26,京都府,2605,山城北,R7-2605-29,2605京都府山城北,29,16,くみやま岡本病院,久御山町
R7,26,京都府,2605,山城北,R7-2605-30,2605京都府山城北,30,17,医療法人せいふう会宇治脳卒中リハビリテーション病院,宇治市
R7,26,京都府,2605,山城北,R7-2605-31,2605京都府山城北,31,18,社会医療法人美杉会みのやま病院,八幡市
R7,26,京都府,2605,山城北,R7-2605-32,2605京都府山城北,32,19,医療法人八仁会久御山南病院,久御山町
R7,26,京都府,2605,山城北,R7-2605-33,2605京都府山城北,33,20,医療法人栄仁会宇治おうばく病院,宇治市
R7,26,京都府,2605,山城北,R7-2605-34,2605京都府山城北,34,21,医療法人社団一心会都倉病院,宇治市
R7,26,京都府,2605,山城北,R7-2605-35,2605京都府山城北,35,22,医療法人社団石鎚会同志社山手病院,京田辺市
R7,26,京都府,2605,山城北,R7-2605-36,2605京都府山城北,36,23,一般財団法人日伸会ビハーラ医療福祉機構あそかビハーラ病院,城陽市
R7,26,京都府,2605,山城北,R7-2605-37,2605京都府山城北,37,24,京都府立心身障害者福祉センター附属リハビリテーション病院,城陽市
R7,26,京都府,2605,山城北,R7-2605-38,2605京都府山城北,38,25,医療法人千照会千原眼科医院,宇治市
R7,26,京都府,2605,山城北,R7-2605-39,2605京都府山城北,39,26,医療法人曽我産婦人科,宇治市
R7,26,京都府,2605,山城北,R7-2605-40,2605京都府山城北,40,27,一般財団法人日本老人福祉財団京都ゆうゆうの里診療所,宇治市
R7,26,京都府,2605,山城北,R7-2605-41,2605京都府山城北,41,28,医療法人井出産婦人科,京田辺市
R7,26,京都府,2605,山城北,R7-2605-42,2605京都府山城北,42,29,医療法人顕夢会　京都耳鼻咽喉音響手術医院　本院,京田辺市
R7,26,京都府,2605,山城北,R7-2605-43,2605京都府山城北,43,30,医療法人心会おさむら産婦人科,
R7,26,京都府,2605,山城北,R7-2605-44,2605京都府山城北,44,31,私立山手中央診療所,
R7,26,京都府,2606,山城南,R7-2606-14,2606京都府山城南,14,1,京都山城総合医療センター,木津川市
R7,26,京都府,2606,山城南,R7-2606-15,2606京都府山城南,15,2,医療法人社団医聖会学研都市病院,精華町
R7,26,京都府,2606,山城南,R7-2606-16,2606京都府山城南,16,3,精華町国民健康保険病院,精華町
R7,26,京都府,2606,山城南,R7-2606-17,2606京都府山城南,17,4,医療法人周寿会はただ診療所,木津川市
R7,27,大阪府,2701,豊能,R7-2701-14,2701大阪府豊能,14,1,大阪大学医学部附属病院,吹田市
R7,27,大阪府,2701,豊能,R7-2701-15,2701大阪府豊能,15,2,国立研究開発法人国立循環器病研究センター,吹田市
R7,27,大阪府,2701,豊能,R7-2701-16,2701大阪府豊能,16,3,市立豊中病院,豊中市
R7,27,大阪府,2701,豊能,R7-2701-17,2701大阪府豊能,17,4,社会福祉法人恩賜財団済生会支部大阪府済生会吹田病院,吹田市
R7,27,大阪府,2701,豊能,R7-2701-18,2701大阪府豊能,18,5,市立吹田市民病院,吹田市
R7,27,大阪府,2701,豊能,R7-2701-19,2701大阪府豊能,19,6,独立行政法人国立病院機構 大阪刀根山医療センター,豊中市
R7,27,大阪府,2701,豊能,R7-2701-20,2701大阪府豊能,20,7,医療法人協和会千里中央病院,豊中市
R7,27,大阪府,2701,豊能,R7-2701-21,2701大阪府豊能,21,8,医療法人徳洲会吹田徳洲会病院,吹田市
R7,27,大阪府,2701,豊能,R7-2701-22,2701大阪府豊能,22,9,市立池田病院,池田市
R7,27,大阪府,2701,豊能,R7-2701-23,2701大阪府豊能,23,10,社会福祉法人恩賜財団済生会支部大阪府済生会千里病院,吹田市
R7,27,大阪府,2701,豊能,R7-2701-24,2701大阪府豊能,24,11,箕面市立病院,箕面市
R7,27,大阪府,2701,豊能,R7-2701-25,2701大阪府豊能,25,12,医療法人協和会協和会病院,吹田市
R7,27,大阪府,2701,豊能,R7-2701-26,2701大阪府豊能,26,13,医療法人篤友会坂本病院,豊中市
R7,27,大阪府,2701,豊能,R7-2701-27,2701大阪府豊能,27,14,社会医療法人純幸会関西メディカル病院,豊中市
R7,27,大阪府,2701,豊能,R7-2701-28,2701大阪府豊能,28,15,北大阪医療生活協同組合照葉の里箕面病院,箕面市
R7,27,大阪府,2701,豊能,R7-2701-29,2701大阪府豊能,29,16,医療法人社団和風会千里リハビリテーション病院,箕面市
R7,27,大阪府,2701,豊能,R7-2701-30,2701大阪府豊能,30,17,医療法人ダイワ会大和病院,吹田市
R7,27,大阪府,2701,豊能,R7-2701-31,2701大阪府豊能,31,18,医療法人篤友会関西リハビリテーション病院,豊中市
R7,27,大阪府,2701,豊能,R7-2701-32,2701大阪府豊能,32,19,医療法人篤友会坂本病院分院,豊中市
R7,27,大阪府,2701,豊能,R7-2701-33,2701大阪府豊能,33,20,医療法人菊秀会皐月病院,吹田市
R7,27,大阪府,2701,豊能,R7-2701-34,2701大阪府豊能,34,21,社会医療法人愛仁会井上病院,吹田市
R7,27,大阪府,2701,豊能,R7-2701-35,2701大阪府豊能,35,22,公益財団法人唐澤記念会大阪脳神経外科病院,豊中市
R7,27,大阪府,2701,豊能,R7-2701-36,2701大阪府豊能,36,23,医療法人せいわ会彩都リハビリテーション病院,箕面市
R7,27,大阪府,2701,豊能,R7-2701-37,2701大阪府豊能,37,24,医療法人甲聖会甲聖会紀念病院,吹田市
R7,27,大阪府,2701,豊能,R7-2701-38,2701大阪府豊能,38,25,医療法人若葉会豊中若葉会病院,豊中市
R7,27,大阪府,2701,豊能,R7-2701-39,2701大阪府豊能,39,26,医療法人マックシール巽今宮病院,箕面市
R7,27,大阪府,2701,豊能,R7-2701-40,2701大阪府豊能,40,27,医療法人康生会豊中平成病院,豊中市
R7,27,大阪府,2701,豊能,R7-2701-41,2701大阪府豊能,41,28,医療法人ガラシア会ガラシア病院,箕面市
R7,27,大阪府,2701,豊能,R7-2701-42,2701大阪府豊能,42,29,医療法人康生会平成記念病院,豊中市
R7,27,大阪府,2701,豊能,R7-2701-43,2701大阪府豊能,43,30,医療法人善正会上田病院,豊中市
R7,27,大阪府,2701,豊能,R7-2701-44,2701大阪府豊能,44,31,大阪市立弘済院附属病院,吹田市
R7,27,大阪府,2701,豊能,R7-2701-45,2701大阪府豊能,45,32,医療法人マックシール巽病院,池田市
R7,27,大阪府,2701,豊能,R7-2701-46,2701大阪府豊能,46,33,医療法人華之会箕面中央病院,箕面市
R7,27,大阪府,2701,豊能,R7-2701-47,2701大阪府豊能,47,34,医療法人互恵会池田回生病院,池田市
R7,27,大阪府,2701,豊能,R7-2701-48,2701大阪府豊能,48,35,社会医療法人彩樹豊中敬仁会病院,豊中市
R7,27,大阪府,2701,豊能,R7-2701-49,2701大阪府豊能,49,36,医療法人篤友会千里山病院,豊中市
R7,27,大阪府,2701,豊能,R7-2701-50,2701大阪府豊能,50,37,医療法人真正会真正会病院,豊中市
R7,27,大阪府,2701,豊能,R7-2701-51,2701大阪府豊能,51,38,医療法人清順堂ためなが温泉病院,箕面市
R7,27,大阪府,2701,豊能,R7-2701-52,2701大阪府豊能,52,39,医療法人京優会北摂三木病院,吹田市
R7,27,大阪府,2701,豊能,R7-2701-53,2701大阪府豊能,53,40,大阪大学歯学部附属病院,吹田市
R7,27,大阪府,2701,豊能,R7-2701-54,2701大阪府豊能,54,41,医療法人啓明会相原病院,箕面市
R7,27,大阪府,2701,豊能,R7-2701-55,2701大阪府豊能,55,42,医療法人豊成会豊中脳神経外科クリニック,豊中市
R7,27,大阪府,2701,豊能,R7-2701-56,2701大阪府豊能,56,43,医療法人島越内科,豊中市
R7,27,大阪府,2701,豊能,R7-2701-57,2701大阪府豊能,57,44,医療法人平心会ＯＣＲＯＭクリニック,吹田市
R7,27,大阪府,2701,豊能,R7-2701-58,2701大阪府豊能,58,45,医療法人もみじの手箕面レディースクリニック,箕面市
R7,27,大阪府,2701,豊能,R7-2701-59,2701大阪府豊能,59,46,医療法人琢生会神田マタニティクリニック,吹田市
R7,27,大阪府,2701,豊能,R7-2701-60,2701大阪府豊能,60,47,飯藤産婦人科,吹田市
R7,27,大阪府,2701,豊能,R7-2701-61,2701大阪府豊能,61,48,医療法人共立さわらぎ産婦人科,箕面市
R7,27,大阪府,2701,豊能,R7-2701-62,2701大阪府豊能,62,49,医療法人廣仁会直原ウィメンズクリニック,豊中市
R7,27,大阪府,2701,豊能,R7-2701-63,2701大阪府豊能,63,50,医療法人慈久会たかせ産婦人科,豊中市
R7,27,大阪府,2701,豊能,R7-2701-64,2701大阪府豊能,64,51,医療法人うめかげレディースクリニック,豊中市
R7,27,大阪府,2701,豊能,R7-2701-65,2701大阪府豊能,65,52,医療法人かくいわ会岩野耳鼻咽喉科,豊中市
R7,27,大阪府,2701,豊能,R7-2701-66,2701大阪府豊能,66,53,医療法人藏春堂小西病院,
R7,27,大阪府,2702,三島,R7-2702-14,2702大阪府三島,14,1,大阪医科薬科大学病院,高槻市
R7,27,大阪府,2702,三島,R7-2702-15,2702大阪府三島,15,2,社会医療法人 愛仁会 高槻病院,高槻市
R7,27,大阪府,2702,三島,R7-2702-16,2702大阪府三島,16,3,医療法人成和会北大阪ほうせんか病院,茨木市
R7,27,大阪府,2702,三島,R7-2702-17,2702大阪府三島,17,4,医療法人恒昭会藍野病院,茨木市
R7,27,大阪府,2702,三島,R7-2702-18,2702大阪府三島,18,5,高槻赤十字病院,高槻市
R7,27,大阪府,2702,三島,R7-2702-19,2702大阪府三島,19,6,社会医療法人祐生会みどりヶ丘病院,高槻市
R7,27,大阪府,2702,三島,R7-2702-20,2702大阪府三島,20,7,医療法人医誠会茨木医誠会病院,茨木市
R7,27,大阪府,2702,三島,R7-2702-21,2702大阪府三島,21,8,社会福祉法人恩賜財団大阪府済生会茨木病院,茨木市
R7,27,大阪府,2702,三島,R7-2702-22,2702大阪府三島,22,9,医療法人友紘会友紘会総合病院,茨木市
R7,27,大阪府,2702,三島,R7-2702-23,2702大阪府三島,23,10,社会医療法人愛仁会　愛仁会リハビリテーション病院,高槻市
R7,27,大阪府,2702,三島,R7-2702-24,2702大阪府三島,24,11,社会医療法人東和会第一東和会病院,高槻市
R7,27,大阪府,2702,三島,R7-2702-25,2702大阪府三島,25,12,医療法人成和会ほうせんか病院,茨木市
R7,27,大阪府,2702,三島,R7-2702-26,2702大阪府三島,26,13,社会医療法人仙養会北摂総合病院,高槻市
R7,27,大阪府,2702,三島,R7-2702-27,2702大阪府三島,27,14,大阪医科薬科大学三島南病院,高槻市
R7,27,大阪府,2702,三島,R7-2702-28,2702大阪府三島,28,15,医療法人友紘会 彩都友紘会病院,茨木市
R7,27,大阪府,2702,三島,R7-2702-29,2702大阪府三島,29,16,医療法人社団緑水会緑水会病院,高槻市
R7,27,大阪府,2702,三島,R7-2702-30,2702大阪府三島,30,17,医療法人医誠会摂津医誠会病院,摂津市
R7,27,大阪府,2702,三島,R7-2702-31,2702大阪府三島,31,18,社会医療法人祐生会茨木みどりヶ丘病院,茨木市
R7,27,大阪府,2702,三島,R7-2702-32,2702大阪府三島,32,19,医療法人清仁会水無瀬病院,島本町
R7,27,大阪府,2702,三島,R7-2702-33,2702大阪府三島,33,20,特定医療法人健和会うえだ下田部病院,高槻市
R7,27,大阪府,2702,三島,R7-2702-34,2702大阪府三島,34,21,社会医療法人東和会　第二東和会病院,高槻市
R7,27,大阪府,2702,三島,R7-2702-35,2702大阪府三島,35,22,医療法人若葉会昭和病院,摂津市
R7,27,大阪府,2702,三島,R7-2702-36,2702大阪府三島,36,23,医療法人　千里厚生会　千里丘中央病院,摂津市
R7,27,大阪府,2702,三島,R7-2702-37,2702大阪府三島,37,24,医療法人和倉会サンタマリア病院,茨木市
R7,27,大阪府,2702,三島,R7-2702-38,2702大阪府三島,38,25,医療法人恵仁会田中病院,茨木市
R7,27,大阪府,2702,三島,R7-2702-39,2702大阪府三島,39,26,医療法人庸愛会富田町病院,高槻市
R7,27,大阪府,2702,三島,R7-2702-40,2702大阪府三島,40,27,摂津ひかり病院,摂津市
R7,27,大阪府,2702,三島,R7-2702-41,2702大阪府三島,41,28,医療法人京優会谷川記念病院,茨木市
R7,27,大阪府,2702,三島,R7-2702-42,2702大阪府三島,42,29,社会医療法人東和会　東和会いばらき病院,茨木市
R7,27,大阪府,2702,三島,R7-2702-43,2702大阪府三島,43,30,医療法人祥佑会藤田胃腸科病院,高槻市
R7,27,大阪府,2702,三島,R7-2702-44,2702大阪府三島,44,31,医療法人健栄会三康病院,高槻市
R7,27,大阪府,2702,三島,R7-2702-45,2702大阪府三島,45,32,医療法人輝ジュンレディースクリニック千里丘,摂津市
R7,27,大阪府,2702,三島,R7-2702-46,2702大阪府三島,46,33,医療法人橘井会江川産婦人科医院,茨木市
R7,27,大阪府,2702,三島,R7-2702-47,2702大阪府三島,47,34,医療法人明峰会東山産婦人科・小児科,高槻市
R7,27,大阪府,2702,三島,R7-2702-48,2702大阪府三島,48,35,医療法人啓友会啓友クリニック,高槻市
R7,27,大阪府,2702,三島,R7-2702-49,2702大阪府三島,49,36,医療法人稲風会鈴木医院,茨木市
R7,27,大阪府,2702,三島,R7-2702-50,2702大阪府三島,50,37,医療法人子安会なかにし産婦人科クリニック,高槻市
R7,27,大阪府,2702,三島,R7-2702-51,2702大阪府三島,51,38,楢原産婦人科,高槻市
R7,27,大阪府,2702,三島,R7-2702-52,2702大阪府三島,52,39,医療法人加藤産婦人科クリニック,島本町
R7,27,大阪府,2702,三島,R7-2702-53,2702大阪府三島,53,40,医療法人川村産婦人科医院,高槻市
R7,27,大阪府,2702,三島,R7-2702-54,2702大阪府三島,54,41,医療法人正真会大村耳鼻咽喉科,島本町
R7,27,大阪府,2703,北河内,R7-2703-14,2703大阪府北河内,14,1,関西医科大学附属病院,枚方市
R7,27,大阪府,2703,北河内,R7-2703-15,2703大阪府北河内,15,2,独立行政法人地域医療機能推進機構星ヶ丘医療センター,枚方市
R7,27,大阪府,2703,北河内,R7-2703-16,2703大阪府北河内,16,3,社会医療法人若弘会わかくさ竜間リハビリテーション病院,大東市
R7,27,大阪府,2703,北河内,R7-2703-17,2703大阪府北河内,17,4,社会福祉法人枚方療育園,枚方市
R7,27,大阪府,2703,北河内,R7-2703-18,2703大阪府北河内,18,5,学校法人関西医科大学関西医科大学総合医療センター,守口市
R7,27,大阪府,2703,北河内,R7-2703-19,2703大阪府北河内,19,6,医療法人大寿会大寿会病院,枚方市
R7,27,大阪府,2703,北河内,R7-2703-20,2703大阪府北河内,20,7,市立ひらかた病院,枚方市
R7,27,大阪府,2703,北河内,R7-2703-21,2703大阪府北河内,21,8,パナソニック健康保険組合松下記念病院,守口市
R7,27,大阪府,2703,北河内,R7-2703-22,2703大阪府北河内,22,9,国家公務員共済組合連合会枚方公済病院,枚方市
R7,27,大阪府,2703,北河内,R7-2703-23,2703大阪府北河内,23,10,医療法人孟仁会摂南総合病院,門真市
R7,27,大阪府,2703,北河内,R7-2703-24,2703大阪府北河内,24,11,社会医療法人信愛会畷生会脳神経外科病院,四條畷市
R7,27,大阪府,2703,北河内,R7-2703-25,2703大阪府北河内,25,12,医療法人徳洲会野崎徳洲会病院,大東市
R7,27,大阪府,2703,北河内,R7-2703-26,2703大阪府北河内,26,13,社会医療法人信愛会交野病院,交野市
R7,27,大阪府,2703,北河内,R7-2703-27,2703大阪府北河内,27,14,社会医療法人みどり会中村病院,枚方市
R7,27,大阪府,2703,北河内,R7-2703-28,2703大阪府北河内,28,15,社会医療法人弘道会守口生野記念病院,守口市
R7,27,大阪府,2703,北河内,R7-2703-29,2703大阪府北河内,29,16,関西医科大学香里病院,寝屋川市
R7,27,大阪府,2703,北河内,R7-2703-30,2703大阪府北河内,30,17,医療法人協仁会小松病院,寝屋川市
R7,27,大阪府,2703,北河内,R7-2703-31,2703大阪府北河内,31,18,社会医療法人山弘会上山病院,寝屋川市
R7,27,大阪府,2703,北河内,R7-2703-32,2703大阪府北河内,32,19,社会医療法人彩樹守口敬仁会病院,守口市
R7,27,大阪府,2703,北河内,R7-2703-33,2703大阪府北河内,33,20,社会医療法人美杉会佐藤病院,枚方市
R7,27,大阪府,2703,北河内,R7-2703-34,2703大阪府北河内,34,21,医療法人御殿山福田総合病院,枚方市
R7,27,大阪府,2703,北河内,R7-2703-35,2703大阪府北河内,35,22,医療法人（社団）有恵会 香里ヶ丘有恵会病院,枚方市
R7,27,大阪府,2703,北河内,R7-2703-36,2703大阪府北河内,36,23,医療法人河北会河北病院,寝屋川市
R7,27,大阪府,2703,北河内,R7-2703-37,2703大阪府北河内,37,24,医療法人清水会　もりぐち清水会病院,守口市
R7,27,大阪府,2703,北河内,R7-2703-38,2703大阪府北河内,38,25,医療法人北辰会天の川病院,枚方市
R7,27,大阪府,2703,北河内,R7-2703-39,2703大阪府北河内,39,26,医療法人愛泉会愛泉会病院,守口市
R7,27,大阪府,2703,北河内,R7-2703-40,2703大阪府北河内,40,27,社会医療法人蒼生会蒼生病院,門真市
R7,27,大阪府,2703,北河内,R7-2703-41,2703大阪府北河内,41,28,医療法人一祐会藤本病院,寝屋川市
R7,27,大阪府,2703,北河内,R7-2703-42,2703大阪府北河内,42,29,医療法人仁泉会仁泉会病院,大東市
R7,27,大阪府,2703,北河内,R7-2703-43,2703大阪府北河内,43,30,社会医療法人弘道会萱島生野病院,門真市
R7,27,大阪府,2703,北河内,R7-2703-44,2703大阪府北河内,44,31,一般財団法人大阪府結核予防会大阪複十字病院,寝屋川市
R7,27,大阪府,2703,北河内,R7-2703-45,2703大阪府北河内,45,32,医療法人藤井会大東中央病院,大東市
R7,27,大阪府,2703,北河内,R7-2703-46,2703大阪府北河内,46,33,医療法人愛和会新世病院,枚方市
R7,27,大阪府,2703,北河内,R7-2703-47,2703大阪府北河内,47,34,医療法人大慶会星光病院,寝屋川市
R7,27,大阪府,2703,北河内,R7-2703-48,2703大阪府北河内,48,35,社会医療法人弘道会寝屋川生野病院,寝屋川市
R7,27,大阪府,2703,北河内,R7-2703-49,2703大阪府北河内,49,36,東香里病院,枚方市
R7,27,大阪府,2703,北河内,R7-2703-50,2703大阪府北河内,50,37,社会医療法人 ONE FLAG牧リハビリテーション病院,門真市
R7,27,大阪府,2703,北河内,R7-2703-51,2703大阪府北河内,51,38,関西医科大学くずは病院,枚方市
R7,27,大阪府,2703,北河内,R7-2703-52,2703大阪府北河内,52,39,医療法人仁泉会阪奈病院,大東市
R7,27,大阪府,2703,北河内,R7-2703-53,2703大阪府北河内,53,40,医療法人りんどう会向山病院,枚方市
R7,27,大阪府,2703,北河内,R7-2703-54,2703大阪府北河内,54,41,医療法人全心会寝屋川ひかり病院,寝屋川市
R7,27,大阪府,2703,北河内,R7-2703-55,2703大阪府北河内,55,42,医療法人毅峰会青樹会病院,寝屋川市
R7,27,大阪府,2703,北河内,R7-2703-56,2703大阪府北河内,56,43,医療法人讃高会　枚方東整形外科病院,枚方市
R7,27,大阪府,2703,北河内,R7-2703-57,2703大阪府北河内,57,44,医療法人和敬会寝屋川南病院,寝屋川市
R7,27,大阪府,2703,北河内,R7-2703-58,2703大阪府北河内,58,45,医療法人和敬会星田南病院,交野市
R7,27,大阪府,2703,北河内,R7-2703-59,2703大阪府北河内,59,46,医療法人毅峰会吉田病院,枚方市
R7,27,大阪府,2703,北河内,R7-2703-60,2703大阪府北河内,60,47,医療法人正幸会正幸会病院,門真市
R7,27,大阪府,2703,北河内,R7-2703-61,2703大阪府北河内,61,48,医療法人道仁会道仁病院,寝屋川市
R7,27,大阪府,2703,北河内,R7-2703-62,2703大阪府北河内,62,49,松島病院,寝屋川市
R7,27,大阪府,2703,北河内,R7-2703-63,2703大阪府北河内,63,50,医療法人昭征会坂野病院,枚方市
R7,27,大阪府,2703,北河内,R7-2703-64,2703大阪府北河内,64,51,医療法人中屋覚志会　津田病院,枚方市
R7,27,大阪府,2703,北河内,R7-2703-65,2703大阪府北河内,65,52,医療法人和幸会阪奈サナトリウム,四條畷市
R7,27,大阪府,2703,北河内,R7-2703-66,2703大阪府北河内,66,53,医療法人藤井会北河内藤井病院,四條畷市
R7,27,大阪府,2703,北河内,R7-2703-67,2703大阪府北河内,67,54,医療法人松徳会松谷病院,枚方市
R7,27,大阪府,2703,北河内,R7-2703-68,2703大阪府北河内,68,55,医療法人成育会なりもとレディースホスピタル,枚方市
R7,27,大阪府,2703,北河内,R7-2703-69,2703大阪府北河内,69,56,医療法人拓真会仁和寺診療所,寝屋川市
R7,27,大阪府,2703,北河内,R7-2703-70,2703大阪府北河内,70,57,医療法人井上産婦人科クリニック,大東市
R7,27,大阪府,2703,北河内,R7-2703-71,2703大阪府北河内,71,58,医療法人イワサクリニック,枚方市
R7,27,大阪府,2703,北河内,R7-2703-72,2703大阪府北河内,72,59,医療法人 博仁会 長瀬診療所,門真市
R7,27,大阪府,2703,北河内,R7-2703-73,2703大阪府北河内,73,60,医療法人飯藤産婦人科,門真市
R7,27,大阪府,2703,北河内,R7-2703-74,2703大阪府北河内,74,61,医療法人友隣会　友隣会メディカルケアクリニック,枚方市
R7,27,大阪府,2703,北河内,R7-2703-75,2703大阪府北河内,75,62,医療法人いぶきクリニック,門真市
R7,27,大阪府,2703,北河内,R7-2703-76,2703大阪府北河内,76,63,医療法人たかばたけウィメンズクリニック,大東市
R7,27,大阪府,2703,北河内,R7-2703-77,2703大阪府北河内,77,64,医療法人徳志会折野産婦人科,枚方市
R7,27,大阪府,2703,北河内,R7-2703-78,2703大阪府北河内,78,65,一般財団法人日本老人福祉財団大阪ゆうゆうの里診療所,守口市
R7,27,大阪府,2703,北河内,R7-2703-79,2703大阪府北河内,79,66,医療法人桜花会あきせウィメンズクリニック,枚方市
R7,27,大阪府,2703,北河内,R7-2703-80,2703大阪府北河内,80,67,医療法人神谷産婦人科医院,門真市
R7,27,大阪府,2703,北河内,R7-2703-81,2703大阪府北河内,81,68,医療法人惠和会惠和会総合クリニック,大東市
R7,27,大阪府,2703,北河内,R7-2703-82,2703大阪府北河内,82,69,医療法人孝知会芦原産婦人科クリニック,枚方市
R7,27,大阪府,2703,北河内,R7-2703-83,2703大阪府北河内,83,70,金子産婦人科,門真市
R7,27,大阪府,2703,北河内,R7-2703-84,2703大阪府北河内,84,71,医療法人小野山診療所,守口市
R7,27,大阪府,2703,北河内,R7-2703-85,2703大阪府北河内,85,72,医療法人慈心会栗林クリニック,門真市
R7,27,大阪府,2703,北河内,R7-2703-86,2703大阪府北河内,86,73,川嶋レディースクリニック,守口市
R7,27,大阪府,2703,北河内,R7-2703-87,2703大阪府北河内,87,74,医療法人小林医院,
R7,27,大阪府,2704,中河内,R7-2704-14,2704大阪府中河内,14,1,市立東大阪医療センター,東大阪市
R7,27,大阪府,2704,中河内,R7-2704-15,2704大阪府中河内,15,2,医療法人徳洲会八尾徳洲会総合病院,八尾市
R7,27,大阪府,2704,中河内,R7-2704-16,2704大阪府中河内,16,3,八尾市立病院,八尾市
R7,27,大阪府,2704,中河内,R7-2704-17,2704大阪府中河内,17,4,医療法人藤井会 石切生喜病院,東大阪市
R7,27,大阪府,2704,中河内,R7-2704-18,2704大阪府中河内,18,5,医療法人河内友紘会河内総合病院,東大阪市
R7,27,大阪府,2704,中河内,R7-2704-19,2704大阪府中河内,19,6,医真会八尾総合病院,八尾市
R7,27,大阪府,2704,中河内,R7-2704-20,2704大阪府中河内,20,7,医療法人仁風会牧野病院,東大阪市
R7,27,大阪府,2704,中河内,R7-2704-21,2704大阪府中河内,21,8,社会医療法人若弘会若草第一病院,東大阪市
R7,27,大阪府,2704,中河内,R7-2704-22,2704大阪府中河内,22,9,市立柏原病院,柏原市
R7,27,大阪府,2704,中河内,R7-2704-23,2704大阪府中河内,23,10,医療法人孟仁会東大阪山路病院,東大阪市
R7,27,大阪府,2704,中河内,R7-2704-24,2704大阪府中河内,24,11,医療法人藤井会　枚岡病院,東大阪市
R7,27,大阪府,2704,中河内,R7-2704-25,2704大阪府中河内,25,12,医療法人宝持会池田病院,東大阪市
R7,27,大阪府,2704,中河内,R7-2704-26,2704大阪府中河内,26,13,医療法人貴島会貴島病院本院,八尾市
R7,27,大阪府,2704,中河内,R7-2704-27,2704大阪府中河内,27,14,医療法人恵生会恵生会病院,東大阪市
R7,27,大阪府,2704,中河内,R7-2704-28,2704大阪府中河内,28,15,医療法人徳洲会厚生会第一病院,八尾市
R7,27,大阪府,2704,中河内,R7-2704-29,2704大阪府中河内,29,16,医療法人清和会ながはら病院,東大阪市
R7,27,大阪府,2704,中河内,R7-2704-30,2704大阪府中河内,30,17,医療法人寿山会喜馬病院,東大阪市
R7,27,大阪府,2704,中河内,R7-2704-31,2704大阪府中河内,31,18,医真会八尾リハビリテーション病院,八尾市
R7,27,大阪府,2704,中河内,R7-2704-32,2704大阪府中河内,32,19,八尾はぁとふる病院,八尾市
R7,27,大阪府,2704,中河内,R7-2704-33,2704大阪府中河内,33,20,医療法人藤井会藤井会リハビリテーション病院,東大阪市
R7,27,大阪府,2704,中河内,R7-2704-34,2704大阪府中河内,34,21,医療法人康生会弥刀中央病院,東大阪市
R7,27,大阪府,2704,中河内,R7-2704-35,2704大阪府中河内,35,22,医療法人徳洲会東大阪徳洲会病院,東大阪市
R7,27,大阪府,2704,中河内,R7-2704-36,2704大阪府中河内,36,23,医療法人貴医会貴島中央病院,八尾市
R7,27,大阪府,2704,中河内,R7-2704-37,2704大阪府中河内,37,24,医療福祉生活協同組合おおさか 東大阪生協病院,東大阪市
R7,27,大阪府,2704,中河内,R7-2704-38,2704大阪府中河内,38,25,医療法人社団丸山会八戸の里病院,東大阪市
R7,27,大阪府,2704,中河内,R7-2704-39,2704大阪府中河内,39,26,医療法人桜希会東朋八尾病院,八尾市
R7,27,大阪府,2704,中河内,R7-2704-40,2704大阪府中河内,40,27,医療法人渡辺会渡辺病院,東大阪市
R7,27,大阪府,2704,中河内,R7-2704-41,2704大阪府中河内,41,28,医療法人竹村医学研究会(財団)小阪産病院,東大阪市
R7,27,大阪府,2704,中河内,R7-2704-42,2704大阪府中河内,42,29,医療法人徳洲会全南病院,柏原市
R7,27,大阪府,2704,中河内,R7-2704-43,2704大阪府中河内,43,30,医療法人仁悠会辻野病院,八尾市
R7,27,大阪府,2704,中河内,R7-2704-44,2704大阪府中河内,44,31,大阪府立中河内救命救急センター,東大阪市
R7,27,大阪府,2704,中河内,R7-2704-45,2704大阪府中河内,45,32,医療法人社団松下会　松下内科リハビリクリニック,東大阪市
R7,27,大阪府,2704,中河内,R7-2704-46,2704大阪府中河内,46,33,医療法人阪本医院,八尾市
R7,27,大阪府,2704,中河内,R7-2704-47,2704大阪府中河内,47,34,医療法人永光会新井クリニック,八尾市
R7,27,大阪府,2704,中河内,R7-2704-48,2704大阪府中河内,48,35,医療法人博山会山口産婦人科,八尾市
R7,27,大阪府,2704,中河内,R7-2704-49,2704大阪府中河内,49,36,東大阪市立障害児者支援センター内診療所,東大阪市
R7,27,大阪府,2704,中河内,R7-2704-50,2704大阪府中河内,50,37,医療法人正木産婦人科,八尾市
R7,27,大阪府,2704,中河内,R7-2704-51,2704大阪府中河内,51,38,中島産科婦人科,八尾市
R7,27,大阪府,2704,中河内,R7-2704-52,2704大阪府中河内,52,39,医療法人深緑会田邊整形外科医院,東大阪市
R7,27,大阪府,2704,中河内,R7-2704-53,2704大阪府中河内,53,40,医療法人清祥会大間知クリニック,東大阪市
R7,27,大阪府,2704,中河内,R7-2704-54,2704大阪府中河内,54,41,医療法人豊田外科内科診療所,八尾市
R7,27,大阪府,2704,中河内,R7-2704-55,2704大阪府中河内,55,42,なかじまレディースクリニック,八尾市
R7,27,大阪府,2704,中河内,R7-2704-56,2704大阪府中河内,56,43,松本クリニック,
R7,27,大阪府,2704,中河内,R7-2704-57,2704大阪府中河内,57,44,萩原クリニック,
R7,27,大阪府,2705,南河内,R7-2705-14,2705大阪府南河内,14,1,近畿大学病院,大阪狭山市
R7,27,大阪府,2705,南河内,R7-2705-15,2705大阪府南河内,15,2,独立行政法人国立病院機構大阪南医療センター,河内長野市
R7,27,大阪府,2705,南河内,R7-2705-16,2705大阪府南河内,16,3,医療法人宝生会ＰＬ病院,富田林市
R7,27,大阪府,2705,南河内,R7-2705-17,2705大阪府南河内,17,4,地方独立行政法人大阪府立病院機構大阪はびきの医療センター,羽曳野市
R7,27,大阪府,2705,南河内,R7-2705-18,2705大阪府南河内,18,5,医療法人恒昭会青葉丘病院,大阪狭山市
R7,27,大阪府,2705,南河内,R7-2705-19,2705大阪府南河内,19,6,医療法人春秋会城山病院,羽曳野市
R7,27,大阪府,2705,南河内,R7-2705-20,2705大阪府南河内,20,7,老寿やすらぎ病院,河内長野市
R7,27,大阪府,2705,南河内,R7-2705-21,2705大阪府南河内,21,8,医療法人愛幸会天仁病院,羽曳野市
R7,27,大阪府,2705,南河内,R7-2705-22,2705大阪府南河内,22,9,社会福祉法人恩賜財団大阪府済生会富田林病院,富田林市
R7,27,大阪府,2705,南河内,R7-2705-23,2705大阪府南河内,23,10,医療法人徳洲会松原徳洲会病院,松原市
R7,27,大阪府,2705,南河内,R7-2705-24,2705大阪府南河内,24,11,阪南中央病院,松原市
R7,27,大阪府,2705,南河内,R7-2705-25,2705大阪府南河内,25,12,医療法人樫本会樫本病院,大阪狭山市
R7,27,大阪府,2705,南河内,R7-2705-26,2705大阪府南河内,26,13,医療法人颯仁会しらとり病院,羽曳野市
R7,27,大阪府,2705,南河内,R7-2705-27,2705大阪府南河内,27,14,医療法人昌円会高村病院,羽曳野市
R7,27,大阪府,2705,南河内,R7-2705-28,2705大阪府南河内,28,15,医療法人生登会　寺元記念病院,河内長野市
R7,27,大阪府,2705,南河内,R7-2705-29,2705大阪府南河内,29,16,社会医療法人垣谷会明治橋病院,松原市
R7,27,大阪府,2705,南河内,R7-2705-30,2705大阪府南河内,30,17,社会医療法人さくら会さくら会病院,大阪狭山市
R7,27,大阪府,2705,南河内,R7-2705-31,2705大阪府南河内,31,18,医療法人生登会てらもと医療リハビリ病院,河内長野市
R7,27,大阪府,2705,南河内,R7-2705-32,2705大阪府南河内,32,19,医療法人ラポール会青山病院,藤井寺市
R7,27,大阪府,2705,南河内,R7-2705-33,2705大阪府南河内,33,20,医療法人敬任会南河内おか病院,河内長野市
R7,27,大阪府,2705,南河内,R7-2705-34,2705大阪府南河内,34,21,医療法人正雅会辻本病院,大阪狭山市
R7,27,大阪府,2705,南河内,R7-2705-35,2705大阪府南河内,35,22,医療法人博我会滝谷病院,河内長野市
R7,27,大阪府,2705,南河内,R7-2705-36,2705大阪府南河内,36,23,運動器ケア しまだ病院,羽曳野市
R7,27,大阪府,2705,南河内,R7-2705-37,2705大阪府南河内,37,24,医療法人恒尚会兵田病院,大阪狭山市
R7,27,大阪府,2705,南河内,R7-2705-38,2705大阪府南河内,38,25,医療法人邦英会寺下病院,松原市
R7,27,大阪府,2705,南河内,R7-2705-39,2705大阪府南河内,39,26,医療法人　孝仁会　澤田病院,河内長野市
R7,27,大阪府,2705,南河内,R7-2705-40,2705大阪府南河内,40,27,医療法人正清会金剛病院,富田林市
R7,27,大阪府,2705,南河内,R7-2705-41,2705大阪府南河内,41,28,医療法人ラポール会青山藤ヶ丘病院,藤井寺市
R7,27,大阪府,2705,南河内,R7-2705-42,2705大阪府南河内,42,29,社会福祉法人恩徳福祉会青山第二病院,河内長野市
R7,27,大阪府,2705,南河内,R7-2705-43,2705大阪府南河内,43,30,社会福祉法人 大阪府障害者福祉事業団 すくよか,富田林市
R7,27,大阪府,2705,南河内,R7-2705-44,2705大阪府南河内,44,31,一般財団法人成研会結のぞみ病院,富田林市
R7,27,大阪府,2705,南河内,R7-2705-45,2705大阪府南河内,45,32,医療法人ラポール会青山脳神経外科病院,藤井寺市
R7,27,大阪府,2705,南河内,R7-2705-46,2705大阪府南河内,46,33,富田林田中病院,富田林市
R7,27,大阪府,2705,南河内,R7-2705-47,2705大阪府南河内,47,34,医療法人昭仁会小川外科,富田林市
R7,27,大阪府,2705,南河内,R7-2705-48,2705大阪府南河内,48,35,医療法人OST伊藤クリニック,松原市
R7,27,大阪府,2705,南河内,R7-2705-49,2705大阪府南河内,49,36,医療法人真世会佐井胃腸科肛門科,藤井寺市
R7,27,大阪府,2705,南河内,R7-2705-50,2705大阪府南河内,50,37,医療法人柏友会柏友千代田クリニック,河内長野市
R7,27,大阪府,2705,南河内,R7-2705-51,2705大阪府南河内,51,38,医療法人澤井産婦人科澤井レディースクリニック,富田林市
R7,27,大阪府,2705,南河内,R7-2705-52,2705大阪府南河内,52,39,医療法人光仁幸会西本産婦人科,松原市
R7,27,大阪府,2705,南河内,R7-2705-53,2705大阪府南河内,53,40,医療法人平成会平松産婦人科クリニック,藤井寺市
R7,27,大阪府,2705,南河内,R7-2705-54,2705大阪府南河内,54,41,ナカノレディスクリニック,河内長野市
R7,27,大阪府,2705,南河内,R7-2705-55,2705大阪府南河内,55,42,医療法人上島医院,大阪狭山市
R7,27,大阪府,2705,南河内,R7-2705-56,2705大阪府南河内,56,43,四天王寺和らぎ苑,
R7,27,大阪府,2706,堺市,R7-2706-14,2706大阪府堺市,14,1,医療法人錦秀会阪和第一泉北病院,堺市南区
R7,27,大阪府,2706,堺市,R7-2706-15,2706大阪府堺市,15,2,医療法人錦秀会阪和第二泉北病院,堺市中区
R7,27,大阪府,2706,堺市,R7-2706-16,2706大阪府堺市,16,3,独立行政法人労働者健康安全機構大阪労災病院,堺市北区
R7,27,大阪府,2706,堺市,R7-2706-17,2706大阪府堺市,17,4,堺市立総合医療センター,堺市西区
R7,27,大阪府,2706,堺市,R7-2706-18,2706大阪府堺市,18,5,ベルランド総合病院,堺市中区
R7,27,大阪府,2706,堺市,R7-2706-19,2706大阪府堺市,19,6,耳原総合病院,堺市堺区
R7,27,大阪府,2706,堺市,R7-2706-20,2706大阪府堺市,20,7,清恵会病院,堺市堺区
R7,27,大阪府,2706,堺市,R7-2706-21,2706大阪府堺市,21,8,独立行政法人国立病院機構近畿中央呼吸器センター,堺市北区
R7,27,大阪府,2706,堺市,R7-2706-22,2706大阪府堺市,22,9,社会医療法人ペガサス馬場記念病院,堺市西区
R7,27,大阪府,2706,堺市,R7-2706-23,2706大阪府堺市,23,10,医療法人恵泉会堺平成病院,堺市中区
R7,27,大阪府,2706,堺市,R7-2706-24,2706大阪府堺市,24,11,医療法人恒進會泉北陣内病院,堺市南区
R7,27,大阪府,2706,堺市,R7-2706-25,2706大阪府堺市,25,12,社会医療法人清恵会　清恵会三宝病院,堺市堺区
R7,27,大阪府,2706,堺市,R7-2706-26,2706大阪府堺市,26,13,公益財団法人浅香山病院,堺市堺区
R7,27,大阪府,2706,堺市,R7-2706-27,2706大阪府堺市,27,14,社会医療法人頌徳会日野病院,堺市東区
R7,27,大阪府,2706,堺市,R7-2706-28,2706大阪府堺市,28,15,医療法人紀和会正風病院,堺市北区
R7,27,大阪府,2706,堺市,R7-2706-29,2706大阪府堺市,29,16,ベルピアノ病院,堺市西区
R7,27,大阪府,2706,堺市,R7-2706-30,2706大阪府堺市,30,17,社会医療法人啓仁会堺咲花病院,堺市南区
R7,27,大阪府,2706,堺市,R7-2706-31,2706大阪府堺市,31,18,堺若葉会病院,堺市北区
R7,27,大阪府,2706,堺市,R7-2706-32,2706大阪府堺市,32,19,医療法人暁美会田中病院,堺市美原区
R7,27,大阪府,2706,堺市,R7-2706-33,2706大阪府堺市,33,20,医療法人杏林会金岡病院,堺市北区
R7,27,大阪府,2706,堺市,R7-2706-34,2706大阪府堺市,34,21,南堺病院,堺市中区
R7,27,大阪府,2706,堺市,R7-2706-35,2706大阪府堺市,35,22,社会医療法人ペガサスペガサスリハビリテーション病院,堺市西区
R7,27,大阪府,2706,堺市,R7-2706-36,2706大阪府堺市,36,23,医療法人以和貴会 北条病院,堺市北区
R7,27,大阪府,2706,堺市,R7-2706-37,2706大阪府堺市,37,24,医療法人いずみ会阪堺病院,堺市堺区
R7,27,大阪府,2706,堺市,R7-2706-38,2706大阪府堺市,38,25,医療法人方佑会植木病院,堺市北区
R7,27,大阪府,2706,堺市,R7-2706-39,2706大阪府堺市,39,26,医療法人 邦徳会 邦和病院,堺市中区
R7,27,大阪府,2706,堺市,R7-2706-40,2706大阪府堺市,40,27,医療法人生和会堺リハビリテーション病院,堺市北区
R7,27,大阪府,2706,堺市,R7-2706-41,2706大阪府堺市,41,28,医療法人紀陽会田仲北野田病院,堺市東区
R7,27,大阪府,2706,堺市,R7-2706-42,2706大阪府堺市,42,29,医療法人朝日会朝日会病院,堺市堺区
R7,27,大阪府,2706,堺市,R7-2706-43,2706大阪府堺市,43,30,吉川病院,堺市北区
R7,27,大阪府,2706,堺市,R7-2706-44,2706大阪府堺市,44,31,医療法人藤田好生会堺フジタ病院,堺市中区
R7,27,大阪府,2706,堺市,R7-2706-45,2706大阪府堺市,45,32,医療法人慈友会堺山口病院,堺市堺区
R7,27,大阪府,2706,堺市,R7-2706-46,2706大阪府堺市,46,33,堺市立重症心身障害者（児）支援センター,堺市堺区
R7,27,大阪府,2706,堺市,R7-2706-47,2706大阪府堺市,47,34,タマダ病院,堺市北区
R7,27,大阪府,2706,堺市,R7-2706-48,2706大阪府堺市,48,35,医療法人良秀会泉北藤井病院,堺市南区
R7,27,大阪府,2706,堺市,R7-2706-49,2706大阪府堺市,49,36,医療法人淳康会堺近森病院,堺市堺区
R7,27,大阪府,2706,堺市,R7-2706-50,2706大阪府堺市,50,37,医療法人達瑛会鳳胃腸病院,堺市西区
R7,27,大阪府,2706,堺市,R7-2706-51,2706大阪府堺市,51,38,医療法人大泉会大仙病院,堺市西区
R7,27,大阪府,2706,堺市,R7-2706-52,2706大阪府堺市,52,39,医療法人平治会KAWAレディースクリニック,堺市南区
R7,27,大阪府,2706,堺市,R7-2706-53,2706大阪府堺市,53,40,医療法人平治会大田クリニック,堺市北区
R7,27,大阪府,2706,堺市,R7-2706-54,2706大阪府堺市,54,41,医療法人葵阪会フラワーベルクリニック,堺市東区
R7,27,大阪府,2706,堺市,R7-2706-55,2706大阪府堺市,55,42,医療法人赤井マタニティクリニック,堺市南区
R7,27,大阪府,2706,堺市,R7-2706-56,2706大阪府堺市,56,43,医療法人大平産婦人科,堺市南区
R7,27,大阪府,2706,堺市,R7-2706-57,2706大阪府堺市,57,44,医療法人山藤外科,堺市南区
R7,27,大阪府,2706,堺市,R7-2706-58,2706大阪府堺市,58,45,医療法人 NINE NETWORK 竹山レディースクリニック,堺市南区
R7,27,大阪府,2706,堺市,R7-2706-59,2706大阪府堺市,59,46,医療法人浜中産婦人科,堺市南区
R7,27,大阪府,2706,堺市,R7-2706-60,2706大阪府堺市,60,47,医療法人桜音会野崎レディースクリニック,堺市北区
R7,27,大阪府,2706,堺市,R7-2706-61,2706大阪府堺市,61,48,医療法人雄徳会たつみクリニック,堺市西区
R7,27,大阪府,2706,堺市,R7-2706-62,2706大阪府堺市,62,49,山本産婦人科,堺市南区
R7,27,大阪府,2706,堺市,R7-2706-63,2706大阪府堺市,63,50,医療法人甲潤会　なかもず女性クリニックヤギ,堺市北区
R7,27,大阪府,2706,堺市,R7-2706-64,2706大阪府堺市,64,51,医療法人千世会清水レディースクリニック,堺市堺区
R7,27,大阪府,2706,堺市,R7-2706-65,2706大阪府堺市,65,52,徳川レディースクリニック,堺市西区
R7,27,大阪府,2706,堺市,R7-2706-66,2706大阪府堺市,66,53,坂本産婦人科・小児科・内科,
R7,27,大阪府,2706,堺市,R7-2706-67,2706大阪府堺市,67,54,南大阪蔦耳鼻咽喉科,
R7,27,大阪府,2707,泉州,R7-2707-14,2707大阪府泉州,14,1,市立岸和田市民病院,岸和田市
R7,27,大阪府,2707,泉州,R7-2707-15,2707大阪府泉州,15,2,医療法人徳洲会岸和田徳洲会病院,岸和田市
R7,27,大阪府,2707,泉州,R7-2707-16,2707大阪府泉州,16,3,りんくう総合医療センター,泉佐野市
R7,27,大阪府,2707,泉州,R7-2707-17,2707大阪府泉州,17,4,地方独立行政法人大阪府立病院機構大阪母子医療センター,和泉市
R7,27,大阪府,2707,泉州,R7-2707-18,2707大阪府泉州,18,5,医療法人良秀会藤井病院,岸和田市
R7,27,大阪府,2707,泉州,R7-2707-19,2707大阪府泉州,19,6,医療法人守田会いぶきの病院,和泉市
R7,27,大阪府,2707,泉州,R7-2707-20,2707大阪府泉州,20,7,和泉市立総合医療センター,和泉市
R7,27,大阪府,2707,泉州,R7-2707-21,2707大阪府泉州,21,8,医療法人誠人会与田病院,岬町
R7,27,大阪府,2707,泉州,R7-2707-22,2707大阪府泉州,22,9,泉大津急性期メディカルセンター,泉大津市
R7,27,大阪府,2707,泉州,R7-2707-23,2707大阪府泉州,23,10,医療法人宝山会小南記念病院,岸和田市
R7,27,大阪府,2707,泉州,R7-2707-24,2707大阪府泉州,24,11,医療法人康生会泉佐野優人会病院,泉佐野市
R7,27,大阪府,2707,泉州,R7-2707-25,2707大阪府泉州,25,12,社会福祉法人　寺田萬寿会　寺田萬寿病院,岸和田市
R7,27,大阪府,2707,泉州,R7-2707-26,2707大阪府泉州,26,13,市立貝塚病院,貝塚市
R7,27,大阪府,2707,泉州,R7-2707-27,2707大阪府泉州,27,14,医療法人大植会葛城病院,岸和田市
R7,27,大阪府,2707,泉州,R7-2707-28,2707大阪府泉州,28,15,永山病院,熊取町
R7,27,大阪府,2707,泉州,R7-2707-29,2707大阪府泉州,29,16,医療法人良秀会高石藤井病院,高石市
R7,27,大阪府,2707,泉州,R7-2707-30,2707大阪府泉州,30,17,社会医療法人生長会阪南市民病院,阪南市
R7,27,大阪府,2707,泉州,R7-2707-31,2707大阪府泉州,31,18,医療法人晴心会野上病院,泉南市
R7,27,大阪府,2707,泉州,R7-2707-32,2707大阪府泉州,32,19,和泉南病院,泉南市
R7,27,大阪府,2707,泉州,R7-2707-33,2707大阪府泉州,33,20,医療法人えいしん会岸和田リハビリテーション病院,岸和田市
R7,27,大阪府,2707,泉州,R7-2707-34,2707大阪府泉州,34,21,一般財団法人岸和田農友協会岸和田平成病院,岸和田市
R7,27,大阪府,2707,泉州,R7-2707-35,2707大阪府泉州,35,22,医療法人聖志会渡辺病院,岸和田市
R7,27,大阪府,2707,泉州,R7-2707-36,2707大阪府泉州,36,23,医療法人琴仁会光生病院,和泉市
R7,27,大阪府,2707,泉州,R7-2707-37,2707大阪府泉州,37,24,医療法人穂仁会原病院,泉大津市
R7,27,大阪府,2707,泉州,R7-2707-38,2707大阪府泉州,38,25,泉大津市立周産期小児医療センター,泉大津市
R7,27,大阪府,2707,泉州,R7-2707-39,2707大阪府泉州,39,26,社会医療法人慈薫会河崎病院,貝塚市
R7,27,大阪府,2707,泉州,R7-2707-40,2707大阪府泉州,40,27,医療法人交詢医会大阪リハビリテーション病院,阪南市
R7,27,大阪府,2707,泉州,R7-2707-41,2707大阪府泉州,41,28,医療法人新仁会新仁会病院,和泉市
R7,27,大阪府,2707,泉州,R7-2707-42,2707大阪府泉州,42,29,りんくう永山病院,泉佐野市
R7,27,大阪府,2707,泉州,R7-2707-43,2707大阪府泉州,43,30,医療法人医進会高石加茂病院,高石市
R7,27,大阪府,2707,泉州,R7-2707-44,2707大阪府泉州,44,31,府中病院,和泉市
R7,27,大阪府,2707,泉州,R7-2707-45,2707大阪府泉州,45,32,社会医療法人栄公会佐野記念病院,泉佐野市
R7,27,大阪府,2707,泉州,R7-2707-46,2707大阪府泉州,46,33,医療法人功徳会泉南泉南大阪晴愛病院,泉南市
R7,27,大阪府,2707,泉州,R7-2707-47,2707大阪府泉州,47,34,社会医療法人啓仁会咲花病院,和泉市
R7,27,大阪府,2707,泉州,R7-2707-48,2707大阪府泉州,48,35,医療法人阪南会天の川病院,岸和田市
R7,27,大阪府,2707,泉州,R7-2707-49,2707大阪府泉州,49,36,医療法人博我会高石病院,高石市
R7,27,大阪府,2707,泉州,R7-2707-50,2707大阪府泉州,50,37,医療法人ふれ愛の杜みどり病院,岸和田市
R7,27,大阪府,2707,泉州,R7-2707-51,2707大阪府泉州,51,38,医療法人徳洲会東佐野病院,泉佐野市
R7,27,大阪府,2707,泉州,R7-2707-52,2707大阪府泉州,52,39,医療法人白卯会白井病院,泉南市
R7,27,大阪府,2707,泉州,R7-2707-53,2707大阪府泉州,53,40,玉井病院,阪南市
R7,27,大阪府,2707,泉州,R7-2707-54,2707大阪府泉州,54,41,医療法人桂信会羽原病院,泉佐野市
R7,27,大阪府,2707,泉州,R7-2707-55,2707大阪府泉州,55,42,医療法人功徳会大阪晴愛病院,泉南市
R7,27,大阪府,2707,泉州,R7-2707-56,2707大阪府泉州,56,43,医療法人社団柴田会久米田外科整形外科病院,岸和田市
R7,27,大阪府,2707,泉州,R7-2707-57,2707大阪府泉州,57,44,医療法人晋救館和田病院,岸和田市
R7,27,大阪府,2707,泉州,R7-2707-58,2707大阪府泉州,58,45,医療法人良秀会泉南藤井病院,泉佐野市
R7,27,大阪府,2707,泉州,R7-2707-59,2707大阪府泉州,59,46,医療法人青松記念病院,泉佐野市
R7,27,大阪府,2707,泉州,R7-2707-60,2707大阪府泉州,60,47,医療法人河和会河和会病院,和泉市
R7,27,大阪府,2707,泉州,R7-2707-61,2707大阪府泉州,61,48,医療法人吉川會吉川病院,泉大津市
R7,27,大阪府,2707,泉州,R7-2707-62,2707大阪府泉州,62,49,医療法人徳洲会　貝塚記念病院,貝塚市
R7,27,大阪府,2707,泉州,R7-2707-63,2707大阪府泉州,63,50,医療法人吉栄会吉川病院,岸和田市
R7,27,大阪府,2707,泉州,R7-2707-64,2707大阪府泉州,64,51,医療法人穂仁会聖祐病院,忠岡町
R7,27,大阪府,2707,泉州,R7-2707-65,2707大阪府泉州,65,52,医療法人泉秀会かわい病院,泉大津市
R7,27,大阪府,2707,泉州,R7-2707-66,2707大阪府泉州,66,53,医療法人定生会谷口病院,泉佐野市
R7,27,大阪府,2707,泉州,R7-2707-67,2707大阪府泉州,67,54,医療法人積善会高橋病院,貝塚市
R7,27,大阪府,2707,泉州,R7-2707-68,2707大阪府泉州,68,55,医療法人育生会奥村病院,和泉市
R7,27,大阪府,2707,泉州,R7-2707-69,2707大阪府泉州,69,56,社会福祉法人恩賜財団大阪府済生会新泉南病院,泉南市
R7,27,大阪府,2707,泉州,R7-2707-70,2707大阪府泉州,70,57,医療法人龍志会ＩＧＴクリニック,泉佐野市
R7,27,大阪府,2707,泉州,R7-2707-71,2707大阪府泉州,71,58,のがみ泉州リハビリテーションクリニック,泉南市
R7,27,大阪府,2707,泉州,R7-2707-72,2707大阪府泉州,72,59,医療法人なぎさ会第二なぎさクリニック,阪南市
R7,27,大阪府,2707,泉州,R7-2707-73,2707大阪府泉州,73,60,医療法人藪下脳神経外科・内科,阪南市
R7,27,大阪府,2707,泉州,R7-2707-74,2707大阪府泉州,74,61,医療法人社団EMIFULLただおかメディカルクリニック,忠岡町
R7,27,大阪府,2707,泉州,R7-2707-75,2707大阪府泉州,75,62,医療法人尚生会貝塚西出クリニック,貝塚市
R7,27,大阪府,2707,泉州,R7-2707-76,2707大阪府泉州,76,63,医療法人良秀会高石コミュニティクリニック,高石市
R7,27,大阪府,2707,泉州,R7-2707-77,2707大阪府泉州,77,64,高石市立診療センター,高石市
R7,27,大阪府,2707,泉州,R7-2707-78,2707大阪府泉州,78,65,医療法人清名台外科,貝塚市
R7,27,大阪府,2707,泉州,R7-2707-79,2707大阪府泉州,79,66,医療法人聖愛会よしざきクリニック,和泉市
R7,27,大阪府,2707,泉州,R7-2707-80,2707大阪府泉州,80,67,医療法人笠松産婦人科・小児科,阪南市
R7,27,大阪府,2707,泉州,R7-2707-81,2707大阪府泉州,81,68,医療法人きらめき会ながまつレディースクリニック,阪南市
R7,27,大阪府,2707,泉州,R7-2707-82,2707大阪府泉州,82,69,医療法人秋桜会おさきマタニティクリニック,貝塚市
R7,27,大阪府,2707,泉州,R7-2707-83,2707大阪府泉州,83,70,医療法人あかね・レディースクリニック,貝塚市
R7,27,大阪府,2707,泉州,R7-2707-84,2707大阪府泉州,84,71,医療法人hi-mex耳鼻咽喉科サージクリニック老木医院,和泉市
R7,27,大阪府,2707,泉州,R7-2707-85,2707大阪府泉州,85,72,医療法人和泉会和泉丘病院,和泉市
R7,27,大阪府,2707,泉州,R7-2707-86,2707大阪府泉州,86,73,医療法人沢田レディースクリニック,高石市
R7,27,大阪府,2707,泉州,R7-2707-87,2707大阪府泉州,87,74,医療法人聖愛会聖愛クリニック,泉佐野市
R7,27,大阪府,2707,泉州,R7-2707-88,2707大阪府泉州,88,75,八木レディースクリニック,忠岡町
R7,27,大阪府,2707,泉州,R7-2707-89,2707大阪府泉州,89,76,清水レディースクリニック,泉大津市
R7,27,大阪府,2708,大阪市,R7-2708-14,2708大阪府大阪市,14,1,大阪市立総合医療センター,大阪市都島区
R7,27,大阪府,2708,大阪市,R7-2708-15,2708大阪府大阪市,15,2,大阪公立大学医学部附属病院,大阪市阿倍野区
R7,27,大阪府,2708,大阪市,R7-2708-16,2708大阪府大阪市,16,3,地方独立行政法人大阪府立病院機構大阪急性期・総合医療センター,大阪市住吉区
R7,27,大阪府,2708,大阪市,R7-2708-17,2708大阪府大阪市,17,4,大阪赤十字病院,大阪市天王寺区
R7,27,大阪府,2708,大阪市,R7-2708-18,2708大阪府大阪市,18,5,公益財団法人田附興風会医学研究所北野病院,大阪市北区
R7,27,大阪府,2708,大阪市,R7-2708-19,2708大阪府大阪市,19,6,社会医療法人大阪国際メディカル＆サイエンスセンター　大阪警察病院,大阪市天王寺区
R7,27,大阪府,2708,大阪市,R7-2708-20,2708大阪府大阪市,20,7,独立行政法人国立病院機構大阪医療センター,大阪市中央区
R7,27,大阪府,2708,大阪市,R7-2708-21,2708大阪府大阪市,21,8,宗教法人在日本南プレスビテリアンミッション淀川キリスト教病院,大阪市東淀川区
R7,27,大阪府,2708,大阪市,R7-2708-22,2708大阪府大阪市,22,9,社会福祉法人恩賜財団済生会支部大阪府済生会中津病院,大阪市北区
R7,27,大阪府,2708,大阪市,R7-2708-23,2708大阪府大阪市,23,10,医療法人医誠会医誠会国際総合病院,大阪市北区
R7,27,大阪府,2708,大阪市,R7-2708-24,2708大阪府大阪市,24,11,独立行政法人地域医療機能推進機構大阪病院,大阪市福島区
R7,27,大阪府,2708,大阪市,R7-2708-25,2708大阪府大阪市,25,12,地方独立行政法人大阪府立病院機構大阪国際がんセンター,大阪市中央区
R7,27,大阪府,2708,大阪市,R7-2708-26,2708大阪府大阪市,26,13,一般財団法人住友病院,大阪市北区
R7,27,大阪府,2708,大阪市,R7-2708-27,2708大阪府大阪市,27,14,医療法人錦秀会阪和記念病院,大阪市住吉区
R7,27,大阪府,2708,大阪市,R7-2708-28,2708大阪府大阪市,28,15,社会福祉法人大阪暁明館大阪暁明館病院,大阪市此花区
R7,27,大阪府,2708,大阪市,R7-2708-29,2708大阪府大阪市,29,16,社会福祉法人恩賜財団済生会支部大阪府済生会泉尾病院,大阪市大正区
R7,27,大阪府,2708,大阪市,R7-2708-30,2708大阪府大阪市,30,17,医療法人錦秀会阪和病院,大阪市住吉区
R7,27,大阪府,2708,大阪市,R7-2708-31,2708大阪府大阪市,31,18,国家公務員共済組合連合会大手前病院,大阪市中央区
R7,27,大阪府,2708,大阪市,R7-2708-32,2708大阪府大阪市,32,19,社会医療法人景岳会南大阪病院,大阪市住之江区
R7,27,大阪府,2708,大阪市,R7-2708-33,2708大阪府大阪市,33,20,社会福祉法人恩賜財団大阪府済生会野江病院,大阪市城東区
R7,27,大阪府,2708,大阪市,R7-2708-34,2708大阪府大阪市,34,21,関西電力株式会社関西電力病院,大阪市福島区
R7,27,大阪府,2708,大阪市,R7-2708-35,2708大阪府大阪市,35,22,社会医療法人大道会森之宮病院,大阪市城東区
R7,27,大阪府,2708,大阪市,R7-2708-36,2708大阪府大阪市,36,23,公益財団法人日本生命済生会日本生命病院,大阪市西区
R7,27,大阪府,2708,大阪市,R7-2708-37,2708大阪府大阪市,37,24,社会医療法人行岡医学研究会行岡病院,大阪市北区
R7,27,大阪府,2708,大阪市,R7-2708-38,2708大阪府大阪市,38,25,医療法人橘会東住吉森本病院,大阪市東住吉区
R7,27,大阪府,2708,大阪市,R7-2708-39,2708大阪府大阪市,39,26,医療法人寺西報恩会長吉総合病院,大阪市平野区
R7,27,大阪府,2708,大阪市,R7-2708-40,2708大阪府大阪市,40,27,社会医療法人山紀会山本第三病院,大阪市西成区
R7,27,大阪府,2708,大阪市,R7-2708-41,2708大阪府大阪市,41,28,社会医療法人愛仁会千船病院,大阪市西淀川区
R7,27,大阪府,2708,大阪市,R7-2708-42,2708大阪府大阪市,42,29,社会医療法人寿会富永病院,大阪市浪速区
R7,27,大阪府,2708,大阪市,R7-2708-43,2708大阪府大阪市,43,30,多根総合病院,大阪市西区
R7,27,大阪府,2708,大阪市,R7-2708-44,2708大阪府大阪市,44,31,西日本旅客鉄道株式会社大阪鉄道病院,大阪市阿倍野区
R7,27,大阪府,2708,大阪市,R7-2708-45,2708大阪府大阪市,45,32,医療法人嘉健会思温病院,大阪市西成区
R7,27,大阪府,2708,大阪市,R7-2708-46,2708大阪府大阪市,46,33,社会医療法人協和会加納総合病院,大阪市北区
R7,27,大阪府,2708,大阪市,R7-2708-47,2708大阪府大阪市,47,34,大阪回生病院,大阪市淀川区
R7,27,大阪府,2708,大阪市,R7-2708-48,2708大阪府大阪市,48,35,医療法人育和会育和会記念病院,大阪市生野区
R7,27,大阪府,2708,大阪市,R7-2708-49,2708大阪府大阪市,49,36,東大阪病院,大阪市城東区
R7,27,大阪府,2708,大阪市,R7-2708-50,2708大阪府大阪市,50,37,社会医療法人寿楽会大野記念病院,大阪市西区
R7,27,大阪府,2708,大阪市,R7-2708-51,2708大阪府大阪市,51,38,社会福祉法人石井記念愛染園附属愛染橋病院,大阪市浪速区
R7,27,大阪府,2708,大阪市,R7-2708-52,2708大阪府大阪市,52,39,独立行政法人地域医療機能推進機構大阪みなと中央病院,大阪市港区
R7,27,大阪府,2708,大阪市,R7-2708-53,2708大阪府大阪市,53,40,大阪市立十三市民病院,大阪市淀川区
R7,27,大阪府,2708,大阪市,R7-2708-54,2708大阪府大阪市,54,41,公益財団法人淀川勤労者厚生協会附属西淀病院,大阪市西淀川区
R7,27,大阪府,2708,大阪市,R7-2708-55,2708大阪府大阪市,55,42,多根第二病院,大阪市港区
R7,27,大阪府,2708,大阪市,R7-2708-56,2708大阪府大阪市,56,43,公益財団法人大阪労働衛生センター第一病院,大阪市西淀川区
R7,27,大阪府,2708,大阪市,R7-2708-57,2708大阪府大阪市,57,44,早石病院,大阪市天王寺区
R7,27,大阪府,2708,大阪市,R7-2708-58,2708大阪府大阪市,58,45,医療法人社団美咲会　えびえ記念病院,大阪市福島区
R7,27,大阪府,2708,大阪市,R7-2708-59,2708大阪府大阪市,59,46,医療法人錦秀会阪和第二住吉病院,大阪市住吉区
R7,27,大阪府,2708,大阪市,R7-2708-60,2708大阪府大阪市,60,47,医療法人同友会共和病院,大阪市生野区
R7,27,大阪府,2708,大阪市,R7-2708-61,2708大阪府大阪市,61,48,医療法人のぞみ会　新大阪病院,大阪市生野区
R7,27,大阪府,2708,大阪市,R7-2708-62,2708大阪府大阪市,62,49,医療法人朋愛会朋愛病院,大阪市東成区
R7,27,大阪府,2708,大阪市,R7-2708-63,2708大阪府大阪市,63,50,医療法人豊旺会共立病院,大阪市平野区
R7,27,大阪府,2708,大阪市,R7-2708-64,2708大阪府大阪市,64,51,医療法人愛壽会　愛壽記念病院,大阪市西成区
R7,27,大阪府,2708,大阪市,R7-2708-65,2708大阪府大阪市,65,52,医療法人相愛会相原第二病院,大阪市阿倍野区
R7,27,大阪府,2708,大阪市,R7-2708-66,2708大阪府大阪市,66,53,社会福祉法人四天王寺福祉事業団四天王寺病院,大阪市天王寺区
R7,27,大阪府,2708,大阪市,R7-2708-67,2708大阪府大阪市,67,54,医療法人ダイワ会大和中央病院,大阪市西成区
R7,27,大阪府,2708,大阪市,R7-2708-68,2708大阪府大阪市,68,55,社会医療法人明生会明生第二病院,大阪市東成区
R7,27,大阪府,2708,大阪市,R7-2708-69,2708大阪府大阪市,69,56,医療法人正和会協和病院,大阪市都島区
R7,27,大阪府,2708,大阪市,R7-2708-70,2708大阪府大阪市,70,57,医療法人五月会平野若葉会病院,大阪市平野区
R7,27,大阪府,2708,大阪市,R7-2708-71,2708大阪府大阪市,71,58,社会医療法人弘道会なにわ生野病院,大阪市浪速区
R7,27,大阪府,2708,大阪市,R7-2708-72,2708大阪府大阪市,72,59,医療法人讃和会友愛会病院,大阪市住之江区
R7,27,大阪府,2708,大阪市,R7-2708-73,2708大阪府大阪市,73,60,医療福祉生活協同組合おおさか　コープおおさか病院,大阪市鶴見区
R7,27,大阪府,2708,大阪市,R7-2708-74,2708大阪府大阪市,74,61,医療法人徳洲会正和病院,大阪市平野区
R7,27,大阪府,2708,大阪市,R7-2708-75,2708大阪府大阪市,75,62,医療法人若葉会淀川若葉会病院,大阪市東淀川区
R7,27,大阪府,2708,大阪市,R7-2708-76,2708大阪府大阪市,76,63,社会医療法人明生会明生病院,大阪市都島区
R7,27,大阪府,2708,大阪市,R7-2708-77,2708大阪府大阪市,77,64,医療法人桜希会東朋病院,大阪市都島区
R7,27,大阪府,2708,大阪市,R7-2708-78,2708大阪府大阪市,78,65,東和病院,大阪市東住吉区
R7,27,大阪府,2708,大阪市,R7-2708-79,2708大阪府大阪市,79,66,医療法人慈心会咲洲病院,大阪市住之江区
R7,27,大阪府,2708,大阪市,R7-2708-80,2708大阪府大阪市,80,67,医療法人貴和会生野中央病院,大阪市生野区
R7,27,大阪府,2708,大阪市,R7-2708-81,2708大阪府大阪市,81,68,医療法人正和会新協和病院,大阪市鶴見区
R7,27,大阪府,2708,大阪市,R7-2708-82,2708大阪府大阪市,82,69,医療法人彰療会大正病院,大阪市大正区
R7,27,大阪府,2708,大阪市,R7-2708-83,2708大阪府大阪市,83,70,医療法人伯鳳会大阪中央病院,大阪市北区
R7,27,大阪府,2708,大阪市,R7-2708-84,2708大阪府大阪市,84,71,社会医療法人緑風会 緑風会病院,大阪市平野区
R7,27,大阪府,2708,大阪市,R7-2708-85,2708大阪府大阪市,85,72,医療法人朝日会朝日生野病院,大阪市生野区
R7,27,大阪府,2708,大阪市,R7-2708-86,2708大阪府大阪市,86,73,社会医療法人杏樹会杏林記念病院,大阪市西成区
R7,27,大阪府,2708,大阪市,R7-2708-87,2708大阪府大阪市,87,74,公道会病院,大阪市東成区
R7,27,大阪府,2708,大阪市,R7-2708-88,2708大阪府大阪市,88,75,なにわ病院,大阪市浪速区
R7,27,大阪府,2708,大阪市,R7-2708-89,2708大阪府大阪市,89,76,医療法人慈心会あびこ病院,大阪市住吉区
R7,27,大阪府,2708,大阪市,R7-2708-90,2708大阪府大阪市,90,77,公益社団法人日本海員掖済会大阪掖済会病院,大阪市西区
R7,27,大阪府,2708,大阪市,R7-2708-91,2708大阪府大阪市,91,78,社会医療法人盛和会本田病院,大阪市鶴見区
R7,27,大阪府,2708,大阪市,R7-2708-92,2708大阪府大阪市,92,79,医療法人弘仁会まちだ胃腸病院,大阪市西成区
R7,27,大阪府,2708,大阪市,R7-2708-93,2708大阪府大阪市,93,80,医療法人尽生会聖和病院,大阪市都島区
R7,27,大阪府,2708,大阪市,R7-2708-94,2708大阪府大阪市,94,81,医療法人せいわ会大阪たつみリハビリテーション病院,大阪市生野区
R7,27,大阪府,2708,大阪市,R7-2708-95,2708大阪府大阪市,95,82,社会医療法人山紀会　山本第一病院,大阪市西成区
R7,27,大阪府,2708,大阪市,R7-2708-96,2708大阪府大阪市,96,83,社会福祉法人愛徳福祉会南大阪小児リハビリテーション病院,大阪市東住吉区
R7,27,大阪府,2708,大阪市,R7-2708-97,2708大阪府大阪市,97,84,医療法人守田会オりオノ病院,大阪市住吉区
R7,27,大阪府,2708,大阪市,R7-2708-98,2708大阪府大阪市,98,85,医療法人中本会中本病院,大阪市東成区
R7,27,大阪府,2708,大阪市,R7-2708-99,2708大阪府大阪市,99,86,貴生病院,大阪市淀川区
R7,27,大阪府,2708,大阪市,R7-2708-100,2708大阪府大阪市,100,87,医療法人同仁会松崎病院,大阪市生野区
R7,27,大阪府,2708,大阪市,R7-2708-101,2708大阪府大阪市,101,88,医療法人渡辺医学会桜橋渡辺未来医療病院,大阪市北区
R7,27,大阪府,2708,大阪市,R7-2708-102,2708大阪府大阪市,102,89,社会医療法人三宝会南港病院,大阪市住之江区
R7,27,大阪府,2708,大阪市,R7-2708-103,2708大阪府大阪市,103,90,北大阪医療生活協同組合十三病院,大阪市淀川区
R7,27,大阪府,2708,大阪市,R7-2708-104,2708大阪府大阪市,104,91,医療法人相生会相生病院,大阪市生野区
R7,27,大阪府,2708,大阪市,R7-2708-105,2708大阪府大阪市,105,92,医療法人正正会分野病院,大阪市都島区
R7,27,大阪府,2708,大阪市,R7-2708-106,2708大阪府大阪市,106,93,大阪整肢学院,大阪市北区
R7,27,大阪府,2708,大阪市,R7-2708-107,2708大阪府大阪市,107,94,医療法人京昭会ツヂ病院,大阪市都島区
R7,27,大阪府,2708,大阪市,R7-2708-108,2708大阪府大阪市,108,95,社会医療法人大道会ボバース記念病院,大阪市城東区
R7,27,大阪府,2708,大阪市,R7-2708-109,2708大阪府大阪市,109,96,医療法人啓信会大阪整形外科病院,大阪市福島区
R7,27,大阪府,2708,大阪市,R7-2708-110,2708大阪府大阪市,110,97,医療法人永寿会福島病院,大阪市旭区
R7,27,大阪府,2708,大阪市,R7-2708-111,2708大阪府大阪市,111,98,医療法人藤仁会藤立病院,大阪市旭区
R7,27,大阪府,2708,大阪市,R7-2708-112,2708大阪府大阪市,112,99,医療法人淀井病院,大阪市東住吉区
R7,27,大阪府,2708,大阪市,R7-2708-113,2708大阪府大阪市,113,100,社会福祉法人恩賜財団済生会支部大阪府済生会大阪北リハビリテーション病院,大阪市北区
R7,27,大阪府,2708,大阪市,R7-2708-114,2708大阪府大阪市,114,101,医療法人社団日翔会生野愛和病院,大阪市生野区
R7,27,大阪府,2708,大阪市,R7-2708-115,2708大阪府大阪市,115,102,医療法人仁真会白鷺病院,大阪市東住吉区
R7,27,大阪府,2708,大阪市,R7-2708-116,2708大阪府大阪市,116,103,医療法人弘善会矢木脳神経外科病院,大阪市東成区
R7,27,大阪府,2708,大阪市,R7-2708-117,2708大阪府大阪市,117,104,東淀川病院,大阪市淀川区
R7,27,大阪府,2708,大阪市,R7-2708-118,2708大阪府大阪市,118,105,医療法人邦和会　生野病院,大阪市生野区
R7,27,大阪府,2708,大阪市,R7-2708-119,2708大阪府大阪市,119,106,医療法人燦恵会首藤病院,大阪市福島区
R7,27,大阪府,2708,大阪市,R7-2708-120,2708大阪府大阪市,120,107,医療法人博悠会名取病院,大阪市西淀川区
R7,27,大阪府,2708,大阪市,R7-2708-121,2708大阪府大阪市,121,108,社会医療法人 ONE FLAG　おおさかグローバル整形外科病院,大阪市城東区
R7,27,大阪府,2708,大阪市,R7-2708-122,2708大阪府大阪市,122,109,一般社団法人津守病院,大阪市西成区
R7,27,大阪府,2708,大阪市,R7-2708-123,2708大阪府大阪市,123,110,大阪社会医療センター付属病院,大阪市西成区
R7,27,大阪府,2708,大阪市,R7-2708-124,2708大阪府大阪市,124,111,社会医療法人ささき会藍の都脳神経外科病院,大阪市鶴見区
R7,27,大阪府,2708,大阪市,R7-2708-125,2708大阪府大阪市,125,112,医療法人松仁会松井記念病院,大阪市平野区
R7,27,大阪府,2708,大阪市,R7-2708-126,2708大阪府大阪市,126,113,社会医療法人真美会大阪旭こども病院,大阪市旭区
R7,27,大阪府,2708,大阪市,R7-2708-127,2708大阪府大阪市,127,114,社会医療法人協和会北大阪病院,大阪市淀川区
R7,27,大阪府,2708,大阪市,R7-2708-128,2708大阪府大阪市,128,115,淀川平成病院,大阪市東淀川区
R7,27,大阪府,2708,大阪市,R7-2708-129,2708大阪府大阪市,129,116,社会医療法人ONE FLAG牧病院,大阪市旭区
R7,27,大阪府,2708,大阪市,R7-2708-130,2708大阪府大阪市,130,117,医療法人脳神経外科日本橋病院,大阪市中央区
R7,27,大阪府,2708,大阪市,R7-2708-131,2708大阪府大阪市,131,118,医療法人仁生会内藤病院,大阪市西区
R7,27,大阪府,2708,大阪市,R7-2708-132,2708大阪府大阪市,132,119,吉川病院,大阪市西区
R7,27,大阪府,2708,大阪市,R7-2708-133,2708大阪府大阪市,133,120,医療法人歓喜会辻外科リハビリテーション病院,大阪市天王寺区
R7,27,大阪府,2708,大阪市,R7-2708-134,2708大阪府大阪市,134,121,医療法人有光会サトウ病院,大阪市城東区
R7,27,大阪府,2708,大阪市,R7-2708-135,2708大阪府大阪市,135,122,医療法人穂翔会村田病院,大阪市生野区
R7,27,大阪府,2708,大阪市,R7-2708-136,2708大阪府大阪市,136,123,医療法人育生会三好病院,大阪市平野区
R7,27,大阪府,2708,大阪市,R7-2708-137,2708大阪府大阪市,137,124,医療法人松仁会明徳病院,大阪市旭区
R7,27,大阪府,2708,大阪市,R7-2708-138,2708大阪府大阪市,138,125,医療法人仁和会和田病院,大阪市鶴見区
R7,27,大阪府,2708,大阪市,R7-2708-139,2708大阪府大阪市,139,126,医療法人吉栄会吉栄会病院,大阪市生野区
R7,27,大阪府,2708,大阪市,R7-2708-140,2708大阪府大阪市,140,127,社会医療法人祐生会城北みどりケ丘病院,大阪市旭区
R7,27,大阪府,2708,大阪市,R7-2708-141,2708大阪府大阪市,141,128,医療法人義方会大津病院,大阪市此花区
R7,27,大阪府,2708,大阪市,R7-2708-142,2708大阪府大阪市,142,129,医療法人アエバ会アエバ外科病院,大阪市生野区
R7,27,大阪府,2708,大阪市,R7-2708-143,2708大阪府大阪市,143,130,医療法人康和会苗加病院,大阪市西淀川区
R7,27,大阪府,2708,大阪市,R7-2708-144,2708大阪府大阪市,144,131,医療法人成仁会成仁会病院,大阪市東淀川区
R7,27,大阪府,2708,大阪市,R7-2708-145,2708大阪府大阪市,145,132,帝塚山リハビリテーション病院,大阪市阿倍野区
R7,27,大阪府,2708,大阪市,R7-2708-146,2708大阪府大阪市,146,133,多根記念眼科病院,大阪市西区
R7,27,大阪府,2708,大阪市,R7-2708-147,2708大阪府大阪市,147,134,医療法人渡辺医学会桜橋渡辺リハビリテーション病院,大阪市北区
R7,27,大阪府,2708,大阪市,R7-2708-148,2708大阪府大阪市,148,135,医療法人新明会神原病院,大阪市都島区
R7,27,大阪府,2708,大阪市,R7-2708-149,2708大阪府大阪市,149,136,医療法人野中会東成病院,大阪市東成区
R7,27,大阪府,2708,大阪市,R7-2708-150,2708大阪府大阪市,150,137,医療法人財団厚生会高津病院,大阪市中央区
R7,27,大阪府,2708,大阪市,R7-2708-151,2708大阪府大阪市,151,138,医療法人恵彰会三和病院,大阪市鶴見区
R7,27,大阪府,2708,大阪市,R7-2708-152,2708大阪府大阪市,152,139,医療法人平心会大阪治験病院,大阪市淀川区
R7,27,大阪府,2708,大阪市,R7-2708-153,2708大阪府大阪市,153,140,医療法人橘会東住吉森本リハビリテーション病院,大阪市東住吉区
R7,27,大阪府,2708,大阪市,R7-2708-154,2708大阪府大阪市,154,141,医療法人生樹会浦上病院,大阪市西成区
R7,27,大阪府,2708,大阪市,R7-2708-155,2708大阪府大阪市,155,142,革島病院,大阪市淀川区
R7,27,大阪府,2708,大阪市,R7-2708-156,2708大阪府大阪市,156,143,社会医療法人三宝会平野東図書館前病院,大阪市平野区
R7,27,大阪府,2708,大阪市,R7-2708-157,2708大阪府大阪市,157,144,多根脳神経リハビリテーション病院,大阪市港区
R7,27,大阪府,2708,大阪市,R7-2708-158,2708大阪府大阪市,158,145,医療法人芥川会芥川病院,大阪市生野区
R7,27,大阪府,2708,大阪市,R7-2708-159,2708大阪府大阪市,159,146,医療法人豊旺会啓生病院,大阪市生野区
R7,27,大阪府,2708,大阪市,R7-2708-160,2708大阪府大阪市,160,147,医療法人生樹会渡辺病院,大阪市西成区
R7,27,大阪府,2708,大阪市,R7-2708-161,2708大阪府大阪市,161,148,医療法人誠真会関目病院,大阪市城東区
R7,27,大阪府,2708,大阪市,R7-2708-162,2708大阪府大阪市,162,149,医療法人 風早会 外科野﨑病院,大阪市東成区
R7,27,大阪府,2708,大阪市,R7-2708-163,2708大阪府大阪市,163,150,医療法人津樹会城東病院,大阪市鶴見区
R7,27,大阪府,2708,大阪市,R7-2708-164,2708大阪府大阪市,164,151,大楠病院,大阪市生野区
R7,27,大阪府,2708,大阪市,R7-2708-165,2708大阪府大阪市,165,152,医療法人優心会　優心会厚生病院,大阪市生野区
R7,27,大阪府,2708,大阪市,R7-2708-166,2708大阪府大阪市,166,153,医療法人恵登久会越川病院,大阪市阿倍野区
R7,27,大阪府,2708,大阪市,R7-2708-167,2708大阪府大阪市,167,154,社会医療法人明生会明生記念病院,大阪市都島区
R7,27,大阪府,2708,大阪市,R7-2708-168,2708大阪府大阪市,168,155,大阪歯科大学附属病院,大阪市中央区
R7,27,大阪府,2708,大阪市,R7-2708-169,2708大阪府大阪市,169,156,医療法人社団湯川胃腸病院,大阪市天王寺区
R7,27,大阪府,2708,大阪市,R7-2708-170,2708大阪府大阪市,170,157,医療法人藤田会フジタ病院,大阪市福島区
R7,27,大阪府,2708,大阪市,R7-2708-171,2708大阪府大阪市,171,158,医療法人高遼会高遼会病院,大阪市平野区
R7,27,大阪府,2708,大阪市,R7-2708-172,2708大阪府大阪市,172,159,社会福祉法人大阪福祉事業財団すみれ病院,大阪市城東区
R7,27,大阪府,2708,大阪市,R7-2708-173,2708大阪府大阪市,173,160,越宗整形外科病院,大阪市住吉区
R7,27,大阪府,2708,大阪市,R7-2708-174,2708大阪府大阪市,174,161,医療法人飯島会産科婦人科飯島病院,大阪市中央区
R7,27,大阪府,2708,大阪市,R7-2708-175,2708大阪府大阪市,175,162,医療法人仁志会西眼科病院,大阪市東成区
R7,27,大阪府,2708,大阪市,R7-2708-176,2708大阪府大阪市,176,163,医療法人西中医学会西中病院,大阪市東住吉区
R7,27,大阪府,2708,大阪市,R7-2708-177,2708大阪府大阪市,177,164,原田病院,大阪市中央区
R7,27,大阪府,2708,大阪市,R7-2708-178,2708大阪府大阪市,178,165,医療法人尚信会　整形外科河村医院,大阪市港区
R7,27,大阪府,2708,大阪市,R7-2708-179,2708大阪府大阪市,179,166,医療法人港南会金城外科脳神経外科,大阪市大正区
R7,27,大阪府,2708,大阪市,R7-2708-180,2708大阪府大阪市,180,167,医療法人金井産婦人科,大阪市城東区
R7,27,大阪府,2708,大阪市,R7-2708-181,2708大阪府大阪市,181,168,医療法人青洲会診療所,大阪市東住吉区
R7,27,大阪府,2708,大阪市,R7-2708-182,2708大阪府大阪市,182,169,医療法人オーク会オーク住吉産婦人科,大阪市西成区
R7,27,大阪府,2708,大阪市,R7-2708-183,2708大阪府大阪市,183,170,医療法人秀壮会秀壮会クリニック,大阪市淀川区
R7,27,大阪府,2708,大阪市,R7-2708-184,2708大阪府大阪市,184,171,大阪肛門科診療所,大阪市中央区
R7,27,大阪府,2708,大阪市,R7-2708-185,2708大阪府大阪市,185,172,医療法人清医会三上クリニック,大阪市城東区
R7,27,大阪府,2708,大阪市,R7-2708-186,2708大阪府大阪市,186,173,医療法人植田産婦人科,大阪市平野区
R7,27,大阪府,2708,大阪市,R7-2708-187,2708大阪府大阪市,187,174,医療法人味木会味木クリニック,大阪市生野区
R7,27,大阪府,2708,大阪市,R7-2708-188,2708大阪府大阪市,188,175,医療法人健正会浜崎医院,大阪市住之江区
R7,27,大阪府,2708,大阪市,R7-2708-189,2708大阪府大阪市,189,176,今里ハートクリニック,大阪市生野区
R7,27,大阪府,2708,大阪市,R7-2708-190,2708大阪府大阪市,190,177,医療法人神吉産婦人科,大阪市旭区
R7,27,大阪府,2708,大阪市,R7-2708-191,2708大阪府大阪市,191,178,医療法人増原クリニック,大阪市北区
R7,27,大阪府,2708,大阪市,R7-2708-192,2708大阪府大阪市,192,179,医療法人良仁会柴眼科医院,大阪市旭区
R7,27,大阪府,2708,大阪市,R7-2708-193,2708大阪府大阪市,193,180,医療法人三和会福田医院,大阪市城東区
R7,27,大阪府,2708,大阪市,R7-2708-194,2708大阪府大阪市,194,181,医療法人米田産婦人科,大阪市鶴見区
R7,27,大阪府,2708,大阪市,R7-2708-195,2708大阪府大阪市,195,182,小川産婦人科,大阪市平野区
R7,27,大阪府,2708,大阪市,R7-2708-196,2708大阪府大阪市,196,183,大正病院附属産婦人科クリニック,大阪市大正区
R7,27,大阪府,2708,大阪市,R7-2708-197,2708大阪府大阪市,197,184,医療法人貴誕会　ＥＮＡレディースクリニック,大阪市都島区
R7,27,大阪府,2708,大阪市,R7-2708-198,2708大阪府大阪市,198,185,医療法人英仁会大阪ブレストクリニック,大阪市福島区
R7,27,大阪府,2708,大阪市,R7-2708-199,2708大阪府大阪市,199,186,医療法人木本会鈴木産婦人科,大阪市此花区
R7,27,大阪府,2708,大阪市,R7-2708-200,2708大阪府大阪市,200,187,医療法人五常会浅野クリニック,大阪市西成区
R7,27,大阪府,2708,大阪市,R7-2708-201,2708大阪府大阪市,201,188,川島産婦人科クリニック,大阪市北区
R7,27,大阪府,2708,大阪市,R7-2708-202,2708大阪府大阪市,202,189,医療法人石田記念大阪前立腺クリニック,大阪市旭区
R7,27,大阪府,2708,大阪市,R7-2708-203,2708大阪府大阪市,203,190,医療法人宏明会福地眼科,大阪市東成区
R7,27,大阪府,2708,大阪市,R7-2708-204,2708大阪府大阪市,204,191,医療法人大和医院,大阪市港区
R7,27,大阪府,2708,大阪市,R7-2708-205,2708大阪府大阪市,205,192,医療法人龍神堂会龍神堂医院,大阪市港区
R7,27,大阪府,2708,大阪市,R7-2708-206,2708大阪府大阪市,206,193,医療法人山室会山室会眼科,大阪市生野区
R7,27,大阪府,2708,大阪市,R7-2708-207,2708大阪府大阪市,207,194,医療法人瓢成会なかがわレディースクリニック,大阪市住吉区
R7,27,大阪府,2708,大阪市,R7-2708-208,2708大阪府大阪市,208,195,医療法人ますたに呼吸器クリニック,大阪市都島区
R7,27,大阪府,2708,大阪市,R7-2708-209,2708大阪府大阪市,209,196,坂本産婦人科クリニック,大阪市東淀川区
R7,27,大阪府,2708,大阪市,R7-2708-210,2708大阪府大阪市,210,197,福永医院,大阪市住之江区
R7,27,大阪府,2708,大阪市,R7-2708-211,2708大阪府大阪市,211,198,医療法人岩本診療所,大阪市東成区
R7,27,大阪府,2708,大阪市,R7-2708-212,2708大阪府大阪市,212,199,医療法人正啓会　西下胃腸医院,大阪市天王寺区
R7,27,大阪府,2708,大阪市,R7-2708-213,2708大阪府大阪市,213,200,医療法人脇本産婦人科,大阪市天王寺区
R7,27,大阪府,2708,大阪市,R7-2708-214,2708大阪府大阪市,214,201,髙畑産婦人科,大阪市東住吉区
R7,27,大阪府,2708,大阪市,R7-2708-215,2708大阪府大阪市,215,202,中之島アイセンターＣＬＩＮＩＣ,大阪市北区
R7,27,大阪府,2708,大阪市,R7-2708-216,2708大阪府大阪市,216,203,医療法人京林会　小林産婦人科,大阪市都島区
R7,27,大阪府,2708,大阪市,R7-2708-217,2708大阪府大阪市,217,204,医療法人中島クリニック,大阪市住之江区
R7,27,大阪府,2708,大阪市,R7-2708-218,2708大阪府大阪市,218,205,医療法人松澤呼吸器クリニック,大阪市中央区
R7,27,大阪府,2708,大阪市,R7-2708-219,2708大阪府大阪市,219,206,藤上産婦人科クリニック,大阪市生野区
R7,27,大阪府,2708,大阪市,R7-2708-220,2708大阪府大阪市,220,207,医療法人近藤産婦人科,大阪市西淀川区
R7,27,大阪府,2708,大阪市,R7-2708-221,2708大阪府大阪市,221,208,医療法人光臨会奥野クリニック,大阪市生野区
R7,27,大阪府,2708,大阪市,R7-2708-222,2708大阪府大阪市,222,209,社会医療法人大道会大道クリニック,大阪市城東区
R7,27,大阪府,2708,大阪市,R7-2708-223,2708大阪府大阪市,223,210,医療法人心明会レディースクリニックさわだ,大阪市阿倍野区
R7,27,大阪府,2708,大阪市,R7-2708-224,2708大阪府大阪市,224,211,イワタ医院,大阪市西成区
R7,27,大阪府,2708,大阪市,R7-2708-225,2708大阪府大阪市,225,212,かわばたレディスクリニック,大阪市淀川区
R7,27,大阪府,2708,大阪市,R7-2708-226,2708大阪府大阪市,226,213,沢井産婦人科医院,大阪市住吉区
R7,27,大阪府,2708,大阪市,R7-2708-227,2708大阪府大阪市,227,214,医療法人小山医院,大阪市北区
R7,27,大阪府,2708,大阪市,R7-2708-228,2708大阪府大阪市,228,215,医療法人創美会きぬがさクリニック,大阪市中央区
R7,27,大阪府,2708,大阪市,R7-2708-229,2708大阪府大阪市,229,216,おくだクリニック,大阪市城東区
R7,27,大阪府,2708,大阪市,R7-2708-230,2708大阪府大阪市,230,217,猪木産婦人科,大阪市西成区
R7,27,大阪府,2708,大阪市,R7-2708-231,2708大阪府大阪市,231,218,医療法人健友会帝塚山病院,
R7,27,大阪府,2708,大阪市,R7-2708-232,2708大阪府大阪市,232,219,医療法人河和会あべの王子病院,
R7,27,大阪府,2708,大阪市,R7-2708-233,2708大阪府大阪市,233,220,医療法人真心会真心会病院,
R7,27,大阪府,2708,大阪市,R7-2708-234,2708大阪府大阪市,234,221,大場内科病院,
R7,27,大阪府,2708,大阪市,R7-2708-235,2708大阪府大阪市,235,222,医療法人日新会日新会病院,
R7,27,大阪府,2708,大阪市,R7-2708-236,2708大阪府大阪市,236,223,公益財団法人聖バルナバ病院,
R7,27,大阪府,2708,大阪市,R7-2708-237,2708大阪府大阪市,237,224,医療法人愛賛会浜田病院,
R7,27,大阪府,2708,大阪市,R7-2708-238,2708大阪府大阪市,238,225,医療法人よしだ睡眠呼吸クリニック,
R7,27,大阪府,2708,大阪市,R7-2708-239,2708大阪府大阪市,239,226,医療法人福仁会ウエナエ産婦人科,
R7,27,大阪府,2708,大阪市,R7-2708-240,2708大阪府大阪市,240,227,加納レディースクリニック,
R7,27,大阪府,2708,大阪市,R7-2708-241,2708大阪府大阪市,241,228,医療法人出馬会出馬クリニック,
R7,27,大阪府,2708,大阪市,R7-2708-242,2708大阪府大阪市,242,229,南野医院,
R7,27,大阪府,2708,大阪市,R7-2708-243,2708大阪府大阪市,243,230,医療法人西川医院,
R7,27,大阪府,2708,大阪市,R7-2708-244,2708大阪府大阪市,244,231,権藤診療所,
R7,27,大阪府,2708,大阪市,R7-2708-245,2708大阪府大阪市,245,232,医療法人共和会共立外科内科,
R7,27,大阪府,2708,大阪市,R7-2708-246,2708大阪府大阪市,246,233,医療法人さたクリニック,
R7,27,大阪府,2708,大阪市,R7-2708-247,2708大阪府大阪市,247,234,医療法人河野医院,
R7,27,大阪府,2708,大阪市,R7-2708-248,2708大阪府大阪市,248,235,ゆきおかクリニック,
R7,28,兵庫県,2801,神戸,R7-2801-14,2801兵庫県神戸,14,1,神戸大学医学部附属病院,神戸市中央区
R7,28,兵庫県,2801,神戸,R7-2801-15,2801兵庫県神戸,15,2,神戸市立医療センター中央市民病院,神戸市中央区
R7,28,兵庫県,2801,神戸,R7-2801-16,2801兵庫県神戸,16,3,公益財団法人甲南会 甲南医療センター,神戸市東灘区
R7,28,兵庫県,2801,神戸,R7-2801-17,2801兵庫県神戸,17,4,神戸市立西神戸医療センター,神戸市西区
R7,28,兵庫県,2801,神戸,R7-2801-18,2801兵庫県神戸,18,5,独立行政法人地域医療機能推進機構 神戸中央病院,神戸市北区
R7,28,兵庫県,2801,神戸,R7-2801-19,2801兵庫県神戸,19,6,神戸市立医療センター西市民病院,神戸市長田区
R7,28,兵庫県,2801,神戸,R7-2801-20,2801兵庫県神戸,20,7,神鋼記念病院,神戸市中央区
R7,28,兵庫県,2801,神戸,R7-2801-21,2801兵庫県神戸,21,8,兵庫県立リハビリテーション中央病院,神戸市西区
R7,28,兵庫県,2801,神戸,R7-2801-22,2801兵庫県神戸,22,9,神戸掖済会病院,神戸市垂水区
R7,28,兵庫県,2801,神戸,R7-2801-23,2801兵庫県神戸,23,10,独立行政法人労働者健康安全機構神戸労災病院,神戸市中央区
R7,28,兵庫県,2801,神戸,R7-2801-24,2801兵庫県神戸,24,11,神戸赤十字病院,神戸市中央区
R7,28,兵庫県,2801,神戸,R7-2801-25,2801兵庫県神戸,25,12,医療法人甲風会有馬温泉病院,神戸市北区
R7,28,兵庫県,2801,神戸,R7-2801-26,2801兵庫県神戸,26,13,独立行政法人国立病院機構神戸医療センター,神戸市須磨区
R7,28,兵庫県,2801,神戸,R7-2801-27,2801兵庫県神戸,27,14,医療法人　徳洲会　神戸徳洲会病院,神戸市垂水区
R7,28,兵庫県,2801,神戸,R7-2801-28,2801兵庫県神戸,28,15,兵庫県立こども病院,神戸市中央区
R7,28,兵庫県,2801,神戸,R7-2801-29,2801兵庫県神戸,29,16,医療法人　川崎病院,神戸市兵庫区
R7,28,兵庫県,2801,神戸,R7-2801-30,2801兵庫県神戸,30,17,済生会兵庫県病院,神戸市北区
R7,28,兵庫県,2801,神戸,R7-2801-31,2801兵庫県神戸,31,18,久野病院,神戸市西区
R7,28,兵庫県,2801,神戸,R7-2801-32,2801兵庫県神戸,32,19,神戸医療生活協同組合神戸協同病院,神戸市長田区
R7,28,兵庫県,2801,神戸,R7-2801-33,2801兵庫県神戸,33,20,一般財団法人 神戸マリナーズ厚生会 ポートアイランド病院,神戸市中央区
R7,28,兵庫県,2801,神戸,R7-2801-34,2801兵庫県神戸,34,21,神戸マリナーズ厚生会病院,神戸市中央区
R7,28,兵庫県,2801,神戸,R7-2801-35,2801兵庫県神戸,35,22,神戸百年記念病院,神戸市兵庫区
R7,28,兵庫県,2801,神戸,R7-2801-36,2801兵庫県神戸,36,23,公益財団法人 甲南会 六甲アイランド甲南病院,神戸市東灘区
R7,28,兵庫県,2801,神戸,R7-2801-37,2801兵庫県神戸,37,24,医療法人一輝会　荻原記念病院,神戸市長田区
R7,28,兵庫県,2801,神戸,R7-2801-38,2801兵庫県神戸,38,25,東神戸病院,神戸市東灘区
R7,28,兵庫県,2801,神戸,R7-2801-39,2801兵庫県神戸,39,26,神戸リハビリテーション病院,神戸市北区
R7,28,兵庫県,2801,神戸,R7-2801-40,2801兵庫県神戸,40,27,舞子台病院,神戸市垂水区
R7,28,兵庫県,2801,神戸,R7-2801-41,2801兵庫県神戸,41,28,医療法人社団十善会 野瀬病院,神戸市長田区
R7,28,兵庫県,2801,神戸,R7-2801-42,2801兵庫県神戸,42,29,医療法人薫風会佐野病院,神戸市垂水区
R7,28,兵庫県,2801,神戸,R7-2801-43,2801兵庫県神戸,43,30,六甲病院,神戸市灘区
R7,28,兵庫県,2801,神戸,R7-2801-44,2801兵庫県神戸,44,31,医療法人一高会 野村海浜病院,神戸市須磨区
R7,28,兵庫県,2801,神戸,R7-2801-45,2801兵庫県神戸,45,32,神戸海星病院,神戸市灘区
R7,28,兵庫県,2801,神戸,R7-2801-46,2801兵庫県神戸,46,33,三菱神戸病院,神戸市兵庫区
R7,28,兵庫県,2801,神戸,R7-2801-47,2801兵庫県神戸,47,34,医療法人愛和会 金沢病院,神戸市灘区
R7,28,兵庫県,2801,神戸,R7-2801-48,2801兵庫県神戸,48,35,真星病院,神戸市北区
R7,28,兵庫県,2801,神戸,R7-2801-49,2801兵庫県神戸,49,36,西記念ポートアイランドリハビリテーション病院,神戸市中央区
R7,28,兵庫県,2801,神戸,R7-2801-50,2801兵庫県神戸,50,37,医療法人仁風会小原病院,神戸市兵庫区
R7,28,兵庫県,2801,神戸,R7-2801-51,2801兵庫県神戸,51,38,広野高原病院,神戸市西区
R7,28,兵庫県,2801,神戸,R7-2801-52,2801兵庫県神戸,52,39,新須磨病院,神戸市須磨区
R7,28,兵庫県,2801,神戸,R7-2801-53,2801兵庫県神戸,53,40,医療法人社団菫会 北須磨病院,神戸市須磨区
R7,28,兵庫県,2801,神戸,R7-2801-54,2801兵庫県神戸,54,41,社会医療法人榮昌会 吉田病院,神戸市兵庫区
R7,28,兵庫県,2801,神戸,R7-2801-55,2801兵庫県神戸,55,42,医療法人社団　秀英会　神戸朝日病院,神戸市長田区
R7,28,兵庫県,2801,神戸,R7-2801-56,2801兵庫県神戸,56,43,須磨浦病院,神戸市須磨区
R7,28,兵庫県,2801,神戸,R7-2801-57,2801兵庫県神戸,57,44,神戸ほくと病院,神戸市北区
R7,28,兵庫県,2801,神戸,R7-2801-58,2801兵庫県神戸,58,45,医療法人社団 博愛恵秀会　神戸博愛病院,神戸市中央区
R7,28,兵庫県,2801,神戸,R7-2801-59,2801兵庫県神戸,59,46,社会医療法人社団 正峰会 神戸大山病院,神戸市兵庫区
R7,28,兵庫県,2801,神戸,R7-2801-60,2801兵庫県神戸,60,47,医療法人 明倫会 本山リハビリテーション病院,神戸市東灘区
R7,28,兵庫県,2801,神戸,R7-2801-61,2801兵庫県神戸,61,48,社会医療法人社団順心会 順心神戸病院,神戸市垂水区
R7,28,兵庫県,2801,神戸,R7-2801-62,2801兵庫県神戸,62,49,神戸アドベンチスト病院,神戸市北区
R7,28,兵庫県,2801,神戸,R7-2801-63,2801兵庫県神戸,63,50,医療法人社団 菫会 伊川谷病院,神戸市西区
R7,28,兵庫県,2801,神戸,R7-2801-64,2801兵庫県神戸,64,51,医療法人社団菫会 名谷病院,神戸市垂水区
R7,28,兵庫県,2801,神戸,R7-2801-65,2801兵庫県神戸,65,52,高橋病院,神戸市須磨区
R7,28,兵庫県,2801,神戸,R7-2801-66,2801兵庫県神戸,66,53,公文病院,神戸市長田区
R7,28,兵庫県,2801,神戸,R7-2801-67,2801兵庫県神戸,67,54,適寿リハビリテーション病院,神戸市長田区
R7,28,兵庫県,2801,神戸,R7-2801-68,2801兵庫県神戸,68,55,みどり病院,神戸市西区
R7,28,兵庫県,2801,神戸,R7-2801-69,2801兵庫県神戸,69,56,恒生病院,神戸市北区
R7,28,兵庫県,2801,神戸,R7-2801-70,2801兵庫県神戸,70,57,医療法人昭生病院,神戸市灘区
R7,28,兵庫県,2801,神戸,R7-2801-71,2801兵庫県神戸,71,58,神戸平成病院,神戸市中央区
R7,28,兵庫県,2801,神戸,R7-2801-72,2801兵庫県神戸,72,59,社会福祉法人平成記念会　サポートハウス　ココロネ住吉,神戸市東灘区
R7,28,兵庫県,2801,神戸,R7-2801-73,2801兵庫県神戸,73,60,さかえ病院,神戸市西区
R7,28,兵庫県,2801,神戸,R7-2801-74,2801兵庫県神戸,74,61,尾原病院,神戸市須磨区
R7,28,兵庫県,2801,神戸,R7-2801-75,2801兵庫県神戸,75,62,三聖病院,神戸市中央区
R7,28,兵庫県,2801,神戸,R7-2801-76,2801兵庫県神戸,76,63,医療法人社団丸山病院,神戸市長田区
R7,28,兵庫県,2801,神戸,R7-2801-77,2801兵庫県神戸,77,64,医療法人社団顕修会 顕修会すずらん病院,神戸市北区
R7,28,兵庫県,2801,神戸,R7-2801-78,2801兵庫県神戸,78,65,医療法人明倫会宮地病院,神戸市東灘区
R7,28,兵庫県,2801,神戸,R7-2801-79,2801兵庫県神戸,79,66,神戸医療福祉センターにこにこハウス,神戸市北区
R7,28,兵庫県,2801,神戸,R7-2801-80,2801兵庫県神戸,80,67,神戸低侵襲がん医療センター,神戸市中央区
R7,28,兵庫県,2801,神戸,R7-2801-81,2801兵庫県神戸,81,68,春日病院,神戸市北区
R7,28,兵庫県,2801,神戸,R7-2801-82,2801兵庫県神戸,82,69,吉田アーデント病院,神戸市灘区
R7,28,兵庫県,2801,神戸,R7-2801-83,2801兵庫県神戸,83,70,偕生病院,神戸市西区
R7,28,兵庫県,2801,神戸,R7-2801-84,2801兵庫県神戸,84,71,神戸大学医学部附属病院国際がん医療・研究センター,神戸市中央区
R7,28,兵庫県,2801,神戸,R7-2801-85,2801兵庫県神戸,85,72,医療法人社団純心会 パルモア病院,神戸市中央区
R7,28,兵庫県,2801,神戸,R7-2801-86,2801兵庫県神戸,86,73,甲北病院,神戸市北区
R7,28,兵庫県,2801,神戸,R7-2801-87,2801兵庫県神戸,87,74,足立病院,神戸市西区
R7,28,兵庫県,2801,神戸,R7-2801-88,2801兵庫県神戸,88,75,春日野会病院,神戸市中央区
R7,28,兵庫県,2801,神戸,R7-2801-89,2801兵庫県神戸,89,76,あんしん病院,神戸市中央区
R7,28,兵庫県,2801,神戸,R7-2801-90,2801兵庫県神戸,90,77,有泉病院,神戸市北区
R7,28,兵庫県,2801,神戸,R7-2801-91,2801兵庫県神戸,91,78,田所病院,神戸市灘区
R7,28,兵庫県,2801,神戸,R7-2801-92,2801兵庫県神戸,92,79,医療法人康雄会 西病院,神戸市灘区
R7,28,兵庫県,2801,神戸,R7-2801-93,2801兵庫県神戸,93,80,医療法人神甲会 隈病院,神戸市中央区
R7,28,兵庫県,2801,神戸,R7-2801-94,2801兵庫県神戸,94,81,母と子の上田病院,神戸市中央区
R7,28,兵庫県,2801,神戸,R7-2801-95,2801兵庫県神戸,95,82,ありまこうげんホスピタル,神戸市北区
R7,28,兵庫県,2801,神戸,R7-2801-96,2801兵庫県神戸,96,83,伊川谷北病院,神戸市西区
R7,28,兵庫県,2801,神戸,R7-2801-97,2801兵庫県神戸,97,84,新須磨リハビリテーション病院,神戸市須磨区
R7,28,兵庫県,2801,神戸,R7-2801-98,2801兵庫県神戸,98,85,井上病院,神戸市兵庫区
R7,28,兵庫県,2801,神戸,R7-2801-99,2801兵庫県神戸,99,86,神戸医療福祉センターひだまり,神戸市中央区
R7,28,兵庫県,2801,神戸,R7-2801-100,2801兵庫県神戸,100,87,恒生かのこ病院,神戸市北区
R7,28,兵庫県,2801,神戸,R7-2801-101,2801兵庫県神戸,101,88,明芳病院,神戸市中央区
R7,28,兵庫県,2801,神戸,R7-2801-102,2801兵庫県神戸,102,89,中井病院,神戸市灘区
R7,28,兵庫県,2801,神戸,R7-2801-103,2801兵庫県神戸,103,90,医療法人社団五仁会 住吉川病院,神戸市東灘区
R7,28,兵庫県,2801,神戸,R7-2801-104,2801兵庫県神戸,104,91,松田病院,神戸市北区
R7,28,兵庫県,2801,神戸,R7-2801-105,2801兵庫県神戸,105,92,湊の杜病院,神戸市兵庫区
R7,28,兵庫県,2801,神戸,R7-2801-106,2801兵庫県神戸,106,93,医療法人社団勲章会　原泌尿器科病院,神戸市中央区
R7,28,兵庫県,2801,神戸,R7-2801-107,2801兵庫県神戸,107,94,医療法人三友会なでしこレディースホスピタル,神戸市西区
R7,28,兵庫県,2801,神戸,R7-2801-108,2801兵庫県神戸,108,95,明芳外科リハビリテーション病院,神戸市須磨区
R7,28,兵庫県,2801,神戸,R7-2801-109,2801兵庫県神戸,109,96,神戸市立神戸アイセンター病院,神戸市中央区
R7,28,兵庫県,2801,神戸,R7-2801-110,2801兵庫県神戸,110,97,兵庫県災害医療センター,神戸市中央区
R7,28,兵庫県,2801,神戸,R7-2801-111,2801兵庫県神戸,111,98,医療法人社団　新長田眼科病院,神戸市長田区
R7,28,兵庫県,2801,神戸,R7-2801-112,2801兵庫県神戸,112,99,中村レディースクリニック,神戸市西区
R7,28,兵庫県,2801,神戸,R7-2801-113,2801兵庫県神戸,113,100,田中整形外科,神戸市西区
R7,28,兵庫県,2801,神戸,R7-2801-114,2801兵庫県神戸,114,101,さとうクリニック,神戸市西区
R7,28,兵庫県,2801,神戸,R7-2801-115,2801兵庫県神戸,115,102,フェニックス診療所,神戸市西区
R7,28,兵庫県,2801,神戸,R7-2801-116,2801兵庫県神戸,116,103,フェニックス岩岡クリニック,神戸市西区
R7,28,兵庫県,2801,神戸,R7-2801-117,2801兵庫県神戸,117,104,スタークリニック,神戸市西区
R7,28,兵庫県,2801,神戸,R7-2801-118,2801兵庫県神戸,118,105,医療法人社団恵友会 久保みずきレディースクリニック菅原記念診療所,神戸市西区
R7,28,兵庫県,2801,神戸,R7-2801-119,2801兵庫県神戸,119,106,顕修会クリニック,神戸市北区
R7,28,兵庫県,2801,神戸,R7-2801-120,2801兵庫県神戸,120,107,松本ホームメディカルクリニック,神戸市北区
R7,28,兵庫県,2801,神戸,R7-2801-121,2801兵庫県神戸,121,108,まつざきクリニック,神戸市垂水区
R7,28,兵庫県,2801,神戸,R7-2801-122,2801兵庫県神戸,122,109,アキヨシ整形外科,神戸市長田区
R7,28,兵庫県,2801,神戸,R7-2801-123,2801兵庫県神戸,123,110,医療法人社団 坂井瑠実クリニック,神戸市東灘区
R7,28,兵庫県,2801,神戸,R7-2801-124,2801兵庫県神戸,124,111,神戸ゆうゆうの里診療所,神戸市北区
R7,28,兵庫県,2801,神戸,R7-2801-125,2801兵庫県神戸,125,112,林産婦人科,神戸市須磨区
R7,28,兵庫県,2801,神戸,R7-2801-126,2801兵庫県神戸,126,113,郡山内科,神戸市灘区
R7,28,兵庫県,2801,神戸,R7-2801-127,2801兵庫県神戸,127,114,医療法人社団　森本産婦人科クリニック,神戸市垂水区
R7,28,兵庫県,2801,神戸,R7-2801-128,2801兵庫県神戸,128,115,ハーモニーレディースクリニック,神戸市西区
R7,28,兵庫県,2801,神戸,R7-2801-129,2801兵庫県神戸,129,116,マムクリニック,神戸市北区
R7,28,兵庫県,2801,神戸,R7-2801-130,2801兵庫県神戸,130,117,医療法人社団 産科・婦人科みずとりクリニック,神戸市北区
R7,28,兵庫県,2801,神戸,R7-2801-131,2801兵庫県神戸,131,118,益子産婦人科医院,神戸市須磨区
R7,28,兵庫県,2801,神戸,R7-2801-132,2801兵庫県神戸,132,119,ろっこう医療生活協同組合灘診療所,神戸市灘区
R7,28,兵庫県,2801,神戸,R7-2801-133,2801兵庫県神戸,133,120,有床診療所はすいけクリニック,神戸市北区
R7,28,兵庫県,2801,神戸,R7-2801-134,2801兵庫県神戸,134,121,社会医療法人社団正峰会　桃山台せいほうクリニック,神戸市垂水区
R7,28,兵庫県,2801,神戸,R7-2801-135,2801兵庫県神戸,135,122,はしもと産婦人科,神戸市灘区
R7,28,兵庫県,2801,神戸,R7-2801-136,2801兵庫県神戸,136,123,産科婦人科ナカムラクリニック,神戸市東灘区
R7,28,兵庫県,2801,神戸,R7-2801-137,2801兵庫県神戸,137,124,たなべ産婦人科,神戸市灘区
R7,28,兵庫県,2801,神戸,R7-2801-138,2801兵庫県神戸,138,125,オカ・レディース・クリニック,神戸市北区
R7,28,兵庫県,2801,神戸,R7-2801-139,2801兵庫県神戸,139,126,登村レディスクリニック,神戸市東灘区
R7,28,兵庫県,2801,神戸,R7-2801-140,2801兵庫県神戸,140,127,佐々木医院,神戸市須磨区
R7,28,兵庫県,2801,神戸,R7-2801-141,2801兵庫県神戸,141,128,清水クリニック,神戸市垂水区
R7,28,兵庫県,2801,神戸,R7-2801-142,2801兵庫県神戸,142,129,長田眼科医院,神戸市兵庫区
R7,28,兵庫県,2801,神戸,R7-2801-143,2801兵庫県神戸,143,130,英ウイメンズクリニック,神戸市中央区
R7,28,兵庫県,2801,神戸,R7-2801-144,2801兵庫県神戸,144,131,ひろクリニック,神戸市中央区
R7,28,兵庫県,2801,神戸,R7-2801-145,2801兵庫県神戸,145,132,マルノ整形外科,神戸市東灘区
R7,28,兵庫県,2801,神戸,R7-2801-146,2801兵庫県神戸,146,133,市橋眼科,
R7,28,兵庫県,2801,神戸,R7-2801-147,2801兵庫県神戸,147,134,西北クリニック,
R7,28,兵庫県,2801,神戸,R7-2801-148,2801兵庫県神戸,148,135,前田呼吸器科クリニック,
R7,28,兵庫県,2804,東播磨,R7-2804-14,2804兵庫県東播磨,14,1,加古川中央市民病院,加古川市
R7,28,兵庫県,2804,東播磨,R7-2804-15,2804兵庫県東播磨,15,2,社会医療法人愛仁会 明石医療センター,明石市
R7,28,兵庫県,2804,東播磨,R7-2804-16,2804兵庫県東播磨,16,3,兵庫県立がんセンター,明石市
R7,28,兵庫県,2804,東播磨,R7-2804-17,2804兵庫県東播磨,17,4,兵庫県立加古川医療センター,加古川市
R7,28,兵庫県,2804,東播磨,R7-2804-18,2804兵庫県東播磨,18,5,地方独立行政法人 明石市立市民病院,明石市
R7,28,兵庫県,2804,東播磨,R7-2804-19,2804兵庫県東播磨,19,6,医療法人明仁会明舞中央病院,明石市
R7,28,兵庫県,2804,東播磨,R7-2804-20,2804兵庫県東播磨,20,7,医療法人徳洲会 高砂西部病院,高砂市
R7,28,兵庫県,2804,東播磨,R7-2804-21,2804兵庫県東播磨,21,8,高砂市民病院,高砂市
R7,28,兵庫県,2804,東播磨,R7-2804-22,2804兵庫県東播磨,22,9,特定医療法人誠仁会 大久保病院,明石市
R7,28,兵庫県,2804,東播磨,R7-2804-23,2804兵庫県東播磨,23,10,加古川磯病院,加古川市
R7,28,兵庫県,2804,東播磨,R7-2804-24,2804兵庫県東播磨,24,11,医療法人社団 松本会 松本病院,加古川市
R7,28,兵庫県,2804,東播磨,R7-2804-25,2804兵庫県東播磨,25,12,大西脳神経外科病院,明石市
R7,28,兵庫県,2804,東播磨,R7-2804-26,2804兵庫県東播磨,26,13,社会医療法人社団順心会順心リハビリテーション病院,加古川市
R7,28,兵庫県,2804,東播磨,R7-2804-27,2804兵庫県東播磨,27,14,社会医療法人社団 順心会 順心病院,加古川市
R7,28,兵庫県,2804,東播磨,R7-2804-28,2804兵庫県東播磨,28,15,明石回生病院,明石市
R7,28,兵庫県,2804,東播磨,R7-2804-29,2804兵庫県東播磨,29,16,フェニックス加古川記念病院,加古川市
R7,28,兵庫県,2804,東播磨,R7-2804-30,2804兵庫県東播磨,30,17,はくほう会加古川病院,加古川市
R7,28,兵庫県,2804,東播磨,R7-2804-31,2804兵庫県東播磨,31,18,明石仁十病院,明石市
R7,28,兵庫県,2804,東播磨,R7-2804-32,2804兵庫県東播磨,32,19,私立稲美中央病院,稲美町
R7,28,兵庫県,2804,東播磨,R7-2804-33,2804兵庫県東播磨,33,20,医療法人社団仙齢会 いなみ野病院,加古川市
R7,28,兵庫県,2804,東播磨,R7-2804-34,2804兵庫県東播磨,34,21,江井島病院,明石市
R7,28,兵庫県,2804,東播磨,R7-2804-35,2804兵庫県東播磨,35,22,医療法人伯鳳会 明石リハビリテーション病院,明石市
R7,28,兵庫県,2804,東播磨,R7-2804-36,2804兵庫県東播磨,36,23,医療法人社団仁恵会 石井病院,明石市
R7,28,兵庫県,2804,東播磨,R7-2804-37,2804兵庫県東播磨,37,24,共立会病院,加古川市
R7,28,兵庫県,2804,東播磨,R7-2804-38,2804兵庫県東播磨,38,25,あさひ病院,明石市
R7,28,兵庫県,2804,東播磨,R7-2804-39,2804兵庫県東播磨,39,26,野木病院,明石市
R7,28,兵庫県,2804,東播磨,R7-2804-40,2804兵庫県東播磨,40,27,医療法人久仁会 明石同仁病院,明石市
R7,28,兵庫県,2804,東播磨,R7-2804-41,2804兵庫県東播磨,41,28,あさぎり病院,明石市
R7,28,兵庫県,2804,東播磨,R7-2804-42,2804兵庫県東播磨,42,29,医療法人社団せいわ会たずみ病院,加古川市
R7,28,兵庫県,2804,東播磨,R7-2804-43,2804兵庫県東播磨,43,30,医療法人社団医仁会 ふくやま病院,明石市
R7,28,兵庫県,2804,東播磨,R7-2804-44,2804兵庫県東播磨,44,31,医療法人社団仙齢会はりま病院,播磨町
R7,28,兵庫県,2804,東播磨,R7-2804-45,2804兵庫県東播磨,45,32,医療法人社団せいゆう会 神明病院,明石市
R7,28,兵庫県,2804,東播磨,R7-2804-46,2804兵庫県東播磨,46,33,王子回生病院,明石市
R7,28,兵庫県,2804,東播磨,R7-2804-47,2804兵庫県東播磨,47,34,医療法人社団弘成会 明海病院,明石市
R7,28,兵庫県,2804,東播磨,R7-2804-48,2804兵庫県東播磨,48,35,中谷整形外科病院,加古川市
R7,28,兵庫県,2804,東播磨,R7-2804-49,2804兵庫県東播磨,49,36,大森産婦人科医院,高砂市
R7,28,兵庫県,2804,東播磨,R7-2804-50,2804兵庫県東播磨,50,37,医療法人回起会 奥産婦人科,加古川市
R7,28,兵庫県,2804,東播磨,R7-2804-51,2804兵庫県東播磨,51,38,医療法人社団西村医院,加古川市
R7,28,兵庫県,2804,東播磨,R7-2804-52,2804兵庫県東播磨,52,39,ちくご・ひらまつ産婦人科医院,加古川市
R7,28,兵庫県,2804,東播磨,R7-2804-53,2804兵庫県東播磨,53,40,博愛産科婦人科,明石市
R7,28,兵庫県,2804,東播磨,R7-2804-54,2804兵庫県東播磨,54,41,中山クリニック,明石市
R7,28,兵庫県,2804,東播磨,R7-2804-55,2804兵庫県東播磨,55,42,大国クリニック,明石市
R7,28,兵庫県,2804,東播磨,R7-2804-56,2804兵庫県東播磨,56,43,王子クリニック,明石市
R7,28,兵庫県,2804,東播磨,R7-2804-57,2804兵庫県東播磨,57,44,医療法人社団　はまなレディースクリニック,明石市
R7,28,兵庫県,2804,東播磨,R7-2804-58,2804兵庫県東播磨,58,45,医療法人社団関島産婦人科医院,加古川市
R7,28,兵庫県,2804,東播磨,R7-2804-59,2804兵庫県東播磨,59,46,アイビスマキクリニック,明石市
R7,28,兵庫県,2804,東播磨,R7-2804-60,2804兵庫県東播磨,60,47,鈴木産婦人科医院,明石市
R7,28,兵庫県,2804,東播磨,R7-2804-61,2804兵庫県東播磨,61,48,こじま肛門外科,明石市
R7,28,兵庫県,2804,東播磨,R7-2804-62,2804兵庫県東播磨,62,49,あきこレディースクリニック,明石市
R7,28,兵庫県,2805,北播磨,R7-2805-14,2805兵庫県北播磨,14,1,北播磨総合医療センター,小野市
R7,28,兵庫県,2805,北播磨,R7-2805-15,2805兵庫県北播磨,15,2,西脇市立西脇病院,西脇市
R7,28,兵庫県,2805,北播磨,R7-2805-16,2805兵庫県北播磨,16,3,吉川病院,三木市
R7,28,兵庫県,2805,北播磨,R7-2805-17,2805兵庫県北播磨,17,4,三木山陽病院,三木市
R7,28,兵庫県,2805,北播磨,R7-2805-18,2805兵庫県北播磨,18,5,独立行政法人国立病院機構 兵庫あおの病院,小野市
R7,28,兵庫県,2805,北播磨,R7-2805-19,2805兵庫県北播磨,19,6,大山記念病院,西脇市
R7,28,兵庫県,2805,北播磨,R7-2805-20,2805兵庫県北播磨,20,7,市立加西病院,加西市
R7,28,兵庫県,2805,北播磨,R7-2805-21,2805兵庫県北播磨,21,8,ときわ病院,三木市
R7,28,兵庫県,2805,北播磨,R7-2805-22,2805兵庫県北播磨,22,9,医療法人社団薫楓会 緑駿病院,小野市
R7,28,兵庫県,2805,北播磨,R7-2805-23,2805兵庫県北播磨,23,10,服部病院,三木市
R7,28,兵庫県,2805,北播磨,R7-2805-24,2805兵庫県北播磨,24,11,みきやまリハビリテーション病院,三木市
R7,28,兵庫県,2805,北播磨,R7-2805-25,2805兵庫県北播磨,25,12,加東市民病院,加東市
R7,28,兵庫県,2805,北播磨,R7-2805-26,2805兵庫県北播磨,26,13,土井リハビリテーション病院,小野市
R7,28,兵庫県,2805,北播磨,R7-2805-27,2805兵庫県北播磨,27,14,栄宏会小野病院,小野市
R7,28,兵庫県,2805,北播磨,R7-2805-28,2805兵庫県北播磨,28,15,松原メイフラワー病院,加東市
R7,28,兵庫県,2805,北播磨,R7-2805-29,2805兵庫県北播磨,29,16,多可赤十字病院,多可町
R7,28,兵庫県,2805,北播磨,R7-2805-30,2805兵庫県北播磨,30,17,医療福祉センターきずな,加西市
R7,28,兵庫県,2805,北播磨,R7-2805-31,2805兵庫県北播磨,31,18,医療福祉センターのぎく,多可町
R7,28,兵庫県,2805,北播磨,R7-2805-32,2805兵庫県北播磨,32,19,医療法人紀陽会　北条田仲病院,加西市
R7,28,兵庫県,2805,北播磨,R7-2805-33,2805兵庫県北播磨,33,20,私立育が丘クリニック,小野市
R7,28,兵庫県,2805,北播磨,R7-2805-34,2805兵庫県北播磨,34,21,復井診療所,小野市
R7,28,兵庫県,2805,北播磨,R7-2805-35,2805兵庫県北播磨,35,22,みきやまクリニック,三木市
R7,28,兵庫県,2805,北播磨,R7-2805-36,2805兵庫県北播磨,36,23,いわたウィメンズクリニック（旧 うつのみや産婦人科）,西脇市
R7,28,兵庫県,2805,北播磨,R7-2805-37,2805兵庫県北播磨,37,24,わかば・産婦人科,小野市
R7,28,兵庫県,2805,北播磨,R7-2805-38,2805兵庫県北播磨,38,25,やない外科胃腸科,西脇市
R7,28,兵庫県,2805,北播磨,R7-2805-39,2805兵庫県北播磨,39,26,小野レディースクリニック,
R7,28,兵庫県,2808,但馬,R7-2808-14,2808兵庫県但馬,14,1,公立豊岡病院組合立豊岡病院,豊岡市
R7,28,兵庫県,2808,但馬,R7-2808-15,2808兵庫県但馬,15,2,公立八鹿病院,養父市
R7,28,兵庫県,2808,但馬,R7-2808-16,2808兵庫県但馬,16,3,公立豊岡病院組合立朝来医療センター,朝来市
R7,28,兵庫県,2808,但馬,R7-2808-17,2808兵庫県但馬,17,4,医療法人杏風会浜坂七釜温泉病院,新温泉町
R7,28,兵庫県,2808,但馬,R7-2808-18,2808兵庫県但馬,18,5,公立豊岡病院組合立豊岡病院出石医療センター,豊岡市
R7,28,兵庫県,2808,但馬,R7-2808-19,2808兵庫県但馬,19,6,公立香住病院,香美町
R7,28,兵庫県,2808,但馬,R7-2808-20,2808兵庫県但馬,20,7,公立浜坂病院,新温泉町
R7,28,兵庫県,2808,但馬,R7-2808-21,2808兵庫県但馬,21,8,公立村岡病院,香美町
R7,28,兵庫県,2808,但馬,R7-2808-22,2808兵庫県但馬,22,9,公立豊岡病院組合立豊岡病院日高クリニック,豊岡市
R7,28,兵庫県,2808,但馬,R7-2808-23,2808兵庫県但馬,23,10,脳神経外科枚田クリニック,養父市
R7,28,兵庫県,2809,丹波,R7-2809-14,2809兵庫県丹波,14,1,医療法人敬愛会 大塚病院,丹波市
R7,28,兵庫県,2809,丹波,R7-2809-15,2809兵庫県丹波,15,2,兵庫県立丹波医療センター,丹波市
R7,28,兵庫県,2809,丹波,R7-2809-16,2809兵庫県丹波,16,3,兵庫医科大学ささやま医療センター,丹波篠山市
R7,28,兵庫県,2809,丹波,R7-2809-17,2809兵庫県丹波,17,4,岡本病院,丹波篠山市
R7,28,兵庫県,2809,丹波,R7-2809-18,2809兵庫県丹波,18,5,医療法人社団みどり会 にしき記念病院,丹波篠山市
R7,28,兵庫県,2809,丹波,R7-2809-19,2809兵庫県丹波,19,6,タマル産婦人科,丹波篠山市
R7,28,兵庫県,2809,丹波,R7-2809-20,2809兵庫県丹波,20,7,丹波市国民健康保険青垣診療所,丹波市
R7,28,兵庫県,2809,丹波,R7-2809-21,2809兵庫県丹波,21,8,山鳥病院,
R7,28,兵庫県,2810,淡路,R7-2810-14,2810兵庫県淡路,14,1,兵庫県立淡路医療センター,洲本市
R7,28,兵庫県,2810,淡路,R7-2810-15,2810兵庫県淡路,15,2,東浦平成病院,淡路市
R7,28,兵庫県,2810,淡路,R7-2810-16,2810兵庫県淡路,16,3,洲本伊月病院,洲本市
R7,28,兵庫県,2810,淡路,R7-2810-17,2810兵庫県淡路,17,4,社会医療法人社団順心会 順心淡路病院,淡路市
R7,28,兵庫県,2810,淡路,R7-2810-18,2810兵庫県淡路,18,5,聖隷淡路病院,淡路市
R7,28,兵庫県,2810,淡路,R7-2810-19,2810兵庫県淡路,19,6,平成病院,南あわじ市
R7,28,兵庫県,2810,淡路,R7-2810-20,2810兵庫県淡路,20,7,翠鳳第一病院,南あわじ市
R7,28,兵庫県,2810,淡路,R7-2810-21,2810兵庫県淡路,21,8,八木病院,南あわじ市
R7,28,兵庫県,2810,淡路,R7-2810-22,2810兵庫県淡路,22,9,中林病院,南あわじ市
R7,28,兵庫県,2810,淡路,R7-2810-23,2810兵庫県淡路,23,10,南淡路病院,南あわじ市
R7,28,兵庫県,2810,淡路,R7-2810-24,2810兵庫県淡路,24,11,淡路市国民健康保険北淡診療所,淡路市
R7,28,兵庫県,2810,淡路,R7-2810-25,2810兵庫県淡路,25,12,高山クリニック,淡路市
R7,28,兵庫県,2810,淡路,R7-2810-26,2810兵庫県淡路,26,13,鈴木整形外科,洲本市
R7,28,兵庫県,2810,淡路,R7-2810-27,2810兵庫県淡路,27,14,溝上眼科,洲本市
R7,28,兵庫県,2811,阪神,R7-2811-14,2811兵庫県阪神,14,1,兵庫医科大学病院,西宮市
R7,28,兵庫県,2811,阪神,R7-2811-15,2811兵庫県阪神,15,2,兵庫県立尼崎総合医療センター,尼崎市
R7,28,兵庫県,2811,阪神,R7-2811-16,2811兵庫県阪神,16,3,独立行政法人労働者健康安全機構関西労災病院,尼崎市
R7,28,兵庫県,2811,阪神,R7-2811-17,2811兵庫県阪神,17,4,独立行政法人国立病院機構兵庫中央病院,三田市
R7,28,兵庫県,2811,阪神,R7-2811-18,2811兵庫県阪神,18,5,医療法人協和会 協立記念病院,川西市
R7,28,兵庫県,2811,阪神,R7-2811-19,2811兵庫県阪神,19,6,宝塚市立病院,宝塚市
R7,28,兵庫県,2811,阪神,R7-2811-20,2811兵庫県阪神,20,7,市立伊丹病院,伊丹市
R7,28,兵庫県,2811,阪神,R7-2811-21,2811兵庫県阪神,21,8,川西市立総合医療センター,川西市
R7,28,兵庫県,2811,阪神,R7-2811-22,2811兵庫県阪神,22,9,兵庫県立西宮病院,西宮市
R7,28,兵庫県,2811,阪神,R7-2811-23,2811兵庫県阪神,23,10,医療法人協和会 第二協立病院,川西市
R7,28,兵庫県,2811,阪神,R7-2811-24,2811兵庫県阪神,24,11,医療法人敬愛会 三田高原病院,三田市
R7,28,兵庫県,2811,阪神,R7-2811-25,2811兵庫県阪神,25,12,三田市民病院,三田市
R7,28,兵庫県,2811,阪神,R7-2811-26,2811兵庫県阪神,26,13,医療法人尼崎厚生会 立花病院,尼崎市
R7,28,兵庫県,2811,阪神,R7-2811-27,2811兵庫県阪神,27,14,西宮市立中央病院,西宮市
R7,28,兵庫県,2811,阪神,R7-2811-28,2811兵庫県阪神,28,15,はくほう会セントラル病院,尼崎市
R7,28,兵庫県,2811,阪神,R7-2811-29,2811兵庫県阪神,29,16,明和病院,西宮市
R7,28,兵庫県,2811,阪神,R7-2811-30,2811兵庫県阪神,30,17,医療法人敬愛会 西宮敬愛会病院,西宮市
R7,28,兵庫県,2811,阪神,R7-2811-31,2811兵庫県阪神,31,18,社会医療法人渡邊高記念会 西宮渡辺病院,西宮市
R7,28,兵庫県,2811,阪神,R7-2811-32,2811兵庫県阪神,32,19,社会医療法人中央会 尼崎中央病院,尼崎市
R7,28,兵庫県,2811,阪神,R7-2811-33,2811兵庫県阪神,33,20,医療法人晋真会 ベリタス病院,川西市
R7,28,兵庫県,2811,阪神,R7-2811-34,2811兵庫県阪神,34,21,医療法人尚和会 宝塚第一病院,宝塚市
R7,28,兵庫県,2811,阪神,R7-2811-35,2811兵庫県阪神,35,22,市立芦屋病院,芦屋市
R7,28,兵庫県,2811,阪神,R7-2811-36,2811兵庫県阪神,36,23,社会医療法人愛仁会 尼崎だいもつ病院,尼崎市
R7,28,兵庫県,2811,阪神,R7-2811-37,2811兵庫県阪神,37,24,尼崎医療生協病院,尼崎市
R7,28,兵庫県,2811,阪神,R7-2811-38,2811兵庫県阪神,38,25,医療法人社団衿正会 生駒病院,猪名川町
R7,28,兵庫県,2811,阪神,R7-2811-39,2811兵庫県阪神,39,26,笹生病院,西宮市
R7,28,兵庫県,2811,阪神,R7-2811-40,2811兵庫県阪神,40,27,医療法人せいふう会 阪神リハビリテーション病院,伊丹市
R7,28,兵庫県,2811,阪神,R7-2811-41,2811兵庫県阪神,41,28,医療法人社団緑水会 北摂中央病院,西宮市
R7,28,兵庫県,2811,阪神,R7-2811-42,2811兵庫県阪神,42,29,西宮すなご医療福祉センター,西宮市
R7,28,兵庫県,2811,阪神,R7-2811-43,2811兵庫県阪神,43,30,医療法人敬愛会 三田温泉病院,三田市
R7,28,兵庫県,2811,阪神,R7-2811-44,2811兵庫県阪神,44,31,医療法人社団西宮回生病院,西宮市
R7,28,兵庫県,2811,阪神,R7-2811-45,2811兵庫県阪神,45,32,医療法人せいふう会 伊丹せいふう病院,伊丹市
R7,28,兵庫県,2811,阪神,R7-2811-46,2811兵庫県阪神,46,33,自衛隊阪神病院,川西市
R7,28,兵庫県,2811,阪神,R7-2811-47,2811兵庫県阪神,47,34,西宮協立脳神経外科病院,西宮市
R7,28,兵庫県,2811,阪神,R7-2811-48,2811兵庫県阪神,48,35,医療法人社団アガペ会 アガペ甲山病院,西宮市
R7,28,兵庫県,2811,阪神,R7-2811-49,2811兵庫県阪神,49,36,医療法人尚和会 宝塚リハビリテーション病院,宝塚市
R7,28,兵庫県,2811,阪神,R7-2811-50,2811兵庫県阪神,50,37,宝塚磯病院,宝塚市
R7,28,兵庫県,2811,阪神,R7-2811-51,2811兵庫県阪神,51,38,医療法人せいふう会 川西リハビリテーション病院,川西市
R7,28,兵庫県,2811,阪神,R7-2811-52,2811兵庫県阪神,52,39,医療法人社団尚仁会 平島病院,三田市
R7,28,兵庫県,2811,阪神,R7-2811-53,2811兵庫県阪神,53,40,東宝塚さとう病院,宝塚市
R7,28,兵庫県,2811,阪神,R7-2811-54,2811兵庫県阪神,54,41,安藤病院,尼崎市
R7,28,兵庫県,2811,阪神,R7-2811-55,2811兵庫県阪神,55,42,めいわリハビリテーション病院,西宮市
R7,28,兵庫県,2811,阪神,R7-2811-56,2811兵庫県阪神,56,43,谷向病院,西宮市
R7,28,兵庫県,2811,阪神,R7-2811-57,2811兵庫県阪神,57,44,医療法人社団兼誠会 つかぐち病院,尼崎市
R7,28,兵庫県,2811,阪神,R7-2811-58,2811兵庫県阪神,58,45,尼崎新都心病院,尼崎市
R7,28,兵庫県,2811,阪神,R7-2811-59,2811兵庫県阪神,59,46,社会福祉法人枚方療育園医療福祉センターさくら,三田市
R7,28,兵庫県,2811,阪神,R7-2811-60,2811兵庫県阪神,60,47,医療法人朗源会おおくま病院,尼崎市
R7,28,兵庫県,2811,阪神,R7-2811-61,2811兵庫県阪神,61,48,医療法人（社団）豊繁会 近藤病院,尼崎市
R7,28,兵庫県,2811,阪神,R7-2811-62,2811兵庫県阪神,62,49,医療法人協和会 協和マリナホスピタル,西宮市
R7,28,兵庫県,2811,阪神,R7-2811-63,2811兵庫県阪神,63,50,医療法人回生会宝塚病院,宝塚市
R7,28,兵庫県,2811,阪神,R7-2811-64,2811兵庫県阪神,64,51,医療法人純徳会 田中病院,尼崎市
R7,28,兵庫県,2811,阪神,R7-2811-65,2811兵庫県阪神,65,52,上ヶ原病院,西宮市
R7,28,兵庫県,2811,阪神,R7-2811-66,2811兵庫県阪神,66,53,西宮協立リハビリテーション病院,西宮市
R7,28,兵庫県,2811,阪神,R7-2811-67,2811兵庫県阪神,67,54,社会医療法人渡邊高記念会 西宮渡辺心臓脳・血管センター,西宮市
R7,28,兵庫県,2811,阪神,R7-2811-68,2811兵庫県阪神,68,55,こだま病院,宝塚市
R7,28,兵庫県,2811,阪神,R7-2811-69,2811兵庫県阪神,69,56,医療法人社団豊明会 常岡病院,伊丹市
R7,28,兵庫県,2811,阪神,R7-2811-70,2811兵庫県阪神,70,57,三好病院,西宮市
R7,28,兵庫県,2811,阪神,R7-2811-71,2811兵庫県阪神,71,58,合志病院,尼崎市
R7,28,兵庫県,2811,阪神,R7-2811-72,2811兵庫県阪神,72,59,みやそう病院,伊丹市
R7,28,兵庫県,2811,阪神,R7-2811-73,2811兵庫県阪神,73,60,社会医療法人中央会 尼崎中央リハビリテーション病院,尼崎市
R7,28,兵庫県,2811,阪神,R7-2811-74,2811兵庫県阪神,74,61,高田上谷病院,西宮市
R7,28,兵庫県,2811,阪神,R7-2811-75,2811兵庫県阪神,75,62,布谷整形外科病院,西宮市
R7,28,兵庫県,2811,阪神,R7-2811-76,2811兵庫県阪神,76,63,医療法人旭会園田病院,尼崎市
R7,28,兵庫県,2811,阪神,R7-2811-77,2811兵庫県阪神,77,64,医療法人祐生会 祐生病院,伊丹市
R7,28,兵庫県,2811,阪神,R7-2811-78,2811兵庫県阪神,78,65,医療法人昭圭会 南芦屋浜病院,芦屋市
R7,28,兵庫県,2811,阪神,R7-2811-79,2811兵庫県阪神,79,66,伊丹恒生脳神経外科病院,伊丹市
R7,28,兵庫県,2811,阪神,R7-2811-80,2811兵庫県阪神,80,67,正愛病院,川西市
R7,28,兵庫県,2811,阪神,R7-2811-81,2811兵庫県阪神,81,68,芦屋セントマリア病院,芦屋市
R7,28,兵庫県,2811,阪神,R7-2811-82,2811兵庫県阪神,82,69,さんだリハビリテーション病院,三田市
R7,28,兵庫県,2811,阪神,R7-2811-83,2811兵庫県阪神,83,70,九十九記念病院,川西市
R7,28,兵庫県,2811,阪神,R7-2811-84,2811兵庫県阪神,84,71,中馬病院,尼崎市
R7,28,兵庫県,2811,阪神,R7-2811-85,2811兵庫県阪神,85,72,医療法人社団斐庵会わしだ病院,尼崎市
R7,28,兵庫県,2811,阪神,R7-2811-86,2811兵庫県阪神,86,73,医療法人 岡田病院,尼崎市
R7,28,兵庫県,2811,阪神,R7-2811-87,2811兵庫県阪神,87,74,西武庫病院,尼崎市
R7,28,兵庫県,2811,阪神,R7-2811-88,2811兵庫県阪神,88,75,神崎病院,尼崎市
R7,28,兵庫県,2811,阪神,R7-2811-89,2811兵庫県阪神,89,76,医療法人緑清会樋口胃腸病院,尼崎市
R7,28,兵庫県,2811,阪神,R7-2811-90,2811兵庫県阪神,90,77,医療法人社団星晶会 あおい病院,伊丹市
R7,28,兵庫県,2811,阪神,R7-2811-91,2811兵庫県阪神,91,78,池田病院,尼崎市
R7,28,兵庫県,2811,阪神,R7-2811-92,2811兵庫県阪神,92,79,医療法人水光会 伊丹天神川病院,伊丹市
R7,28,兵庫県,2811,阪神,R7-2811-93,2811兵庫県阪神,93,80,社会医療法人渡邊高記念会 西宮渡辺脳卒中・心臓リハビリテーション病院,西宮市
R7,28,兵庫県,2811,阪神,R7-2811-94,2811兵庫県阪神,94,81,医療法人社団森迫脳神経外科,宝塚市
R7,28,兵庫県,2811,阪神,R7-2811-95,2811兵庫県阪神,95,82,児玉診療所,宝塚市
R7,28,兵庫県,2811,阪神,R7-2811-96,2811兵庫県阪神,96,83,医療法人社団　中村産婦人科,宝塚市
R7,28,兵庫県,2811,阪神,R7-2811-97,2811兵庫県阪神,97,84,レディース＆マタニティクリニックサンタクルスザタカラヅカ,宝塚市
R7,28,兵庫県,2811,阪神,R7-2811-98,2811兵庫県阪神,98,85,宝塚エデンの園附属診療所,宝塚市
R7,28,兵庫県,2811,阪神,R7-2811-99,2811兵庫県阪神,99,86,医療法人社団星晶会 星優クリニック,伊丹市
R7,28,兵庫県,2811,阪神,R7-2811-100,2811兵庫県阪神,100,87,医療法人社団緑心会大橋クリニック,伊丹市
R7,28,兵庫県,2811,阪神,R7-2811-101,2811兵庫県阪神,101,88,荘司外科,伊丹市
R7,28,兵庫県,2811,阪神,R7-2811-102,2811兵庫県阪神,102,89,太田外科診療所,伊丹市
R7,28,兵庫県,2811,阪神,R7-2811-103,2811兵庫県阪神,103,90,吉江胃腸科外科,伊丹市
R7,28,兵庫県,2811,阪神,R7-2811-104,2811兵庫県阪神,104,91,芦屋坂井瑠実クリニック,芦屋市
R7,28,兵庫県,2811,阪神,R7-2811-105,2811兵庫県阪神,105,92,レディース＆マタニティクリニックサンタクルスザシュクガワ,西宮市
R7,28,兵庫県,2811,阪神,R7-2811-106,2811兵庫県阪神,106,93,青木外科整形外科,尼崎市
R7,28,兵庫県,2811,阪神,R7-2811-107,2811兵庫県阪神,107,94,桂クリニック,尼崎市
R7,28,兵庫県,2811,阪神,R7-2811-108,2811兵庫県阪神,108,95,阪神医生協診療所,尼崎市
R7,28,兵庫県,2811,阪神,R7-2811-109,2811兵庫県阪神,109,96,医療法人琢生会　阪神バースクリニック,尼崎市
R7,28,兵庫県,2811,阪神,R7-2811-110,2811兵庫県阪神,110,97,大坪胃腸科外科,三田市
R7,28,兵庫県,2811,阪神,R7-2811-111,2811兵庫県阪神,111,98,社会医療法人 渡邊高記念会 勝呂クリニック,西宮市
R7,28,兵庫県,2811,阪神,R7-2811-112,2811兵庫県阪神,112,99,医療法人社団 立花内科産婦人科医院,尼崎市
R7,28,兵庫県,2811,阪神,R7-2811-113,2811兵庫県阪神,113,100,渡辺産婦人科小児科,芦屋市
R7,28,兵庫県,2811,阪神,R7-2811-114,2811兵庫県阪神,114,101,髙橋産婦人科クリニック,西宮市
R7,28,兵庫県,2811,阪神,R7-2811-115,2811兵庫県阪神,115,102,医療法人社団弘道会西原クリニック,尼崎市
R7,28,兵庫県,2811,阪神,R7-2811-116,2811兵庫県阪神,116,103,平野マタニティクリニック,宝塚市
R7,28,兵庫県,2811,阪神,R7-2811-117,2811兵庫県阪神,117,104,高橋産婦人科医院,川西市
R7,28,兵庫県,2811,阪神,R7-2811-118,2811兵庫県阪神,118,105,宮本レディースクリニック,西宮市
R7,28,兵庫県,2811,阪神,R7-2811-119,2811兵庫県阪神,119,106,芦屋・小野レディスクリニック,芦屋市
R7,28,兵庫県,2811,阪神,R7-2811-120,2811兵庫県阪神,120,107,きょう整形外科・神経外科クリニック,尼崎市
R7,28,兵庫県,2811,阪神,R7-2811-121,2811兵庫県阪神,121,108,末包クリニック,尼崎市
R7,28,兵庫県,2811,阪神,R7-2811-122,2811兵庫県阪神,122,109,堀産婦人科,西宮市
R7,28,兵庫県,2811,阪神,R7-2811-123,2811兵庫県阪神,123,110,ほりお眼科内科,尼崎市
R7,28,兵庫県,2811,阪神,R7-2811-124,2811兵庫県阪神,124,111,医療法人社団　星野耳鼻咽喉科医院,西宮市
R7,28,兵庫県,2811,阪神,R7-2811-125,2811兵庫県阪神,125,112,医療法人社団秀明会 遠谷眼科,尼崎市
R7,28,兵庫県,2811,阪神,R7-2811-126,2811兵庫県阪神,126,113,平井クリニック,西宮市
R7,28,兵庫県,2811,阪神,R7-2811-127,2811兵庫県阪神,127,114,兵庫ライフケアクリニック,川西市
R7,28,兵庫県,2811,阪神,R7-2811-128,2811兵庫県阪神,128,115,アイワ病院,
R7,28,兵庫県,2811,阪神,R7-2811-129,2811兵庫県阪神,129,116,みずほレディースクリニック,
R7,28,兵庫県,2811,阪神,R7-2811-130,2811兵庫県阪神,130,117,第２西原クリニック,
R7,28,兵庫県,2811,阪神,R7-2811-131,2811兵庫県阪神,131,118,緒方産婦人科クリニック,
R7,28,兵庫県,2811,阪神,R7-2811-132,2811兵庫県阪神,132,119,伊藤産婦人科医院,
R7,28,兵庫県,2812,播磨姫路,R7-2812-14,2812兵庫県播磨姫路,14,1,兵庫県立はりま姫路総合医療センター,姫路市
R7,28,兵庫県,2812,播磨姫路,R7-2812-15,2812兵庫県播磨姫路,15,2,姫路赤十字病院,姫路市
R7,28,兵庫県,2812,播磨姫路,R7-2812-16,2812兵庫県播磨姫路,16,3,姫路聖マリア病院,姫路市
R7,28,兵庫県,2812,播磨姫路,R7-2812-17,2812兵庫県播磨姫路,17,4,社会医療法人三栄会 ツカザキ病院,姫路市
R7,28,兵庫県,2812,播磨姫路,R7-2812-18,2812兵庫県播磨姫路,18,5,独立行政法人国立病院機構姫路医療センター,姫路市
R7,28,兵庫県,2812,播磨姫路,R7-2812-19,2812兵庫県播磨姫路,19,6,赤穂市民病院,赤穂市
R7,28,兵庫県,2812,播磨姫路,R7-2812-20,2812兵庫県播磨姫路,20,7,医療法人伯鳳会 赤穂中央病院,赤穂市
R7,28,兵庫県,2812,播磨姫路,R7-2812-21,2812兵庫県播磨姫路,21,8,医療法人公仁会姫路中央病院,姫路市
R7,28,兵庫県,2812,播磨姫路,R7-2812-22,2812兵庫県播磨姫路,22,9,國富胃腸病院,姫路市
R7,28,兵庫県,2812,播磨姫路,R7-2812-23,2812兵庫県播磨姫路,23,10,医療法人仁寿会石川病院,姫路市
R7,28,兵庫県,2812,播磨姫路,R7-2812-24,2812兵庫県播磨姫路,24,11,公立宍粟総合病院,宍粟市
R7,28,兵庫県,2812,播磨姫路,R7-2812-25,2812兵庫県播磨姫路,25,12,社会医療法人松藤会 入江病院,姫路市
R7,28,兵庫県,2812,播磨姫路,R7-2812-26,2812兵庫県播磨姫路,26,13,ＩＨＩ播磨病院,相生市
R7,28,兵庫県,2812,播磨姫路,R7-2812-27,2812兵庫県播磨姫路,27,14,医療法人社団天馬会 半田中央病院,相生市
R7,28,兵庫県,2812,播磨姫路,R7-2812-28,2812兵庫県播磨姫路,28,15,医療法人聖医会 佐用中央病院,佐用町
R7,28,兵庫県,2812,播磨姫路,R7-2812-29,2812兵庫県播磨姫路,29,16,城陽江尻病院,姫路市
R7,28,兵庫県,2812,播磨姫路,R7-2812-30,2812兵庫県播磨姫路,30,17,公立神崎総合病院,神河町
R7,28,兵庫県,2812,播磨姫路,R7-2812-31,2812兵庫県播磨姫路,31,18,医療法人三宅会太子病院,太子町
R7,28,兵庫県,2812,播磨姫路,R7-2812-32,2812兵庫県播磨姫路,32,19,社会医療法人三栄会三栄会広畑病院,姫路市
R7,28,兵庫県,2812,播磨姫路,R7-2812-33,2812兵庫県播磨姫路,33,20,たつの市民病院,たつの市
R7,28,兵庫県,2812,播磨姫路,R7-2812-34,2812兵庫県播磨姫路,34,21,赤穂記念病院,赤穂市
R7,28,兵庫県,2812,播磨姫路,R7-2812-35,2812兵庫県播磨姫路,35,22,医療法人社団みどりの会 酒井病院,姫路市
R7,28,兵庫県,2812,播磨姫路,R7-2812-36,2812兵庫県播磨姫路,36,23,医療法人ひまわり会八家病院,姫路市
R7,28,兵庫県,2812,播磨姫路,R7-2812-37,2812兵庫県播磨姫路,37,24,医療法人社団仁德会　とくなが病院,たつの市
R7,28,兵庫県,2812,播磨姫路,R7-2812-38,2812兵庫県播磨姫路,38,25,社会医療法人芙翔会 姫路愛和病院,姫路市
R7,28,兵庫県,2812,播磨姫路,R7-2812-39,2812兵庫県播磨姫路,39,26,神野病院,姫路市
R7,28,兵庫県,2812,播磨姫路,R7-2812-40,2812兵庫県播磨姫路,40,27,兵庫県立リハビリテーション西播磨病院,たつの市
R7,28,兵庫県,2812,播磨姫路,R7-2812-41,2812兵庫県播磨姫路,41,28,井野病院,姫路市
R7,28,兵庫県,2812,播磨姫路,R7-2812-42,2812兵庫県播磨姫路,42,29,医療法人松浦会姫路第一病院,姫路市
R7,28,兵庫県,2812,播磨姫路,R7-2812-43,2812兵庫県播磨姫路,43,30,龍野中央病院,たつの市
R7,28,兵庫県,2812,播磨姫路,R7-2812-44,2812兵庫県播磨姫路,44,31,木下病院,姫路市
R7,28,兵庫県,2812,播磨姫路,R7-2812-45,2812兵庫県播磨姫路,45,32,医療法人財団清良会書写病院,姫路市
R7,28,兵庫県,2812,播磨姫路,R7-2812-46,2812兵庫県播磨姫路,46,33,医療法人社団一葉会佐用共立病院,佐用町
R7,28,兵庫県,2812,播磨姫路,R7-2812-47,2812兵庫県播磨姫路,47,34,医療法人社団綱島会 厚生病院,姫路市
R7,28,兵庫県,2812,播磨姫路,R7-2812-48,2812兵庫県播磨姫路,48,35,尾崎病院,佐用町
R7,28,兵庫県,2812,播磨姫路,R7-2812-49,2812兵庫県播磨姫路,49,36,魚橋病院,相生市
R7,28,兵庫県,2812,播磨姫路,R7-2812-50,2812兵庫県播磨姫路,50,37,医療法人社団普門会 姫路田中病院,姫路市
R7,28,兵庫県,2812,播磨姫路,R7-2812-51,2812兵庫県播磨姫路,51,38,中谷病院,姫路市
R7,28,兵庫県,2812,播磨姫路,R7-2812-52,2812兵庫県播磨姫路,52,39,石橋内科広畑センチュリー病院,姫路市
R7,28,兵庫県,2812,播磨姫路,R7-2812-53,2812兵庫県播磨姫路,53,40,相生市民病院,相生市
R7,28,兵庫県,2812,播磨姫路,R7-2812-54,2812兵庫県播磨姫路,54,41,医療法人松浦会松浦病院,姫路市
R7,28,兵庫県,2812,播磨姫路,R7-2812-55,2812兵庫県播磨姫路,55,42,医療法人五葉会城南病院,姫路市
R7,28,兵庫県,2812,播磨姫路,R7-2812-56,2812兵庫県播磨姫路,56,43,兵庫県立粒子線医療センター,たつの市
R7,28,兵庫県,2812,播磨姫路,R7-2812-57,2812兵庫県播磨姫路,57,44,医療法人社団光風会長久病院,姫路市
R7,28,兵庫県,2812,播磨姫路,R7-2812-58,2812兵庫県播磨姫路,58,45,金田病院,姫路市
R7,28,兵庫県,2812,播磨姫路,R7-2812-59,2812兵庫県播磨姫路,59,46,姫路医療生活協同組合共立病院,姫路市
R7,28,兵庫県,2812,播磨姫路,R7-2812-60,2812兵庫県播磨姫路,60,47,医療法人佑健会木村病院,姫路市
R7,28,兵庫県,2812,播磨姫路,R7-2812-61,2812兵庫県播磨姫路,61,48,小国病院,姫路市
R7,28,兵庫県,2812,播磨姫路,R7-2812-62,2812兵庫県播磨姫路,62,49,医療法人社団栗原会 栗原病院,たつの市
R7,28,兵庫県,2812,播磨姫路,R7-2812-63,2812兵庫県播磨姫路,63,50,山田病院,姫路市
R7,28,兵庫県,2812,播磨姫路,R7-2812-64,2812兵庫県播磨姫路,64,51,岡田整形外科,上郡町
R7,28,兵庫県,2812,播磨姫路,R7-2812-65,2812兵庫県播磨姫路,65,52,室井メディカルオフィス,太子町
R7,28,兵庫県,2812,播磨姫路,R7-2812-66,2812兵庫県播磨姫路,66,53,西はりまクリニック,たつの市
R7,28,兵庫県,2812,播磨姫路,R7-2812-67,2812兵庫県播磨姫路,67,54,栗尾整形外科,相生市
R7,28,兵庫県,2812,播磨姫路,R7-2812-68,2812兵庫県播磨姫路,68,55,ミナミ整形外科・内科循環器科,福崎町
R7,28,兵庫県,2812,播磨姫路,R7-2812-69,2812兵庫県播磨姫路,69,56,アキタケ診療所,福崎町
R7,28,兵庫県,2812,播磨姫路,R7-2812-70,2812兵庫県播磨姫路,70,57,大室整形外科脊椎・関節クリニック,姫路市
R7,28,兵庫県,2812,播磨姫路,R7-2812-71,2812兵庫県播磨姫路,71,58,石橋内科,姫路市
R7,28,兵庫県,2812,播磨姫路,R7-2812-72,2812兵庫県播磨姫路,72,59,丸尾内科外科,姫路市
R7,28,兵庫県,2812,播磨姫路,R7-2812-73,2812兵庫県播磨姫路,73,60,医療法人社団こうのとり会 西川産婦人科,姫路市
R7,28,兵庫県,2812,播磨姫路,R7-2812-74,2812兵庫県播磨姫路,74,61,親愛産婦人科,姫路市
R7,28,兵庫県,2812,播磨姫路,R7-2812-75,2812兵庫県播磨姫路,75,62,信原クリニック,たつの市
R7,28,兵庫県,2812,播磨姫路,R7-2812-76,2812兵庫県播磨姫路,76,63,ウスキ医院,宍粟市
R7,28,兵庫県,2812,播磨姫路,R7-2812-77,2812兵庫県播磨姫路,77,64,立岩産婦人科医院,姫路市
R7,28,兵庫県,2812,播磨姫路,R7-2812-78,2812兵庫県播磨姫路,78,65,中林産婦人科クリニック,姫路市
R7,28,兵庫県,2812,播磨姫路,R7-2812-79,2812兵庫県播磨姫路,79,66,日並内科・外科医院,姫路市
R7,28,兵庫県,2812,播磨姫路,R7-2812-80,2812兵庫県播磨姫路,80,67,おおたレディースクリニック,姫路市
R7,28,兵庫県,2812,播磨姫路,R7-2812-81,2812兵庫県播磨姫路,81,68,加藤整形外科,姫路市
R7,28,兵庫県,2812,播磨姫路,R7-2812-82,2812兵庫県播磨姫路,82,69,石川眼科,赤穂市
R7,28,兵庫県,2812,播磨姫路,R7-2812-83,2812兵庫県播磨姫路,83,70,いたがき総合診療クリニック,たつの市
R7,28,兵庫県,2812,播磨姫路,R7-2812-84,2812兵庫県播磨姫路,84,71,竹村整形外科医院,姫路市
R7,28,兵庫県,2812,播磨姫路,R7-2812-85,2812兵庫県播磨姫路,85,72,山田脳神経外科医院,姫路市
R7,29,奈良県,2901,奈良,R7-2901-14,2901奈良県奈良,14,1,奈良県総合医療センター,奈良市
R7,29,奈良県,2901,奈良,R7-2901-15,2901奈良県奈良,15,2,市立奈良病院,奈良市
R7,29,奈良県,2901,奈良,R7-2901-16,2901奈良県奈良,16,3,独立行政法人国立病院機構奈良医療センター,奈良市
R7,29,奈良県,2901,奈良,R7-2901-17,2901奈良県奈良,17,4,医療法人新生会総合病院 高の原中央病院,奈良市
R7,29,奈良県,2901,奈良,R7-2901-18,2901奈良県奈良,18,5,医療法人康仁会 西の京病院,奈良市
R7,29,奈良県,2901,奈良,R7-2901-19,2901奈良県奈良,19,6,社会福祉法人恩賜財団済生会奈良病院,奈良市
R7,29,奈良県,2901,奈良,R7-2901-20,2901奈良県奈良,20,7,医療法人新仁会 奈良春日病院,奈良市
R7,29,奈良県,2901,奈良,R7-2901-21,2901奈良県奈良,21,8,医療法人宝山会 奈良小南病院,奈良市
R7,29,奈良県,2901,奈良,R7-2901-22,2901奈良県奈良,22,9,社会医療法人松本快生会西奈良中央病院,奈良市
R7,29,奈良県,2901,奈良,R7-2901-23,2901奈良県奈良,23,10,社会医療法人健生会おかたに病院,奈良市
R7,29,奈良県,2901,奈良,R7-2901-24,2901奈良県奈良,24,11,東大寺福祉療育病院,奈良市
R7,29,奈良県,2901,奈良,R7-2901-25,2901奈良県奈良,25,12,医療法人せいわ会　登美ヶ丘リハビリテーション病院,奈良市
R7,29,奈良県,2901,奈良,R7-2901-26,2901奈良県奈良,26,13,奈良西部病院,奈良市
R7,29,奈良県,2901,奈良,R7-2901-27,2901奈良県奈良,27,14,一般財団法人沢井病院,奈良市
R7,29,奈良県,2901,奈良,R7-2901-28,2901奈良県奈良,28,15,奈良セントラル病院,奈良市
R7,29,奈良県,2901,奈良,R7-2901-29,2901奈良県奈良,29,16,ならまちリハビリテーション病院,奈良市
R7,29,奈良県,2901,奈良,R7-2901-30,2901奈良県奈良,30,17,社会医療法人平和会 吉田病院,奈良市
R7,29,奈良県,2901,奈良,R7-2901-31,2901奈良県奈良,31,18,バルツァゴーデル,奈良市
R7,29,奈良県,2901,奈良,R7-2901-32,2901奈良県奈良,32,19,博愛会松倉病院,奈良市
R7,29,奈良県,2901,奈良,R7-2901-33,2901奈良県奈良,33,20,奈良東九条病院,奈良市
R7,29,奈良県,2901,奈良,R7-2901-34,2901奈良県奈良,34,21,医療法人社団石洲会 石洲会病院,奈良市
R7,29,奈良県,2901,奈良,R7-2901-35,2901奈良県奈良,35,22,医療法人双葉会 富雄産婦人科,奈良市
R7,29,奈良県,2901,奈良,R7-2901-36,2901奈良県奈良,36,23,医療法人社団誠明会 永田眼科,奈良市
R7,29,奈良県,2901,奈良,R7-2901-37,2901奈良県奈良,37,24,医療法人平野医院,奈良市
R7,29,奈良県,2901,奈良,R7-2901-38,2901奈良県奈良,38,25,医療法人中野産婦人科,奈良市
R7,29,奈良県,2901,奈良,R7-2901-39,2901奈良県奈良,39,26,医療法人慈生会 岡村産婦人科,奈良市
R7,29,奈良県,2901,奈良,R7-2901-40,2901奈良県奈良,40,27,西尾外科医院,奈良市
R7,29,奈良県,2902,東和,R7-2902-14,2902奈良県東和,14,1,公益財団法人天理よろづ相談所病院,天理市
R7,29,奈良県,2902,東和,R7-2902-15,2902奈良県東和,15,2,社会医療法人高清会 高井病院,天理市
R7,29,奈良県,2902,東和,R7-2902-16,2902奈良県東和,16,3,社会福祉法人恩賜財団済生会中和病院,桜井市
R7,29,奈良県,2902,東和,R7-2902-17,2902奈良県東和,17,4,国保中央病院,田原本町
R7,29,奈良県,2902,東和,R7-2902-18,2902奈良県東和,18,5,宇陀市立病院,宇陀市
R7,29,奈良県,2902,東和,R7-2902-19,2902奈良県東和,19,6,医療法人健和会 奈良東病院,天理市
R7,29,奈良県,2902,東和,R7-2902-20,2902奈良県東和,20,7,医療法人社團岡田会山の辺病院,桜井市
R7,29,奈良県,2902,東和,R7-2902-21,2902奈良県東和,21,8,公益財団法人天理よろづ相談所病院白川分院,天理市
R7,29,奈良県,2902,東和,R7-2902-22,2902奈良県東和,22,9,奈良県総合リハビリテーションセンター,田原本町
R7,29,奈良県,2902,東和,R7-2902-23,2902奈良県東和,23,10,医療法人拓誠会 辻村病院,宇陀市
R7,29,奈良県,2902,東和,R7-2902-24,2902奈良県東和,24,11,医療法人社団清心会桜井病院,桜井市
R7,29,奈良県,2902,東和,R7-2902-25,2902奈良県東和,25,12,高宮病院,天理市
R7,29,奈良県,2902,東和,R7-2902-26,2902奈良県東和,26,13,医療法人　赤崎クリニック,桜井市
R7,29,奈良県,2902,東和,R7-2902-27,2902奈良県東和,27,14,グランソール奈良,宇陀市
R7,29,奈良県,2902,東和,R7-2902-28,2902奈良県東和,28,15,小池医院,桜井市
R7,29,奈良県,2902,東和,R7-2902-29,2902奈良県東和,29,16,医療法人 母と子の城 久産婦人科,田原本町
R7,29,奈良県,2902,東和,R7-2902-30,2902奈良県東和,30,17,近藤眼科,桜井市
R7,29,奈良県,2903,西和,R7-2903-14,2903奈良県西和,14,1,近畿大学奈良病院,生駒市
R7,29,奈良県,2903,西和,R7-2903-15,2903奈良県西和,15,2,奈良県西和医療センター,三郷町
R7,29,奈良県,2903,西和,R7-2903-16,2903奈良県西和,16,3,社会医療法人田北会田北病院,大和郡山市
R7,29,奈良県,2903,西和,R7-2903-17,2903奈良県西和,17,4,生駒市立病院,生駒市
R7,29,奈良県,2903,西和,R7-2903-18,2903奈良県西和,18,5,独立行政法人地域医療機能推進機構 大和郡山病院,大和郡山市
R7,29,奈良県,2903,西和,R7-2903-19,2903奈良県西和,19,6,医療法人和幸会阪奈中央病院,生駒市
R7,29,奈良県,2903,西和,R7-2903-20,2903奈良県西和,20,7,医療法人友紘会 西大和リハビリテーション病院,上牧町
R7,29,奈良県,2903,西和,R7-2903-21,2903奈良県西和,21,8,奈良友紘会病院,上牧町
R7,29,奈良県,2903,西和,R7-2903-22,2903奈良県西和,22,9,服部記念病院,上牧町
R7,29,奈良県,2903,西和,R7-2903-23,2903奈良県西和,23,10,医療法人社団松下会 白庭病院,生駒市
R7,29,奈良県,2903,西和,R7-2903-24,2903奈良県西和,24,11,医療法人青心会 郡山青藍病院,大和郡山市
R7,29,奈良県,2903,西和,R7-2903-25,2903奈良県西和,25,12,医療法人社団松下会 東生駒病院,生駒市
R7,29,奈良県,2903,西和,R7-2903-26,2903奈良県西和,26,13,恵王病院,王寺町
R7,29,奈良県,2903,西和,R7-2903-27,2903奈良県西和,27,14,独立行政法人国立病院機構やまと精神医療センター,大和郡山市
R7,29,奈良県,2903,西和,R7-2903-28,2903奈良県西和,28,15,医療法人厚生会 奈良厚生会病院,大和郡山市
R7,29,奈良県,2903,西和,R7-2903-29,2903奈良県西和,29,16,医療法人学芳会倉病院,生駒市
R7,29,奈良県,2903,西和,R7-2903-30,2903奈良県西和,30,17,一般財団法人 信貴山病院 ハートランドしぎさん,三郷町
R7,29,奈良県,2903,西和,R7-2903-31,2903奈良県西和,31,18,医療法人藤和会 藤村病院,大和郡山市
R7,29,奈良県,2903,西和,R7-2903-32,2903奈良県西和,32,19,在宅支援いむらクリニック,大和郡山市
R7,29,奈良県,2903,西和,R7-2903-33,2903奈良県西和,33,20,医療法人白鳳会 林産婦人科登美ケ丘,生駒市
R7,29,奈良県,2903,西和,R7-2903-34,2903奈良県西和,34,21,公益財団法人ニッセイ聖隷健康福祉財団 ニッセイ聖隷クリニック,河合町
R7,29,奈良県,2903,西和,R7-2903-35,2903奈良県西和,35,22,医療法人白鳳会 林産婦人科,王寺町
R7,29,奈良県,2903,西和,R7-2903-36,2903奈良県西和,36,23,杉江産婦人科,生駒市
R7,29,奈良県,2903,西和,R7-2903-37,2903奈良県西和,37,24,医療法人なんのレディースクリニック,斑鳩町
R7,29,奈良県,2904,中和,R7-2904-14,2904奈良県中和,14,1,奈良県立医科大学附属病院,橿原市
R7,29,奈良県,2904,中和,R7-2904-15,2904奈良県中和,15,2,大和高田市立病院,大和高田市
R7,29,奈良県,2904,中和,R7-2904-16,2904奈良県中和,16,3,医療法人弘生会関屋病院,香芝市
R7,29,奈良県,2904,中和,R7-2904-17,2904奈良県中和,17,4,社会医療法人 平成記念会 平成記念病院,橿原市
R7,29,奈良県,2904,中和,R7-2904-18,2904奈良県中和,18,5,医療法人藤井会香芝生喜病院,香芝市
R7,29,奈良県,2904,中和,R7-2904-19,2904奈良県中和,19,6,橿原リハビリテーション病院,橿原市
R7,29,奈良県,2904,中和,R7-2904-20,2904奈良県中和,20,7,社会医療法人健生会土庫病院,大和高田市
R7,29,奈良県,2904,中和,R7-2904-21,2904奈良県中和,21,8,社会福祉法人恩賜財団済生会御所病院,御所市
R7,29,奈良県,2904,中和,R7-2904-22,2904奈良県中和,22,9,医療法人橿原友紘会 大和橿原病院,橿原市
R7,29,奈良県,2904,中和,R7-2904-23,2904奈良県中和,23,10,医療法人鴻池会秋津鴻池病院,御所市
R7,29,奈良県,2904,中和,R7-2904-24,2904奈良県中和,24,11,平成まほろば病院,橿原市
R7,29,奈良県,2904,中和,R7-2904-25,2904奈良県中和,25,12,医療法人桂会 平尾病院,橿原市
R7,29,奈良県,2904,中和,R7-2904-26,2904奈良県中和,26,13,社会医療法人高清会 香芝旭ケ丘病院,香芝市
R7,29,奈良県,2904,中和,R7-2904-27,2904奈良県中和,27,14,医療法人社団憲仁会中井記念病院,大和高田市
R7,29,奈良県,2904,中和,R7-2904-28,2904奈良県中和,28,15,医療法人興生会吉本整形外科・外科病院,葛城市
R7,29,奈良県,2904,中和,R7-2904-29,2904奈良県中和,29,16,医療法人一路会 錦織病院,橿原市
R7,29,奈良県,2904,中和,R7-2904-30,2904奈良県中和,30,17,医療法人平治会 さくらレディースクリニック,橿原市
R7,29,奈良県,2904,中和,R7-2904-31,2904奈良県中和,31,18,医療法人白鳳会 林産婦人科五位堂,香芝市
R7,29,奈良県,2904,中和,R7-2904-32,2904奈良県中和,32,19,酒本産婦人科医院,橿原市
R7,29,奈良県,2904,中和,R7-2904-33,2904奈良県中和,33,20,医療法人ますだ産婦人科明日香ウイメンズ・クリニック,橿原市
R7,29,奈良県,2904,中和,R7-2904-34,2904奈良県中和,34,21,医療法人友愛会 かつらぎクリニック,葛城市
R7,29,奈良県,2905,南和,R7-2905-14,2905奈良県南和,14,1,南和広域医療企業団南奈良総合医療センター,大淀町
R7,29,奈良県,2905,南和,R7-2905-15,2905奈良県南和,15,2,医療法人弘仁会南和病院,大淀町
R7,29,奈良県,2905,南和,R7-2905-16,2905奈良県南和,16,3,南和広域医療企業団吉野病院,吉野町
R7,29,奈良県,2905,南和,R7-2905-17,2905奈良県南和,17,4,南和広域医療企業団五條病院,五條市
R7,29,奈良県,2905,南和,R7-2905-18,2905奈良県南和,18,5,医療法人社団恵生会後藤医院,五條市
R7,29,奈良県,2905,南和,R7-2905-19,2905奈良県南和,19,6,山岸眼科医院,下市町
R7,29,奈良県,2905,南和,R7-2905-20,2905奈良県南和,20,7,医療法人豊生会 トミークリニック,大淀町
R7,30,和歌山県,3001,和歌山,R7-3001-14,3001和歌山県和歌山,14,1,和歌山県立医科大学附属病院,和歌山市
R7,30,和歌山県,3001,和歌山,R7-3001-15,3001和歌山県和歌山,15,2,日本赤十字社和歌山医療センター,和歌山市
R7,30,和歌山県,3001,和歌山,R7-3001-16,3001和歌山県和歌山,16,3,独立行政法人労働者健康安全機構和歌山労災病院,和歌山市
R7,30,和歌山県,3001,和歌山,R7-3001-17,3001和歌山県和歌山,17,4,済生会 和歌山病院,和歌山市
R7,30,和歌山県,3001,和歌山,R7-3001-18,3001和歌山県和歌山,18,5,医療法人裕紫会中谷病院,和歌山市
R7,30,和歌山県,3001,和歌山,R7-3001-19,3001和歌山県和歌山,19,6,医療法人愛晋会　中江病院,和歌山市
R7,30,和歌山県,3001,和歌山,R7-3001-20,3001和歌山県和歌山,20,7,医療法人 曙会 和歌浦中央病院,和歌山市
R7,30,和歌山県,3001,和歌山,R7-3001-21,3001和歌山県和歌山,21,8,堀口記念病院,和歌山市
R7,30,和歌山県,3001,和歌山,R7-3001-22,3001和歌山県和歌山,22,9,海南医療センター,海南市
R7,30,和歌山県,3001,和歌山,R7-3001-23,3001和歌山県和歌山,23,10,和歌山生協病院,和歌山市
R7,30,和歌山県,3001,和歌山,R7-3001-24,3001和歌山県和歌山,24,11,西和歌山病院,和歌山市
R7,30,和歌山県,3001,和歌山,R7-3001-25,3001和歌山県和歌山,25,12,医療法人 橋本病院,和歌山市
R7,30,和歌山県,3001,和歌山,R7-3001-26,3001和歌山県和歌山,26,13,医療法人浜病院,和歌山市
R7,30,和歌山県,3001,和歌山,R7-3001-27,3001和歌山県和歌山,27,14,古梅記念病院,和歌山市
R7,30,和歌山県,3001,和歌山,R7-3001-28,3001和歌山県和歌山,28,15,社会福祉法人琴の浦リハビリテーションセンター付属病院,和歌山市
R7,30,和歌山県,3001,和歌山,R7-3001-29,3001和歌山県和歌山,29,16,医療法人青松会河西田村病院,和歌山市
R7,30,和歌山県,3001,和歌山,R7-3001-30,3001和歌山県和歌山,30,17,国保野上厚生総合病院,紀美野町
R7,30,和歌山県,3001,和歌山,R7-3001-31,3001和歌山県和歌山,31,18,藤民病院,和歌山市
R7,30,和歌山県,3001,和歌山,R7-3001-32,3001和歌山県和歌山,32,19,医療法人　須佐病院,和歌山市
R7,30,和歌山県,3001,和歌山,R7-3001-33,3001和歌山県和歌山,33,20,宇都宮病院,和歌山市
R7,30,和歌山県,3001,和歌山,R7-3001-34,3001和歌山県和歌山,34,21,医療法人誠佑記念病院,和歌山市
R7,30,和歌山県,3001,和歌山,R7-3001-35,3001和歌山県和歌山,35,22,稲田病院,和歌山市
R7,30,和歌山県,3001,和歌山,R7-3001-36,3001和歌山県和歌山,36,23,角谷整形外科病院,和歌山市
R7,30,和歌山県,3001,和歌山,R7-3001-37,3001和歌山県和歌山,37,24,向井病院,和歌山市
R7,30,和歌山県,3001,和歌山,R7-3001-38,3001和歌山県和歌山,38,25,医療法人匡慈会伏虎リハビリテーション病院,和歌山市
R7,30,和歌山県,3001,和歌山,R7-3001-39,3001和歌山県和歌山,39,26,角谷リハビリテーション病院,和歌山市
R7,30,和歌山県,3001,和歌山,R7-3001-40,3001和歌山県和歌山,40,27,愛徳医療福祉センター,和歌山市
R7,30,和歌山県,3001,和歌山,R7-3001-41,3001和歌山県和歌山,41,28,医療法人杏林会嶋病院,和歌山市
R7,30,和歌山県,3001,和歌山,R7-3001-42,3001和歌山県和歌山,42,29,上山病院,和歌山市
R7,30,和歌山県,3001,和歌山,R7-3001-43,3001和歌山県和歌山,43,30,福外科病院,和歌山市
R7,30,和歌山県,3001,和歌山,R7-3001-44,3001和歌山県和歌山,44,31,石本病院,海南市
R7,30,和歌山県,3001,和歌山,R7-3001-45,3001和歌山県和歌山,45,32,今村病院,和歌山市
R7,30,和歌山県,3001,和歌山,R7-3001-46,3001和歌山県和歌山,46,33,半羽胃腸病院,和歌山市
R7,30,和歌山県,3001,和歌山,R7-3001-47,3001和歌山県和歌山,47,34,高山病院,和歌山市
R7,30,和歌山県,3001,和歌山,R7-3001-48,3001和歌山県和歌山,48,35,医療法人 恵友会 恵友病院,海南市
R7,30,和歌山県,3001,和歌山,R7-3001-49,3001和歌山県和歌山,49,36,笠松病院,海南市
R7,30,和歌山県,3001,和歌山,R7-3001-50,3001和歌山県和歌山,50,37,医療法人博文会児玉病院,和歌山市
R7,30,和歌山県,3001,和歌山,R7-3001-51,3001和歌山県和歌山,51,38,医療法人晃和会谷口病院,海南市
R7,30,和歌山県,3001,和歌山,R7-3001-52,3001和歌山県和歌山,52,39,医療法人弘仁会瀬藤病院,和歌山市
R7,30,和歌山県,3001,和歌山,R7-3001-53,3001和歌山県和歌山,53,40,紀泉ＫＤクリニック,和歌山市
R7,30,和歌山県,3001,和歌山,R7-3001-54,3001和歌山県和歌山,54,41,医療法人裕紫会 オリオン,和歌山市
R7,30,和歌山県,3001,和歌山,R7-3001-55,3001和歌山県和歌山,55,42,前田外科,和歌山市
R7,30,和歌山県,3001,和歌山,R7-3001-56,3001和歌山県和歌山,56,43,紀伊クリニック,和歌山市
R7,30,和歌山県,3001,和歌山,R7-3001-57,3001和歌山県和歌山,57,44,宇治田循環器科内科,和歌山市
R7,30,和歌山県,3001,和歌山,R7-3001-58,3001和歌山県和歌山,58,45,稲田クリニック,和歌山市
R7,30,和歌山県,3001,和歌山,R7-3001-59,3001和歌山県和歌山,59,46,綿貫整形外科,和歌山市
R7,30,和歌山県,3001,和歌山,R7-3001-60,3001和歌山県和歌山,60,47,きのしたクリニック,和歌山市
R7,30,和歌山県,3001,和歌山,R7-3001-61,3001和歌山県和歌山,61,48,花山ママクリニック,和歌山市
R7,30,和歌山県,3001,和歌山,R7-3001-62,3001和歌山県和歌山,62,49,西本内科外科医院,海南市
R7,30,和歌山県,3001,和歌山,R7-3001-63,3001和歌山県和歌山,63,50,辻秀輝整形外科,海南市
R7,30,和歌山県,3001,和歌山,R7-3001-64,3001和歌山県和歌山,64,51,向陽　脳とせぼね・循環器内科クリニック,和歌山市
R7,30,和歌山県,3001,和歌山,R7-3001-65,3001和歌山県和歌山,65,52,綿貫第二クリニック,和歌山市
R7,30,和歌山県,3001,和歌山,R7-3001-66,3001和歌山県和歌山,66,53,星野クリニック,和歌山市
R7,30,和歌山県,3001,和歌山,R7-3001-67,3001和歌山県和歌山,67,54,月山チャイルドケアクリニック,和歌山市
R7,30,和歌山県,3001,和歌山,R7-3001-68,3001和歌山県和歌山,68,55,医療法人　新生会　岩橋産科婦人科,和歌山市
R7,30,和歌山県,3001,和歌山,R7-3001-69,3001和歌山県和歌山,69,56,今福診療所,和歌山市
R7,30,和歌山県,3001,和歌山,R7-3001-70,3001和歌山県和歌山,70,57,はまだ産婦人科,和歌山市
R7,30,和歌山県,3001,和歌山,R7-3001-71,3001和歌山県和歌山,71,58,かわばた産婦人科,和歌山市
R7,30,和歌山県,3001,和歌山,R7-3001-72,3001和歌山県和歌山,72,59,眼科松本クリニック,和歌山市
R7,30,和歌山県,3001,和歌山,R7-3001-73,3001和歌山県和歌山,73,60,医療法人塩﨑医院,和歌山市
R7,30,和歌山県,3001,和歌山,R7-3001-74,3001和歌山県和歌山,74,61,医療法人弘愛会 黒田医院,和歌山市
R7,30,和歌山県,3001,和歌山,R7-3001-75,3001和歌山県和歌山,75,62,こうざき産婦人科,和歌山市
R7,30,和歌山県,3002,那賀,R7-3002-14,3002和歌山県那賀,14,1,公立那賀病院,紀の川市
R7,30,和歌山県,3002,那賀,R7-3002-15,3002和歌山県那賀,15,2,貴志川リハビリテーション病院,紀の川市
R7,30,和歌山県,3002,那賀,R7-3002-16,3002和歌山県那賀,16,3,つくし医療・福祉センター,岩出市
R7,30,和歌山県,3002,那賀,R7-3002-17,3002和歌山県那賀,17,4,医療法人 共栄会 名手病院,紀の川市
R7,30,和歌山県,3002,那賀,R7-3002-18,3002和歌山県那賀,18,5,富田病院,岩出市
R7,30,和歌山県,3002,那賀,R7-3002-19,3002和歌山県那賀,19,6,殿田胃腸肛門病院,岩出市
R7,30,和歌山県,3002,那賀,R7-3002-20,3002和歌山県那賀,20,7,稲穂会病院,紀の川市
R7,30,和歌山県,3002,那賀,R7-3002-21,3002和歌山県那賀,21,8,奥クリニック,紀の川市
R7,30,和歌山県,3002,那賀,R7-3002-22,3002和歌山県那賀,22,9,医療法人 彌栄会 やよいメディカルクリニック,岩出市
R7,30,和歌山県,3002,那賀,R7-3002-23,3002和歌山県那賀,23,10,紀の川クリニック,岩出市
R7,30,和歌山県,3003,橋本,R7-3003-14,3003和歌山県橋本,14,1,橋本市民病院,橋本市
R7,30,和歌山県,3003,橋本,R7-3003-15,3003和歌山県橋本,15,2,医療法人南労会紀和病院,橋本市
R7,30,和歌山県,3003,橋本,R7-3003-16,3003和歌山県橋本,16,3,社会医療法人 博寿会 山本病院,橋本市
R7,30,和歌山県,3003,橋本,R7-3003-17,3003和歌山県橋本,17,4,和歌山県立医科大学附属病院紀北分院,かつらぎ町
R7,30,和歌山県,3003,橋本,R7-3003-18,3003和歌山県橋本,18,5,医療法人岡田整形外科,橋本市
R7,30,和歌山県,3003,橋本,R7-3003-19,3003和歌山県橋本,19,6,医療法人博周会 梅本診療所,橋本市
R7,30,和歌山県,3003,橋本,R7-3003-20,3003和歌山県橋本,20,7,奥村マタニティクリニック,橋本市
R7,30,和歌山県,3003,橋本,R7-3003-21,3003和歌山県橋本,21,8,高野町立高野山総合診療所,高野町
R7,30,和歌山県,3004,有田,R7-3004-14,3004和歌山県有田,14,1,有田市立病院,有田市
R7,30,和歌山県,3004,有田,R7-3004-15,3004和歌山県有田,15,2,社会福祉法人 恩賜財団 済生会 有田病院,湯浅町
R7,30,和歌山県,3004,有田,R7-3004-16,3004和歌山県有田,16,3,医療法人 たちばな会 西岡病院,有田川町
R7,30,和歌山県,3004,有田,R7-3004-17,3004和歌山県有田,17,4,桜ヶ丘病院,有田市
R7,30,和歌山県,3004,有田,R7-3004-18,3004和歌山県有田,18,5,有田南病院,有田川町
R7,30,和歌山県,3004,有田,R7-3004-19,3004和歌山県有田,19,6,医療法人 大和会 土屋クリニック,有田市
R7,30,和歌山県,3004,有田,R7-3004-20,3004和歌山県有田,20,7,医療法人社団マザーキ―　ファミール産院ありだ,有田市
R7,30,和歌山県,3005,御坊,R7-3005-14,3005和歌山県御坊,14,1,ひだか病院,御坊市
R7,30,和歌山県,3005,御坊,R7-3005-15,3005和歌山県御坊,15,2,独立行政法人 国立病院機構 和歌山病院,美浜町
R7,30,和歌山県,3005,御坊,R7-3005-16,3005和歌山県御坊,16,3,北出病院,御坊市
R7,30,和歌山県,3005,御坊,R7-3005-17,3005和歌山県御坊,17,4,整形外科北裏病院,御坊市
R7,30,和歌山県,3005,御坊,R7-3005-18,3005和歌山県御坊,18,5,医療法人ｋｉｎｏｅ紀伊クリニック,御坊市
R7,30,和歌山県,3006,田辺,R7-3006-14,3006和歌山県田辺,14,1,紀南病院,田辺市
R7,30,和歌山県,3006,田辺,R7-3006-15,3006和歌山県田辺,15,2,独立行政法人国立病院機構南和歌山医療センター,田辺市
R7,30,和歌山県,3006,田辺,R7-3006-16,3006和歌山県田辺,16,3,白浜はまゆう病院,白浜町
R7,30,和歌山県,3006,田辺,R7-3006-17,3006和歌山県田辺,17,4,医療法人研医会田辺中央病院,田辺市
R7,30,和歌山県,3006,田辺,R7-3006-18,3006和歌山県田辺,18,5,医療法人 洗心会 玉置病院,田辺市
R7,30,和歌山県,3006,田辺,R7-3006-19,3006和歌山県田辺,19,6,南紀医療福祉センター,上富田町
R7,30,和歌山県,3006,田辺,R7-3006-20,3006和歌山県田辺,20,7,医療法人宝山会 白浜小南病院,白浜町
R7,30,和歌山県,3006,田辺,R7-3006-21,3006和歌山県田辺,21,8,国保すさみ病院,すさみ町
R7,30,和歌山県,3006,田辺,R7-3006-22,3006和歌山県田辺,22,9,真寿苑クリニック,田辺市
R7,30,和歌山県,3006,田辺,R7-3006-23,3006和歌山県田辺,23,10,外科内科辻医院,田辺市
R7,30,和歌山県,3006,田辺,R7-3006-24,3006和歌山県田辺,24,11,辻村外科,みなべ町
R7,30,和歌山県,3007,新宮,R7-3007-14,3007和歌山県新宮,14,1,新宮市立医療センター,新宮市
R7,30,和歌山県,3007,新宮,R7-3007-15,3007和歌山県新宮,15,2,那智勝浦町立温泉病院,那智勝浦町
R7,30,和歌山県,3007,新宮,R7-3007-16,3007和歌山県新宮,16,3,くしもと町立病院,串本町
R7,30,和歌山県,3007,新宮,R7-3007-17,3007和歌山県新宮,17,4,一般財団法人 新宮病院,新宮市
R7,30,和歌山県,3007,新宮,R7-3007-18,3007和歌山県新宮,18,5,医療法人日進会 日進会病院,那智勝浦町
R7,30,和歌山県,3007,新宮,R7-3007-19,3007和歌山県新宮,19,6,医療法人 玉置整形外科医院,新宮市
R7,30,和歌山県,3007,新宮,R7-3007-20,3007和歌山県新宮,20,7,医療法人木下医院,那智勝浦町
R7,30,和歌山県,3007,新宮,R7-3007-21,3007和歌山県新宮,21,8,坂野医院,太地町
R7,30,和歌山県,3007,新宮,R7-3007-22,3007和歌山県新宮,22,9,いずみウィメンズクリニック,新宮市
R7,31,鳥取県,3101,東部,R7-3101-14,3101鳥取県東部,14,1,鳥取県立中央病院,鳥取市
R7,31,鳥取県,3101,東部,R7-3101-15,3101鳥取県東部,15,2,鳥取赤十字病院,鳥取市
R7,31,鳥取県,3101,東部,R7-3101-16,3101鳥取県東部,16,3,鳥取市立病院,鳥取市
R7,31,鳥取県,3101,東部,R7-3101-17,3101鳥取県東部,17,4,独立行政法人国立病院機構鳥取医療センター,鳥取市
R7,31,鳥取県,3101,東部,R7-3101-18,3101鳥取県東部,18,5,鳥取生協病院,鳥取市
R7,31,鳥取県,3101,東部,R7-3101-19,3101鳥取県東部,19,6,尾﨑病院,鳥取市
R7,31,鳥取県,3101,東部,R7-3101-20,3101鳥取県東部,20,7,鳥取医療生協鹿野温泉病院,鳥取市
R7,31,鳥取県,3101,東部,R7-3101-21,3101鳥取県東部,21,8,ウェルフェア北園渡辺病院,鳥取市
R7,31,鳥取県,3101,東部,R7-3101-22,3101鳥取県東部,22,9,岩美町国民健康保険岩美病院,岩美町
R7,31,鳥取県,3101,東部,R7-3101-23,3101鳥取県東部,23,10,国民健康保険智頭病院,智頭町
R7,31,鳥取県,3101,東部,R7-3101-24,3101鳥取県東部,24,11,社会医療法人明和会医療福祉センター渡辺病院,鳥取市
R7,31,鳥取県,3101,東部,R7-3101-25,3101鳥取県東部,25,12,鳥取産院,鳥取市
R7,31,鳥取県,3101,東部,R7-3101-26,3101鳥取県東部,26,13,医療法人橋本外科医院,鳥取市
R7,31,鳥取県,3101,東部,R7-3101-27,3101鳥取県東部,27,14,さくらレディースクリニック田園町,鳥取市
R7,31,鳥取県,3101,東部,R7-3101-28,3101鳥取県東部,28,15,医療法人社団　野の花診療所,鳥取市
R7,31,鳥取県,3101,東部,R7-3101-29,3101鳥取県東部,29,16,池田外科医院,鳥取市
R7,31,鳥取県,3101,東部,R7-3101-30,3101鳥取県東部,30,17,医療法人社団みやもと産婦人科医院,鳥取市
R7,31,鳥取県,3101,東部,R7-3101-31,3101鳥取県東部,31,18,医療法人前嶋眼科医院,鳥取市
R7,31,鳥取県,3101,東部,R7-3101-32,3101鳥取県東部,32,19,タグチアイブイエフレディースクリニック,鳥取市
R7,31,鳥取県,3101,東部,R7-3101-33,3101鳥取県東部,33,20,医療法人三木眼科,鳥取市
R7,31,鳥取県,3102,中部,R7-3102-14,3102鳥取県中部,14,1,鳥取県立厚生病院,倉吉市
R7,31,鳥取県,3102,中部,R7-3102-15,3102鳥取県中部,15,2,医療法人十字会野島病院,倉吉市
R7,31,鳥取県,3102,中部,R7-3102-16,3102鳥取県中部,16,3,鳥取県中部医師会立三朝温泉病院,三朝町
R7,31,鳥取県,3102,中部,R7-3102-17,3102鳥取県中部,17,4,藤井政雄記念病院,倉吉市
R7,31,鳥取県,3102,中部,R7-3102-18,3102鳥取県中部,18,5,医療法人里仁会北岡病院,倉吉市
R7,31,鳥取県,3102,中部,R7-3102-19,3102鳥取県中部,19,6,医療法人共済会清水病院,倉吉市
R7,31,鳥取県,3102,中部,R7-3102-20,3102鳥取県中部,20,7,医療法人専仁会信生病院,倉吉市
R7,31,鳥取県,3102,中部,R7-3102-21,3102鳥取県中部,21,8,医療法人清和会垣田病院,倉吉市
R7,31,鳥取県,3102,中部,R7-3102-22,3102鳥取県中部,22,9,医療法人清生会谷口病院,倉吉市
R7,31,鳥取県,3102,中部,R7-3102-23,3102鳥取県中部,23,10,福嶋整形外科医院,倉吉市
R7,31,鳥取県,3102,中部,R7-3102-24,3102鳥取県中部,24,11,森本外科・脳神経外科医院,琴浦町
R7,31,鳥取県,3102,中部,R7-3102-25,3102鳥取県中部,25,12,打吹公園クリニック,倉吉市
R7,31,鳥取県,3102,中部,R7-3102-26,3102鳥取県中部,26,13,医療法人まつい眼科クリニック,倉吉市
R7,31,鳥取県,3102,中部,R7-3102-27,3102鳥取県中部,27,14,医療法人輝会森広眼科,倉吉市
R7,31,鳥取県,3102,中部,R7-3102-28,3102鳥取県中部,28,15,あけしまレディースクリニック,倉吉市
R7,31,鳥取県,3103,西部,R7-3103-14,3103鳥取県西部,14,1,鳥取大学医学部附属病院,米子市
R7,31,鳥取県,3103,西部,R7-3103-15,3103鳥取県西部,15,2,独立行政法人労働者健康安全機構山陰労災病院,米子市
R7,31,鳥取県,3103,西部,R7-3103-16,3103鳥取県西部,16,3,独立行政法人国立病院機構米子医療センター,米子市
R7,31,鳥取県,3103,西部,R7-3103-17,3103鳥取県西部,17,4,社会医療法人同愛会博愛病院,米子市
R7,31,鳥取県,3103,西部,R7-3103-18,3103鳥取県西部,18,5,鳥取県済生会境港総合病院,境港市
R7,31,鳥取県,3103,西部,R7-3103-19,3103鳥取県西部,19,6,皆生温泉病院,米子市
R7,31,鳥取県,3103,西部,R7-3103-20,3103鳥取県西部,20,7,医療法人育生会高島病院,米子市
R7,31,鳥取県,3103,西部,R7-3103-21,3103鳥取県西部,21,8,日南町国民健康保険日南病院,日南町
R7,31,鳥取県,3103,西部,R7-3103-22,3103鳥取県西部,22,9,日野病院,日野町
R7,31,鳥取県,3103,西部,R7-3103-23,3103鳥取県西部,23,10,社会医療法人仁厚会米子東病院,米子市
R7,31,鳥取県,3103,西部,R7-3103-24,3103鳥取県西部,24,11,南部町国民健康保険西伯病院,南部町
R7,31,鳥取県,3103,西部,R7-3103-25,3103鳥取県西部,25,12,医療法人元町病院,境港市
R7,31,鳥取県,3103,西部,R7-3103-26,3103鳥取県西部,26,13,鳥取県立総合療育センター,米子市
R7,31,鳥取県,3103,西部,R7-3103-27,3103鳥取県西部,27,14,医療法人養和会養和病院,米子市
R7,31,鳥取県,3103,西部,R7-3103-28,3103鳥取県西部,28,15,伯耆中央病院,伯耆町
R7,31,鳥取県,3103,西部,R7-3103-29,3103鳥取県西部,29,16,大山リハビリテーション病院,伯耆町
R7,31,鳥取県,3103,西部,R7-3103-30,3103鳥取県西部,30,17,錦海リハビリテーション病院,米子市
R7,31,鳥取県,3103,西部,R7-3103-31,3103鳥取県西部,31,18,新田外科胃腸科病院,米子市
R7,31,鳥取県,3103,西部,R7-3103-32,3103鳥取県西部,32,19,母と子の長田産科婦人科クリニック,米子市
R7,31,鳥取県,3103,西部,R7-3103-33,3103鳥取県西部,33,20,医療法人社団みずとり 米子西クリニック,米子市
R7,31,鳥取県,3103,西部,R7-3103-34,3103鳥取県西部,34,21,消化器クリニック米川医院,米子市
R7,31,鳥取県,3103,西部,R7-3103-35,3103鳥取県西部,35,22,ミオ・ファティリティ・クリニック,米子市
R7,31,鳥取県,3103,西部,R7-3103-36,3103鳥取県西部,36,23,小谷医院,大山町
R7,31,鳥取県,3103,西部,R7-3103-37,3103鳥取県西部,37,24,医療法人佐々木医院,大山町
R7,31,鳥取県,3103,西部,R7-3103-38,3103鳥取県西部,38,25,鎌沢マタニティークリニック,米子市
R7,31,鳥取県,3103,西部,R7-3103-39,3103鳥取県西部,39,26,彦名レディスライフクリニック,米子市
R7,31,鳥取県,3103,西部,R7-3103-40,3103鳥取県西部,40,27,医療法人中曽産科婦人科医院,米子市
R7,31,鳥取県,3103,西部,R7-3103-41,3103鳥取県西部,41,28,神鳥眼科医院,米子市
R7,31,鳥取県,3103,西部,R7-3103-42,3103鳥取県西部,42,29,キマチ・リハビリテーション医院,大山町
R7,31,鳥取県,3103,西部,R7-3103-43,3103鳥取県西部,43,30,博愛こども発達・在宅支援クリニック,米子市
R7,31,鳥取県,3103,西部,R7-3103-44,3103鳥取県西部,44,31,医療法人社団脇田ウィメンズヘルスケアセンター脇田産婦人科医院,米子市
R7,31,鳥取県,3103,西部,R7-3103-45,3103鳥取県西部,45,32,医療法人社団小森眼科クリニック,境港市
R7,31,鳥取県,3103,西部,R7-3103-46,3103鳥取県西部,46,33,ひがみ耳鼻いんこう科・いびき睡眠クリニック,日吉津村
R7,32,島根県,3201,松江,R7-3201-14,3201島根県松江,14,1,松江赤十字病院,松江市
R7,32,島根県,3201,松江,R7-3201-15,3201島根県松江,15,2,総合病院松江生協病院,松江市
R7,32,島根県,3201,松江,R7-3201-16,3201島根県松江,16,3,独立行政法人国立病院機構松江医療センター,松江市
R7,32,島根県,3201,松江,R7-3201-17,3201島根県松江,17,4,松江市立病院,松江市
R7,32,島根県,3201,松江,R7-3201-18,3201島根県松江,18,5,独立行政法人地域医療機能推進機構玉造病院,松江市
R7,32,島根県,3201,松江,R7-3201-19,3201島根県松江,19,6,安来第一病院,安来市
R7,32,島根県,3201,松江,R7-3201-20,3201島根県松江,20,7,鹿島病院,松江市
R7,32,島根県,3201,松江,R7-3201-21,3201島根県松江,21,8,安来市立病院,安来市
R7,32,島根県,3201,松江,R7-3201-22,3201島根県松江,22,9,松江記念病院,松江市
R7,32,島根県,3201,松江,R7-3201-23,3201島根県松江,23,10,東部島根医療福祉センター,松江市
R7,32,島根県,3201,松江,R7-3201-24,3201島根県松江,24,11,医療法人　松江腎クリニック,松江市
R7,32,島根県,3201,松江,R7-3201-25,3201島根県松江,25,12,医療法人たがしらレディースクリニック,松江市
R7,32,島根県,3201,松江,R7-3201-26,3201島根県松江,26,13,マザリー産科婦人科医院,松江市
R7,32,島根県,3201,松江,R7-3201-27,3201島根県松江,27,14,森本産婦人科医院,松江市
R7,32,島根県,3201,松江,R7-3201-28,3201島根県松江,28,15,市岡眼科クリニック,松江市
R7,32,島根県,3201,松江,R7-3201-29,3201島根県松江,29,16,医療法人茗山会清水眼科,松江市
R7,32,島根県,3201,松江,R7-3201-30,3201島根県松江,30,17,山本眼科医院,松江市
R7,32,島根県,3201,松江,R7-3201-31,3201島根県松江,31,18,家族・絆の吉岡医院,安来市
R7,32,島根県,3201,松江,R7-3201-32,3201島根県松江,32,19,たわら眼科,安来市
R7,32,島根県,3201,松江,R7-3201-33,3201島根県松江,33,20,いしはら眼科,松江市
R7,32,島根県,3201,松江,R7-3201-34,3201島根県松江,34,21,森脇医院,松江市
R7,32,島根県,3201,松江,R7-3201-35,3201島根県松江,35,22,城下町Lクリニック,松江市
R7,32,島根県,3202,雲南,R7-3202-14,3202島根県雲南,14,1,雲南市立病院,雲南市
R7,32,島根県,3202,雲南,R7-3202-15,3202島根県雲南,15,2,平成記念病院,雲南市
R7,32,島根県,3202,雲南,R7-3202-16,3202島根県雲南,16,3,町立奥出雲病院,奥出雲町
R7,32,島根県,3202,雲南,R7-3202-17,3202島根県雲南,17,4,飯南町立飯南病院,飯南町
R7,32,島根県,3203,出雲,R7-3203-14,3203島根県出雲,14,1,島根大学医学部附属病院,出雲市
R7,32,島根県,3203,出雲,R7-3203-15,3203島根県出雲,15,2,島根県立中央病院,出雲市
R7,32,島根県,3203,出雲,R7-3203-16,3203島根県出雲,16,3,医療法人壽生会 寿生病院,出雲市
R7,32,島根県,3203,出雲,R7-3203-17,3203島根県出雲,17,4,出雲市立総合医療センター,出雲市
R7,32,島根県,3203,出雲,R7-3203-18,3203島根県出雲,18,5,出雲徳洲会病院,出雲市
R7,32,島根県,3203,出雲,R7-3203-19,3203島根県出雲,19,6,出雲市民病院,出雲市
R7,32,島根県,3203,出雲,R7-3203-20,3203島根県出雲,20,7,斐川生協病院,出雲市
R7,32,島根県,3203,出雲,R7-3203-21,3203島根県出雲,21,8,出雲市民リハビリテーション病院,出雲市
R7,32,島根県,3203,出雲,R7-3203-22,3203島根県出雲,22,9,医療法人社団耕雲堂小林病院,出雲市
R7,32,島根県,3203,出雲,R7-3203-23,3203島根県出雲,23,10,外科内科山尾医院,出雲市
R7,32,島根県,3203,出雲,R7-3203-24,3203島根県出雲,24,11,林整形外科医院,出雲市
R7,32,島根県,3203,出雲,R7-3203-25,3203島根県出雲,25,12,出雲中央クリニック,出雲市
R7,32,島根県,3203,出雲,R7-3203-26,3203島根県出雲,26,13,みはら眼科皮膚科,出雲市
R7,32,島根県,3203,出雲,R7-3203-27,3203島根県出雲,27,14,松陽台佐藤クリニック,出雲市
R7,32,島根県,3203,出雲,R7-3203-28,3203島根県出雲,28,15,江田クリニック産婦人科,出雲市
R7,32,島根県,3203,出雲,R7-3203-29,3203島根県出雲,29,16,吉野産婦人科医院,出雲市
R7,32,島根県,3203,出雲,R7-3203-30,3203島根県出雲,30,17,ますだ眼科クリニック,出雲市
R7,32,島根県,3203,出雲,R7-3203-31,3203島根県出雲,31,18,三原医院,出雲市
R7,32,島根県,3204,大田,R7-3204-14,3204島根県大田,14,1,大田市立病院,大田市
R7,32,島根県,3204,大田,R7-3204-15,3204島根県大田,15,2,公立邑智病院,邑南町
R7,32,島根県,3204,大田,R7-3204-16,3204島根県大田,16,3,加藤病院,川本町
R7,32,島根県,3204,大田,R7-3204-17,3204島根県大田,17,4,大田呼吸循環クリニック,大田市
R7,32,島根県,3204,大田,R7-3204-18,3204島根県大田,18,5,福田医院,大田市
R7,32,島根県,3204,大田,R7-3204-19,3204島根県大田,19,6,医療法人社団　賢宏会　上垣医院,大田市
R7,32,島根県,3204,大田,R7-3204-20,3204島根県大田,20,7,ふじわら眼科クリニック,大田市
R7,32,島根県,3205,浜田,R7-3205-14,3205島根県浜田,14,1,独立行政法人国立病院機構浜田医療センター,浜田市
R7,32,島根県,3205,浜田,R7-3205-15,3205島根県浜田,15,2,島根県済生会江津総合病院,江津市
R7,32,島根県,3205,浜田,R7-3205-16,3205島根県浜田,16,3,西部島根医療福祉センター,江津市
R7,32,島根県,3205,浜田,R7-3205-17,3205島根県浜田,17,4,山根病院三隅分院,浜田市
R7,32,島根県,3205,浜田,R7-3205-18,3205島根県浜田,18,5,山根病院,浜田市
R7,32,島根県,3205,浜田,R7-3205-19,3205島根県浜田,19,6,おさだ眼科クリニック,浜田市
R7,32,島根県,3205,浜田,R7-3205-20,3205島根県浜田,20,7,いわみ眼科クリニック,江津市
R7,32,島根県,3206,益田,R7-3206-14,3206島根県益田,14,1,益田赤十字病院,益田市
R7,32,島根県,3206,益田,R7-3206-15,3206島根県益田,15,2,益田地域医療センター医師会病院,益田市
R7,32,島根県,3206,益田,R7-3206-16,3206島根県益田,16,3,よしか病院,吉賀町
R7,32,島根県,3206,益田,R7-3206-17,3206島根県益田,17,4,津和野共存病院,津和野町
R7,32,島根県,3207,隠岐,R7-3207-14,3207島根県隠岐,14,1,隠岐広域連合立隠岐病院,隠岐の島町
R7,32,島根県,3207,隠岐,R7-3207-15,3207島根県隠岐,15,2,隠岐広域連合立隠岐島前病院,西ノ島町
R7,33,岡山県,3301,県南東部,R7-3301-14,3301岡山県県南東部,14,1,岡山大学病院,岡山市北区
R7,33,岡山県,3301,県南東部,R7-3301-15,3301岡山県県南東部,15,2,川崎医科大学総合医療センター,岡山市北区
R7,33,岡山県,3301,県南東部,R7-3301-16,3301岡山県県南東部,16,3,独立行政法人国立病院機構岡山医療センター,岡山市北区
R7,33,岡山県,3301,県南東部,R7-3301-17,3301岡山県県南東部,17,4,岡山赤十字病院,岡山市北区
R7,33,岡山県,3301,県南東部,R7-3301-18,3301岡山県県南東部,18,5,岡山済生会総合病院,岡山市北区
R7,33,岡山県,3301,県南東部,R7-3301-19,3301岡山県県南東部,19,6,旭川荘療育・医療センター,岡山市北区
R7,33,岡山県,3301,県南東部,R7-3301-20,3301岡山県県南東部,20,7,岡山市立市民病院,岡山市北区
R7,33,岡山県,3301,県南東部,R7-3301-21,3301岡山県県南東部,21,8,独立行政法人労働者健康安全機構岡山労災病院,岡山市南区
R7,33,岡山県,3301,県南東部,R7-3301-22,3301岡山県県南東部,22,9,岡山協立病院,岡山市中区
R7,33,岡山県,3301,県南東部,R7-3301-23,3301岡山県県南東部,23,10,心臓病センター榊原病院,岡山市北区
R7,33,岡山県,3301,県南東部,R7-3301-24,3301岡山県県南東部,24,11,国立療養所邑久光明園,瀬戸内市
R7,33,岡山県,3301,県南東部,R7-3301-25,3301岡山県県南東部,25,12,赤磐医師会病院,赤磐市
R7,33,岡山県,3301,県南東部,R7-3301-26,3301岡山県県南東部,26,13,社会医療法人鴻仁会 岡山中央病院,岡山市北区
R7,33,岡山県,3301,県南東部,R7-3301-27,3301岡山県県南東部,27,14,公益財団法人操風会岡山旭東病院,岡山市中区
R7,33,岡山県,3301,県南東部,R7-3301-28,3301岡山県県南東部,28,15,社会医療法人 光生病院,岡山市北区
R7,33,岡山県,3301,県南東部,R7-3301-29,3301岡山県県南東部,29,16,重井医学研究所附属病院,岡山市南区
R7,33,岡山県,3301,県南東部,R7-3301-30,3301岡山県県南東部,30,17,地方独立行政法人玉野医療センターたまの病院,玉野市
R7,33,岡山県,3301,県南東部,R7-3301-31,3301岡山県県南東部,31,18,社会福祉法人岡山博愛会 岡山博愛会病院,岡山市中区
R7,33,岡山県,3301,県南東部,R7-3301-32,3301岡山県県南東部,32,19,国立療養所長島愛生園,瀬戸内市
R7,33,岡山県,3301,県南東部,R7-3301-33,3301岡山県県南東部,33,20,社会医療法人岡村一心堂病院,岡山市東区
R7,33,岡山県,3301,県南東部,R7-3301-34,3301岡山県県南東部,34,21,独立行政法人労働者健康安全機構吉備高原医療リハビリテーションセンター,吉備中央町
R7,33,岡山県,3301,県南東部,R7-3301-35,3301岡山県県南東部,35,22,社会医療法人　盛全会　岡山西大寺病院,岡山市東区
R7,33,岡山県,3301,県南東部,R7-3301-36,3301岡山県県南東部,36,23,公益財団法人操風会岡山リハビリテーション病院,岡山市中区
R7,33,岡山県,3301,県南東部,R7-3301-37,3301岡山県県南東部,37,24,岡山東中央病院,岡山市中区
R7,33,岡山県,3301,県南東部,R7-3301-38,3301岡山県県南東部,38,25,医療法人長光会長島病院,岡山市東区
R7,33,岡山県,3301,県南東部,R7-3301-39,3301岡山県県南東部,39,26,岡山西大寺病院附属中野分院,岡山市東区
R7,33,岡山県,3301,県南東部,R7-3301-40,3301岡山県県南東部,40,27,瀬戸内記念病院,瀬戸内市
R7,33,岡山県,3301,県南東部,R7-3301-41,3301岡山県県南東部,41,28,竜操整形外科病院,岡山市中区
R7,33,岡山県,3301,県南東部,R7-3301-42,3301岡山県県南東部,42,29,宮本整形外科病院,岡山市中区
R7,33,岡山県,3301,県南東部,R7-3301-43,3301岡山県県南東部,43,30,瀬戸内市立瀬戸内市民病院,瀬戸内市
R7,33,岡山県,3301,県南東部,R7-3301-44,3301岡山県県南東部,44,31,川崎医科大学高齢者医療センター,岡山市北区
R7,33,岡山県,3301,県南東部,R7-3301-45,3301岡山県県南東部,45,32,医療法人社団藤田病院,岡山市東区
R7,33,岡山県,3301,県南東部,R7-3301-46,3301岡山県県南東部,46,33,佐藤病院,岡山市南区
R7,33,岡山県,3301,県南東部,R7-3301-47,3301岡山県県南東部,47,34,備前市国民健康保険市立日生病院,備前市
R7,33,岡山県,3301,県南東部,R7-3301-48,3301岡山県県南東部,48,35,備前市国民健康保険市立備前病院,備前市
R7,33,岡山県,3301,県南東部,R7-3301-49,3301岡山県県南東部,49,36,草加病院,備前市
R7,33,岡山県,3301,県南東部,R7-3301-50,3301岡山県県南東部,50,37,岡山赤十字玉野病院,玉野市
R7,33,岡山県,3301,県南東部,R7-3301-51,3301岡山県県南東部,51,38,公益財団法人岡山県健康づくり財団附属病院,岡山市北区
R7,33,岡山県,3301,県南東部,R7-3301-52,3301岡山県県南東部,52,39,岡山済生会外来センター病院,岡山市北区
R7,33,岡山県,3301,県南東部,R7-3301-53,3301岡山県県南東部,53,40,医療法人紀典会北川病院,和気町
R7,33,岡山県,3301,県南東部,R7-3301-54,3301岡山県県南東部,54,41,済生会吉備病院,岡山市北区
R7,33,岡山県,3301,県南東部,R7-3301-55,3301岡山県県南東部,55,42,医療法人岡山水清会 岡山水清会病院,岡山市北区
R7,33,岡山県,3301,県南東部,R7-3301-56,3301岡山県県南東部,56,43,医療法人平病院,和気町
R7,33,岡山県,3301,県南東部,R7-3301-57,3301岡山県県南東部,57,44,一般財団法人淳風会 淳風会ロングライフホスピタル,岡山市北区
R7,33,岡山県,3301,県南東部,R7-3301-58,3301岡山県県南東部,58,45,岡山第一病院,岡山市中区
R7,33,岡山県,3301,県南東部,R7-3301-59,3301岡山県県南東部,59,46,岡山市立せのお病院,岡山市南区
R7,33,岡山県,3301,県南東部,R7-3301-60,3301岡山県県南東部,60,47,セントラルシティ病院,岡山市南区
R7,33,岡山県,3301,県南東部,R7-3301-61,3301岡山県県南東部,61,48,吉備高原ルミエール病院,吉備中央町
R7,33,岡山県,3301,県南東部,R7-3301-62,3301岡山県県南東部,62,49,中島病院,岡山市南区
R7,33,岡山県,3301,県南東部,R7-3301-63,3301岡山県県南東部,63,50,岡山市久米南町組合立国民健康保険福渡病院,岡山市北区
R7,33,岡山県,3301,県南東部,R7-3301-64,3301岡山県県南東部,64,51,おおもと病院,岡山市北区
R7,33,岡山県,3301,県南東部,R7-3301-65,3301岡山県県南東部,65,52,同仁病院,岡山市北区
R7,33,岡山県,3301,県南東部,R7-3301-66,3301岡山県県南東部,66,53,独立行政法人自動車事故対策機構岡山療護センター,岡山市北区
R7,33,岡山県,3301,県南東部,R7-3301-67,3301岡山県県南東部,67,54,備前市国民健康保険市立吉永病院,備前市
R7,33,岡山県,3301,県南東部,R7-3301-68,3301岡山県県南東部,68,55,医療法人社団　秀明会　林病院,岡山市東区
R7,33,岡山県,3301,県南東部,R7-3301-69,3301岡山県県南東部,69,56,岡山光南病院,岡山市南区
R7,33,岡山県,3301,県南東部,R7-3301-70,3301岡山県県南東部,70,57,大西病院,玉野市
R7,33,岡山県,3301,県南東部,R7-3301-71,3301岡山県県南東部,71,58,医療法人玉野中央病院,玉野市
R7,33,岡山県,3301,県南東部,R7-3301-72,3301岡山県県南東部,72,59,医療法人愛善会由良病院,玉野市
R7,33,岡山県,3301,県南東部,R7-3301-73,3301岡山県県南東部,73,60,岡山紀念病院,岡山市北区
R7,33,岡山県,3301,県南東部,R7-3301-74,3301岡山県県南東部,74,61,中谷外科病院,玉野市
R7,33,岡山県,3301,県南東部,R7-3301-75,3301岡山県県南東部,75,62,岡山東部脳神経外科病院,岡山市北区
R7,33,岡山県,3301,県南東部,R7-3301-76,3301岡山県県南東部,76,63,ペリネイト母と子の病院,岡山市中区
R7,33,岡山県,3301,県南東部,R7-3301-77,3301岡山県県南東部,77,64,国立病院機構岡山市立金川病院,岡山市北区
R7,33,岡山県,3301,県南東部,R7-3301-78,3301岡山県県南東部,78,65,医療法人国泰会 丹羽病院,岡山市東区
R7,33,岡山県,3301,県南東部,R7-3301-79,3301岡山県県南東部,79,66,医療法人喜多村病院,岡山市北区
R7,33,岡山県,3301,県南東部,R7-3301-80,3301岡山県県南東部,80,67,マスカット内科クリニック,岡山市北区
R7,33,岡山県,3301,県南東部,R7-3301-81,3301岡山県県南東部,81,68,医療法人寺見内科医院,岡山市北区
R7,33,岡山県,3301,県南東部,R7-3301-82,3301岡山県県南東部,82,69,医療法人 森谷外科医院,岡山市北区
R7,33,岡山県,3301,県南東部,R7-3301-83,3301岡山県県南東部,83,70,木本内科医院,岡山市北区
R7,33,岡山県,3301,県南東部,R7-3301-84,3301岡山県県南東部,84,71,西岡外科,岡山市北区
R7,33,岡山県,3301,県南東部,R7-3301-85,3301岡山県県南東部,85,72,高松整形外科脳神経外科医院,岡山市北区
R7,33,岡山県,3301,県南東部,R7-3301-86,3301岡山県県南東部,86,73,医療法人坂田整形外科医院,岡山市北区
R7,33,岡山県,3301,県南東部,R7-3301-87,3301岡山県県南東部,87,74,佐藤内科,岡山市北区
R7,33,岡山県,3301,県南東部,R7-3301-88,3301岡山県県南東部,88,75,医療法人緑樹会渡辺医院,岡山市北区
R7,33,岡山県,3301,県南東部,R7-3301-89,3301岡山県県南東部,89,76,おくむら大腸肛門クリニック,岡山市北区
R7,33,岡山県,3301,県南東部,R7-3301-90,3301岡山県県南東部,90,77,岡山愛育クリニック,岡山市中区
R7,33,岡山県,3301,県南東部,R7-3301-91,3301岡山県県南東部,91,78,原尾島クリニック,岡山市中区
R7,33,岡山県,3301,県南東部,R7-3301-92,3301岡山県県南東部,92,79,岡山ハートクリニック,岡山市中区
R7,33,岡山県,3301,県南東部,R7-3301-93,3301岡山県県南東部,93,80,吉井外科内科クリニック,岡山市東区
R7,33,岡山県,3301,県南東部,R7-3301-94,3301岡山県県南東部,94,81,近藤内科,岡山市東区
R7,33,岡山県,3301,県南東部,R7-3301-95,3301岡山県県南東部,95,82,岩藤胃腸科・外科・歯科クリニック,岡山市東区
R7,33,岡山県,3301,県南東部,R7-3301-96,3301岡山県県南東部,96,83,さわだレディスクリニック,岡山市南区
R7,33,岡山県,3301,県南東部,R7-3301-97,3301岡山県県南東部,97,84,医療法人緑風会　三宅おおふくクリニック,岡山市南区
R7,33,岡山県,3301,県南東部,R7-3301-98,3301岡山県県南東部,98,85,かとう内科並木通り診療所,岡山市南区
R7,33,岡山県,3301,県南東部,R7-3301-99,3301岡山県県南東部,99,86,青木内科小児科医院,岡山市南区
R7,33,岡山県,3301,県南東部,R7-3301-100,3301岡山県県南東部,100,87,医療法人岡南産婦人科医院,岡山市南区
R7,33,岡山県,3301,県南東部,R7-3301-101,3301岡山県県南東部,101,88,うちおグリーンクリニック,岡山市南区
R7,33,岡山県,3301,県南東部,R7-3301-102,3301岡山県県南東部,102,89,医療法人REGIONO　池田医院,岡山市南区
R7,33,岡山県,3301,県南東部,R7-3301-103,3301岡山県県南東部,103,90,三宅医院,岡山市南区
R7,33,岡山県,3301,県南東部,R7-3301-104,3301岡山県県南東部,104,91,松山胃腸科外科,岡山市南区
R7,33,岡山県,3301,県南東部,R7-3301-105,3301岡山県県南東部,105,92,渋藤医院,和気町
R7,33,岡山県,3301,県南東部,R7-3301-106,3301岡山県県南東部,106,93,きらめきクリニック,岡山市北区
R7,33,岡山県,3301,県南東部,R7-3301-107,3301岡山県県南東部,107,94,医療法人社団 岡山二人クリニック,岡山市北区
R7,33,岡山県,3301,県南東部,R7-3301-108,3301岡山県県南東部,108,95,医療法人医清会 山本医院,岡山市南区
R7,33,岡山県,3301,県南東部,R7-3301-109,3301岡山県県南東部,109,96,医療法人サン・クリニック,岡山市中区
R7,33,岡山県,3301,県南東部,R7-3301-110,3301岡山県県南東部,110,97,ももレディースクリニック,岡山市北区
R7,33,岡山県,3301,県南東部,R7-3301-111,3301岡山県県南東部,111,98,トリニティクリニック,岡山市北区
R7,33,岡山県,3301,県南東部,R7-3301-112,3301岡山県県南東部,112,99,医療法人社団良友会 山陽病院,岡山市中区
R7,33,岡山県,3301,県南東部,R7-3301-113,3301岡山県県南東部,113,100,医療法人 井上医院,岡山市中区
R7,33,岡山県,3301,県南東部,R7-3301-114,3301岡山県県南東部,114,101,オークスマタニティクリニック,岡山市北区
R7,33,岡山県,3301,県南東部,R7-3301-115,3301岡山県県南東部,115,102,小山眼科,岡山市東区
R7,33,岡山県,3301,県南東部,R7-3301-116,3301岡山県県南東部,116,103,あおき整形リハビリクリニック,岡山市北区
R7,33,岡山県,3301,県南東部,R7-3301-117,3301岡山県県南東部,117,104,医療法人博温会川島眼科,岡山市北区
R7,33,岡山県,3301,県南東部,R7-3301-118,3301岡山県県南東部,118,105,医療法人（社団） 福島内科医院,岡山市北区
R7,33,岡山県,3301,県南東部,R7-3301-119,3301岡山県県南東部,119,106,医療法人片山産婦人科,玉野市
R7,33,岡山県,3301,県南東部,R7-3301-120,3301岡山県県南東部,120,107,一般財団法人操志会高畠西眼科,岡山市北区
R7,33,岡山県,3301,県南東部,R7-3301-121,3301岡山県県南東部,121,108,わたなべ眼科クリニック,岡山市南区
R7,33,岡山県,3301,県南東部,R7-3301-122,3301岡山県県南東部,122,109,医療法人 堀産婦人科医院,岡山市北区
R7,33,岡山県,3301,県南東部,R7-3301-123,3301岡山県県南東部,123,110,辻眼科,岡山市北区
R7,33,岡山県,3301,県南東部,R7-3301-124,3301岡山県県南東部,124,111,医療法人雄風会 新あしもりクリニック,岡山市北区
R7,33,岡山県,3301,県南東部,R7-3301-125,3301岡山県県南東部,125,112,一般財団法人操志会高畠眼科医院,岡山市北区
R7,33,岡山県,3301,県南東部,R7-3301-126,3301岡山県県南東部,126,113,医療法人順明会 片山東眼科医院,岡山市中区
R7,33,岡山県,3301,県南東部,R7-3301-127,3301岡山県県南東部,127,114,喜多嶋眼科,岡山市東区
R7,33,岡山県,3301,県南東部,R7-3301-128,3301岡山県県南東部,128,115,井上産婦人科クリニック,岡山市北区
R7,33,岡山県,3301,県南東部,R7-3301-129,3301岡山県県南東部,129,116,亀田眼科,備前市
R7,33,岡山県,3301,県南東部,R7-3301-130,3301岡山県県南東部,130,117,医療法人熊代眼科医院,岡山市北区
R7,33,岡山県,3301,県南東部,R7-3301-131,3301岡山県県南東部,131,118,松村耳鼻咽喉科医院,岡山市北区
R7,33,岡山県,3301,県南東部,R7-3301-132,3301岡山県県南東部,132,119,医療法人　山下クリニック,岡山市北区
R7,33,岡山県,3302,県南西部,R7-3302-14,3302岡山県県南西部,14,1,公益財団法人大原記念倉敷中央医療機構倉敷中央病院,倉敷市
R7,33,岡山県,3302,県南西部,R7-3302-15,3302岡山県県南西部,15,2,川崎医科大学附属病院,倉敷市
R7,33,岡山県,3302,県南西部,R7-3302-16,3302岡山県県南西部,16,3,独立行政法人国立病院機構南岡山医療センター,早島町
R7,33,岡山県,3302,県南西部,R7-3302-17,3302岡山県県南西部,17,4,水島協同病院,倉敷市
R7,33,岡山県,3302,県南西部,R7-3302-18,3302岡山県県南西部,18,5,倉敷成人病センター,倉敷市
R7,33,岡山県,3302,県南西部,R7-3302-19,3302岡山県県南西部,19,6,社会医療法人創和会　しげい病院,倉敷市
R7,33,岡山県,3302,県南西部,R7-3302-20,3302岡山県県南西部,20,7,医療法人医誠会 児島中央病院,倉敷市
R7,33,岡山県,3302,県南西部,R7-3302-21,3302岡山県県南西部,21,8,倉敷平成病院,倉敷市
R7,33,岡山県,3302,県南西部,R7-3302-22,3302岡山県県南西部,22,9,医療法人水清会水島第一病院,倉敷市
R7,33,岡山県,3302,県南西部,R7-3302-23,3302岡山県県南西部,23,10,倉敷市立市民病院,倉敷市
R7,33,岡山県,3302,県南西部,R7-3302-24,3302岡山県県南西部,24,11,医療法人和香会 倉敷スイートホスピタル,倉敷市
R7,33,岡山県,3302,県南西部,R7-3302-25,3302岡山県県南西部,25,12,医療法人誠和会 倉敷第一病院,倉敷市
R7,33,岡山県,3302,県南西部,R7-3302-26,3302岡山県県南西部,26,13,水島中央病院,倉敷市
R7,33,岡山県,3302,県南西部,R7-3302-27,3302岡山県県南西部,27,14,医療法人誠和会倉敷紀念病院,倉敷市
R7,33,岡山県,3302,県南西部,R7-3302-28,3302岡山県県南西部,28,15,医療法人社団清和会笠岡第一病院,笠岡市
R7,33,岡山県,3302,県南西部,R7-3302-29,3302岡山県県南西部,29,16,医療法人社団同仁会金光病院,浅口市
R7,33,岡山県,3302,県南西部,R7-3302-30,3302岡山県県南西部,30,17,井原市立井原市民病院,井原市
R7,33,岡山県,3302,県南西部,R7-3302-31,3302岡山県県南西部,31,18,医療法人 天和会 松田病院,倉敷市
R7,33,岡山県,3302,県南西部,R7-3302-32,3302岡山県県南西部,32,19,公益財団法人大原記念倉敷中央医療機構倉敷中央病院リバーサイド,倉敷市
R7,33,岡山県,3302,県南西部,R7-3302-33,3302岡山県県南西部,33,20,コープリハビリテーション病院,倉敷市
R7,33,岡山県,3302,県南西部,R7-3302-34,3302岡山県県南西部,34,21,医療法人社団新風会 玉島中央病院,倉敷市
R7,33,岡山県,3302,県南西部,R7-3302-35,3302岡山県県南西部,35,22,矢掛町国民健康保険病院,矢掛町
R7,33,岡山県,3302,県南西部,R7-3302-36,3302岡山県県南西部,36,23,医療法人昭和会 倉敷北病院,倉敷市
R7,33,岡山県,3302,県南西部,R7-3302-37,3302岡山県県南西部,37,24,玉島協同病院,倉敷市
R7,33,岡山県,3302,県南西部,R7-3302-38,3302岡山県県南西部,38,25,倉敷リハビリテーション病院,倉敷市
R7,33,岡山県,3302,県南西部,R7-3302-39,3302岡山県県南西部,39,26,笠岡市立市民病院,笠岡市
R7,33,岡山県,3302,県南西部,R7-3302-40,3302岡山県県南西部,40,27,柴田病院,倉敷市
R7,33,岡山県,3302,県南西部,R7-3302-41,3302岡山県県南西部,41,28,医療法人行堂会長野病院,総社市
R7,33,岡山県,3302,県南西部,R7-3302-42,3302岡山県県南西部,42,29,医療法人協愛会 倉敷シティ病院,倉敷市
R7,33,岡山県,3302,県南西部,R7-3302-43,3302岡山県県南西部,43,30,医療法人社団五聖会 児島聖康病院,倉敷市
R7,33,岡山県,3302,県南西部,R7-3302-44,3302岡山県県南西部,44,31,まび記念病院,倉敷市
R7,33,岡山県,3302,県南西部,R7-3302-45,3302岡山県県南西部,45,32,医療法人賀新会 プライムホスピタル玉島,倉敷市
R7,33,岡山県,3302,県南西部,R7-3302-46,3302岡山県県南西部,46,33,医療法人仁徳会森下病院,総社市
R7,33,岡山県,3302,県南西部,R7-3302-47,3302岡山県県南西部,47,34,医療法人　薬師寺慈恵会　薬師寺慈恵病院,総社市
R7,33,岡山県,3302,県南西部,R7-3302-48,3302岡山県県南西部,48,35,チクバ外科胃腸科肛門科病院,倉敷市
R7,33,岡山県,3302,県南西部,R7-3302-49,3302岡山県県南西部,49,36,医療法人鷲風会 下津井病院,倉敷市
R7,33,岡山県,3302,県南西部,R7-3302-50,3302岡山県県南西部,50,37,公益財団法人 弘仁会 玉島病院,倉敷市
R7,33,岡山県,3302,県南西部,R7-3302-51,3302岡山県県南西部,51,38,医療法人緑十字会 笠岡中央病院,笠岡市
R7,33,岡山県,3302,県南西部,R7-3302-52,3302岡山県県南西部,52,39,医療法人みわ記念病院,浅口市
R7,33,岡山県,3302,県南西部,R7-3302-53,3302岡山県県南西部,53,40,鳥越病院,矢掛町
R7,33,岡山県,3302,県南西部,R7-3302-54,3302岡山県県南西部,54,41,医療法人創生会 渡辺胃腸科外科病院,倉敷市
R7,33,岡山県,3302,県南西部,R7-3302-55,3302岡山県県南西部,55,42,国定病院,里庄町
R7,33,岡山県,3302,県南西部,R7-3302-56,3302岡山県県南西部,56,43,武田病院,倉敷市
R7,33,岡山県,3302,県南西部,R7-3302-57,3302岡山県県南西部,57,44,医療法人おだうじ会 小田病院,井原市
R7,33,岡山県,3302,県南西部,R7-3302-58,3302岡山県県南西部,58,45,医療法人至誠会赤松病院,倉敷市
R7,33,岡山県,3302,県南西部,R7-3302-59,3302岡山県県南西部,59,46,医療法人社団 菅病院,井原市
R7,33,岡山県,3302,県南西部,R7-3302-60,3302岡山県県南西部,60,47,医療法人福寿会 藤戸クリニック,倉敷市
R7,33,岡山県,3302,県南西部,R7-3302-61,3302岡山県県南西部,61,48,西崎内科医院,倉敷市
R7,33,岡山県,3302,県南西部,R7-3302-62,3302岡山県県南西部,62,49,医療法人以心会 難波医院,倉敷市
R7,33,岡山県,3302,県南西部,R7-3302-63,3302岡山県県南西部,63,50,田嶋内科,倉敷市
R7,33,岡山県,3302,県南西部,R7-3302-64,3302岡山県県南西部,64,51,山本整形外科医院,倉敷市
R7,33,岡山県,3302,県南西部,R7-3302-65,3302岡山県県南西部,65,52,新倉敷メディカルスクエア,倉敷市
R7,33,岡山県,3302,県南西部,R7-3302-66,3302岡山県県南西部,66,53,やまな内科整形外科,倉敷市
R7,33,岡山県,3302,県南西部,R7-3302-67,3302岡山県県南西部,67,54,守安外科胃腸科整形外科クリニック,倉敷市
R7,33,岡山県,3302,県南西部,R7-3302-68,3302岡山県県南西部,68,55,医療法人村上脳神経外科・内科,笠岡市
R7,33,岡山県,3302,県南西部,R7-3302-69,3302岡山県県南西部,69,56,医療法人平允会 森本整形外科医院,井原市
R7,33,岡山県,3302,県南西部,R7-3302-70,3302岡山県県南西部,70,57,医療法人弘智会 井原第一クリニック,井原市
R7,33,岡山県,3302,県南西部,R7-3302-71,3302岡山県県南西部,71,58,泉クリニック,総社市
R7,33,岡山県,3302,県南西部,R7-3302-72,3302岡山県県南西部,72,59,原田整形外科医院,総社市
R7,33,岡山県,3302,県南西部,R7-3302-73,3302岡山県県南西部,73,60,医療法人社団よりしま中西医院,浅口市
R7,33,岡山県,3302,県南西部,R7-3302-74,3302岡山県県南西部,74,61,にいつクリニック,里庄町
R7,33,岡山県,3302,県南西部,R7-3302-75,3302岡山県県南西部,75,62,JIKEIクリニック,総社市
R7,33,岡山県,3302,県南西部,R7-3302-76,3302岡山県県南西部,76,63,医療法人さかえ外科内科クリニック,総社市
R7,33,岡山県,3302,県南西部,R7-3302-77,3302岡山県県南西部,77,64,医療法人浅桐産婦人科,倉敷市
R7,33,岡山県,3302,県南西部,R7-3302-78,3302岡山県県南西部,78,65,くにとみクリニック,総社市
R7,33,岡山県,3302,県南西部,R7-3302-79,3302岡山県県南西部,79,66,西沢医院,倉敷市
R7,33,岡山県,3302,県南西部,R7-3302-80,3302岡山県県南西部,80,67,医療法人谷口レディスクリニック,総社市
R7,33,岡山県,3302,県南西部,R7-3302-81,3302岡山県県南西部,81,68,伊木診療所,倉敷市
R7,33,岡山県,3302,県南西部,R7-3302-82,3302岡山県県南西部,82,69,山内産婦人科クリニック,倉敷市
R7,33,岡山県,3302,県南西部,R7-3302-83,3302岡山県県南西部,83,70,佐藤眼科医院,倉敷市
R7,33,岡山県,3302,県南西部,R7-3302-84,3302岡山県県南西部,84,71,杉生クリニック,総社市
R7,33,岡山県,3302,県南西部,R7-3302-85,3302岡山県県南西部,85,72,ふじかわ眼科,総社市
R7,33,岡山県,3302,県南西部,R7-3302-86,3302岡山県県南西部,86,73,医療法人新樹会宮尾産婦人科クリニック,倉敷市
R7,33,岡山県,3302,県南西部,R7-3302-87,3302岡山県県南西部,87,74,医療法人 大山眼科,井原市
R7,33,岡山県,3302,県南西部,R7-3302-88,3302岡山県県南西部,88,75,平木眼科医院,井原市
R7,33,岡山県,3302,県南西部,R7-3302-89,3302岡山県県南西部,89,76,すぎもと眼科医院,総社市
R7,33,岡山県,3302,県南西部,R7-3302-90,3302岡山県県南西部,90,77,医療法人おぐら整形外科医院,矢掛町
R7,33,岡山県,3302,県南西部,R7-3302-91,3302岡山県県南西部,91,78,すぎはら眼科・循環器科内科,倉敷市
R7,33,岡山県,3302,県南西部,R7-3302-92,3302岡山県県南西部,92,79,笠岡市国民健康保険真鍋島診療所,笠岡市
R7,33,岡山県,3302,県南西部,R7-3302-93,3302岡山県県南西部,93,80,木村医院,早島町
R7,33,岡山県,3303,高梁・新見,R7-3303-14,3303岡山県高梁・新見,14,1,医療法人清梁会 高梁中央病院,高梁市
R7,33,岡山県,3303,高梁・新見,R7-3303-15,3303岡山県高梁・新見,15,2,医療法人真生会新見中央病院,新見市
R7,33,岡山県,3303,高梁・新見,R7-3303-16,3303岡山県高梁・新見,16,3,高梁市国民健康保険成羽病院,高梁市
R7,33,岡山県,3303,高梁・新見,R7-3303-17,3303岡山県高梁・新見,17,4,医療法人思誠会渡辺病院,新見市
R7,33,岡山県,3303,高梁・新見,R7-3303-18,3303岡山県高梁・新見,18,5,医療法人社団淳和会 長谷川紀念病院,新見市
R7,33,岡山県,3303,高梁・新見,R7-3303-19,3303岡山県高梁・新見,19,6,太田病院,新見市
R7,33,岡山県,3303,高梁・新見,R7-3303-20,3303岡山県高梁・新見,20,7,医療法人慶真会 大杉病院,高梁市
R7,33,岡山県,3303,高梁・新見,R7-3303-21,3303岡山県高梁・新見,21,8,医療法人啓優会 こだま眼科,新見市
R7,33,岡山県,3303,高梁・新見,R7-3303-22,3303岡山県高梁・新見,22,9,ふじかわ眼科高梁分院,高梁市
R7,33,岡山県,3304,真庭,R7-3304-14,3304岡山県真庭,14,1,医療法人社団井口会総合病院落合病院,真庭市
R7,33,岡山県,3304,真庭,R7-3304-15,3304岡山県真庭,15,2,社会医療法人緑壮会金田病院,真庭市
R7,33,岡山県,3304,真庭,R7-3304-16,3304岡山県真庭,16,3,真庭市国民健康保険湯原温泉病院,真庭市
R7,33,岡山県,3304,真庭,R7-3304-17,3304岡山県真庭,17,4,医療法人真庭慈風会　津山中央まにわ病院,真庭市
R7,33,岡山県,3304,真庭,R7-3304-18,3304岡山県真庭,18,5,医療法人美甘会勝山病院,真庭市
R7,33,岡山県,3304,真庭,R7-3304-19,3304岡山県真庭,19,6,まにわ整形外科クリニック,真庭市
R7,33,岡山県,3304,真庭,R7-3304-20,3304岡山県真庭,20,7,河本医院,真庭市
R7,33,岡山県,3305,津山・英田,R7-3305-14,3305岡山県津山・英田,14,1,一般財団法人津山慈風会津山中央病院,津山市
R7,33,岡山県,3305,津山・英田,R7-3305-15,3305岡山県津山・英田,15,2,医療法人平野同仁会 総合病院津山第一病院,津山市
R7,33,岡山県,3305,津山・英田,R7-3305-16,3305岡山県津山・英田,16,3,さとう記念病院,勝央町
R7,33,岡山県,3305,津山・英田,R7-3305-17,3305岡山県津山・英田,17,4,医療法人社団和風会中島病院,津山市
R7,33,岡山県,3305,津山・英田,R7-3305-18,3305岡山県津山・英田,18,5,一般財団法人共愛会 芳野病院,鏡野町
R7,33,岡山県,3305,津山・英田,R7-3305-19,3305岡山県津山・英田,19,6,鏡野町国民健康保険病院,鏡野町
R7,33,岡山県,3305,津山・英田,R7-3305-20,3305岡山県津山・英田,20,7,津山中央記念病院,津山市
R7,33,岡山県,3305,津山・英田,R7-3305-21,3305岡山県津山・英田,21,8,医療法人美風会 美作中央病院,美作市
R7,33,岡山県,3305,津山・英田,R7-3305-22,3305岡山県津山・英田,22,9,美作市立大原病院,美作市
R7,33,岡山県,3305,津山・英田,R7-3305-23,3305岡山県津山・英田,23,10,石川病院,津山市
R7,33,岡山県,3305,津山・英田,R7-3305-24,3305岡山県津山・英田,24,11,社会医療法人清風会日本原病院,津山市
R7,33,岡山県,3305,津山・英田,R7-3305-25,3305岡山県津山・英田,25,12,医療法人晴顕会 大谷病院,津山市
R7,33,岡山県,3305,津山・英田,R7-3305-26,3305岡山県津山・英田,26,13,医療法人三憲会 柵原病院,美咲町
R7,33,岡山県,3305,津山・英田,R7-3305-27,3305岡山県津山・英田,27,14,医療法人三水会 田尻病院,美作市
R7,33,岡山県,3305,津山・英田,R7-3305-28,3305岡山県津山・英田,28,15,福田産婦人科医院,津山市
R7,33,岡山県,3305,津山・英田,R7-3305-29,3305岡山県津山・英田,29,16,医療法人晴風会 三村医院,津山市
R7,33,岡山県,3305,津山・英田,R7-3305-30,3305岡山県津山・英田,30,17,河原内科 松尾小児科クリニック,津山市
R7,33,岡山県,3305,津山・英田,R7-3305-31,3305岡山県津山・英田,31,18,小畑醫院,津山市
R7,33,岡山県,3305,津山・英田,R7-3305-32,3305岡山県津山・英田,32,19,医療法人津山内田整形外科,津山市
R7,33,岡山県,3305,津山・英田,R7-3305-33,3305岡山県津山・英田,33,20,医療法人 豊医会 原医院,美作市
R7,33,岡山県,3305,津山・英田,R7-3305-34,3305岡山県津山・英田,34,21,赤堀クリニック,津山市
R7,33,岡山県,3305,津山・英田,R7-3305-35,3305岡山県津山・英田,35,22,医療法人万袋医院,津山市
R7,33,岡山県,3305,津山・英田,R7-3305-36,3305岡山県津山・英田,36,23,医療法人鴻鵠会 岡外科胃腸肛門科,津山市
R7,33,岡山県,3305,津山・英田,R7-3305-37,3305岡山県津山・英田,37,24,井戸内科クリニック,津山市
R7,33,岡山県,3305,津山・英田,R7-3305-38,3305岡山県津山・英田,38,25,只友医院,津山市
R7,33,岡山県,3305,津山・英田,R7-3305-39,3305岡山県津山・英田,39,26,西粟倉村国民健康保険診療所,西粟倉村
R7,34,広島県,3401,広島,R7-3401-14,3401広島県広島,14,1,広島大学病院,広島市南区
R7,34,広島県,3401,広島,R7-3401-15,3401広島県広島,15,2,地方独立行政法人 広島市立病院機構 広島市立広島市民病院,広島市中区
R7,34,広島県,3401,広島,R7-3401-16,3401広島県広島,16,3,県立広島病院,広島市南区
R7,34,広島県,3401,広島,R7-3401-17,3401広島県広島,17,4,広島赤十字・原爆病院,広島市中区
R7,34,広島県,3401,広島,R7-3401-18,3401広島県広島,18,5,地方独立行政法人 広島市立病院機構 広島市立北部医療センター安佐市民病院,広島市安佐北区
R7,34,広島県,3401,広島,R7-3401-19,3401広島県広島,19,6,医療法人あかね会 土谷総合病院,広島市中区
R7,34,広島県,3401,広島,R7-3401-20,3401広島県広島,20,7,済生会 広島病院,坂町
R7,34,広島県,3401,広島,R7-3401-21,3401広島県広島,21,8,県立二葉の里病院,広島市東区
R7,34,広島県,3401,広島,R7-3401-22,3401広島県広島,22,9,マツダ株式会社マツダ病院,府中町
R7,34,広島県,3401,広島,R7-3401-23,3401広島県広島,23,10,広島県厚生農業協同組合連合会吉田総合病院,安芸高田市
R7,34,広島県,3401,広島,R7-3401-24,3401広島県広島,24,11,中国電力株式会社中電病院,広島市中区
R7,34,広島県,3401,広島,R7-3401-25,3401広島県広島,25,12,太田川病院,広島市東区
R7,34,広島県,3401,広島,R7-3401-26,3401広島県広島,26,13,国家公務員共済組合連合会広島記念病院,広島市中区
R7,34,広島県,3401,広島,R7-3401-27,3401広島県広島,27,14,メリィホスピタル,広島市安佐南区
R7,34,広島県,3401,広島,R7-3401-28,3401広島県広島,28,15,広島医療生活協同組合広島共立病院,広島市安佐南区
R7,34,広島県,3401,広島,R7-3401-29,3401広島県広島,29,16,広島シーサイド病院,広島市南区
R7,34,広島県,3401,広島,R7-3401-30,3401広島県広島,30,17,五日市記念病院,広島市佐伯区
R7,34,広島県,3401,広島,R7-3401-31,3401広島県広島,31,18,福島生協病院,広島市西区
R7,34,広島県,3401,広島,R7-3401-32,3401広島県広島,32,19,医療法人社団まりも会 ヒロシマ平松病院,広島市南区
R7,34,広島県,3401,広島,R7-3401-33,3401広島県広島,33,20,医療法人社団おると会 浜脇整形外科病院,広島市中区
R7,34,広島県,3401,広島,R7-3401-34,3401広島県広島,34,21,国家公務員共済組合連合会 吉島病院,広島市中区
R7,34,広島県,3401,広島,R7-3401-35,3401広島県広島,35,22,ワカサ・リハビリ病院,広島市東区
R7,34,広島県,3401,広島,R7-3401-36,3401広島県広島,36,23,広島厚生病院,広島市南区
R7,34,広島県,3401,広島,R7-3401-37,3401広島県広島,37,24,広島グリーンヒル病院,広島市佐伯区
R7,34,広島県,3401,広島,R7-3401-38,3401広島県広島,38,25,山﨑病院,広島市東区
R7,34,広島県,3401,広島,R7-3401-39,3401広島県広島,39,26,日比野病院,広島市安佐南区
R7,34,広島県,3401,広島,R7-3401-40,3401広島県広島,40,27,翠清会 梶川病院,広島市中区
R7,34,広島県,3401,広島,R7-3401-41,3401広島県広島,41,28,地方独立行政法人 広島市立病院機構 広島市立舟入市民病院,広島市中区
R7,34,広島県,3401,広島,R7-3401-42,3401広島県広島,42,29,高陽ニュータウン病院,広島市安佐北区
R7,34,広島県,3401,広島,R7-3401-43,3401広島県広島,43,30,広島市医師会運営・安芸市民病院,広島市安芸区
R7,34,広島県,3401,広島,R7-3401-44,3401広島県広島,44,31,医療法人社団朋和会西広島リハビリテーション病院,広島市佐伯区
R7,34,広島県,3401,広島,R7-3401-45,3401広島県広島,45,32,長崎病院,広島市西区
R7,34,広島県,3401,広島,R7-3401-46,3401広島県広島,46,33,医療法人社団一陽会原田病院,広島市佐伯区
R7,34,広島県,3401,広島,R7-3401-47,3401広島県広島,47,34,医療法人社団慶寿会千代田中央病院,北広島町
R7,34,広島県,3401,広島,R7-3401-48,3401広島県広島,48,35,医療法人社団曙会 シムラ病院,広島市中区
R7,34,広島県,3401,広島,R7-3401-49,3401広島県広島,49,36,医療法人和同会 広島パークヒル病院,広島市西区
R7,34,広島県,3401,広島,R7-3401-50,3401広島県広島,50,37,生協さえき病院,広島市佐伯区
R7,34,広島県,3401,広島,R7-3401-51,3401広島県広島,51,38,医療法人社団初仁会 桧田病院,広島市佐伯区
R7,34,広島県,3401,広島,R7-3401-52,3401広島県広島,52,39,広島中央リハビリテーション病院,広島市中区
R7,34,広島県,3401,広島,R7-3401-53,3401広島県広島,53,40,荒木脳神経外科病院,広島市西区
R7,34,広島県,3401,広島,R7-3401-54,3401広島県広島,54,41,重症児・者福祉医療施設 鈴が峰,広島市佐伯区
R7,34,広島県,3401,広島,R7-3401-55,3401広島県広島,55,42,医療法人社団　生和会　広島はくしま病院,広島市中区
R7,34,広島県,3401,広島,R7-3401-56,3401広島県広島,56,43,医療法人メディカルパーク 野村病院,広島市安佐南区
R7,34,広島県,3401,広島,R7-3401-57,3401広島県広島,57,44,医療法人社団 生和会 たかの橋中央病院,広島市中区
R7,34,広島県,3401,広島,R7-3401-58,3401広島県広島,58,45,安佐医師会病院,広島市安佐北区
R7,34,広島県,3401,広島,R7-3401-59,3401広島県広島,59,46,医療法人みずの会 さんよう水野病院,広島市安佐南区
R7,34,広島県,3401,広島,R7-3401-60,3401広島県広島,60,47,地方独立行政法人 広島市立病院機構 広島市立リハビリテーション病院,広島市安佐南区
R7,34,広島県,3401,広島,R7-3401-61,3401広島県広島,61,48,瀬野記念病院,広島市安芸区
R7,34,広島県,3401,広島,R7-3401-62,3401広島県広島,62,49,医療法人 清泉会 一ノ瀬病院,広島市中区
R7,34,広島県,3401,広島,R7-3401-63,3401広島県広島,63,50,槙坪病院,広島市東区
R7,34,広島県,3401,広島,R7-3401-64,3401広島県広島,64,51,安芸太田病院,安芸太田町
R7,34,広島県,3401,広島,R7-3401-65,3401広島県広島,65,52,医療法人社団聖愛会ぎおん牛田病院,広島市安佐南区
R7,34,広島県,3401,広島,R7-3401-66,3401広島県広島,66,53,医療法人社団光仁会 梶川病院,広島市西区
R7,34,広島県,3401,広島,R7-3401-67,3401広島県広島,67,54,医療法人社団玉章会 力田病院,広島市西区
R7,34,広島県,3401,広島,R7-3401-68,3401広島県広島,68,55,医療法人長久堂野村病院,広島市安佐北区
R7,34,広島県,3401,広島,R7-3401-69,3401広島県広島,69,56,医療法人土本病院,広島市中区
R7,34,広島県,3401,広島,R7-3401-70,3401広島県広島,70,57,医療法人桜衣会　南海田病院,海田町
R7,34,広島県,3401,広島,R7-3401-71,3401広島県広島,71,58,医療法人恒和会 松石病院,広島市安芸区
R7,34,広島県,3401,広島,R7-3401-72,3401広島県広島,72,59,高陽中央病院,広島市安佐北区
R7,34,広島県,3401,広島,R7-3401-73,3401広島県広島,73,60,北広島病院,北広島町
R7,34,広島県,3401,広島,R7-3401-74,3401広島県広島,74,61,山本整形外科病院,海田町
R7,34,広島県,3401,広島,R7-3401-75,3401広島県広島,75,62,医療法人社団楓会 林病院,広島市中区
R7,34,広島県,3401,広島,R7-3401-76,3401広島県広島,76,63,原田整形外科病院,広島市安佐南区
R7,34,広島県,3401,広島,R7-3401-77,3401広島県広島,77,64,サカ緑井病院,広島市安佐南区
R7,34,広島県,3401,広島,R7-3401-78,3401広島県広島,78,65,医療法人三和会 おおうち病院,広島市中区
R7,34,広島県,3401,広島,R7-3401-79,3401広島県広島,79,66,真田病院,広島市南区
R7,34,広島県,3401,広島,R7-3401-80,3401広島県広島,80,67,医療法人社団慈恵会 いまだ病院,広島市西区
R7,34,広島県,3401,広島,R7-3401-81,3401広島県広島,81,68,ナカムラ病院,広島市佐伯区
R7,34,広島県,3401,広島,R7-3401-82,3401広島県広島,82,69,妹尾病院,広島市安佐南区
R7,34,広島県,3401,広島,R7-3401-83,3401広島県広島,83,70,医療法人広和会　福馬病院,広島市西区
R7,34,広島県,3401,広島,R7-3401-84,3401広島県広島,84,71,医療法人三渓会 川堀病院,広島市南区
R7,34,広島県,3401,広島,R7-3401-85,3401広島県広島,85,72,広島心臓血管病院,広島市安佐南区
R7,34,広島県,3401,広島,R7-3401-86,3401広島県広島,86,73,山本整形外科病院,広島市南区
R7,34,広島県,3401,広島,R7-3401-87,3401広島県広島,87,74,医療法人サカもみの木会大朝ふるさと病院,北広島町
R7,34,広島県,3401,広島,R7-3401-88,3401広島県広島,88,75,頼島産婦人科病院,広島市安佐南区
R7,34,広島県,3401,広島,R7-3401-89,3401広島県広島,89,76,医療法人社団正岡病院,広島市中区
R7,34,広島県,3401,広島,R7-3401-90,3401広島県広島,90,77,医療法人社団 加川整形外科病院,広島市西区
R7,34,広島県,3401,広島,R7-3401-91,3401広島県広島,91,78,医療法人社団公仁会 槇殿順記念病院,広島市西区
R7,34,広島県,3401,広島,R7-3401-92,3401広島県広島,92,79,塩田病院,広島市南区
R7,34,広島県,3401,広島,R7-3401-93,3401広島県広島,93,80,医療法人　コムラ病院,広島市安佐南区
R7,34,広島県,3401,広島,R7-3401-94,3401広島県広島,94,81,はしもと内科,広島市中区
R7,34,広島県,3401,広島,R7-3401-95,3401広島県広島,95,82,谷本クリニック,広島市東区
R7,34,広島県,3401,広島,R7-3401-96,3401広島県広島,96,83,医療法人 中山整形外科医院,広島市東区
R7,34,広島県,3401,広島,R7-3401-97,3401広島県広島,97,84,大瀬戸リハビリ整形外科,広島市南区
R7,34,広島県,3401,広島,R7-3401-98,3401広島県広島,98,85,宮本形成外科,広島市南区
R7,34,広島県,3401,広島,R7-3401-99,3401広島県広島,99,86,医療法人社団 古川医院,広島市南区
R7,34,広島県,3401,広島,R7-3401-100,3401広島県広島,100,87,医療法人凛りしき手真田整形外科リハビリ科,広島市南区
R7,34,広島県,3401,広島,R7-3401-101,3401広島県広島,101,88,ルネッサンス出汐内科整形外科医院,広島市南区
R7,34,広島県,3401,広島,R7-3401-102,3401広島県広島,102,89,奥田整形外科皮膚科医院,広島市西区
R7,34,広島県,3401,広島,R7-3401-103,3401広島県広島,103,90,廣島クリニック,広島市西区
R7,34,広島県,3401,広島,R7-3401-104,3401広島県広島,104,91,医療法人社団 慈恵会 いまだクリニック,広島市西区
R7,34,広島県,3401,広島,R7-3401-105,3401広島県広島,105,92,谷川脳神経外科,広島市安佐南区
R7,34,広島県,3401,広島,R7-3401-106,3401広島県広島,106,93,舛本産婦人科医院,広島市安佐南区
R7,34,広島県,3401,広島,R7-3401-107,3401広島県広島,107,94,おかもとクリニック,広島市安佐南区
R7,34,広島県,3401,広島,R7-3401-108,3401広島県広島,108,95,西原セントラルクリニック,広島市安佐南区
R7,34,広島県,3401,広島,R7-3401-109,3401広島県広島,109,96,山崎整形外科内科クリニック,広島市安佐南区
R7,34,広島県,3401,広島,R7-3401-110,3401広島県広島,110,97,医療法人博善会 長尾医院,広島市安佐南区
R7,34,広島県,3401,広島,R7-3401-111,3401広島県広島,111,98,高橋内科小児科医院,広島市安佐南区
R7,34,広島県,3401,広島,R7-3401-112,3401広島県広島,112,99,馬場眼科,広島市安佐南区
R7,34,広島県,3401,広島,R7-3401-113,3401広島県広島,113,100,毘沙門クリニック,広島市安佐南区
R7,34,広島県,3401,広島,R7-3401-114,3401広島県広島,114,101,医療法人社団恵正会 二宮内科,広島市安佐北区
R7,34,広島県,3401,広島,R7-3401-115,3401広島県広島,115,102,医療法人社団博寿会 山下医院,広島市安佐北区
R7,34,広島県,3401,広島,R7-3401-116,3401広島県広島,116,103,医療法人仁医会 井口医院,広島市安佐北区
R7,34,広島県,3401,広島,R7-3401-117,3401広島県広島,117,104,吉山クリニック,広島市安佐北区
R7,34,広島県,3401,広島,R7-3401-118,3401広島県広島,118,105,田村医院,広島市安佐北区
R7,34,広島県,3401,広島,R7-3401-119,3401広島県広島,119,106,平尾クリニック,広島市佐伯区
R7,34,広島県,3401,広島,R7-3401-120,3401広島県広島,120,107,徳永医院,安芸高田市
R7,34,広島県,3401,広島,R7-3401-121,3401広島県広島,121,108,医療法人 双藤会 産科・婦人科 藤東クリニック,府中町
R7,34,広島県,3401,広島,R7-3401-122,3401広島県広島,122,109,やまぐち整形外科リハビリクリニック,広島市安佐南区
R7,34,広島県,3401,広島,R7-3401-123,3401広島県広島,123,110,石原脳神経外科医院,広島市佐伯区
R7,34,広島県,3401,広島,R7-3401-124,3401広島県広島,124,111,炭田内科・胃腸内科医院,広島市西区
R7,34,広島県,3401,広島,R7-3401-125,3401広島県広島,125,112,いわさきクリニック,広島市東区
R7,34,広島県,3401,広島,R7-3401-126,3401広島県広島,126,113,医療法人さつき会井上内科医院,広島市南区
R7,34,広島県,3401,広島,R7-3401-127,3401広島県広島,127,114,医療法人サカもみの木会 サカ整形外科,広島市安佐北区
R7,34,広島県,3401,広島,R7-3401-128,3401広島県広島,128,115,三上整形外科医院,広島市佐伯区
R7,34,広島県,3401,広島,R7-3401-129,3401広島県広島,129,116,医療法人 津田産婦人科クリニック,海田町
R7,34,広島県,3401,広島,R7-3401-130,3401広島県広島,130,117,医療法人繁桂会　中川産科婦人科医院,広島市中区
R7,34,広島県,3401,広島,R7-3401-131,3401広島県広島,131,118,医療法人社団日の浦会 佐々木産婦人科,広島市東区
R7,34,広島県,3401,広島,R7-3401-132,3401広島県広島,132,119,山本整形外科クリニック,広島市南区
R7,34,広島県,3401,広島,R7-3401-133,3401広島県広島,133,120,医療法人社団秋月会 香月産婦人科,広島市西区
R7,34,広島県,3401,広島,R7-3401-134,3401広島県広島,134,121,蜂須賀整形外科,広島市西区
R7,34,広島県,3401,広島,R7-3401-135,3401広島県広島,135,122,医療法人社団　一陽会　長尾クリニック,広島市佐伯区
R7,34,広島県,3401,広島,R7-3401-136,3401広島県広島,136,123,医療法人社団秋月会 広島中央通り香月産婦人科,広島市中区
R7,34,広島県,3401,広島,R7-3401-137,3401広島県広島,137,124,河田産婦人科医院,広島市佐伯区
R7,34,広島県,3401,広島,R7-3401-138,3401広島県広島,138,125,フジハラレディースクリニック,広島市安佐南区
R7,34,広島県,3401,広島,R7-3401-139,3401広島県広島,139,126,加藤内科胃腸科医院,広島市安芸区
R7,34,広島県,3401,広島,R7-3401-140,3401広島県広島,140,127,安芸高田やちよクリニック,安芸高田市
R7,34,広島県,3401,広島,R7-3401-141,3401広島県広島,141,128,ほーむけあクリニック,広島市中区
R7,34,広島県,3401,広島,R7-3401-142,3401広島県広島,142,129,医療法人杉本会 杉本眼科医院,広島市中区
R7,34,広島県,3401,広島,R7-3401-143,3401広島県広島,143,130,医療法人社団あやめ会 福原整形外科医院,広島市南区
R7,34,広島県,3401,広島,R7-3401-144,3401広島県広島,144,131,広島大腸肛門クリニック,広島市西区
R7,34,広島県,3401,広島,R7-3401-145,3401広島県広島,145,132,髙山眼科,広島市南区
R7,34,広島県,3401,広島,R7-3401-146,3401広島県広島,146,133,こもりクリニック,広島市安佐北区
R7,34,広島県,3401,広島,R7-3401-147,3401広島県広島,147,134,のりかわ眼科クリニック,安芸高田市
R7,34,広島県,3401,広島,R7-3401-148,3401広島県広島,148,135,医療法人至誠会 市頭眼科医院,北広島町
R7,34,広島県,3401,広島,R7-3401-149,3401広島県広島,149,136,はたのリハビリ整形外科,広島市安芸区
R7,34,広島県,3401,広島,R7-3401-150,3401広島県広島,150,137,医療法人 林クリニック,広島市中区
R7,34,広島県,3401,広島,R7-3401-151,3401広島県広島,151,138,医療法人社団俊幸会 中川外科胃腸科,広島市東区
R7,34,広島県,3401,広島,R7-3401-152,3401広島県広島,152,139,医療法人社団小池消化器科外科内科,広島市西区
R7,34,広島県,3401,広島,R7-3401-153,3401広島県広島,153,140,松尾産婦人科内科医院,広島市西区
R7,34,広島県,3401,広島,R7-3401-154,3401広島県広島,154,141,医療法人社団アイオワ 戸坂外科医院,広島市東区
R7,34,広島県,3401,広島,R7-3401-155,3401広島県広島,155,142,医療法人 新でしお病院,
R7,34,広島県,3401,広島,R7-3401-156,3401広島県広島,156,143,川崎産婦人科医院,
R7,34,広島県,3401,広島,R7-3401-157,3401広島県広島,157,144,医療法人牛尾内科医院,
R7,34,広島県,3401,広島,R7-3401-158,3401広島県広島,158,145,シラネ外科胃腸科,
R7,34,広島県,3402,広島西,R7-3402-14,3402広島県広島西,14,1,広島県厚生農業協同組合連合会広島総合病院,廿日市市
R7,34,広島県,3402,広島西,R7-3402-15,3402広島県広島西,15,2,独立行政法人国立病院機構広島西医療センター,大竹市
R7,34,広島県,3402,広島西,R7-3402-16,3402広島県広島西,16,3,医療法人あかね会 阿品土谷病院,廿日市市
R7,34,広島県,3402,広島西,R7-3402-17,3402広島県広島西,17,4,廿日市記念病院,廿日市市
R7,34,広島県,3402,広島西,R7-3402-18,3402広島県広島西,18,5,アマノリハビリテーション病院,廿日市市
R7,34,広島県,3402,広島西,R7-3402-19,3402広島県広島西,19,6,大野浦病院,廿日市市
R7,34,広島県,3402,広島西,R7-3402-20,3402広島県広島西,20,7,廿日市野村病院,廿日市市
R7,34,広島県,3402,広島西,R7-3402-21,3402広島県広島西,21,8,重症児・者福祉医療施設原,廿日市市
R7,34,広島県,3402,広島西,R7-3402-22,3402広島県広島西,22,9,医療法人社団親和会やまと病院,大竹市
R7,34,広島県,3402,広島西,R7-3402-23,3402広島県広島西,23,10,メープルヒル病院,大竹市
R7,34,広島県,3402,広島西,R7-3402-24,3402広島県広島西,24,11,佐伯中央病院,廿日市市
R7,34,広島県,3402,広島西,R7-3402-25,3402広島県広島西,25,12,医療法人長谷川整形外科,廿日市市
R7,34,広島県,3402,広島西,R7-3402-26,3402広島県広島西,26,13,医療法人社団江川レディースクリニック,廿日市市
R7,34,広島県,3402,広島西,R7-3402-27,3402広島県広島西,27,14,医療法人社団清流会 双樹クリニック,廿日市市
R7,34,広島県,3402,広島西,R7-3402-28,3402広島県広島西,28,15,医療法人社団 津村眼科医院,大竹市
R7,34,広島県,3403,呉,R7-3403-14,3403広島県呉,14,1,独立行政法人国立病院機構呉医療センター,呉市
R7,34,広島県,3403,呉,R7-3403-15,3403広島県呉,15,2,独立行政法人労働者健康安全機構中国労災病院,呉市
R7,34,広島県,3403,呉,R7-3403-16,3403広島県呉,16,3,国家公務員共済組合連合会 呉共済病院,呉市
R7,34,広島県,3403,呉,R7-3403-17,3403広島県呉,17,4,社会福祉法人恩賜財団広島県済生会 済生会呉病院,呉市
R7,34,広島県,3403,呉,R7-3403-18,3403広島県呉,18,5,呉市医師会病院,呉市
R7,34,広島県,3403,呉,R7-3403-19,3403広島県呉,19,6,医療法人社団中川会 呉中通病院,呉市
R7,34,広島県,3403,呉,R7-3403-20,3403広島県呉,20,7,青山病院,呉市
R7,34,広島県,3403,呉,R7-3403-21,3403広島県呉,21,8,呉芸南病院,呉市
R7,34,広島県,3403,呉,R7-3403-22,3403広島県呉,22,9,島の病院おおたに,江田島市
R7,34,広島県,3403,呉,R7-3403-23,3403広島県呉,23,10,医療法人社団 有信会 呉記念病院,呉市
R7,34,広島県,3403,呉,R7-3403-24,3403広島県呉,24,11,医療法人社団 悠仁会 後藤病院,呉市
R7,34,広島県,3403,呉,R7-3403-25,3403広島県呉,25,12,医療法人社団仁風会 青木病院,江田島市
R7,34,広島県,3403,呉,R7-3403-26,3403広島県呉,26,13,医療法人社団永楽会前田病院,呉市
R7,34,広島県,3403,呉,R7-3403-27,3403広島県呉,27,14,重症心身障害児施設ときわ呉,呉市
R7,34,広島県,3403,呉,R7-3403-28,3403広島県呉,28,15,マッターホルン リハビリテーション病院,呉市
R7,34,広島県,3403,呉,R7-3403-29,3403広島県呉,29,16,公立下蒲刈病院,呉市
R7,34,広島県,3403,呉,R7-3403-30,3403広島県呉,30,17,木村胃腸科病院,呉市
R7,34,広島県,3403,呉,R7-3403-31,3403広島県呉,31,18,佐藤病院,呉市
R7,34,広島県,3403,呉,R7-3403-32,3403広島県呉,32,19,医療法人社団薫風会 横山病院,呉市
R7,34,広島県,3403,呉,R7-3403-33,3403広島県呉,33,20,医療法人社団ひかり会 木村眼科内科病院,呉市
R7,34,広島県,3403,呉,R7-3403-34,3403広島県呉,34,21,一般財団法人 広島結核予防協会 住吉浜病院,呉市
R7,34,広島県,3403,呉,R7-3403-35,3403広島県呉,35,22,医療法人社団 はまい会 大君浜井病院,江田島市
R7,34,広島県,3403,呉,R7-3403-36,3403広島県呉,36,23,大矢整形外科病院,呉市
R7,34,広島県,3403,呉,R7-3403-37,3403広島県呉,37,24,川西整形外科医院,呉市
R7,34,広島県,3403,呉,R7-3403-38,3403広島県呉,38,25,中央内科クリニック,呉市
R7,34,広島県,3403,呉,R7-3403-39,3403広島県呉,39,26,呉市国民健康保険安浦診療所,呉市
R7,34,広島県,3403,呉,R7-3403-40,3403広島県呉,40,27,医療法人社団豊和会 豊田内科胃腸科,呉市
R7,34,広島県,3403,呉,R7-3403-41,3403広島県呉,41,28,医療法人社団 仁井谷医院 にいたにクリニック,呉市
R7,34,広島県,3403,呉,R7-3403-42,3403広島県呉,42,29,早川クリニック,呉市
R7,34,広島県,3403,呉,R7-3403-43,3403広島県呉,43,30,医療法人社団向日葵会 角医院,呉市
R7,34,広島県,3403,呉,R7-3403-44,3403広島県呉,44,31,医療法人社団めぐみ会森藤医院,江田島市
R7,34,広島県,3403,呉,R7-3403-45,3403広島県呉,45,32,澤医院,江田島市
R7,34,広島県,3403,呉,R7-3403-46,3403広島県呉,46,33,末光産婦人科,呉市
R7,34,広島県,3403,呉,R7-3403-47,3403広島県呉,47,34,医療法人社団 石井外科診療所,呉市
R7,34,広島県,3403,呉,R7-3403-48,3403広島県呉,48,35,眼科宍道医院,呉市
R7,34,広島県,3403,呉,R7-3403-49,3403広島県呉,49,36,室尾林医院,
R7,34,広島県,3404,広島中央,R7-3404-14,3404広島県広島中央,14,1,独立行政法人国立病院機構東広島医療センター,東広島市
R7,34,広島県,3404,広島中央,R7-3404-15,3404広島県広島中央,15,2,広島県立総合リハビリテーションセンター医療センター,東広島市
R7,34,広島県,3404,広島中央,R7-3404-16,3404広島県広島中央,16,3,医療法人社団葵会 八本松病院,東広島市
R7,34,広島県,3404,広島中央,R7-3404-17,3404広島県広島中央,17,4,井野口病院,東広島市
R7,34,広島県,3404,広島中央,R7-3404-18,3404広島県広島中央,18,5,西条中央病院,東広島市
R7,34,広島県,3404,広島中央,R7-3404-19,3404広島県広島中央,19,6,本永病院,東広島市
R7,34,広島県,3404,広島中央,R7-3404-20,3404広島県広島中央,20,7,医療法人社団仁慈会 安田病院,竹原市
R7,34,広島県,3404,広島中央,R7-3404-21,3404広島県広島中央,21,8,独立行政法人国立病院機構賀茂精神医療センター,東広島市
R7,34,広島県,3404,広島中央,R7-3404-22,3404広島県広島中央,22,9,県立安芸津病院,東広島市
R7,34,広島県,3404,広島中央,R7-3404-23,3404広島県広島中央,23,10,馬場病院,竹原市
R7,34,広島県,3404,広島中央,R7-3404-24,3404広島県広島中央,24,11,土肥整形外科病院,東広島市
R7,34,広島県,3404,広島中央,R7-3404-25,3404広島県広島中央,25,12,木阪病院,東広島市
R7,34,広島県,3404,広島中央,R7-3404-26,3404広島県広島中央,26,13,康成病院,東広島市
R7,34,広島県,3404,広島中央,R7-3404-27,3404広島県広島中央,27,14,医療法人真慈会 真愛病院,東広島市
R7,34,広島県,3404,広島中央,R7-3404-28,3404広島県広島中央,28,15,国家公務員共済組合連合会呉共済病院忠海分院,竹原市
R7,34,広島県,3404,広島中央,R7-3404-29,3404広島県広島中央,29,16,東広島記念病院,東広島市
R7,34,広島県,3404,広島中央,R7-3404-30,3404広島県広島中央,30,17,医療法人社団数佐整形外科医院,東広島市
R7,34,広島県,3404,広島中央,R7-3404-31,3404広島県広島中央,31,18,医療法人社団親心会 小西脳外科・内科医院,東広島市
R7,34,広島県,3404,広島中央,R7-3404-32,3404広島県広島中央,32,19,占部産婦人科,東広島市
R7,34,広島県,3404,広島中央,R7-3404-33,3404広島県広島中央,33,20,医療法人仁光会 日谷眼科,竹原市
R7,34,広島県,3404,広島中央,R7-3404-34,3404広島県広島中央,34,21,医療法人社団 松田医院,東広島市
R7,34,広島県,3404,広島中央,R7-3404-35,3404広島県広島中央,35,22,医療法人 宏慈会 桑原内科循環器科医院,竹原市
R7,34,広島県,3404,広島中央,R7-3404-36,3404広島県広島中央,36,23,サンクリニックみなが,東広島市
R7,34,広島県,3404,広島中央,R7-3404-37,3404広島県広島中央,37,24,医療法人社団田村医院,大崎上島町
R7,34,広島県,3405,尾三,R7-3405-14,3405広島県尾三,14,1,広島県厚生農業協同組合連合会 尾道総合病院,尾道市
R7,34,広島県,3405,尾三,R7-3405-15,3405広島県尾三,15,2,社会医療法人里仁会 興生総合病院,三原市
R7,34,広島県,3405,尾三,R7-3405-16,3405広島県尾三,16,3,尾道市立市民病院,尾道市
R7,34,広島県,3405,尾三,R7-3405-17,3405広島県尾三,17,4,公立みつぎ総合病院,尾道市
R7,34,広島県,3405,尾三,R7-3405-18,3405広島県尾三,18,5,三原市医師会病院,三原市
R7,34,広島県,3405,尾三,R7-3405-19,3405広島県尾三,19,6,因島医師会病院,尾道市
R7,34,広島県,3405,尾三,R7-3405-20,3405広島県尾三,20,7,総合病院三原赤十字病院,三原市
R7,34,広島県,3405,尾三,R7-3405-21,3405広島県尾三,21,8,医療法人清幸会三原城町病院,三原市
R7,34,広島県,3405,尾三,R7-3405-22,3405広島県尾三,22,9,医療法人社団重松会 松本病院,尾道市
R7,34,広島県,3405,尾三,R7-3405-23,3405広島県尾三,23,10,公立世羅中央病院,世羅町
R7,34,広島県,3405,尾三,R7-3405-24,3405広島県尾三,24,11,医療法人社団神田会木曽病院,尾道市
R7,34,広島県,3405,尾三,R7-3405-25,3405広島県尾三,25,12,カナデビア健康保険組合因島総合病院,尾道市
R7,34,広島県,3405,尾三,R7-3405-26,3405広島県尾三,26,13,医療法人杏仁会 松尾内科病院,三原市
R7,34,広島県,3405,尾三,R7-3405-27,3405広島県尾三,27,14,医療法人仁康会 本郷中央病院,三原市
R7,34,広島県,3405,尾三,R7-3405-28,3405広島県尾三,28,15,医療法人宗斉会須波宗斉会病院,三原市
R7,34,広島県,3405,尾三,R7-3405-29,3405広島県尾三,29,16,医療法人社団啓卯会 村上記念病院,尾道市
R7,34,広島県,3405,尾三,R7-3405-30,3405広島県尾三,30,17,山本病院,尾道市
R7,34,広島県,3405,尾三,R7-3405-31,3405広島県尾三,31,18,医療法人社団杏佑会 笠井病院,尾道市
R7,34,広島県,3405,尾三,R7-3405-32,3405広島県尾三,32,19,医療法人社団博和会 得本医院,尾道市
R7,34,広島県,3405,尾三,R7-3405-33,3405広島県尾三,33,20,尾道市立市民病院附属瀬戸田診療所,尾道市
R7,34,広島県,3405,尾三,R7-3405-34,3405広島県尾三,34,21,古島整形外科,尾道市
R7,34,広島県,3405,尾三,R7-3405-35,3405広島県尾三,35,22,よしはら内科外科リハビリテーションクリニック,尾道市
R7,34,広島県,3405,尾三,R7-3405-36,3405広島県尾三,36,23,医療法人社団 越智眼科,三原市
R7,34,広島県,3405,尾三,R7-3405-37,3405広島県尾三,37,24,医療法人社団樹良会 高亀医院,尾道市
R7,34,広島県,3405,尾三,R7-3405-38,3405広島県尾三,38,25,医療法人産婦人科よしはらクリニック,尾道市
R7,34,広島県,3405,尾三,R7-3405-39,3405広島県尾三,39,26,医療法人社団　光羅会藤原眼科,世羅町
R7,34,広島県,3405,尾三,R7-3405-40,3405広島県尾三,40,27,医療法人社団卜部医院 うらべ医院,世羅町
R7,34,広島県,3405,尾三,R7-3405-41,3405広島県尾三,41,28,医療法人社団回生会 永井医院,尾道市
R7,34,広島県,3405,尾三,R7-3405-42,3405広島県尾三,42,29,医療法人社団 花房眼科医院,尾道市
R7,34,広島県,3405,尾三,R7-3405-43,3405広島県尾三,43,30,医療法人社団長谷川産婦人科,尾道市
R7,34,広島県,3405,尾三,R7-3405-44,3405広島県尾三,44,31,堀田レディースクリニック,尾道市
R7,34,広島県,3406,福山・府中,R7-3406-14,3406広島県福山・府中,14,1,福山市民病院,福山市
R7,34,広島県,3406,福山・府中,R7-3406-15,3406広島県福山・府中,15,2,独立行政法人国立病院機構福山医療センター,福山市
R7,34,広島県,3406,福山・府中,R7-3406-16,3406広島県福山・府中,16,3,医療法人社団生和会福山リハビリテーション病院,福山市
R7,34,広島県,3406,福山・府中,R7-3406-17,3406広島県福山・府中,17,4,寺岡記念病院,福山市
R7,34,広島県,3406,福山・府中,R7-3406-18,3406広島県福山・府中,18,5,公立学校共済組合 中国中央病院,福山市
R7,34,広島県,3406,福山・府中,R7-3406-19,3406広島県福山・府中,19,6,日本鋼管福山病院,福山市
R7,34,広島県,3406,福山・府中,R7-3406-20,3406広島県福山・府中,20,7,脳神経センター大田記念病院,福山市
R7,34,広島県,3406,福山・府中,R7-3406-21,3406広島県福山・府中,21,8,府中市民病院,府中市
R7,34,広島県,3406,福山・府中,R7-3406-22,3406広島県福山・府中,22,9,医療法人叙叙会 福山第一病院,福山市
R7,34,広島県,3406,福山・府中,R7-3406-23,3406広島県福山・府中,23,10,西福山病院,福山市
R7,34,広島県,3406,福山・府中,R7-3406-24,3406広島県福山・府中,24,11,医療法人社団宏仁会 寺岡整形外科病院,福山市
R7,34,広島県,3406,福山・府中,R7-3406-25,3406広島県福山・府中,25,12,沼隈病院,福山市
R7,34,広島県,3406,福山・府中,R7-3406-26,3406広島県福山・府中,26,13,神原病院,福山市
R7,34,広島県,3406,福山・府中,R7-3406-27,3406広島県福山・府中,27,14,福山南病院,福山市
R7,34,広島県,3406,福山・府中,R7-3406-28,3406広島県福山・府中,28,15,医療法人社団玄同会 小畠病院,福山市
R7,34,広島県,3406,福山・府中,R7-3406-29,3406広島県福山・府中,29,16,三宅会グッドライフ病院,福山市
R7,34,広島県,3406,福山・府中,R7-3406-30,3406広島県福山・府中,30,17,医療法人紅萌会 福山記念病院,福山市
R7,34,広島県,3406,福山・府中,R7-3406-31,3406広島県福山・府中,31,18,楠本病院,福山市
R7,34,広島県,3406,福山・府中,R7-3406-32,3406広島県福山・府中,32,19,医療法人辰川会 山陽病院,福山市
R7,34,広島県,3406,福山・府中,R7-3406-33,3406広島県福山・府中,33,20,医療法人社団健照会 住吉ふじい病院,福山市
R7,34,広島県,3406,福山・府中,R7-3406-34,3406広島県福山・府中,34,21,医療法人財団竹政会 福山循環器病院,福山市
R7,34,広島県,3406,福山・府中,R7-3406-35,3406広島県福山・府中,35,22,医療法人慈彗会 亀川病院,福山市
R7,34,広島県,3406,福山・府中,R7-3406-36,3406広島県福山・府中,36,23,水永リハビリテーション病院,福山市
R7,34,広島県,3406,福山・府中,R7-3406-37,3406広島県福山・府中,37,24,医療法人社団　尚志会福山城西病院,福山市
R7,34,広島県,3406,福山・府中,R7-3406-38,3406広島県福山・府中,38,25,医療法人財団竹政会セントラル病院,福山市
R7,34,広島県,3406,福山・府中,R7-3406-39,3406広島県福山・府中,39,26,広島県立福山若草園,福山市
R7,34,広島県,3406,福山・府中,R7-3406-40,3406広島県福山・府中,40,27,医療法人東和会 小林病院,福山市
R7,34,広島県,3406,福山・府中,R7-3406-41,3406広島県福山・府中,41,28,府中北市民病院,府中市
R7,34,広島県,3406,福山・府中,R7-3406-42,3406広島県福山・府中,42,29,神石高原町立病院,神石高原町
R7,34,広島県,3406,福山・府中,R7-3406-43,3406広島県福山・府中,43,30,医療法人慈生会 前原病院,福山市
R7,34,広島県,3406,福山・府中,R7-3406-44,3406広島県福山・府中,44,31,医療法人秀明会小池病院,福山市
R7,34,広島県,3406,福山・府中,R7-3406-45,3406広島県福山・府中,45,32,医療法人信英会 島谷病院,福山市
R7,34,広島県,3406,福山・府中,R7-3406-46,3406広島県福山・府中,46,33,大石病院,福山市
R7,34,広島県,3406,福山・府中,R7-3406-47,3406広島県福山・府中,47,34,府中中央内科病院,府中市
R7,34,広島県,3406,福山・府中,R7-3406-48,3406広島県福山・府中,48,35,松岡病院,福山市
R7,34,広島県,3406,福山・府中,R7-3406-49,3406広島県福山・府中,49,36,医療法人社団健生会 いそだ病院,福山市
R7,34,広島県,3406,福山・府中,R7-3406-50,3406広島県福山・府中,50,37,医療法人村上会 福山回生病院,福山市
R7,34,広島県,3406,福山・府中,R7-3406-51,3406広島県福山・府中,51,38,井上病院,福山市
R7,34,広島県,3406,福山・府中,R7-3406-52,3406広島県福山・府中,52,39,医療法人徹慈会 堀病院,福山市
R7,34,広島県,3406,福山・府中,R7-3406-53,3406広島県福山・府中,53,40,医療法人社団伸寿会 高須クリニック,福山市
R7,34,広島県,3406,福山・府中,R7-3406-54,3406広島県福山・府中,54,41,医療法人静悠会 コム・クリニック佐藤,福山市
R7,34,広島県,3406,福山・府中,R7-3406-55,3406広島県福山・府中,55,42,医療法人社団信誠会中村整形外科,福山市
R7,34,広島県,3406,福山・府中,R7-3406-56,3406広島県福山・府中,56,43,医療法人社団黎明会 さくらの丘クリニック,福山市
R7,34,広島県,3406,福山・府中,R7-3406-57,3406広島県福山・府中,57,44,三好眼科,福山市
R7,34,広島県,3406,福山・府中,R7-3406-58,3406広島県福山・府中,58,45,医療法人社団藤本外科・胃腸科・肛門科クリニック,福山市
R7,34,広島県,3406,福山・府中,R7-3406-59,3406広島県福山・府中,59,46,医療法人社団むつみ会坂田医院,福山市
R7,34,広島県,3406,福山・府中,R7-3406-60,3406広島県福山・府中,60,47,後藤泌尿器科医院,福山市
R7,34,広島県,3406,福山・府中,R7-3406-61,3406広島県福山・府中,61,48,奥坊クリニック,福山市
R7,34,広島県,3406,福山・府中,R7-3406-62,3406広島県福山・府中,62,49,医療法人社団成恵会 やまてクリニック,福山市
R7,34,広島県,3406,福山・府中,R7-3406-63,3406広島県福山・府中,63,50,木下メディカルクリニック,福山市
R7,34,広島県,3406,福山・府中,R7-3406-64,3406広島県福山・府中,64,51,徳永医院,福山市
R7,34,広島県,3406,福山・府中,R7-3406-65,3406広島県福山・府中,65,52,松永脳外科クリニック,福山市
R7,34,広島県,3406,福山・府中,R7-3406-66,3406広島県福山・府中,66,53,医療法人社団白河産婦人科,福山市
R7,34,広島県,3406,福山・府中,R7-3406-67,3406広島県福山・府中,67,54,なんば医院,府中市
R7,34,広島県,3406,福山・府中,R7-3406-68,3406広島県福山・府中,68,55,医療法人社団田中メディカルクリニック,福山市
R7,34,広島県,3406,福山・府中,R7-3406-69,3406広島県福山・府中,69,56,沼南医院,福山市
R7,34,広島県,3406,福山・府中,R7-3406-70,3406広島県福山・府中,70,57,医療法人まさよし会児玉クリニック,福山市
R7,34,広島県,3406,福山・府中,R7-3406-71,3406広島県福山・府中,71,58,柚木外科医院,福山市
R7,34,広島県,3406,福山・府中,R7-3406-72,3406広島県福山・府中,72,59,医療法人社団まこと会 神辺内科医院,福山市
R7,34,広島県,3406,福山・府中,R7-3406-73,3406広島県福山・府中,73,60,医療法人 高橋眼科,福山市
R7,34,広島県,3406,福山・府中,R7-3406-74,3406広島県福山・府中,74,61,医療法人社団 幸の鳥レディスクリニック,福山市
R7,34,広島県,3406,福山・府中,R7-3406-75,3406広島県福山・府中,75,62,医療法人芳仁会 ひとみ眼科,福山市
R7,34,広島県,3406,福山・府中,R7-3406-76,3406広島県福山・府中,76,63,みはら眼科,福山市
R7,34,広島県,3406,福山・府中,R7-3406-77,3406広島県福山・府中,77,64,赤木皮膚科泌尿器科,福山市
R7,34,広島県,3406,福山・府中,R7-3406-78,3406広島県福山・府中,78,65,よしだレディースクリニック内科・小児科,福山市
R7,34,広島県,3406,福山・府中,R7-3406-79,3406広島県福山・府中,79,66,福山クリニック,
R7,34,広島県,3407,備北,R7-3407-14,3407広島県備北,14,1,市立三次中央病院,三次市
R7,34,広島県,3407,備北,R7-3407-15,3407広島県備北,15,2,医療法人微風会ビハーラ花の里病院,三次市
R7,34,広島県,3407,備北,R7-3407-16,3407広島県備北,16,3,総合病院 庄原赤十字病院,庄原市
R7,34,広島県,3407,備北,R7-3407-17,3407広島県備北,17,4,三次地区医療センター,三次市
R7,34,広島県,3407,備北,R7-3407-18,3407広島県備北,18,5,備北ななつか病院,庄原市
R7,34,広島県,3407,備北,R7-3407-19,3407広島県備北,19,6,子鹿医療療育センター,三次市
R7,34,広島県,3407,備北,R7-3407-20,3407広島県備北,20,7,庄原同仁病院,庄原市
R7,34,広島県,3407,備北,R7-3407-21,3407広島県備北,21,8,庄原市立西城市民病院,庄原市
R7,34,広島県,3407,備北,R7-3407-22,3407広島県備北,22,9,医療法人社団増原会東城病院,庄原市
R7,34,広島県,3407,備北,R7-3407-23,3407広島県備北,23,10,大倉医院,三次市
R7,34,広島県,3407,備北,R7-3407-24,3407広島県備北,24,11,内科・外科鳴戸医院,三次市
R7,34,広島県,3407,備北,R7-3407-25,3407広島県備北,25,12,医療法人社団 岡崎医院,三次市
R7,34,広島県,3407,備北,R7-3407-26,3407広島県備北,26,13,たかば内科医院,三次市
R7,34,広島県,3407,備北,R7-3407-27,3407広島県備北,27,14,小川眼科,三次市
R7,34,広島県,3407,備北,R7-3407-28,3407広島県備北,28,15,備北眼科,三次市
R7,34,広島県,3407,備北,R7-3407-29,3407広島県備北,29,16,庄原眼科,庄原市
R7,35,山口県,3501,岩国,R7-3501-14,3501山口県岩国,14,1,国立病院機構 岩国医療センター,岩国市
R7,35,山口県,3501,岩国,R7-3501-15,3501山口県岩国,15,2,岩国市医療センター医師会病院,岩国市
R7,35,山口県,3501,岩国,R7-3501-16,3501山口県岩国,16,3,山口平成病院,岩国市
R7,35,山口県,3501,岩国,R7-3501-17,3501山口県岩国,17,4,周防病院,岩国市
R7,35,山口県,3501,岩国,R7-3501-18,3501山口県岩国,18,5,みどり病院,岩国市
R7,35,山口県,3501,岩国,R7-3501-19,3501山口県岩国,19,6,いしい記念病院,岩国市
R7,35,山口県,3501,岩国,R7-3501-20,3501山口県岩国,20,7,岩国第一病院,岩国市
R7,35,山口県,3501,岩国,R7-3501-21,3501山口県岩国,21,8,岩国市立美和病院,岩国市
R7,35,山口県,3501,岩国,R7-3501-22,3501山口県岩国,22,9,医療法人　岩国みなみ病院,岩国市
R7,35,山口県,3501,岩国,R7-3501-23,3501山口県岩国,23,10,岩国病院,岩国市
R7,35,山口県,3501,岩国,R7-3501-24,3501山口県岩国,24,11,藤政病院,岩国市
R7,35,山口県,3501,岩国,R7-3501-25,3501山口県岩国,25,12,錦病院,岩国市
R7,35,山口県,3501,岩国,R7-3501-26,3501山口県岩国,26,13,岩国中央病院,岩国市
R7,35,山口県,3501,岩国,R7-3501-27,3501山口県岩国,27,14,はるなウィメンズクリニック,岩国市
R7,35,山口県,3501,岩国,R7-3501-28,3501山口県岩国,28,15,岩国市立錦中央医院,岩国市
R7,35,山口県,3501,岩国,R7-3501-29,3501山口県岩国,29,16,川田クリニック,岩国市
R7,35,山口県,3501,岩国,R7-3501-30,3501山口県岩国,30,17,八木クリニック,岩国市
R7,35,山口県,3501,岩国,R7-3501-31,3501山口県岩国,31,18,マサキ外科肛門科,岩国市
R7,35,山口県,3501,岩国,R7-3501-32,3501山口県岩国,32,19,岩本医院,岩国市
R7,35,山口県,3501,岩国,R7-3501-33,3501山口県岩国,33,20,玖珂中央病院,
R7,35,山口県,3502,柳井,R7-3502-14,3502山口県柳井,14,1,山口県厚生農業協同組合連合会周東総合病院,柳井市
R7,35,山口県,3502,柳井,R7-3502-15,3502山口県柳井,15,2,国立病院機構 柳井医療センター,柳井市
R7,35,山口県,3502,柳井,R7-3502-16,3502山口県柳井,16,3,光輝病院,平生町
R7,35,山口県,3502,柳井,R7-3502-17,3502山口県柳井,17,4,坂本病院,柳井市
R7,35,山口県,3502,柳井,R7-3502-18,3502山口県柳井,18,5,周防大島町立大島病院,周防大島町
R7,35,山口県,3502,柳井,R7-3502-19,3502山口県柳井,19,6,周防大島町立東和病院,周防大島町
R7,35,山口県,3502,柳井,R7-3502-20,3502山口県柳井,20,7,医療法人社団 安本医院,周防大島町
R7,35,山口県,3502,柳井,R7-3502-21,3502山口県柳井,21,8,弘和クリニック,田布施町
R7,35,山口県,3502,柳井,R7-3502-22,3502山口県柳井,22,9,弘田脳神経外科,柳井市
R7,35,山口県,3502,柳井,R7-3502-23,3502山口県柳井,23,10,藤本眼科,柳井市
R7,35,山口県,3502,柳井,R7-3502-24,3502山口県柳井,24,11,松井クリニック,柳井市
R7,35,山口県,3503,周南,R7-3503-14,3503山口県周南,14,1,独立行政法人地域医療機能推進機構　徳山中央病院,周南市
R7,35,山口県,3503,周南,R7-3503-15,3503山口県周南,15,2,地域医療支援病院オープンシステム徳山医師会病院,周南市
R7,35,山口県,3503,周南,R7-3503-16,3503山口県周南,16,3,周南記念病院,下松市
R7,35,山口県,3503,周南,R7-3503-17,3503山口県周南,17,4,光市立大和総合病院,光市
R7,35,山口県,3503,周南,R7-3503-18,3503山口県周南,18,5,光市立光総合病院,光市
R7,35,山口県,3503,周南,R7-3503-19,3503山口県周南,19,6,周南リハビリテーション病院,周南市
R7,35,山口県,3503,周南,R7-3503-20,3503山口県周南,20,7,湯野温泉病院,周南市
R7,35,山口県,3503,周南,R7-3503-21,3503山口県周南,21,8,周南市立新南陽市民病院,周南市
R7,35,山口県,3503,周南,R7-3503-22,3503山口県周南,22,9,下松中央病院,下松市
R7,35,山口県,3503,周南,R7-3503-23,3503山口県周南,23,10,徳山リハビリテーション病院,周南市
R7,35,山口県,3503,周南,R7-3503-24,3503山口県周南,24,11,周南高原病院,周南市
R7,35,山口県,3503,周南,R7-3503-25,3503山口県周南,25,12,鼓ケ浦こども医療福祉センター,周南市
R7,35,山口県,3503,周南,R7-3503-26,3503山口県周南,26,13,医療法人社団陽光会　光中央病院,光市
R7,35,山口県,3503,周南,R7-3503-27,3503山口県周南,27,14,周南病院,周南市
R7,35,山口県,3503,周南,R7-3503-28,3503山口県周南,28,15,田中病院,周南市
R7,35,山口県,3503,周南,R7-3503-29,3503山口県周南,29,16,下松病院,下松市
R7,35,山口県,3503,周南,R7-3503-30,3503山口県周南,30,17,黒川病院,周南市
R7,35,山口県,3503,周南,R7-3503-31,3503山口県周南,31,18,医療法人至誠会梅田病院,光市
R7,35,山口県,3503,周南,R7-3503-32,3503山口県周南,32,19,みちがみ病院,光市
R7,35,山口県,3503,周南,R7-3503-33,3503山口県周南,33,20,医療法人中山医院,下松市
R7,35,山口県,3503,周南,R7-3503-34,3503山口県周南,34,21,阿部クリニック,下松市
R7,35,山口県,3503,周南,R7-3503-35,3503山口県周南,35,22,医療法人広田眼科,周南市
R7,35,山口県,3503,周南,R7-3503-36,3503山口県周南,36,23,医療法人創世会篠山医院,下松市
R7,35,山口県,3503,周南,R7-3503-37,3503山口県周南,37,24,津永産婦人科,周南市
R7,35,山口県,3503,周南,R7-3503-38,3503山口県周南,38,25,浅上内科胃腸科医院,下松市
R7,35,山口県,3503,周南,R7-3503-39,3503山口県周南,39,26,医療法人社団光仁会市川医院,光市
R7,35,山口県,3503,周南,R7-3503-40,3503山口県周南,40,27,医療法人やよい河村循環器神経内科,光市
R7,35,山口県,3503,周南,R7-3503-41,3503山口県周南,41,28,徳山病院,
R7,35,山口県,3504,山口・防府,R7-3504-14,3504山口県山口・防府,14,1,山口県立総合医療センター,防府市
R7,35,山口県,3504,山口・防府,R7-3504-15,3504山口県山口・防府,15,2,山口赤十字病院,山口市
R7,35,山口県,3504,山口・防府,R7-3504-16,3504山口県山口・防府,16,3,済生会山口総合病院,山口市
R7,35,山口県,3504,山口・防府,R7-3504-17,3504山口県山口・防府,17,4,防府リハビリテーション病院,防府市
R7,35,山口県,3504,山口・防府,R7-3504-18,3504山口県山口・防府,18,5,小郡第一総合病院,山口市
R7,35,山口県,3504,山口・防府,R7-3504-19,3504山口県山口・防府,19,6,山口リハビリテーション病院,山口市
R7,35,山口県,3504,山口・防府,R7-3504-20,3504山口県山口・防府,20,7,山口若宮病院,山口市
R7,35,山口県,3504,山口・防府,R7-3504-21,3504山口県山口・防府,21,8,済生会湯田温泉病院,山口市
R7,35,山口県,3504,山口・防府,R7-3504-22,3504山口県山口・防府,22,9,阿知須共立病院,山口市
R7,35,山口県,3504,山口・防府,R7-3504-23,3504山口県山口・防府,23,10,医療法人神徳会三田尻病院,防府市
R7,35,山口県,3504,山口・防府,R7-3504-24,3504山口県山口・防府,24,11,阿知須同仁病院,山口市
R7,35,山口県,3504,山口・防府,R7-3504-25,3504山口県山口・防府,25,12,防府胃腸病院,防府市
R7,35,山口県,3504,山口・防府,R7-3504-26,3504山口県山口・防府,26,13,桑陽病院,防府市
R7,35,山口県,3504,山口・防府,R7-3504-27,3504山口県山口・防府,27,14,山口博愛病院,防府市
R7,35,山口県,3504,山口・防府,R7-3504-28,3504山口県山口・防府,28,15,緑町三祐病院,防府市
R7,35,山口県,3504,山口・防府,R7-3504-29,3504山口県山口・防府,29,16,松本外科病院,防府市
R7,35,山口県,3504,山口・防府,R7-3504-30,3504山口県山口・防府,30,17,山口病院,山口市
R7,35,山口県,3504,山口・防府,R7-3504-31,3504山口県山口・防府,31,18,柴田病院,山口市
R7,35,山口県,3504,山口・防府,R7-3504-32,3504山口県山口・防府,32,19,林病院,山口市
R7,35,山口県,3504,山口・防府,R7-3504-33,3504山口県山口・防府,33,20,おか整形外科病院,山口市
R7,35,山口県,3504,山口・防府,R7-3504-34,3504山口県山口・防府,34,21,医療法人社団青藍会あんの循環器・総合クリニック,山口市
R7,35,山口県,3504,山口・防府,R7-3504-35,3504山口県山口・防府,35,22,社会福祉法人青藍会 ハートクリニック南山口,山口市
R7,35,山口県,3504,山口・防府,R7-3504-36,3504山口県山口・防府,36,23,林外科医院,山口市
R7,35,山口県,3504,山口・防府,R7-3504-37,3504山口県山口・防府,37,24,医療法人 三鳩会 吉田整形外科,防府市
R7,35,山口県,3504,山口・防府,R7-3504-38,3504山口県山口・防府,38,25,光山医院,防府市
R7,35,山口県,3504,山口・防府,R7-3504-39,3504山口県山口・防府,39,26,かしだ産婦人科クリニック,山口市
R7,35,山口県,3504,山口・防府,R7-3504-40,3504山口県山口・防府,40,27,医療法人慶和会防府耳鼻咽喉科医院,防府市
R7,35,山口県,3504,山口・防府,R7-3504-41,3504山口県山口・防府,41,28,医療法人芳和会アベ産婦人科クリニック,防府市
R7,35,山口県,3504,山口・防府,R7-3504-42,3504山口県山口・防府,42,29,ながやレディースクリニック,山口市
R7,35,山口県,3504,山口・防府,R7-3504-43,3504山口県山口・防府,43,30,医療法人社団 大西眼科,防府市
R7,35,山口県,3504,山口・防府,R7-3504-44,3504山口県山口・防府,44,31,手山産婦人科,防府市
R7,35,山口県,3504,山口・防府,R7-3504-45,3504山口県山口・防府,45,32,医療法人村田外科胃腸科,山口市
R7,35,山口県,3504,山口・防府,R7-3504-46,3504山口県山口・防府,46,33,光山医院山口,山口市
R7,35,山口県,3505,宇部・小野田,R7-3505-14,3505山口県宇部・小野田,14,1,山口大学医学部附属病院,宇部市
R7,35,山口県,3505,宇部・小野田,R7-3505-15,3505山口県宇部・小野田,15,2,宇部中央病院,宇部市
R7,35,山口県,3505,宇部・小野田,R7-3505-16,3505山口県宇部・小野田,16,3,国立病院機構 山口宇部医療センター,宇部市
R7,35,山口県,3505,宇部・小野田,R7-3505-17,3505山口県宇部・小野田,17,4,山口労災病院,山陽小野田市
R7,35,山口県,3505,宇部・小野田,R7-3505-18,3505山口県宇部・小野田,18,5,宇部リハビリテーション病院,宇部市
R7,35,山口県,3505,宇部・小野田,R7-3505-19,3505山口県宇部・小野田,19,6,医療法人和同会　宇部西リハビリテーション病院,宇部市
R7,35,山口県,3505,宇部・小野田,R7-3505-20,3505山口県宇部・小野田,20,7,山陽小野田市民病院,山陽小野田市
R7,35,山口県,3505,宇部・小野田,R7-3505-21,3505山口県宇部・小野田,21,8,宇部記念病院,宇部市
R7,35,山口県,3505,宇部・小野田,R7-3505-22,3505山口県宇部・小野田,22,9,セントヒル病院,宇部市
R7,35,山口県,3505,宇部・小野田,R7-3505-23,3505山口県宇部・小野田,23,10,宇部協立病院,宇部市
R7,35,山口県,3505,宇部・小野田,R7-3505-24,3505山口県宇部・小野田,24,11,シーサイド病院,宇部市
R7,35,山口県,3505,宇部・小野田,R7-3505-25,3505山口県宇部・小野田,25,12,美祢市立病院,美祢市
R7,35,山口県,3505,宇部・小野田,R7-3505-26,3505山口県宇部・小野田,26,13,美祢市立美東病院,美祢市
R7,35,山口県,3505,宇部・小野田,R7-3505-27,3505山口県宇部・小野田,27,14,厚南セントヒル病院,宇部市
R7,35,山口県,3505,宇部・小野田,R7-3505-28,3505山口県宇部・小野田,28,15,尾中病院,宇部市
R7,35,山口県,3505,宇部・小野田,R7-3505-29,3505山口県宇部・小野田,29,16,小野田赤十字病院,山陽小野田市
R7,35,山口県,3505,宇部・小野田,R7-3505-30,3505山口県宇部・小野田,30,17,長沢病院,山陽小野田市
R7,35,山口県,3505,宇部・小野田,R7-3505-31,3505山口県宇部・小野田,31,18,宇部仁心会病院,宇部市
R7,35,山口県,3505,宇部・小野田,R7-3505-32,3505山口県宇部・小野田,32,19,医療法人社団清冨会サンポプラ病院,宇部市
R7,35,山口県,3505,宇部・小野田,R7-3505-33,3505山口県宇部・小野田,33,20,医療法人社団輝斉会 森田病院,山陽小野田市
R7,35,山口県,3505,宇部・小野田,R7-3505-34,3505山口県宇部・小野田,34,21,医療法人社団のむら大腸肛門クリニック,宇部市
R7,35,山口県,3505,宇部・小野田,R7-3505-35,3505山口県宇部・小野田,35,22,医療法人仁心会南園クリニック,宇部市
R7,35,山口県,3505,宇部・小野田,R7-3505-36,3505山口県宇部・小野田,36,23,紫苑リハビリ内科クリニック,山陽小野田市
R7,35,山口県,3505,宇部・小野田,R7-3505-37,3505山口県宇部・小野田,37,24,医療法人社団しま産婦人科,宇部市
R7,35,山口県,3505,宇部・小野田,R7-3505-38,3505山口県宇部・小野田,38,25,はしもと産婦人科医院,宇部市
R7,35,山口県,3505,宇部・小野田,R7-3505-39,3505山口県宇部・小野田,39,26,医療法人ＥＭＳ　植田救急クリニック,美祢市
R7,35,山口県,3505,宇部・小野田,R7-3505-40,3505山口県宇部・小野田,40,27,医療法人いぶき会 針間産婦人科,宇部市
R7,35,山口県,3505,宇部・小野田,R7-3505-41,3505山口県宇部・小野田,41,28,吉永外科医院,宇部市
R7,35,山口県,3505,宇部・小野田,R7-3505-42,3505山口県宇部・小野田,42,29,宇部第一病院,
R7,35,山口県,3506,下関,R7-3506-14,3506山口県下関,14,1,独立行政法人　国立病院機構　関門医療センター,下関市
R7,35,山口県,3506,下関,R7-3506-15,3506山口県下関,15,2,脳神経筋センターよしみず病院,下関市
R7,35,山口県,3506,下関,R7-3506-16,3506山口県下関,16,3,下関市立市民病院,下関市
R7,35,山口県,3506,下関,R7-3506-17,3506山口県下関,17,4,山口県済生会下関総合病院,下関市
R7,35,山口県,3506,下関,R7-3506-18,3506山口県下関,18,5,独立行政法人地域医療機能推進機構 下関医療センター,下関市
R7,35,山口県,3506,下関,R7-3506-19,3506山口県下関,19,6,光風園病院,下関市
R7,35,山口県,3506,下関,R7-3506-20,3506山口県下関,20,7,済生会豊浦病院,下関市
R7,35,山口県,3506,下関,R7-3506-21,3506山口県下関,21,8,武久病院,下関市
R7,35,山口県,3506,下関,R7-3506-22,3506山口県下関,22,9,安岡病院,下関市
R7,35,山口県,3506,下関,R7-3506-23,3506山口県下関,23,10,下関リハビリテーション病院,下関市
R7,35,山口県,3506,下関,R7-3506-24,3506山口県下関,24,11,王司病院,下関市
R7,35,山口県,3506,下関,R7-3506-25,3506山口県下関,25,12,桃崎病院,下関市
R7,35,山口県,3506,下関,R7-3506-26,3506山口県下関,26,13,森山病院,下関市
R7,35,山口県,3506,下関,R7-3506-27,3506山口県下関,27,14,稗田病院,下関市
R7,35,山口県,3506,下関,R7-3506-28,3506山口県下関,28,15,西尾病院,下関市
R7,35,山口県,3506,下関,R7-3506-29,3506山口県下関,29,16,下関市立豊田中央病院,下関市
R7,35,山口県,3506,下関,R7-3506-30,3506山口県下関,30,17,医療法人　長府病院,下関市
R7,35,山口県,3506,下関,R7-3506-31,3506山口県下関,31,18,岡病院,下関市
R7,35,山口県,3506,下関,R7-3506-32,3506山口県下関,32,19,前田内科病院,下関市
R7,35,山口県,3506,下関,R7-3506-33,3506山口県下関,33,20,細江クリニック,下関市
R7,35,山口県,3506,下関,R7-3506-34,3506山口県下関,34,21,長府第一クリニック,下関市
R7,35,山口県,3506,下関,R7-3506-35,3506山口県下関,35,22,医療法人社団若草会 木本クリニック,下関市
R7,35,山口県,3506,下関,R7-3506-36,3506山口県下関,36,23,医療法人牛尾医院亀の甲クリニック,下関市
R7,35,山口県,3506,下関,R7-3506-37,3506山口県下関,37,24,すみだ内科クリニック,下関市
R7,35,山口県,3506,下関,R7-3506-38,3506山口県下関,38,25,長府みらいクリニック,下関市
R7,35,山口県,3506,下関,R7-3506-39,3506山口県下関,39,26,浅野整形外科医院,下関市
R7,35,山口県,3506,下関,R7-3506-40,3506山口県下関,40,27,伊藤内科医院,下関市
R7,35,山口県,3506,下関,R7-3506-41,3506山口県下関,41,28,いとう腎クリニック,下関市
R7,35,山口県,3506,下関,R7-3506-42,3506山口県下関,42,29,医療法人池田会いけだ内科,下関市
R7,35,山口県,3506,下関,R7-3506-43,3506山口県下関,43,30,医療法人正祥会にしはらクリニック,下関市
R7,35,山口県,3506,下関,R7-3506-44,3506山口県下関,44,31,やかべ産婦人科医院,下関市
R7,35,山口県,3506,下関,R7-3506-45,3506山口県下関,45,32,すずらんレディースクリニック,下関市
R7,35,山口県,3506,下関,R7-3506-46,3506山口県下関,46,33,門脇医科歯科医院,下関市
R7,35,山口県,3506,下関,R7-3506-47,3506山口県下関,47,34,井町産婦人科医院,下関市
R7,35,山口県,3506,下関,R7-3506-48,3506山口県下関,48,35,医療法人 松永会 まつなが医院,下関市
R7,35,山口県,3506,下関,R7-3506-49,3506山口県下関,49,36,医療法人社団野口産婦人科医院,下関市
R7,35,山口県,3506,下関,R7-3506-50,3506山口県下関,50,37,佐々木整形外科・外科,下関市
R7,35,山口県,3506,下関,R7-3506-51,3506山口県下関,51,38,織田クリニック,下関市
R7,35,山口県,3506,下関,R7-3506-52,3506山口県下関,52,39,帆足医院,下関市
R7,35,山口県,3506,下関,R7-3506-53,3506山口県下関,53,40,敬愛堂京野眼科クリニック,下関市
R7,35,山口県,3506,下関,R7-3506-54,3506山口県下関,54,41,医療法人広祐会 螢クリニック,下関市
R7,35,山口県,3506,下関,R7-3506-55,3506山口県下関,55,42,医療法人社団林田クリニック,
R7,35,山口県,3506,下関,R7-3506-56,3506山口県下関,56,43,（医）慶愛会クレスト整形外科,
R7,35,山口県,3507,長門,R7-3507-14,3507山口県長門,14,1,山口県厚生農業協同組合連合会長門総合病院,長門市
R7,35,山口県,3507,長門,R7-3507-15,3507山口県長門,15,2,岡田病院,長門市
R7,35,山口県,3507,長門,R7-3507-16,3507山口県長門,16,3,医療法人　生山会　斎木病院,長門市
R7,35,山口県,3507,長門,R7-3507-17,3507山口県長門,17,4,医療法人社団弘徳会斉藤医院,長門市
R7,35,山口県,3507,長門,R7-3507-18,3507山口県長門,18,5,木村クリニック,長門市
R7,35,山口県,3507,長門,R7-3507-19,3507山口県長門,19,6,医療法人昌成会 國司眼科医院,長門市
R7,35,山口県,3508,萩,R7-3508-14,3508山口県萩,14,1,都志見病院,萩市
R7,35,山口県,3508,萩,R7-3508-15,3508山口県萩,15,2,玉木病院,萩市
R7,35,山口県,3508,萩,R7-3508-16,3508山口県萩,16,3,萩慈生病院,萩市
R7,35,山口県,3508,萩,R7-3508-17,3508山口県萩,17,4,萩市民病院,萩市
R7,35,山口県,3508,萩,R7-3508-18,3508山口県萩,18,5,全眞会病院,萩市
R7,35,山口県,3508,萩,R7-3508-19,3508山口県萩,19,6,医療法人なかむらレディースクリニック,萩市
R7,35,山口県,3508,萩,R7-3508-20,3508山口県萩,20,7,花宮医院,萩市
R7,35,山口県,3508,萩,R7-3508-21,3508山口県萩,21,8,萩市国民健康保険見島診療所,萩市
R7,35,山口県,3508,萩,R7-3508-22,3508山口県萩,22,9,萩むらた病院,
R7,36,徳島県,3601,東部,R7-3601-14,3601徳島県東部,14,1,徳島大学病院,徳島市
R7,36,徳島県,3601,東部,R7-3601-15,3601徳島県東部,15,2,徳島県立中央病院,徳島市
R7,36,徳島県,3601,東部,R7-3601-16,3601徳島県東部,16,3,独立行政法人国立病院機構 とくしま医療センター東病院,板野町
R7,36,徳島県,3601,東部,R7-3601-17,3601徳島県東部,17,4,徳島県鳴門病院,鳴門市
R7,36,徳島県,3601,東部,R7-3601-18,3601徳島県東部,18,5,徳島市民病院,徳島市
R7,36,徳島県,3601,東部,R7-3601-19,3601徳島県東部,19,6,徳島県厚生農業協同組合連合会吉野川医療センター,吉野川市
R7,36,徳島県,3601,東部,R7-3601-20,3601徳島県東部,20,7,独立行政法人国立病院機構とくしま医療センター西病院,吉野川市
R7,36,徳島県,3601,東部,R7-3601-21,3601徳島県東部,21,8,徳島健生病院,徳島市
R7,36,徳島県,3601,東部,R7-3601-22,3601徳島県東部,22,9,博愛記念病院,徳島市
R7,36,徳島県,3601,東部,R7-3601-23,3601徳島県東部,23,10,協立病院,徳島市
R7,36,徳島県,3601,東部,R7-3601-24,3601徳島県東部,24,11,田岡病院,徳島市
R7,36,徳島県,3601,東部,R7-3601-25,3601徳島県東部,25,12,きたじま田岡病院,北島町
R7,36,徳島県,3601,東部,R7-3601-26,3601徳島県東部,26,13,医療法人徳寿会 鴨島病院,吉野川市
R7,36,徳島県,3601,東部,R7-3601-27,3601徳島県東部,27,14,川島病院,徳島市
R7,36,徳島県,3601,東部,R7-3601-28,3601徳島県東部,28,15,医療法人修誠会吉野川病院,北島町
R7,36,徳島県,3601,東部,R7-3601-29,3601徳島県東部,29,16,阿波病院,阿波市
R7,36,徳島県,3601,東部,R7-3601-30,3601徳島県東部,30,17,大久保病院,徳島市
R7,36,徳島県,3601,東部,R7-3601-31,3601徳島県東部,31,18,中洲八木病院,徳島市
R7,36,徳島県,3601,東部,R7-3601-32,3601徳島県東部,32,19,小川病院,鳴門市
R7,36,徳島県,3601,東部,R7-3601-33,3601徳島県東部,33,20,たまき青空病院,徳島市
R7,36,徳島県,3601,東部,R7-3601-34,3601徳島県東部,34,21,美摩病院,吉野川市
R7,36,徳島県,3601,東部,R7-3601-35,3601徳島県東部,35,22,木下病院,徳島市
R7,36,徳島県,3601,東部,R7-3601-36,3601徳島県東部,36,23,手束病院,石井町
R7,36,徳島県,3601,東部,R7-3601-37,3601徳島県東部,37,24,鳴門山上病院,鳴門市
R7,36,徳島県,3601,東部,R7-3601-38,3601徳島県東部,38,25,伊月病院,徳島市
R7,36,徳島県,3601,東部,R7-3601-39,3601徳島県東部,39,26,寺沢病院,徳島市
R7,36,徳島県,3601,東部,R7-3601-40,3601徳島県東部,40,27,兼松病院,鳴門市
R7,36,徳島県,3601,東部,R7-3601-41,3601徳島県東部,41,28,林病院,徳島市
R7,36,徳島県,3601,東部,R7-3601-42,3601徳島県東部,42,29,水の都記念病院,徳島市
R7,36,徳島県,3601,東部,R7-3601-43,3601徳島県東部,43,30,リハビリテｰション大神子病院,徳島市
R7,36,徳島県,3601,東部,R7-3601-44,3601徳島県東部,44,31,浦田病院,松茂町
R7,36,徳島県,3601,東部,R7-3601-45,3601徳島県東部,45,32,天満病院,徳島市
R7,36,徳島県,3601,東部,R7-3601-46,3601徳島県東部,46,33,稲山病院,徳島市
R7,36,徳島県,3601,東部,R7-3601-47,3601徳島県東部,47,34,稲次病院,藍住町
R7,36,徳島県,3601,東部,R7-3601-48,3601徳島県東部,48,35,虹の橋病院,徳島市
R7,36,徳島県,3601,東部,R7-3601-49,3601徳島県東部,49,36,井上病院,板野町
R7,36,徳島県,3601,東部,R7-3601-50,3601徳島県東部,50,37,橋本病院,徳島市
R7,36,徳島県,3601,東部,R7-3601-51,3601徳島県東部,51,38,松村病院,徳島市
R7,36,徳島県,3601,東部,R7-3601-52,3601徳島県東部,52,39,近藤内科病院,徳島市
R7,36,徳島県,3601,東部,R7-3601-53,3601徳島県東部,53,40,森岡病院,徳島市
R7,36,徳島県,3601,東部,R7-3601-54,3601徳島県東部,54,41,徳島平成病院,徳島市
R7,36,徳島県,3601,東部,R7-3601-55,3601徳島県東部,55,42,東洋病院,徳島市
R7,36,徳島県,3601,東部,R7-3601-56,3601徳島県東部,56,43,保岡クリニック論田病院,徳島市
R7,36,徳島県,3601,東部,R7-3601-57,3601徳島県東部,57,44,眉山病院,徳島市
R7,36,徳島県,3601,東部,R7-3601-58,3601徳島県東部,58,45,中瀬病院,徳島市
R7,36,徳島県,3601,東部,R7-3601-59,3601徳島県東部,59,46,医療法人うずしお会岩朝病院,鳴門市
R7,36,徳島県,3601,東部,R7-3601-60,3601徳島県東部,60,47,鈴江病院,徳島市
R7,36,徳島県,3601,東部,R7-3601-61,3601徳島県東部,61,48,亀井病院,徳島市
R7,36,徳島県,3601,東部,R7-3601-62,3601徳島県東部,62,49,リバｰサイドのぞみ病院,徳島市
R7,36,徳島県,3601,東部,R7-3601-63,3601徳島県東部,63,50,芳川病院,松茂町
R7,36,徳島県,3601,東部,R7-3601-64,3601徳島県東部,64,51,浜病院,藍住町
R7,36,徳島県,3601,東部,R7-3601-65,3601徳島県東部,65,52,善成病院,徳島市
R7,36,徳島県,3601,東部,R7-3601-66,3601徳島県東部,66,53,大野病院,阿波市
R7,36,徳島県,3601,東部,R7-3601-67,3601徳島県東部,67,54,沖の洲病院,徳島市
R7,36,徳島県,3601,東部,R7-3601-68,3601徳島県東部,68,55,医療法人住友内科病院,徳島市
R7,36,徳島県,3601,東部,R7-3601-69,3601徳島県東部,69,56,福田整形外科病院,徳島市
R7,36,徳島県,3601,東部,R7-3601-70,3601徳島県東部,70,57,たおか内科病院,徳島市
R7,36,徳島県,3601,東部,R7-3601-71,3601徳島県東部,71,58,松永病院,徳島市
R7,36,徳島県,3601,東部,R7-3601-72,3601徳島県東部,72,59,大櫛内科循環器科,徳島市
R7,36,徳島県,3601,東部,R7-3601-73,3601徳島県東部,73,60,城東整形外科内科,徳島市
R7,36,徳島県,3601,東部,R7-3601-74,3601徳島県東部,74,61,清家医院,徳島市
R7,36,徳島県,3601,東部,R7-3601-75,3601徳島県東部,75,62,大塚外科・内科,徳島市
R7,36,徳島県,3601,東部,R7-3601-76,3601徳島県東部,76,63,山田眼科,徳島市
R7,36,徳島県,3601,東部,R7-3601-77,3601徳島県東部,77,64,赤沢医院,徳島市
R7,36,徳島県,3601,東部,R7-3601-78,3601徳島県東部,78,65,医療法人青嵐会 むくの木クリニック,徳島市
R7,36,徳島県,3601,東部,R7-3601-79,3601徳島県東部,79,66,医療法人豊山会（豊田内科）,徳島市
R7,36,徳島県,3601,東部,R7-3601-80,3601徳島県東部,80,67,村田整形外科医院,徳島市
R7,36,徳島県,3601,東部,R7-3601-81,3601徳島県東部,81,68,かもな桜公園クリニック,徳島市
R7,36,徳島県,3601,東部,R7-3601-82,3601徳島県東部,82,69,徳島さくらクリニック,徳島市
R7,36,徳島県,3601,東部,R7-3601-83,3601徳島県東部,83,70,医療法人周和会蕙愛レディｰスクリニック,徳島市
R7,36,徳島県,3601,東部,R7-3601-84,3601徳島県東部,84,71,高杉内科外科小児科脳外科,徳島市
R7,36,徳島県,3601,東部,R7-3601-85,3601徳島県東部,85,72,宇都宮皮膚泌尿器科,徳島市
R7,36,徳島県,3601,東部,R7-3601-86,3601徳島県東部,86,73,文慶記念ハート内科,徳島市
R7,36,徳島県,3601,東部,R7-3601-87,3601徳島県東部,87,74,勝良医院,鳴門市
R7,36,徳島県,3601,東部,R7-3601-88,3601徳島県東部,88,75,板東診療所,鳴門市
R7,36,徳島県,3601,東部,R7-3601-89,3601徳島県東部,89,76,原田内科,鳴門市
R7,36,徳島県,3601,東部,R7-3601-90,3601徳島県東部,90,77,元木医院,鳴門市
R7,36,徳島県,3601,東部,R7-3601-91,3601徳島県東部,91,78,さくら診療所,吉野川市
R7,36,徳島県,3601,東部,R7-3601-92,3601徳島県東部,92,79,谷医院,吉野川市
R7,36,徳島県,3601,東部,R7-3601-93,3601徳島県東部,93,80,鈴木内科,吉野川市
R7,36,徳島県,3601,東部,R7-3601-94,3601徳島県東部,94,81,中西内科クリニック,吉野川市
R7,36,徳島県,3601,東部,R7-3601-95,3601徳島県東部,95,82,糸田川眼科,吉野川市
R7,36,徳島県,3601,東部,R7-3601-96,3601徳島県東部,96,83,中山医院,阿波市
R7,36,徳島県,3601,東部,R7-3601-97,3601徳島県東部,97,84,遠藤産婦人科,石井町
R7,36,徳島県,3601,東部,R7-3601-98,3601徳島県東部,98,85,石岡整形外科,石井町
R7,36,徳島県,3601,東部,R7-3601-99,3601徳島県東部,99,86,石井虹の橋クリニック,石井町
R7,36,徳島県,3601,東部,R7-3601-100,3601徳島県東部,100,87,佐々木外科内科,神山町
R7,36,徳島県,3601,東部,R7-3601-101,3601徳島県東部,101,88,神山医院,神山町
R7,36,徳島県,3601,東部,R7-3601-102,3601徳島県東部,102,89,中谷医院,神山町
R7,36,徳島県,3601,東部,R7-3601-103,3601徳島県東部,103,90,春藤内科胃腸科,松茂町
R7,36,徳島県,3601,東部,R7-3601-104,3601徳島県東部,104,91,矢野医院,藍住町
R7,36,徳島県,3601,東部,R7-3601-105,3601徳島県東部,105,92,森本医院,藍住町
R7,36,徳島県,3601,東部,R7-3601-106,3601徳島県東部,106,93,おかがわ内科・小児科,徳島市
R7,36,徳島県,3601,東部,R7-3601-107,3601徳島県東部,107,94,医療法人中村外科内科,徳島市
R7,36,徳島県,3601,東部,R7-3601-108,3601徳島県東部,108,95,協栄内科,徳島市
R7,36,徳島県,3601,東部,R7-3601-109,3601徳島県東部,109,96,吉田外科医院,徳島市
R7,36,徳島県,3601,東部,R7-3601-110,3601徳島県東部,110,97,リムズ徳島クリニック,徳島市
R7,36,徳島県,3601,東部,R7-3601-111,3601徳島県東部,111,98,斎藤整形外科,鳴門市
R7,36,徳島県,3601,東部,R7-3601-112,3601徳島県東部,112,99,御所診療所,阿波市
R7,36,徳島県,3601,東部,R7-3601-113,3601徳島県東部,113,100,伊勢内科小児科,石井町
R7,36,徳島県,3601,東部,R7-3601-114,3601徳島県東部,114,101,林内科,徳島市
R7,36,徳島県,3601,東部,R7-3601-115,3601徳島県東部,115,102,祖川産婦人科クリニック,徳島市
R7,36,徳島県,3601,東部,R7-3601-116,3601徳島県東部,116,103,清水内科,藍住町
R7,36,徳島県,3601,東部,R7-3601-117,3601徳島県東部,117,104,新浜医院,徳島市
R7,36,徳島県,3601,東部,R7-3601-118,3601徳島県東部,118,105,橋本医院,鳴門市
R7,36,徳島県,3601,東部,R7-3601-119,3601徳島県東部,119,106,なかたに産婦人科,石井町
R7,36,徳島県,3601,東部,R7-3601-120,3601徳島県東部,120,107,鎌田眼科医院,徳島市
R7,36,徳島県,3601,東部,R7-3601-121,3601徳島県東部,121,108,大櫛耳鼻咽喉科はな・みみサージクリニック,徳島市
R7,36,徳島県,3601,東部,R7-3601-122,3601徳島県東部,122,109,盛眼科医院,徳島市
R7,36,徳島県,3601,東部,R7-3601-123,3601徳島県東部,123,110,三河眼科,徳島市
R7,36,徳島県,3601,東部,R7-3601-124,3601徳島県東部,124,111,山田眼科藍住,藍住町
R7,36,徳島県,3601,東部,R7-3601-125,3601徳島県東部,125,112,領家内科眼科,
R7,36,徳島県,3603,南部,R7-3603-14,3603徳島県南部,14,1,徳島赤十字病院,小松島市
R7,36,徳島県,3603,南部,R7-3603-15,3603徳島県南部,15,2,阿南医療センター,阿南市
R7,36,徳島県,3603,南部,R7-3603-16,3603徳島県南部,16,3,徳島赤十字ひのみね医療療育センタｰ,小松島市
R7,36,徳島県,3603,南部,R7-3603-17,3603徳島県南部,17,4,徳島県立海部病院,牟岐町
R7,36,徳島県,3603,南部,R7-3603-18,3603徳島県南部,18,5,江藤病院,小松島市
R7,36,徳島県,3603,南部,R7-3603-19,3603徳島県南部,19,6,小松島病院,小松島市
R7,36,徳島県,3603,南部,R7-3603-20,3603徳島県南部,20,7,原田病院,阿南市
R7,36,徳島県,3603,南部,R7-3603-21,3603徳島県南部,21,8,碩心館病院,小松島市
R7,36,徳島県,3603,南部,R7-3603-22,3603徳島県南部,22,9,国民健康保険勝浦病院,勝浦町
R7,36,徳島県,3603,南部,R7-3603-23,3603徳島県南部,23,10,美波町国民健康保険美波病院,美波町
R7,36,徳島県,3603,南部,R7-3603-24,3603徳島県南部,24,11,宮本病院,阿南市
R7,36,徳島県,3603,南部,R7-3603-25,3603徳島県南部,25,12,小松島金磯病院,小松島市
R7,36,徳島県,3603,南部,R7-3603-26,3603徳島県南部,26,13,医療法人メディカルケア徳島ロイヤル病院,小松島市
R7,36,徳島県,3603,南部,R7-3603-27,3603徳島県南部,27,14,海陽町国民健康保険海南病院,海陽町
R7,36,徳島県,3603,南部,R7-3603-28,3603徳島県南部,28,15,阿南天満病院,阿南市
R7,36,徳島県,3603,南部,R7-3603-29,3603徳島県南部,29,16,羽ノ浦整形外科内科病院,阿南市
R7,36,徳島県,3603,南部,R7-3603-30,3603徳島県南部,30,17,那賀町立上那賀病院,那賀町
R7,36,徳島県,3603,南部,R7-3603-31,3603徳島県南部,31,18,岩城クリニック,阿南市
R7,36,徳島県,3603,南部,R7-3603-32,3603徳島県南部,32,19,馬原医院,阿南市
R7,36,徳島県,3603,南部,R7-3603-33,3603徳島県南部,33,20,医療法人健泉会 赤岩医院,小松島市
R7,36,徳島県,3603,南部,R7-3603-34,3603徳島県南部,34,21,住吉レディｰスクリニック,小松島市
R7,36,徳島県,3603,南部,R7-3603-35,3603徳島県南部,35,22,藤野医院,小松島市
R7,36,徳島県,3603,南部,R7-3603-36,3603徳島県南部,36,23,ふじの小児科クリニック,小松島市
R7,36,徳島県,3605,西部,R7-3605-14,3605徳島県西部,14,1,徳島県立三好病院,三好市
R7,36,徳島県,3605,西部,R7-3605-15,3605徳島県西部,15,2,つるぎ町立半田病院,つるぎ町
R7,36,徳島県,3605,西部,R7-3605-16,3605徳島県西部,16,3,三野田中病院,三好市
R7,36,徳島県,3605,西部,R7-3605-17,3605徳島県西部,17,4,三加茂田中病院,東みよし町
R7,36,徳島県,3605,西部,R7-3605-18,3605徳島県西部,18,5,ホウエツ病院,美馬市
R7,36,徳島県,3605,西部,R7-3605-19,3605徳島県西部,19,6,美馬リハビリテｰション病院,美馬市
R7,36,徳島県,3605,西部,R7-3605-20,3605徳島県西部,20,7,三好市国民健康保険市立三野病院,三好市
R7,36,徳島県,3605,西部,R7-3605-21,3605徳島県西部,21,8,藤内整形外科病院,東みよし町
R7,36,徳島県,3605,西部,R7-3605-22,3605徳島県西部,22,9,成田病院,美馬市
R7,36,徳島県,3605,西部,R7-3605-23,3605徳島県西部,23,10,北條病院,三好市
R7,36,徳島県,3605,西部,R7-3605-24,3605徳島県西部,24,11,桜木病院,美馬市
R7,36,徳島県,3605,西部,R7-3605-25,3605徳島県西部,25,12,岡内科病院,美馬市
R7,36,徳島県,3605,西部,R7-3605-26,3605徳島県西部,26,13,佐藤内科,美馬市
R7,36,徳島県,3605,西部,R7-3605-27,3605徳島県西部,27,14,林クリニック,美馬市
R7,36,徳島県,3605,西部,R7-3605-28,3605徳島県西部,28,15,内田医院,三好市
R7,36,徳島県,3605,西部,R7-3605-29,3605徳島県西部,29,16,宮佐医院,三好市
R7,36,徳島県,3605,西部,R7-3605-30,3605徳島県西部,30,17,秦眼科,美馬市
R7,36,徳島県,3605,西部,R7-3605-31,3605徳島県西部,31,18,村山内科,三好市
R7,37,香川県,3702,小豆,R7-3702-14,3702香川県小豆,14,1,小豆島中央病院,小豆島町
R7,37,香川県,3702,小豆,R7-3702-15,3702香川県小豆,15,2,医療法人社団 つばき会 牟礼病院,小豆島町
R7,37,香川県,3706,東部,R7-3706-14,3706香川県東部,14,1,香川大学医学部附属病院,三木町
R7,37,香川県,3706,東部,R7-3706-15,3706香川県東部,15,2,香川県立中央病院,高松市
R7,37,香川県,3706,東部,R7-3706-16,3706香川県東部,16,3,高松赤十字病院,高松市
R7,37,香川県,3706,東部,R7-3706-17,3706香川県東部,17,4,高松市立みんなの病院,高松市
R7,37,香川県,3706,東部,R7-3706-18,3706香川県東部,18,5,屋島総合病院,高松市
R7,37,香川県,3706,東部,R7-3706-19,3706香川県東部,19,6,医療法人財団博仁会キナシ大林病院,高松市
R7,37,香川県,3706,東部,R7-3706-20,3706香川県東部,20,7,医療法人日昭会 岡病院,さぬき市
R7,37,香川県,3706,東部,R7-3706-21,3706香川県東部,21,8,独立行政法人国立病院機構高松医療センター,高松市
R7,37,香川県,3706,東部,R7-3706-22,3706香川県東部,22,9,独立行政法人地域医療機能推進機構 りつりん病院,高松市
R7,37,香川県,3706,東部,R7-3706-23,3706香川県東部,23,10,社会福祉法人恩賜財団済生会支部 香川県済生会病院,高松市
R7,37,香川県,3706,東部,R7-3706-24,3706香川県東部,24,11,かがわ総合リハビリテーション病院,高松市
R7,37,香川県,3706,東部,R7-3706-25,3706香川県東部,25,12,ＫＫＲ高松病院,高松市
R7,37,香川県,3706,東部,R7-3706-26,3706香川県東部,26,13,さぬき市民病院,さぬき市
R7,37,香川県,3706,東部,R7-3706-27,3706香川県東部,27,14,香川県立白鳥病院,東かがわ市
R7,37,香川県,3706,東部,R7-3706-28,3706香川県東部,28,15,高松平和病院,高松市
R7,37,香川県,3706,東部,R7-3706-29,3706香川県東部,29,16,医療法人社団弘徳会マオカ病院,高松市
R7,37,香川県,3706,東部,R7-3706-30,3706香川県東部,30,17,国立療養所大島青松園,高松市
R7,37,香川県,3706,東部,R7-3706-31,3706香川県東部,31,18,医療法人社団有史会高畠病院,高松市
R7,37,香川県,3706,東部,R7-3706-32,3706香川県東部,32,19,医療法人和光会前田病院,高松市
R7,37,香川県,3706,東部,R7-3706-33,3706香川県東部,33,20,医療法人社団 百石病院,高松市
R7,37,香川県,3706,東部,R7-3706-34,3706香川県東部,34,21,医療法人社団清澄会ミタニ病院,高松市
R7,37,香川県,3706,東部,R7-3706-35,3706香川県東部,35,22,高松協同病院,高松市
R7,37,香川県,3706,東部,R7-3706-36,3706香川県東部,36,23,医療法人社団雙和会 クワヤ病院,高松市
R7,37,香川県,3706,東部,R7-3706-37,3706香川県東部,37,24,医療法人社団新進会おさか脳神経外科病院,高松市
R7,37,香川県,3706,東部,R7-3706-38,3706香川県東部,38,25,一般財団法人三宅医学研究所附属三宅リハビリテーション病院,高松市
R7,37,香川県,3706,東部,R7-3706-39,3706香川県東部,39,26,太田病院,東かがわ市
R7,37,香川県,3706,東部,R7-3706-40,3706香川県東部,40,27,整形外科 吉峰病院,高松市
R7,37,香川県,3706,東部,R7-3706-41,3706香川県東部,41,28,医療法人社団聖心会 阪本病院,東かがわ市
R7,37,香川県,3706,東部,R7-3706-42,3706香川県東部,42,29,医療法人社団仁樹会 オサカ病院,高松市
R7,37,香川県,3706,東部,R7-3706-43,3706香川県東部,43,30,医療法人社団啓友会 久米川病院,高松市
R7,37,香川県,3706,東部,R7-3706-44,3706香川県東部,44,31,医療法人社団研宣会 広瀬病院,高松市
R7,37,香川県,3706,東部,R7-3706-45,3706香川県東部,45,32,医療法人社団讃陽堂松原病院,三木町
R7,37,香川県,3706,東部,R7-3706-46,3706香川県東部,46,33,医療法人春風会 樫村病院,三木町
R7,37,香川県,3706,東部,R7-3706-47,3706香川県東部,47,34,医療法人社団三恵会 木太三宅病院,高松市
R7,37,香川県,3706,東部,R7-3706-48,3706香川県東部,48,35,医療法人社団和広会 伊達病院,高松市
R7,37,香川県,3706,東部,R7-3706-49,3706香川県東部,49,36,医療法人社団康生会高松大林病院,高松市
R7,37,香川県,3706,東部,R7-3706-50,3706香川県東部,50,37,医療法人社団三好内科医院,高松市
R7,37,香川県,3706,東部,R7-3706-51,3706香川県東部,51,38,医療法人社団緑会ザイタックスクリニック,高松市
R7,37,香川県,3706,東部,R7-3706-52,3706香川県東部,52,39,医療法人社団少将井いがわ医院,高松市
R7,37,香川県,3706,東部,R7-3706-53,3706香川県東部,53,40,医療法人社団慈和会  高松ささき内科ハートクリニック,高松市
R7,37,香川県,3706,東部,R7-3706-54,3706香川県東部,54,41,杉上産婦人科医院,高松市
R7,37,香川県,3706,東部,R7-3706-55,3706香川県東部,55,42,医療法人社団 田原内科医院,高松市
R7,37,香川県,3706,東部,R7-3706-56,3706香川県東部,56,43,森産婦人科医院,高松市
R7,37,香川県,3706,東部,R7-3706-57,3706香川県東部,57,44,医療法人社団 海部医院,高松市
R7,37,香川県,3706,東部,R7-3706-58,3706香川県東部,58,45,医療法人 かしむら内科医院,高松市
R7,37,香川県,3706,東部,R7-3706-59,3706香川県東部,59,46,医療法人社団 高畠医院,高松市
R7,37,香川県,3706,東部,R7-3706-60,3706香川県東部,60,47,医療法人社団 慈愛会 阿部内科眼科医院,高松市
R7,37,香川県,3706,東部,R7-3706-61,3706香川県東部,61,48,医療法人社団泰平会 佐藤クリニック,高松市
R7,37,香川県,3706,東部,R7-3706-62,3706香川県東部,62,49,五番丁医院,高松市
R7,37,香川県,3706,東部,R7-3706-63,3706香川県東部,63,50,医療法人社団らく楽会太田クリニック,高松市
R7,37,香川県,3706,東部,R7-3706-64,3706香川県東部,64,51,医療法人社団渋谷整形外科医院,高松市
R7,37,香川県,3706,東部,R7-3706-65,3706香川県東部,65,52,四宮医院,高松市
R7,37,香川県,3706,東部,R7-3706-66,3706香川県東部,66,53,サンフラワーマタニティークリニック,高松市
R7,37,香川県,3706,東部,R7-3706-67,3706香川県東部,67,54,医療法人弘仁会 三条整形外科スポーツクリニック,高松市
R7,37,香川県,3706,東部,R7-3706-68,3706香川県東部,68,55,医療法人社団伸萌会 花房外科医院,高松市
R7,37,香川県,3706,東部,R7-3706-69,3706香川県東部,69,56,医療法人社団大嶋整形外科医院,高松市
R7,37,香川県,3706,東部,R7-3706-70,3706香川県東部,70,57,医療法人社団ひまわり会はまもと医院,高松市
R7,37,香川県,3706,東部,R7-3706-71,3706香川県東部,71,58,なりあい医院,高松市
R7,37,香川県,3706,東部,R7-3706-72,3706香川県東部,72,59,医療法人社団谷本内科医院,高松市
R7,37,香川県,3706,東部,R7-3706-73,3706香川県東部,73,60,医療法人社団一真会大幸医療センター,三木町
R7,37,香川県,3706,東部,R7-3706-74,3706香川県東部,74,61,医療法人福生会 多田羅内科クリニック,高松市
R7,37,香川県,3706,東部,R7-3706-75,3706香川県東部,75,62,医療法人社団仁泉会 西岡医院,高松市
R7,37,香川県,3706,東部,R7-3706-76,3706香川県東部,76,63,医療法人社団藤井外科胃腸科・整形外科,高松市
R7,37,香川県,3706,東部,R7-3706-77,3706香川県東部,77,64,医療法人よつばウィメンズクリニック,高松市
R7,37,香川県,3706,東部,R7-3706-78,3706香川県東部,78,65,医療法人社団わき外科・内科クリニック,高松市
R7,37,香川県,3706,東部,R7-3706-79,3706香川県東部,79,66,医療法人社団恵生会 いきなり内科ハートクリニック,高松市
R7,37,香川県,3706,東部,R7-3706-80,3706香川県東部,80,67,たけべ乳腺外科クリニック,高松市
R7,37,香川県,3706,東部,R7-3706-81,3706香川県東部,81,68,医療法人社団 大塚整形外科医院,高松市
R7,37,香川県,3706,東部,R7-3706-82,3706香川県東部,82,69,直島町立診療所,直島町
R7,37,香川県,3706,東部,R7-3706-83,3706香川県東部,83,70,安西内科医院,高松市
R7,37,香川県,3706,東部,R7-3706-84,3706香川県東部,84,71,医療法人社団小山眼科医院,三木町
R7,37,香川県,3706,東部,R7-3706-85,3706香川県東部,85,72,医療法人社団 赤澤眼科医院,東かがわ市
R7,37,香川県,3706,東部,R7-3706-86,3706香川県東部,86,73,医療法人社団 立心会 高松ハートクリニック,高松市
R7,37,香川県,3706,東部,R7-3706-87,3706香川県東部,87,74,一般財団法人三宅医学研究所附属セントラルパーククリニック,高松市
R7,37,香川県,3706,東部,R7-3706-88,3706香川県東部,88,75,医療法人社団西原眼科医院,高松市
R7,37,香川県,3706,東部,R7-3706-89,3706香川県東部,89,76,医療法人社団健愛会 あきやまクリニック,高松市
R7,37,香川県,3706,東部,R7-3706-90,3706香川県東部,90,77,医療法人社団菅原眼科医院,高松市
R7,37,香川県,3706,東部,R7-3706-91,3706香川県東部,91,78,医療法人 安藤レディースクリニック,高松市
R7,37,香川県,3706,東部,R7-3706-92,3706香川県東部,92,79,沼本産婦人科医院,高松市
R7,37,香川県,3706,東部,R7-3706-93,3706香川県東部,93,80,医療法人社団はらだ産婦人科医院,高松市
R7,37,香川県,3706,東部,R7-3706-94,3706香川県東部,94,81,医療法人社団 隆朗会 やまもと医院,高松市
R7,37,香川県,3707,西部,R7-3707-14,3707香川県西部,14,1,独立行政法人国立病院機構四国こどもとおとなの医療センター,善通寺市
R7,37,香川県,3707,西部,R7-3707-15,3707香川県西部,15,2,三豊総合病院,観音寺市
R7,37,香川県,3707,西部,R7-3707-16,3707香川県西部,16,3,独立行政法人労働者健康安全機構香川労災病院,丸亀市
R7,37,香川県,3707,西部,R7-3707-17,3707香川県西部,17,4,社会医療法人財団大樹会総合病院回生病院,坂出市
R7,37,香川県,3707,西部,R7-3707-18,3707香川県西部,18,5,まるがめ医療センター,丸亀市
R7,37,香川県,3707,西部,R7-3707-19,3707香川県西部,19,6,医療法人社団豊南会 香川井下病院,観音寺市
R7,37,香川県,3707,西部,R7-3707-20,3707香川県西部,20,7,松井病院,観音寺市
R7,37,香川県,3707,西部,R7-3707-21,3707香川県西部,21,8,坂出聖マルチン病院,坂出市
R7,37,香川県,3707,西部,R7-3707-22,3707香川県西部,22,9,医療法人社団赤心会 赤沢病院,坂出市
R7,37,香川県,3707,西部,R7-3707-23,3707香川県西部,23,10,香川県厚生農業協同組合連合会滝宮総合病院,綾川町
R7,37,香川県,3707,西部,R7-3707-24,3707香川県西部,24,11,坂出市立病院,坂出市
R7,37,香川県,3707,西部,R7-3707-25,3707香川県西部,25,12,医療法人社団岐山会 篠原記念病院,丸亀市
R7,37,香川県,3707,西部,R7-3707-26,3707香川県西部,26,13,医療法人社団純心会中山病院,丸亀市
R7,37,香川県,3707,西部,R7-3707-27,3707香川県西部,27,14,医療法人社団愛有会岩崎病院,三豊市
R7,37,香川県,3707,西部,R7-3707-28,3707香川県西部,28,15,医療法人社団寿愛会羽崎病院,観音寺市
R7,37,香川県,3707,西部,R7-3707-29,3707香川県西部,29,16,医療法人社団たけお会 岩佐病院,琴平町
R7,37,香川県,3707,西部,R7-3707-30,3707香川県西部,30,17,三豊市立みとよ市民病院,三豊市
R7,37,香川県,3707,西部,R7-3707-31,3707香川県西部,31,18,三豊市立西香川病院,三豊市
R7,37,香川県,3707,西部,R7-3707-32,3707香川県西部,32,19,医療法人社団和風会 橋本病院,三豊市
R7,37,香川県,3707,西部,R7-3707-33,3707香川県西部,33,20,医療法人社団健仁会岩本病院,丸亀市
R7,37,香川県,3707,西部,R7-3707-34,3707香川県西部,34,21,綾川町国民健康保険 陶病院,綾川町
R7,37,香川県,3707,西部,R7-3707-35,3707香川県西部,35,22,医療法人仁壽会 吉田病院,丸亀市
R7,37,香川県,3707,西部,R7-3707-36,3707香川県西部,36,23,医療法人社団ひかり会河内病院,多度津町
R7,37,香川県,3707,西部,R7-3707-37,3707香川県西部,37,24,医療法人社団清仁会 宇多津病院,宇多津町
R7,37,香川県,3707,西部,R7-3707-38,3707香川県西部,38,25,人工透析センター 宮野病院,丸亀市
R7,37,香川県,3707,西部,R7-3707-39,3707香川県西部,39,26,医療法人社団更新会 丸亀林病院,丸亀市
R7,37,香川県,3707,西部,R7-3707-40,3707香川県西部,40,27,医療法人社団純心会 善通寺前田病院,善通寺市
R7,37,香川県,3707,西部,R7-3707-41,3707香川県西部,41,28,加藤病院,多度津町
R7,37,香川県,3707,西部,R7-3707-42,3707香川県西部,42,29,医療法人社団厚仁会 厚仁病院,丸亀市
R7,37,香川県,3707,西部,R7-3707-43,3707香川県西部,43,30,医療法人西山記念会MIRAI病院,坂出市
R7,37,香川県,3707,西部,R7-3707-44,3707香川県西部,44,31,医療法人社団真弘会 谷病院,善通寺市
R7,37,香川県,3707,西部,R7-3707-45,3707香川県西部,45,32,森川整形外科病院,三豊市
R7,37,香川県,3707,西部,R7-3707-46,3707香川県西部,46,33,医療法人圭良会永生病院,まんのう町
R7,37,香川県,3707,西部,R7-3707-47,3707香川県西部,47,34,医療法人明世社 白井病院,三豊市
R7,37,香川県,3707,西部,R7-3707-48,3707香川県西部,48,35,多度津三宅病院,多度津町
R7,37,香川県,3707,西部,R7-3707-49,3707香川県西部,49,36,医療法人 社団 慶昭会 おおにし病院,琴平町
R7,37,香川県,3707,西部,R7-3707-50,3707香川県西部,50,37,医療法人丸亀おのクリニック,丸亀市
R7,37,香川県,3707,西部,R7-3707-51,3707香川県西部,51,38,医療法人社団田村クリニック,丸亀市
R7,37,香川県,3707,西部,R7-3707-52,3707香川県西部,52,39,医療法人恵基会小林医院,丸亀市
R7,37,香川県,3707,西部,R7-3707-53,3707香川県西部,53,40,医療法人社団誠和会 中野外科胃腸科医院,丸亀市
R7,37,香川県,3707,西部,R7-3707-54,3707香川県西部,54,41,かじはらペインクリニック,坂出市
R7,37,香川県,3707,西部,R7-3707-55,3707香川県西部,55,42,医療法人社団まえだ整形外科・外科医院,坂出市
R7,37,香川県,3707,西部,R7-3707-56,3707香川県西部,56,43,医療法人社団 永井整形外科医院,坂出市
R7,37,香川県,3707,西部,R7-3707-57,3707香川県西部,57,44,医療法人高樹会ふじた医院,善通寺市
R7,37,香川県,3707,西部,R7-3707-58,3707香川県西部,58,45,医療法人社団 大杉脳神経外科医院,善通寺市
R7,37,香川県,3707,西部,R7-3707-59,3707香川県西部,59,46,井上胃腸科肛門科クリニック,宇多津町
R7,37,香川県,3707,西部,R7-3707-60,3707香川県西部,60,47,医療法人社団昌樹会 ウツミ整形外科医院,多度津町
R7,37,香川県,3707,西部,R7-3707-61,3707香川県西部,61,48,医療法人社団力正会小林整形外科医院,観音寺市
R7,37,香川県,3707,西部,R7-3707-62,3707香川県西部,62,49,医療法人社団みとし会クニタクリニック,観音寺市
R7,37,香川県,3707,西部,R7-3707-63,3707香川県西部,63,50,医療法人社団メディカルクラブ大興和 クリニック池田,観音寺市
R7,37,香川県,3707,西部,R7-3707-64,3707香川県西部,64,51,医療法人社団十仁会 多田医院,三豊市
R7,37,香川県,3707,西部,R7-3707-65,3707香川県西部,65,52,医療法人社団正寿会 高瀬第一医院,三豊市
R7,37,香川県,3707,西部,R7-3707-66,3707香川県西部,66,53,医療法人社団山地外科医院,三豊市
R7,37,香川県,3707,西部,R7-3707-67,3707香川県西部,67,54,医療法人社団有隣会 溝渕クリニック,綾川町
R7,37,香川県,3707,西部,R7-3707-68,3707香川県西部,68,55,医療法人社団愛徳会 池田内科医院,琴平町
R7,37,香川県,3707,西部,R7-3707-69,3707香川県西部,69,56,医療法人社団功寿会アイシークリニック,善通寺市
R7,37,香川県,3707,西部,R7-3707-70,3707香川県西部,70,57,医療法人正心会　永井循環器内科医院,坂出市
R7,37,香川県,3707,西部,R7-3707-71,3707香川県西部,71,58,医療法人社団聖モニカ会 聖母眼科医院,坂出市
R7,37,香川県,3707,西部,R7-3707-72,3707香川県西部,72,59,医療法人社団高室医院,観音寺市
R7,37,香川県,3707,西部,R7-3707-73,3707香川県西部,73,60,医療法人社団小国医院,まんのう町
R7,37,香川県,3707,西部,R7-3707-74,3707香川県西部,74,61,医療法人社団田中眼科医院,観音寺市
R7,37,香川県,3707,西部,R7-3707-75,3707香川県西部,75,62,医療法人社団山下整形外科医院,
R7,38,愛媛県,3801,宇摩,R7-3801-14,3801愛媛県宇摩,14,1,公立学校共済組合四国中央病院,四国中央市
R7,38,愛媛県,3801,宇摩,R7-3801-15,3801愛媛県宇摩,15,2,社会医療法人石川記念会ＨＩＴＯ病院,四国中央市
R7,38,愛媛県,3801,宇摩,R7-3801-16,3801愛媛県宇摩,16,3,長谷川病院,四国中央市
R7,38,愛媛県,3801,宇摩,R7-3801-17,3801愛媛県宇摩,17,4,一般財団法人新居浜精神衛生研究所附属豊岡台病院,四国中央市
R7,38,愛媛県,3801,宇摩,R7-3801-18,3801愛媛県宇摩,18,5,医療法人慶尚会 恵康病院,四国中央市
R7,38,愛媛県,3801,宇摩,R7-3801-19,3801愛媛県宇摩,19,6,医療法人康仁会 西岡病院,四国中央市
R7,38,愛媛県,3801,宇摩,R7-3801-20,3801愛媛県宇摩,20,7,栗整形外科病院,四国中央市
R7,38,愛媛県,3801,宇摩,R7-3801-21,3801愛媛県宇摩,21,8,松風病院,四国中央市
R7,38,愛媛県,3801,宇摩,R7-3801-22,3801愛媛県宇摩,22,9,医療法人社団恵仁会三島クリニック,四国中央市
R7,38,愛媛県,3802,新居浜・西条,R7-3802-14,3802愛媛県新居浜・西条,14,1,住友別子病院,新居浜市
R7,38,愛媛県,3802,新居浜・西条,R7-3802-15,3802愛媛県新居浜・西条,15,2,一般財団法人積善会十全総合病院,新居浜市
R7,38,愛媛県,3802,新居浜・西条,R7-3802-16,3802愛媛県新居浜・西条,16,3,西条中央病院,西条市
R7,38,愛媛県,3802,新居浜・西条,R7-3802-17,3802愛媛県新居浜・西条,17,4,愛媛県立新居浜病院,新居浜市
R7,38,愛媛県,3802,新居浜・西条,R7-3802-18,3802愛媛県新居浜・西条,18,5,社会医療法人社団更生会 村上記念病院,西条市
R7,38,愛媛県,3802,新居浜・西条,R7-3802-19,3802愛媛県新居浜・西条,19,6,独立行政法人労働者健康安全機構愛媛労災病院,新居浜市
R7,38,愛媛県,3802,新居浜・西条,R7-3802-20,3802愛媛県新居浜・西条,20,7,西条市立周桑病院,西条市
R7,38,愛媛県,3802,新居浜・西条,R7-3802-21,3802愛媛県新居浜・西条,21,8,西条愛寿会病院,西条市
R7,38,愛媛県,3802,新居浜・西条,R7-3802-22,3802愛媛県新居浜・西条,22,9,社会福祉法人恩賜財団済生会 西条病院,西条市
R7,38,愛媛県,3802,新居浜・西条,R7-3802-23,3802愛媛県新居浜・西条,23,10,西条市民病院,西条市
R7,38,愛媛県,3802,新居浜・西条,R7-3802-24,3802愛媛県新居浜・西条,24,11,新居浜協立病院,新居浜市
R7,38,愛媛県,3802,新居浜・西条,R7-3802-25,3802愛媛県新居浜・西条,25,12,循環器科林病院,新居浜市
R7,38,愛媛県,3802,新居浜・西条,R7-3802-26,3802愛媛県新居浜・西条,26,13,医療法人社団久和会 立花病院,新居浜市
R7,38,愛媛県,3802,新居浜・西条,R7-3802-27,3802愛媛県新居浜・西条,27,14,渡部病院,西条市
R7,38,愛媛県,3802,新居浜・西条,R7-3802-28,3802愛媛県新居浜・西条,28,15,共立病院,西条市
R7,38,愛媛県,3802,新居浜・西条,R7-3802-29,3802愛媛県新居浜・西条,29,16,岩﨑病院,新居浜市
R7,38,愛媛県,3802,新居浜・西条,R7-3802-30,3802愛媛県新居浜・西条,30,17,横山病院,西条市
R7,38,愛媛県,3802,新居浜・西条,R7-3802-31,3802愛媛県新居浜・西条,31,18,新居浜山内病院,新居浜市
R7,38,愛媛県,3802,新居浜・西条,R7-3802-32,3802愛媛県新居浜・西条,32,19,中萩診療所,新居浜市
R7,38,愛媛県,3802,新居浜・西条,R7-3802-33,3802愛媛県新居浜・西条,33,20,大橋胃腸肛門科外科医院,新居浜市
R7,38,愛媛県,3802,新居浜・西条,R7-3802-34,3802愛媛県新居浜・西条,34,21,医療法人宮下整形外科・内科,新居浜市
R7,38,愛媛県,3802,新居浜・西条,R7-3802-35,3802愛媛県新居浜・西条,35,22,福田医院,西条市
R7,38,愛媛県,3802,新居浜・西条,R7-3802-36,3802愛媛県新居浜・西条,36,23,こにしクリニック,新居浜市
R7,38,愛媛県,3802,新居浜・西条,R7-3802-37,3802愛媛県新居浜・西条,37,24,鎌田産婦人科,新居浜市
R7,38,愛媛県,3802,新居浜・西条,R7-3802-38,3802愛媛県新居浜・西条,38,25,新谷ウイメンズクリニック,新居浜市
R7,38,愛媛県,3802,新居浜・西条,R7-3802-39,3802愛媛県新居浜・西条,39,26,サカタ産婦人科,西条市
R7,38,愛媛県,3802,新居浜・西条,R7-3802-40,3802愛媛県新居浜・西条,40,27,すみ整形外科リハビリ科,新居浜市
R7,38,愛媛県,3802,新居浜・西条,R7-3802-41,3802愛媛県新居浜・西条,41,28,ゆりかごファミリークリニック,新居浜市
R7,38,愛媛県,3803,今治,R7-3803-14,3803愛媛県今治,14,1,愛媛県立今治病院,今治市
R7,38,愛媛県,3803,今治,R7-3803-15,3803愛媛県今治,15,2,社会福祉法人恩賜財団済生会今治病院,今治市
R7,38,愛媛県,3803,今治,R7-3803-16,3803愛媛県今治,16,3,放射線第一病院,今治市
R7,38,愛媛県,3803,今治,R7-3803-17,3803愛媛県今治,17,4,美須賀病院,今治市
R7,38,愛媛県,3803,今治,R7-3803-18,3803愛媛県今治,18,5,瀬戸内海病院,今治市
R7,38,愛媛県,3803,今治,R7-3803-19,3803愛媛県今治,19,6,医療法人滴水会吉野病院,今治市
R7,38,愛媛県,3803,今治,R7-3803-20,3803愛媛県今治,20,7,社会医療法人真泉会　今治第一病院,今治市
R7,38,愛媛県,3803,今治,R7-3803-21,3803愛媛県今治,21,8,木原病院,今治市
R7,38,愛媛県,3803,今治,R7-3803-22,3803愛媛県今治,22,9,広瀬病院,今治市
R7,38,愛媛県,3803,今治,R7-3803-23,3803愛媛県今治,23,10,今治南病院,今治市
R7,38,愛媛県,3803,今治,R7-3803-24,3803愛媛県今治,24,11,今治市医師会市民病院,今治市
R7,38,愛媛県,3803,今治,R7-3803-25,3803愛媛県今治,25,12,医療法人平成会 山内病院,今治市
R7,38,愛媛県,3803,今治,R7-3803-26,3803愛媛県今治,26,13,消化器科久保病院,今治市
R7,38,愛媛県,3803,今治,R7-3803-27,3803愛媛県今治,27,14,整形外科藤井病院,今治市
R7,38,愛媛県,3803,今治,R7-3803-28,3803愛媛県今治,28,15,波方中央病院,今治市
R7,38,愛媛県,3803,今治,R7-3803-29,3803愛媛県今治,29,16,鈴木病院,今治市
R7,38,愛媛県,3803,今治,R7-3803-30,3803愛媛県今治,30,17,内科・消化器科羽鳥病院,今治市
R7,38,愛媛県,3803,今治,R7-3803-31,3803愛媛県今治,31,18,高山内科病院,今治市
R7,38,愛媛県,3803,今治,R7-3803-32,3803愛媛県今治,32,19,きら病院,今治市
R7,38,愛媛県,3803,今治,R7-3803-33,3803愛媛県今治,33,20,高木眼科病院,今治市
R7,38,愛媛県,3803,今治,R7-3803-34,3803愛媛県今治,34,21,三木病院,今治市
R7,38,愛媛県,3803,今治,R7-3803-35,3803愛媛県今治,35,22,社会福祉法人恩賜財団済生会 今治第二病院,今治市
R7,38,愛媛県,3803,今治,R7-3803-36,3803愛媛県今治,36,23,大三島中央病院,今治市
R7,38,愛媛県,3803,今治,R7-3803-37,3803愛媛県今治,37,24,村上病院,今治市
R7,38,愛媛県,3803,今治,R7-3803-38,3803愛媛県今治,38,25,あおのクリニック,今治市
R7,38,愛媛県,3803,今治,R7-3803-39,3803愛媛県今治,39,26,かとう内科,今治市
R7,38,愛媛県,3803,今治,R7-3803-40,3803愛媛県今治,40,27,しのざき整形外科,今治市
R7,38,愛媛県,3803,今治,R7-3803-41,3803愛媛県今治,41,28,小澤外科循環器科医院,今治市
R7,38,愛媛県,3803,今治,R7-3803-42,3803愛媛県今治,42,29,村上整形外科,今治市
R7,38,愛媛県,3803,今治,R7-3803-43,3803愛媛県今治,43,30,片山医院,今治市
R7,38,愛媛県,3803,今治,R7-3803-44,3803愛媛県今治,44,31,片木脳神経外科,今治市
R7,38,愛媛県,3803,今治,R7-3803-45,3803愛媛県今治,45,32,井出内科,今治市
R7,38,愛媛県,3803,今治,R7-3803-46,3803愛媛県今治,46,33,あゆみクリニック,今治市
R7,38,愛媛県,3803,今治,R7-3803-47,3803愛媛県今治,47,34,竹内外科胃腸科,今治市
R7,38,愛媛県,3803,今治,R7-3803-48,3803愛媛県今治,48,35,正岡眼科,今治市
R7,38,愛媛県,3803,今治,R7-3803-49,3803愛媛県今治,49,36,森耳鼻咽喉科医院,今治市
R7,38,愛媛県,3803,今治,R7-3803-50,3803愛媛県今治,50,37,医療法人たくぼ眼科,今治市
R7,38,愛媛県,3803,今治,R7-3803-51,3803愛媛県今治,51,38,平林胃腸クリニック,今治市
R7,38,愛媛県,3803,今治,R7-3803-52,3803愛媛県今治,52,39,岡村診療所,今治市
R7,38,愛媛県,3804,松山,R7-3804-14,3804愛媛県松山,14,1,愛媛県立中央病院,松山市
R7,38,愛媛県,3804,松山,R7-3804-15,3804愛媛県松山,15,2,愛媛大学医学部附属病院,東温市
R7,38,愛媛県,3804,松山,R7-3804-16,3804愛媛県松山,16,3,松山赤十字病院,松山市
R7,38,愛媛県,3804,松山,R7-3804-17,3804愛媛県松山,17,4,松山市民病院,松山市
R7,38,愛媛県,3804,松山,R7-3804-18,3804愛媛県松山,18,5,独立行政法人国立病院機構四国がんセンター,松山市
R7,38,愛媛県,3804,松山,R7-3804-19,3804愛媛県松山,19,6,松山リハビリテーション病院,松山市
R7,38,愛媛県,3804,松山,R7-3804-20,3804愛媛県松山,20,7,独立行政法人国立病院機構 愛媛医療センター,東温市
R7,38,愛媛県,3804,松山,R7-3804-21,3804愛媛県松山,21,8,医療法人天真会南高井病院,松山市
R7,38,愛媛県,3804,松山,R7-3804-22,3804愛媛県松山,22,9,伊予病院,伊予市
R7,38,愛媛県,3804,松山,R7-3804-23,3804愛媛県松山,23,10,南松山病院,松山市
R7,38,愛媛県,3804,松山,R7-3804-24,3804愛媛県松山,24,11,医療法人千寿会道後温泉病院,松山市
R7,38,愛媛県,3804,松山,R7-3804-25,3804愛媛県松山,25,12,社会福祉法人恩賜財団済生会 松山病院,松山市
R7,38,愛媛県,3804,松山,R7-3804-26,3804愛媛県松山,26,13,奥島病院,松山市
R7,38,愛媛県,3804,松山,R7-3804-27,3804愛媛県松山,27,14,医療法人順風会天山病院,松山市
R7,38,愛媛県,3804,松山,R7-3804-28,3804愛媛県松山,28,15,松山ベテル病院,松山市
R7,38,愛媛県,3804,松山,R7-3804-29,3804愛媛県松山,29,16,栗林病院,松山市
R7,38,愛媛県,3804,松山,R7-3804-30,3804愛媛県松山,30,17,医療法人慈孝会 福角病院,松山市
R7,38,愛媛県,3804,松山,R7-3804-31,3804愛媛県松山,31,18,おおぞら病院,松山市
R7,38,愛媛県,3804,松山,R7-3804-32,3804愛媛県松山,32,19,医療法人結和会 松山西病院,松山市
R7,38,愛媛県,3804,松山,R7-3804-33,3804愛媛県松山,33,20,愛媛県立子ども療育センター,東温市
R7,38,愛媛県,3804,松山,R7-3804-34,3804愛媛県松山,34,21,医療法人誠志会 砥部病院,砥部町
R7,38,愛媛県,3804,松山,R7-3804-35,3804愛媛県松山,35,22,愛媛十全医療学院附属病院,東温市
R7,38,愛媛県,3804,松山,R7-3804-36,3804愛媛県松山,36,23,野本記念病院,松山市
R7,38,愛媛県,3804,松山,R7-3804-37,3804愛媛県松山,37,24,東明病院,松山市
R7,38,愛媛県,3804,松山,R7-3804-38,3804愛媛県松山,38,25,松山城東病院,松山市
R7,38,愛媛県,3804,松山,R7-3804-39,3804愛媛県松山,39,26,愛媛生協病院,松山市
R7,38,愛媛県,3804,松山,R7-3804-40,3804愛媛県松山,40,27,松山まどんな病院,松山市
R7,38,愛媛県,3804,松山,R7-3804-41,3804愛媛県松山,41,28,松山第一病院,松山市
R7,38,愛媛県,3804,松山,R7-3804-42,3804愛媛県松山,42,29,平成脳神経外科病院,松山市
R7,38,愛媛県,3804,松山,R7-3804-43,3804愛媛県松山,43,30,医療法人聖光会 鷹の子病院,松山市
R7,38,愛媛県,3804,松山,R7-3804-44,3804愛媛県松山,44,31,国民健康保険 久万高原町立病院,久万高原町
R7,38,愛媛県,3804,松山,R7-3804-45,3804愛媛県松山,45,32,佐藤実病院,松山市
R7,38,愛媛県,3804,松山,R7-3804-46,3804愛媛県松山,46,33,貞本病院,松山市
R7,38,愛媛県,3804,松山,R7-3804-47,3804愛媛県松山,47,34,北条病院,松山市
R7,38,愛媛県,3804,松山,R7-3804-48,3804愛媛県松山,48,35,松前病院,松前町
R7,38,愛媛県,3804,松山,R7-3804-49,3804愛媛県松山,49,36,土橋共立病院,松山市
R7,38,愛媛県,3804,松山,R7-3804-50,3804愛媛県松山,50,37,松山協和病院,松山市
R7,38,愛媛県,3804,松山,R7-3804-51,3804愛媛県松山,51,38,増田病院,松山市
R7,38,愛媛県,3804,松山,R7-3804-52,3804愛媛県松山,52,39,なかじま中央病院,松山市
R7,38,愛媛県,3804,松山,R7-3804-53,3804愛媛県松山,53,40,梶浦病院,松山市
R7,38,愛媛県,3804,松山,R7-3804-54,3804愛媛県松山,54,41,社会医療法人さくらライフ　松山さくら病院,松山市
R7,38,愛媛県,3804,松山,R7-3804-55,3804愛媛県松山,55,42,渡辺病院,松山市
R7,38,愛媛県,3804,松山,R7-3804-56,3804愛媛県松山,56,43,中川病院,松山市
R7,38,愛媛県,3804,松山,R7-3804-57,3804愛媛県松山,57,44,久米病院,松山市
R7,38,愛媛県,3804,松山,R7-3804-58,3804愛媛県松山,58,45,つばきウイメンズクリニック,松山市
R7,38,愛媛県,3804,松山,R7-3804-59,3804愛媛県松山,59,46,ひろ整形外科,松山市
R7,38,愛媛県,3804,松山,R7-3804-60,3804愛媛県松山,60,47,前野整形外科,松山市
R7,38,愛媛県,3804,松山,R7-3804-61,3804愛媛県松山,61,48,やまだリウマチクリニック,松山市
R7,38,愛媛県,3804,松山,R7-3804-62,3804愛媛県松山,62,49,よつば循環器科クリニック,松山市
R7,38,愛媛県,3804,松山,R7-3804-63,3804愛媛県松山,63,50,福井整形外科・麻酔科医院,松山市
R7,38,愛媛県,3804,松山,R7-3804-64,3804愛媛県松山,64,51,医療法人清友会 清水医院,松山市
R7,38,愛媛県,3804,松山,R7-3804-65,3804愛媛県松山,65,52,医療法人武智ひ尿器科・内科,松前町
R7,38,愛媛県,3804,松山,R7-3804-66,3804愛媛県松山,66,53,一色眼科,松山市
R7,38,愛媛県,3804,松山,R7-3804-67,3804愛媛県松山,67,54,浦岡胃腸クリニック,松山市
R7,38,愛媛県,3804,松山,R7-3804-68,3804愛媛県松山,68,55,越智クリニック,松山市
R7,38,愛媛県,3804,松山,R7-3804-69,3804愛媛県松山,69,56,岡本眼科クリニック,松山市
R7,38,愛媛県,3804,松山,R7-3804-70,3804愛媛県松山,70,57,関谷循環器科,松山市
R7,38,愛媛県,3804,松山,R7-3804-71,3804愛媛県松山,71,58,丸石整形外科医院,松山市
R7,38,愛媛県,3804,松山,R7-3804-72,3804愛媛県松山,72,59,玉井外科・整形外科,松山市
R7,38,愛媛県,3804,松山,R7-3804-73,3804愛媛県松山,73,60,金澤整形外科,松山市
R7,38,愛媛県,3804,松山,R7-3804-74,3804愛媛県松山,74,61,佐藤循環器科内科,松山市
R7,38,愛媛県,3804,松山,R7-3804-75,3804愛媛県松山,75,62,三津整形外科,松山市
R7,38,愛媛県,3804,松山,R7-3804-76,3804愛媛県松山,76,63,山下脳神経外科,松山市
R7,38,愛媛県,3804,松山,R7-3804-77,3804愛媛県松山,77,64,重信クリニック,東温市
R7,38,愛媛県,3804,松山,R7-3804-78,3804愛媛県松山,78,65,小田ひ尿器科・ふみこ皮フ科,松山市
R7,38,愛媛県,3804,松山,R7-3804-79,3804愛媛県松山,79,66,たいさんじ整形外科,松山市
R7,38,愛媛県,3804,松山,R7-3804-80,3804愛媛県松山,80,67,西村医院,砥部町
R7,38,愛媛県,3804,松山,R7-3804-81,3804愛媛県松山,81,68,西本整形外科,東温市
R7,38,愛媛県,3804,松山,R7-3804-82,3804愛媛県松山,82,69,石丸小児科,松山市
R7,38,愛媛県,3804,松山,R7-3804-83,3804愛媛県松山,83,70,仙波内科,松山市
R7,38,愛媛県,3804,松山,R7-3804-84,3804愛媛県松山,84,71,相原整形外科,松山市
R7,38,愛媛県,3804,松山,R7-3804-85,3804愛媛県松山,85,72,増田整形外科,松山市
R7,38,愛媛県,3804,松山,R7-3804-86,3804愛媛県松山,86,73,田窪リウマチ・整形外科,松山市
R7,38,愛媛県,3804,松山,R7-3804-87,3804愛媛県松山,87,74,別所眼科,松山市
R7,38,愛媛県,3804,松山,R7-3804-88,3804愛媛県松山,88,75,あずま泌尿器科クリニック,松山市
R7,38,愛媛県,3804,松山,R7-3804-89,3804愛媛県松山,89,76,明星クリニック,松山市
R7,38,愛媛県,3804,松山,R7-3804-90,3804愛媛県松山,90,77,矢野産婦人科,松山市
R7,38,愛媛県,3804,松山,R7-3804-91,3804愛媛県松山,91,78,冲永内科医院,松山市
R7,38,愛媛県,3804,松山,R7-3804-92,3804愛媛県松山,92,79,いまいリウマチ・リハビリテーション,松山市
R7,38,愛媛県,3804,松山,R7-3804-93,3804愛媛県松山,93,80,山本整形外科,松山市
R7,38,愛媛県,3804,松山,R7-3804-94,3804愛媛県松山,94,81,石手内科,松山市
R7,38,愛媛県,3804,松山,R7-3804-95,3804愛媛県松山,95,82,うらや整形外科・内科,松山市
R7,38,愛媛県,3804,松山,R7-3804-96,3804愛媛県松山,96,83,産科婦人科 ばらのいずみクリニック,松山市
R7,38,愛媛県,3804,松山,R7-3804-97,3804愛媛県松山,97,84,辻井循環器科内科,東温市
R7,38,愛媛県,3804,松山,R7-3804-98,3804愛媛県松山,98,85,たんぽぽクリニック,松山市
R7,38,愛媛県,3804,松山,R7-3804-99,3804愛媛県松山,99,86,衣山クリニック,松山市
R7,38,愛媛県,3804,松山,R7-3804-100,3804愛媛県松山,100,87,星の岡心臓・血管クリニック,松山市
R7,38,愛媛県,3804,松山,R7-3804-101,3804愛媛県松山,101,88,増田泌尿器科,伊予市
R7,38,愛媛県,3804,松山,R7-3804-102,3804愛媛県松山,102,89,福井ウィメンズクリニック,松山市
R7,38,愛媛県,3804,松山,R7-3804-103,3804愛媛県松山,103,90,河原医院,松山市
R7,38,愛媛県,3804,松山,R7-3804-104,3804愛媛県松山,104,91,ほこいし医院,松山市
R7,38,愛媛県,3804,松山,R7-3804-105,3804愛媛県松山,105,92,梅岡レディースクリニック,松山市
R7,38,愛媛県,3804,松山,R7-3804-106,3804愛媛県松山,106,93,吉田眼科,松山市
R7,38,愛媛県,3804,松山,R7-3804-107,3804愛媛県松山,107,94,パールレディースクリニック,東温市
R7,38,愛媛県,3804,松山,R7-3804-108,3804愛媛県松山,108,95,久万高原町国民健康保険面河診療所,久万高原町
R7,38,愛媛県,3804,松山,R7-3804-109,3804愛媛県松山,109,96,医療法人誠志会山本内科医院,松山市
R7,38,愛媛県,3804,松山,R7-3804-110,3804愛媛県松山,110,97,池川内科・神経内科,東温市
R7,38,愛媛県,3804,松山,R7-3804-111,3804愛媛県松山,111,98,砥部町国民健康保険診療所,砥部町
R7,38,愛媛県,3804,松山,R7-3804-112,3804愛媛県松山,112,99,よしおか眼科・さかい産婦人科,松山市
R7,38,愛媛県,3804,松山,R7-3804-113,3804愛媛県松山,113,100,伊予診療所,伊予市
R7,38,愛媛県,3804,松山,R7-3804-114,3804愛媛県松山,114,101,千舟町クリニック,松山市
R7,38,愛媛県,3804,松山,R7-3804-115,3804愛媛県松山,115,102,大島眼科,松山市
R7,38,愛媛県,3804,松山,R7-3804-116,3804愛媛県松山,116,103,沢原産婦人科皮フ科,松山市
R7,38,愛媛県,3804,松山,R7-3804-117,3804愛媛県松山,117,104,武田産婦人科医院,松山市
R7,38,愛媛県,3804,松山,R7-3804-118,3804愛媛県松山,118,105,佐藤医院,
R7,38,愛媛県,3804,松山,R7-3804-119,3804愛媛県松山,119,106,産科・婦人科米本マタニティクリニック,
R7,38,愛媛県,3804,松山,R7-3804-120,3804愛媛県松山,120,107,新田産婦人科クリニック,
R7,38,愛媛県,3805,八幡浜・大洲,R7-3805-14,3805愛媛県八幡浜・大洲,14,1,市立八幡浜総合病院,八幡浜市
R7,38,愛媛県,3805,八幡浜・大洲,R7-3805-15,3805愛媛県八幡浜・大洲,15,2,喜多医師会病院,大洲市
R7,38,愛媛県,3805,八幡浜・大洲,R7-3805-16,3805愛媛県八幡浜・大洲,16,3,大洲中央病院,大洲市
R7,38,愛媛県,3805,八幡浜・大洲,R7-3805-17,3805愛媛県八幡浜・大洲,17,4,西予市立西予市民病院,西予市
R7,38,愛媛県,3805,八幡浜・大洲,R7-3805-18,3805愛媛県八幡浜・大洲,18,5,市立大洲病院,大洲市
R7,38,愛媛県,3805,八幡浜・大洲,R7-3805-19,3805愛媛県八幡浜・大洲,19,6,宇都宮病院,八幡浜市
R7,38,愛媛県,3805,八幡浜・大洲,R7-3805-20,3805愛媛県八幡浜・大洲,20,7,大洲記念病院,大洲市
R7,38,愛媛県,3805,八幡浜・大洲,R7-3805-21,3805愛媛県八幡浜・大洲,21,8,加戸病院,内子町
R7,38,愛媛県,3805,八幡浜・大洲,R7-3805-22,3805愛媛県八幡浜・大洲,22,9,医療法人青峰会 真網代くじらリハビリテーション病院,八幡浜市
R7,38,愛媛県,3805,八幡浜・大洲,R7-3805-23,3805愛媛県八幡浜・大洲,23,10,医療法人広仁会 広瀬病院,八幡浜市
R7,38,愛媛県,3805,八幡浜・大洲,R7-3805-24,3805愛媛県八幡浜・大洲,24,11,三瓶病院,西予市
R7,38,愛媛県,3805,八幡浜・大洲,R7-3805-25,3805愛媛県八幡浜・大洲,25,12,医療法人肱嵐会石村病院,大洲市
R7,38,愛媛県,3805,八幡浜・大洲,R7-3805-26,3805愛媛県八幡浜・大洲,26,13,かどた医院,西予市
R7,38,愛媛県,3805,八幡浜・大洲,R7-3805-27,3805愛媛県八幡浜・大洲,27,14,伊方町国民健康保険瀬戸診療所,伊方町
R7,38,愛媛県,3805,八幡浜・大洲,R7-3805-28,3805愛媛県八幡浜・大洲,28,15,土居内科外科医院,内子町
R7,38,愛媛県,3805,八幡浜・大洲,R7-3805-29,3805愛媛県八幡浜・大洲,29,16,池田医院,大洲市
R7,38,愛媛県,3805,八幡浜・大洲,R7-3805-30,3805愛媛県八幡浜・大洲,30,17,医療法人よしもとレディースクリニック,大洲市
R7,38,愛媛県,3805,八幡浜・大洲,R7-3805-31,3805愛媛県八幡浜・大洲,31,18,かわばた産婦人科,大洲市
R7,38,愛媛県,3805,八幡浜・大洲,R7-3805-32,3805愛媛県八幡浜・大洲,32,19,矢野脳神経外科医院,八幡浜市
R7,38,愛媛県,3806,宇和島,R7-3806-14,3806愛媛県宇和島,14,1,市立宇和島病院,宇和島市
R7,38,愛媛県,3806,宇和島,R7-3806-15,3806愛媛県宇和島,15,2,医療法人徳洲会　宇和島徳洲会病院,宇和島市
R7,38,愛媛県,3806,宇和島,R7-3806-16,3806愛媛県宇和島,16,3,愛媛県立南宇和病院,愛南町
R7,38,愛媛県,3806,宇和島,R7-3806-17,3806愛媛県宇和島,17,4,独立行政法人地域医療機能推進機構 宇和島病院,宇和島市
R7,38,愛媛県,3806,宇和島,R7-3806-18,3806愛媛県宇和島,18,5,旭川荘南愛媛病院,鬼北町
R7,38,愛媛県,3806,宇和島,R7-3806-19,3806愛媛県宇和島,19,6,宇和島市立津島病院,宇和島市
R7,38,愛媛県,3806,宇和島,R7-3806-20,3806愛媛県宇和島,20,7,鬼北町立北宇和病院,鬼北町
R7,38,愛媛県,3806,宇和島,R7-3806-21,3806愛媛県宇和島,21,8,宇和島市立吉田病院,宇和島市
R7,38,愛媛県,3806,宇和島,R7-3806-22,3806愛媛県宇和島,22,9,愛南町国保一本松病院,愛南町
R7,38,愛媛県,3806,宇和島,R7-3806-23,3806愛媛県宇和島,23,10,西本病院,愛南町
R7,38,愛媛県,3806,宇和島,R7-3806-24,3806愛媛県宇和島,24,11,鎌野病院,宇和島市
R7,38,愛媛県,3806,宇和島,R7-3806-25,3806愛媛県宇和島,25,12,いわむらクリニック,宇和島市
R7,38,愛媛県,3806,宇和島,R7-3806-26,3806愛媛県宇和島,26,13,沖内科クリニック,宇和島市
R7,38,愛媛県,3806,宇和島,R7-3806-27,3806愛媛県宇和島,27,14,加藤整形外科,宇和島市
R7,38,愛媛県,3806,宇和島,R7-3806-28,3806愛媛県宇和島,28,15,友松外科・胃腸科,宇和島市
R7,38,愛媛県,3806,宇和島,R7-3806-29,3806愛媛県宇和島,29,16,鬼北町国民健康保険日吉診療所,鬼北町
R7,38,愛媛県,3806,宇和島,R7-3806-30,3806愛媛県宇和島,30,17,萩山医院寿レディースクリニック,宇和島市
R7,38,愛媛県,3806,宇和島,R7-3806-31,3806愛媛県宇和島,31,18,松野町国民健康保険中央診療所,松野町
R7,38,愛媛県,3806,宇和島,R7-3806-32,3806愛媛県宇和島,32,19,木村内科医院,宇和島市
R7,38,愛媛県,3806,宇和島,R7-3806-33,3806愛媛県宇和島,33,20,長野産婦人科,宇和島市
R7,38,愛媛県,3806,宇和島,R7-3806-34,3806愛媛県宇和島,34,21,山内産婦人科医院,宇和島市
R7,39,高知県,3901,安芸,R7-3901-14,3901高知県安芸,14,1,高知県立あき総合病院,安芸市
R7,39,高知県,3901,安芸,R7-3901-15,3901高知県安芸,15,2,田野病院,田野町
R7,39,高知県,3901,安芸,R7-3901-16,3901高知県安芸,16,3,室戸中央病院,室戸市
R7,39,高知県,3901,安芸,R7-3901-17,3901高知県安芸,17,4,森澤病院,安芸市
R7,39,高知県,3901,安芸,R7-3901-18,3901高知県安芸,18,5,芸西病院,芸西村
R7,39,高知県,3901,安芸,R7-3901-19,3901高知県安芸,19,6,ＥＡＳＴマリンクリニック,安芸市
R7,39,高知県,3901,安芸,R7-3901-20,3901高知県安芸,20,7,はまうづ医院,奈半利町
R7,39,高知県,3901,安芸,R7-3901-21,3901高知県安芸,21,8,室戸市立室戸診療所,室戸市
R7,39,高知県,3901,安芸,R7-3901-22,3901高知県安芸,22,9,芸西オルソクリニック,芸西村
R7,39,高知県,3901,安芸,R7-3901-23,3901高知県安芸,23,10,矢の丸眼科,安芸市
R7,39,高知県,3902,中央,R7-3902-14,3902高知県中央,14,1,高知大学医学部附属病院,南国市
R7,39,高知県,3902,中央,R7-3902-15,3902高知県中央,15,2,高知県・高知市病院企業団立高知医療センター,高知市
R7,39,高知県,3902,中央,R7-3902-16,3902高知県中央,16,3,近森病院,高知市
R7,39,高知県,3902,中央,R7-3902-17,3902高知県中央,17,4,高知赤十字病院,高知市
R7,39,高知県,3902,中央,R7-3902-18,3902高知県中央,18,5,独立行政法人国立病院機構高知病院,高知市
R7,39,高知県,3902,中央,R7-3902-19,3902高知県中央,19,6,新松田会愛宕病院,高知市
R7,39,高知県,3902,中央,R7-3902-20,3902高知県中央,20,7,細木病院,高知市
R7,39,高知県,3902,中央,R7-3902-21,3902高知県中央,21,8,高知総合リハビリテーション病院,高知市
R7,39,高知県,3902,中央,R7-3902-22,3902高知県中央,22,9,いずみの病院,高知市
R7,39,高知県,3902,中央,R7-3902-23,3902高知県中央,23,10,香長中央病院,香美市
R7,39,高知県,3902,中央,R7-3902-24,3902高知県中央,24,11,白菊園病院,土佐市
R7,39,高知県,3902,中央,R7-3902-25,3902高知県中央,25,12,新松田会愛宕病院分院,高知市
R7,39,高知県,3902,中央,R7-3902-26,3902高知県中央,26,13,横浜病院,高知市
R7,39,高知県,3902,中央,R7-3902-27,3902高知県中央,27,14,だいいちリハビリテーション病院,高知市
R7,39,高知県,3902,中央,R7-3902-28,3902高知県中央,28,15,近森リハビリテーション病院,高知市
R7,39,高知県,3902,中央,R7-3902-29,3902高知県中央,29,16,高知記念病院,高知市
R7,39,高知県,3902,中央,R7-3902-30,3902高知県中央,30,17,野市中央病院,香南市
R7,39,高知県,3902,中央,R7-3902-31,3902高知県中央,31,18,ＪＡ高知病院,南国市
R7,39,高知県,3902,中央,R7-3902-32,3902高知県中央,32,19,土佐市立土佐市民病院,土佐市
R7,39,高知県,3902,中央,R7-3902-33,3902高知県中央,33,20,土佐希望の家 医療福祉センター,南国市
R7,39,高知県,3902,中央,R7-3902-34,3902高知県中央,34,21,独立行政法人地域医療機能推進機構 高知西病院,高知市
R7,39,高知県,3902,中央,R7-3902-35,3902高知県中央,35,22,図南病院,高知市
R7,39,高知県,3902,中央,R7-3902-36,3902高知県中央,36,23,高知病院,高知市
R7,39,高知県,3902,中央,R7-3902-37,3902高知県中央,37,24,岡村病院,高知市
R7,39,高知県,3902,中央,R7-3902-38,3902高知県中央,38,25,島本病院,高知市
R7,39,高知県,3902,中央,R7-3902-39,3902高知県中央,39,26,藤原病院,南国市
R7,39,高知県,3902,中央,R7-3902-40,3902高知県中央,40,27,高知生協病院,高知市
R7,39,高知県,3902,中央,R7-3902-41,3902高知県中央,41,28,朝倉病院,高知市
R7,39,高知県,3902,中央,R7-3902-42,3902高知県中央,42,29,国吉病院,高知市
R7,39,高知県,3902,中央,R7-3902-43,3902高知県中央,43,30,高知整形・脳外科病院,高知市
R7,39,高知県,3902,中央,R7-3902-44,3902高知県中央,44,31,南国病院,南国市
R7,39,高知県,3902,中央,R7-3902-45,3902高知県中央,45,32,きんろう病院,高知市
R7,39,高知県,3902,中央,R7-3902-46,3902高知県中央,46,33,近森オルソリハビリテーション病院,高知市
R7,39,高知県,3902,中央,R7-3902-47,3902高知県中央,47,34,南国中央病院,南国市
R7,39,高知県,3902,中央,R7-3902-48,3902高知県中央,48,35,本山町立国民健康保険嶺北中央病院,本山町
R7,39,高知県,3902,中央,R7-3902-49,3902高知県中央,49,36,三愛病院,高知市
R7,39,高知県,3902,中央,R7-3902-50,3902高知県中央,50,37,佐川町立高北国民健康保険病院,佐川町
R7,39,高知県,3902,中央,R7-3902-51,3902高知県中央,51,38,上町病院,高知市
R7,39,高知県,3902,中央,R7-3902-52,3902高知県中央,52,39,岡林病院,高知市
R7,39,高知県,3902,中央,R7-3902-53,3902高知県中央,53,40,田中整形外科病院,高知市
R7,39,高知県,3902,中央,R7-3902-54,3902高知県中央,54,41,南国厚生病院,南国市
R7,39,高知県,3902,中央,R7-3902-55,3902高知県中央,55,42,久病院,高知市
R7,39,高知県,3902,中央,R7-3902-56,3902高知県中央,56,43,清和病院,佐川町
R7,39,高知県,3902,中央,R7-3902-57,3902高知県中央,57,44,潮江高橋病院,高知市
R7,39,高知県,3902,中央,R7-3902-58,3902高知県中央,58,45,川村病院,高知市
R7,39,高知県,3902,中央,R7-3902-59,3902高知県中央,59,46,海里マリン病院,高知市
R7,39,高知県,3902,中央,R7-3902-60,3902高知県中央,60,47,竹下病院,高知市
R7,39,高知県,3902,中央,R7-3902-61,3902高知県中央,61,48,田村内科整形外科病院,高知市
R7,39,高知県,3902,中央,R7-3902-62,3902高知県中央,62,49,南病院,高知市
R7,39,高知県,3902,中央,R7-3902-63,3902高知県中央,63,50,医療法人仁栄会 島津病院,高知市
R7,39,高知県,3902,中央,R7-3902-64,3902高知県中央,64,51,高知高須病院,高知市
R7,39,高知県,3902,中央,R7-3902-65,3902高知県中央,65,52,リハビリテーション病院すこやかな杜,高知市
R7,39,高知県,3902,中央,R7-3902-66,3902高知県中央,66,53,高知城東病院,高知市
R7,39,高知県,3902,中央,R7-3902-67,3902高知県中央,67,54,町田病院,高知市
R7,39,高知県,3902,中央,R7-3902-68,3902高知県中央,68,55,もみのき病院,高知市
R7,39,高知県,3902,中央,R7-3902-69,3902高知県中央,69,56,北村病院,南国市
R7,39,高知県,3902,中央,R7-3902-70,3902高知県中央,70,57,大杉中央病院,大豊町
R7,39,高知県,3902,中央,R7-3902-71,3902高知県中央,71,58,さくら病院,いの町
R7,39,高知県,3902,中央,R7-3902-72,3902高知県中央,72,59,いの町立国民健康保険仁淀病院,いの町
R7,39,高知県,3902,中央,R7-3902-73,3902高知県中央,73,60,前田病院,越知町
R7,39,高知県,3902,中央,R7-3902-74,3902高知県中央,74,61,長浜病院,高知市
R7,39,高知県,3902,中央,R7-3902-75,3902高知県中央,75,62,井上病院,土佐市
R7,39,高知県,3902,中央,R7-3902-76,3902高知県中央,76,63,早明浦病院,土佐町
R7,39,高知県,3902,中央,R7-3902-77,3902高知県中央,77,64,北島病院,越知町
R7,39,高知県,3902,中央,R7-3902-78,3902高知県中央,78,65,高知脳神経外科病院,高知市
R7,39,高知県,3902,中央,R7-3902-79,3902高知県中央,79,66,土佐田村病院,高知市
R7,39,高知県,3902,中央,R7-3902-80,3902高知県中央,80,67,山崎外科整形外科病院,越知町
R7,39,高知県,3902,中央,R7-3902-81,3902高知県中央,81,68,高知厚生病院,高知市
R7,39,高知県,3902,中央,R7-3902-82,3902高知県中央,82,69,岡豊病院,南国市
R7,39,高知県,3902,中央,R7-3902-83,3902高知県中央,83,70,下村病院,高知市
R7,39,高知県,3902,中央,R7-3902-84,3902高知県中央,84,71,医療法人博信会 中ノ橋病院,高知市
R7,39,高知県,3902,中央,R7-3902-85,3902高知県中央,85,72,永井病院,高知市
R7,39,高知県,3902,中央,R7-3902-86,3902高知県中央,86,73,同仁病院,香美市
R7,39,高知県,3902,中央,R7-3902-87,3902高知県中央,87,74,山村病院,高知市
R7,39,高知県,3902,中央,R7-3902-88,3902高知県中央,88,75,森木病院,いの町
R7,39,高知県,3902,中央,R7-3902-89,3902高知県中央,89,76,木村病院,高知市
R7,39,高知県,3902,中央,R7-3902-90,3902高知県中央,90,77,医療法人豊秋会 香北病院,香美市
R7,39,高知県,3902,中央,R7-3902-91,3902高知県中央,91,78,高橋病院,高知市
R7,39,高知県,3902,中央,R7-3902-92,3902高知県中央,92,79,山﨑病院,越知町
R7,39,高知県,3902,中央,R7-3902-93,3902高知県中央,93,80,平田病院,高知市
R7,39,高知県,3902,中央,R7-3902-94,3902高知県中央,94,81,安部病院,仁淀川町
R7,39,高知県,3902,中央,R7-3902-95,3902高知県中央,95,82,国見産婦人科,高知市
R7,39,高知県,3902,中央,R7-3902-96,3902高知県中央,96,83,さんさんクリニック,高知市
R7,39,高知県,3902,中央,R7-3902-97,3902高知県中央,97,84,高知ファミリークリニック,高知市
R7,39,高知県,3902,中央,R7-3902-98,3902高知県中央,98,85,内田脳神経外科,高知市
R7,39,高知県,3902,中央,R7-3902-99,3902高知県中央,99,86,青木脳神経外科形成外科,高知市
R7,39,高知県,3902,中央,R7-3902-100,3902高知県中央,100,87,医療法人成仁会 快聖クリニック,高知市
R7,39,高知県,3902,中央,R7-3902-101,3902高知県中央,101,88,おの肛門科胃腸科内視鏡クリニック,高知市
R7,39,高知県,3902,中央,R7-3902-102,3902高知県中央,102,89,高知県立療育福祉センター,高知市
R7,39,高知県,3902,中央,R7-3902-103,3902高知県中央,103,90,こんどうクリニック,高知市
R7,39,高知県,3902,中央,R7-3902-104,3902高知県中央,104,91,クリニックひろと,高知市
R7,39,高知県,3902,中央,R7-3902-105,3902高知県中央,105,92,フレッククリニック,高知市
R7,39,高知県,3902,中央,R7-3902-106,3902高知県中央,106,93,高知見元醫院,高知市
R7,39,高知県,3902,中央,R7-3902-107,3902高知県中央,107,94,福田心臓・消化器内科,高知市
R7,39,高知県,3902,中央,R7-3902-108,3902高知県中央,108,95,川村整形外科,高知市
R7,39,高知県,3902,中央,R7-3902-109,3902高知県中央,109,96,医療法人　産鈴会　田村産婦人科,高知市
R7,39,高知県,3902,中央,R7-3902-110,3902高知県中央,110,97,伊藤外科乳腺クリニック,高知市
R7,39,高知県,3902,中央,R7-3902-111,3902高知県中央,111,98,医療法人高尚会 川田整形外科,土佐市
R7,39,高知県,3902,中央,R7-3902-112,3902高知県中央,112,99,もえぎクリニック,香南市
R7,39,高知県,3902,中央,R7-3902-113,3902高知県中央,113,100,野市整形外科医院,香南市
R7,39,高知県,3902,中央,R7-3902-114,3902高知県中央,114,101,藤田整形外科,香南市
R7,39,高知県,3902,中央,R7-3902-115,3902高知県中央,115,102,岩河整形外科,香美市
R7,39,高知県,3902,中央,R7-3902-116,3902高知県中央,116,103,医療法人　速水会　たにむら産婦人科,香美市
R7,39,高知県,3902,中央,R7-3902-117,3902高知県中央,117,104,香美市立大栃診療所,香美市
R7,39,高知県,3902,中央,R7-3902-118,3902高知県中央,118,105,前田メディカルクリニック,香美市
R7,39,高知県,3902,中央,R7-3902-119,3902高知県中央,119,106,田井医院,土佐町
R7,39,高知県,3902,中央,R7-3902-120,3902高知県中央,120,107,町田整形外科,いの町
R7,39,高知県,3902,中央,R7-3902-121,3902高知県中央,121,108,岡本内科,越知町
R7,39,高知県,3902,中央,R7-3902-122,3902高知県中央,122,109,夜須診療所,香南市
R7,39,高知県,3902,中央,R7-3902-123,3902高知県中央,123,110,浅井産婦人科・内科,高知市
R7,39,高知県,3902,中央,R7-3902-124,3902高知県中央,124,111,内田産婦人科,高知市
R7,39,高知県,3902,中央,R7-3902-125,3902高知県中央,125,112,安岡眼科,高知市
R7,39,高知県,3903,高幡,R7-3903-14,3903高知県高幡,14,1,くぼかわ病院,四万十町
R7,39,高知県,3903,高幡,R7-3903-15,3903高知県高幡,15,2,須崎くろしお病院,須崎市
R7,39,高知県,3903,高幡,R7-3903-16,3903高知県高幡,16,3,高陵病院,須崎市
R7,39,高知県,3903,高幡,R7-3903-17,3903高知県高幡,17,4,ネオリゾートちひろ病院,須崎市
R7,39,高知県,3903,高幡,R7-3903-18,3903高知県高幡,18,5,大西病院,四万十町
R7,39,高知県,3903,高幡,R7-3903-19,3903高知県高幡,19,6,梼原町立国民健康保険檮原病院,梼原町
R7,39,高知県,3903,高幡,R7-3903-20,3903高知県高幡,20,7,なかとさ病院,中土佐町
R7,39,高知県,3903,高幡,R7-3903-21,3903高知県高幡,21,8,医療法人仁栄会 島津クリニック,須崎市
R7,39,高知県,3903,高幡,R7-3903-22,3903高知県高幡,22,9,四万十町国民健康保険大正診療所,四万十町
R7,39,高知県,3904,幡多,R7-3904-14,3904高知県幡多,14,1,高知県立幡多けんみん病院,宿毛市
R7,39,高知県,3904,幡多,R7-3904-15,3904高知県幡多,15,2,竹本病院,四万十市
R7,39,高知県,3904,幡多,R7-3904-16,3904高知県幡多,16,3,渭南病院,土佐清水市
R7,39,高知県,3904,幡多,R7-3904-17,3904高知県幡多,17,4,四万十市国民健康保険四万十市立市民病院,四万十市
R7,39,高知県,3904,幡多,R7-3904-18,3904高知県幡多,18,5,森下病院,四万十市
R7,39,高知県,3904,幡多,R7-3904-19,3904高知県幡多,19,6,中村病院,四万十市
R7,39,高知県,3904,幡多,R7-3904-20,3904高知県幡多,20,7,筒井病院,宿毛市
R7,39,高知県,3904,幡多,R7-3904-21,3904高知県幡多,21,8,松谷病院,土佐清水市
R7,39,高知県,3904,幡多,R7-3904-22,3904高知県幡多,22,9,幡多希望の家医療福祉センター,宿毛市
R7,39,高知県,3904,幡多,R7-3904-23,3904高知県幡多,23,10,大井田病院,宿毛市
R7,39,高知県,3904,幡多,R7-3904-24,3904高知県幡多,24,11,聖ケ丘病院,宿毛市
R7,39,高知県,3904,幡多,R7-3904-25,3904高知県幡多,25,12,木俵病院,四万十市
R7,39,高知県,3904,幡多,R7-3904-26,3904高知県幡多,26,13,足摺病院,土佐清水市
R7,39,高知県,3904,幡多,R7-3904-27,3904高知県幡多,27,14,大月町国民健康保険大月病院,大月町
R7,39,高知県,3904,幡多,R7-3904-28,3904高知県幡多,28,15,土佐丹羽クリニック,土佐清水市
R7,39,高知県,3904,幡多,R7-3904-29,3904高知県幡多,29,16,四万十市国民健康保険西土佐診療所,四万十市
R7,39,高知県,3904,幡多,R7-3904-30,3904高知県幡多,30,17,小原外科・肛門科・胃腸科,四万十市
R7,39,高知県,3904,幡多,R7-3904-31,3904高知県幡多,31,18,医療法人島津会　幡多クリニック,四万十市
R7,39,高知県,3904,幡多,R7-3904-32,3904高知県幡多,32,19,菊地産婦人科医院,四万十市
R7,39,高知県,3904,幡多,R7-3904-33,3904高知県幡多,33,20,こじま眼科,四万十市
R7,39,高知県,3904,幡多,R7-3904-34,3904高知県幡多,34,21,三原村国民健康保険診療所,三原村
R7,40,福岡県,4001,福岡・糸島,R7-4001-14,4001福岡県福岡・糸島,14,1,九州大学病院,福岡市東区
R7,40,福岡県,4001,福岡・糸島,R7-4001-15,4001福岡県福岡・糸島,15,2,福岡大学病院,福岡市城南区
R7,40,福岡県,4001,福岡・糸島,R7-4001-16,4001福岡県福岡・糸島,16,3,独立行政法人国立病院機構九州医療センター,福岡市中央区
R7,40,福岡県,4001,福岡・糸島,R7-4001-17,4001福岡県福岡・糸島,17,4,福岡赤十字病院,福岡市南区
R7,40,福岡県,4001,福岡・糸島,R7-4001-18,4001福岡県福岡・糸島,18,5,国家公務員共済組合連合会浜の町病院,福岡市中央区
R7,40,福岡県,4001,福岡・糸島,R7-4001-19,4001福岡県福岡・糸島,19,6,医療法人相生会 福岡みらい病院,福岡市東区
R7,40,福岡県,4001,福岡・糸島,R7-4001-20,4001福岡県福岡・糸島,20,7,独立行政法人国立病院機構九州がんセンター,福岡市南区
R7,40,福岡県,4001,福岡・糸島,R7-4001-21,4001福岡県福岡・糸島,21,8,原土井病院,福岡市東区
R7,40,福岡県,4001,福岡・糸島,R7-4001-22,4001福岡県福岡・糸島,22,9,医療法人相生会 金隈病院,福岡市博多区
R7,40,福岡県,4001,福岡・糸島,R7-4001-23,4001福岡県福岡・糸島,23,10,福岡和白病院,福岡市東区
R7,40,福岡県,4001,福岡・糸島,R7-4001-24,4001福岡県福岡・糸島,24,11,福岡県済生会福岡総合病院,福岡市中央区
R7,40,福岡県,4001,福岡・糸島,R7-4001-25,4001福岡県福岡・糸島,25,12,独立行政法人国立病院機構福岡病院,福岡市南区
R7,40,福岡県,4001,福岡・糸島,R7-4001-26,4001福岡県福岡・糸島,26,13,千鳥橋病院,福岡市博多区
R7,40,福岡県,4001,福岡・糸島,R7-4001-27,4001福岡県福岡・糸島,27,14,公立学校共済組合九州中央病院,福岡市南区
R7,40,福岡県,4001,福岡・糸島,R7-4001-28,4001福岡県福岡・糸島,28,15,医療法人原三信病院,福岡市博多区
R7,40,福岡県,4001,福岡・糸島,R7-4001-29,4001福岡県福岡・糸島,29,16,社会医療法人財団白十字会白十字病院,福岡市西区
R7,40,福岡県,4001,福岡・糸島,R7-4001-30,4001福岡県福岡・糸島,30,17,医療法人輝栄会 福岡輝栄会病院,福岡市東区
R7,40,福岡県,4001,福岡・糸島,R7-4001-31,4001福岡県福岡・糸島,31,18,福岡市立こども病院,福岡市東区
R7,40,福岡県,4001,福岡・糸島,R7-4001-32,4001福岡県福岡・糸島,32,19,福岡記念病院,福岡市早良区
R7,40,福岡県,4001,福岡・糸島,R7-4001-33,4001福岡県福岡・糸島,33,20,福岡リハビリテーション病院,福岡市西区
R7,40,福岡県,4001,福岡・糸島,R7-4001-34,4001福岡県福岡・糸島,34,21,医療法人恵光会原病院,福岡市南区
R7,40,福岡県,4001,福岡・糸島,R7-4001-35,4001福岡県福岡・糸島,35,22,地方独立行政法人福岡市立病院機構福岡市民病院,福岡市博多区
R7,40,福岡県,4001,福岡・糸島,R7-4001-36,4001福岡県福岡・糸島,36,23,たたらリハビリテーション病院,福岡市東区
R7,40,福岡県,4001,福岡・糸島,R7-4001-37,4001福岡県福岡・糸島,37,24,貝塚病院,福岡市東区
R7,40,福岡県,4001,福岡・糸島,R7-4001-38,4001福岡県福岡・糸島,38,25,医療法人福岡桜十字 桜十字福岡病院,福岡市中央区
R7,40,福岡県,4001,福岡・糸島,R7-4001-39,4001福岡県福岡・糸島,39,26,福岡山王病院,福岡市早良区
R7,40,福岡県,4001,福岡・糸島,R7-4001-40,4001福岡県福岡・糸島,40,27,社会医療法人福西会 福西会病院,福岡市早良区
R7,40,福岡県,4001,福岡・糸島,R7-4001-41,4001福岡県福岡・糸島,41,28,香椎原病院,福岡市東区
R7,40,福岡県,4001,福岡・糸島,R7-4001-42,4001福岡県福岡・糸島,42,29,医療法人社団高邦会 福岡中央病院,福岡市中央区
R7,40,福岡県,4001,福岡・糸島,R7-4001-43,4001福岡県福岡・糸島,43,30,福岡和仁会病院,福岡市西区
R7,40,福岡県,4001,福岡・糸島,R7-4001-44,4001福岡県福岡・糸島,44,31,医療法人西福岡病院,福岡市西区
R7,40,福岡県,4001,福岡・糸島,R7-4001-45,4001福岡県福岡・糸島,45,32,シーサイド病院,福岡市西区
R7,40,福岡県,4001,福岡・糸島,R7-4001-46,4001福岡県福岡・糸島,46,33,医療法人弘医会 福岡鳥飼病院,福岡市城南区
R7,40,福岡県,4001,福岡・糸島,R7-4001-47,4001福岡県福岡・糸島,47,34,国家公務員共済組合連合会千早病院,福岡市東区
R7,40,福岡県,4001,福岡・糸島,R7-4001-48,4001福岡県福岡・糸島,48,35,夫婦石病院,福岡市南区
R7,40,福岡県,4001,福岡・糸島,R7-4001-49,4001福岡県福岡・糸島,49,36,福岡整形外科病院,福岡市南区
R7,40,福岡県,4001,福岡・糸島,R7-4001-50,4001福岡県福岡・糸島,50,37,さく病院,福岡市博多区
R7,40,福岡県,4001,福岡・糸島,R7-4001-51,4001福岡県福岡・糸島,51,38,医療法人社団誠和会 牟田病院,福岡市早良区
R7,40,福岡県,4001,福岡・糸島,R7-4001-52,4001福岡県福岡・糸島,52,39,那珂川病院,福岡市南区
R7,40,福岡県,4001,福岡・糸島,R7-4001-53,4001福岡県福岡・糸島,53,40,村上華林堂病院,福岡市西区
R7,40,福岡県,4001,福岡・糸島,R7-4001-54,4001福岡県福岡・糸島,54,41,社会医療法人財団白十字会白十字リハビリテーション病院,福岡市西区
R7,40,福岡県,4001,福岡・糸島,R7-4001-55,4001福岡県福岡・糸島,55,42,さくら病院,福岡市城南区
R7,40,福岡県,4001,福岡・糸島,R7-4001-56,4001福岡県福岡・糸島,56,43,福岡ハートネット病院,福岡市西区
R7,40,福岡県,4001,福岡・糸島,R7-4001-57,4001福岡県福岡・糸島,57,44,糸島医師会病院,糸島市
R7,40,福岡県,4001,福岡・糸島,R7-4001-58,4001福岡県福岡・糸島,58,45,東福岡和仁会病院,福岡市東区
R7,40,福岡県,4001,福岡・糸島,R7-4001-59,4001福岡県福岡・糸島,59,46,博愛会病院,福岡市中央区
R7,40,福岡県,4001,福岡・糸島,R7-4001-60,4001福岡県福岡・糸島,60,47,医療法人相生会新吉塚病院,福岡市博多区
R7,40,福岡県,4001,福岡・糸島,R7-4001-61,4001福岡県福岡・糸島,61,48,医療法人社団朝菊会 昭和病院,福岡市西区
R7,40,福岡県,4001,福岡・糸島,R7-4001-62,4001福岡県福岡・糸島,62,49,医療法人佐田厚生会 佐田病院,福岡市中央区
R7,40,福岡県,4001,福岡・糸島,R7-4001-63,4001福岡県福岡・糸島,63,50,八木病院,福岡市東区
R7,40,福岡県,4001,福岡・糸島,R7-4001-64,4001福岡県福岡・糸島,64,51,長尾病院,福岡市城南区
R7,40,福岡県,4001,福岡・糸島,R7-4001-65,4001福岡県福岡・糸島,65,52,社会医療法人社団 至誠会 木村病院,福岡市博多区
R7,40,福岡県,4001,福岡・糸島,R7-4001-66,4001福岡県福岡・糸島,66,53,香椎丘リハビリテーション病院,福岡市東区
R7,40,福岡県,4001,福岡・糸島,R7-4001-67,4001福岡県福岡・糸島,67,54,今津赤十字病院,福岡市西区
R7,40,福岡県,4001,福岡・糸島,R7-4001-68,4001福岡県福岡・糸島,68,55,医療法人楽天堂 広橋病院,福岡市早良区
R7,40,福岡県,4001,福岡・糸島,R7-4001-69,4001福岡県福岡・糸島,69,56,福岡豊栄会病院,福岡市西区
R7,40,福岡県,4001,福岡・糸島,R7-4001-70,4001福岡県福岡・糸島,70,57,医療法人敬天会 武田病院,福岡市城南区
R7,40,福岡県,4001,福岡・糸島,R7-4001-71,4001福岡県福岡・糸島,71,58,医療法人南川整形外科病院,福岡市西区
R7,40,福岡県,4001,福岡・糸島,R7-4001-72,4001福岡県福岡・糸島,72,59,福岡大学西新病院,福岡市早良区
R7,40,福岡県,4001,福岡・糸島,R7-4001-73,4001福岡県福岡・糸島,73,60,福西会南病院,福岡市早良区
R7,40,福岡県,4001,福岡・糸島,R7-4001-74,4001福岡県福岡・糸島,74,61,桜十字大手門病院,福岡市中央区
R7,40,福岡県,4001,福岡・糸島,R7-4001-75,4001福岡県福岡・糸島,75,62,百年橋リハビリテーション病院,福岡市中央区
R7,40,福岡県,4001,福岡・糸島,R7-4001-76,4001福岡県福岡・糸島,76,63,医療法人光川会 福岡脳神経外科病院,福岡市南区
R7,40,福岡県,4001,福岡・糸島,R7-4001-77,4001福岡県福岡・糸島,77,64,溝口外科整形外科病院,福岡市中央区
R7,40,福岡県,4001,福岡・糸島,R7-4001-78,4001福岡県福岡・糸島,78,65,医療法人寺沢病院,福岡市南区
R7,40,福岡県,4001,福岡・糸島,R7-4001-79,4001福岡県福岡・糸島,79,66,聖峰会マリン病院,福岡市西区
R7,40,福岡県,4001,福岡・糸島,R7-4001-80,4001福岡県福岡・糸島,80,67,南福岡脳神経外科病院,福岡市南区
R7,40,福岡県,4001,福岡・糸島,R7-4001-81,4001福岡県福岡・糸島,81,68,井上病院,糸島市
R7,40,福岡県,4001,福岡・糸島,R7-4001-82,4001福岡県福岡・糸島,82,69,友田病院,福岡市博多区
R7,40,福岡県,4001,福岡・糸島,R7-4001-83,4001福岡県福岡・糸島,83,70,平尾病院,福岡市中央区
R7,40,福岡県,4001,福岡・糸島,R7-4001-84,4001福岡県福岡・糸島,84,71,障がい児者医療生活支援ホーム虹の家,福岡市博多区
R7,40,福岡県,4001,福岡・糸島,R7-4001-85,4001福岡県福岡・糸島,85,72,医療法人済世会 河野名島病院,福岡市東区
R7,40,福岡県,4001,福岡・糸島,R7-4001-86,4001福岡県福岡・糸島,86,73,医療法人松井医仁会 大島眼科病院,福岡市博多区
R7,40,福岡県,4001,福岡・糸島,R7-4001-87,4001福岡県福岡・糸島,87,74,医療法人 小野病院,福岡市博多区
R7,40,福岡県,4001,福岡・糸島,R7-4001-88,4001福岡県福岡・糸島,88,75,原田病院,糸島市
R7,40,福岡県,4001,福岡・糸島,R7-4001-89,4001福岡県福岡・糸島,89,76,医療法人社団広仁会 広瀬病院,福岡市中央区
R7,40,福岡県,4001,福岡・糸島,R7-4001-90,4001福岡県福岡・糸島,90,77,医療法人三裕会拾六町病院,福岡市西区
R7,40,福岡県,4001,福岡・糸島,R7-4001-91,4001福岡県福岡・糸島,91,78,医療法人永野病院,福岡市博多区
R7,40,福岡県,4001,福岡・糸島,R7-4001-92,4001福岡県福岡・糸島,92,79,林眼科病院,福岡市博多区
R7,40,福岡県,4001,福岡・糸島,R7-4001-93,4001福岡県福岡・糸島,93,80,医療法人正弘会 南折立病院,福岡市南区
R7,40,福岡県,4001,福岡・糸島,R7-4001-94,4001福岡県福岡・糸島,94,81,医療法人恵真会 渡辺整形外科病院,糸島市
R7,40,福岡県,4001,福岡・糸島,R7-4001-95,4001福岡県福岡・糸島,95,82,吉村病院,福岡市早良区
R7,40,福岡県,4001,福岡・糸島,R7-4001-96,4001福岡県福岡・糸島,96,83,秋本病院,福岡市中央区
R7,40,福岡県,4001,福岡・糸島,R7-4001-97,4001福岡県福岡・糸島,97,84,福岡歯科大学医科歯科総合病院,福岡市早良区
R7,40,福岡県,4001,福岡・糸島,R7-4001-98,4001福岡県福岡・糸島,98,85,医療法人輝松会 松尾内科病院,福岡市西区
R7,40,福岡県,4001,福岡・糸島,R7-4001-99,4001福岡県福岡・糸島,99,86,医療法人原信会 原口病院循環器科内科,福岡市早良区
R7,40,福岡県,4001,福岡・糸島,R7-4001-100,4001福岡県福岡・糸島,100,87,中村病院,福岡市南区
R7,40,福岡県,4001,福岡・糸島,R7-4001-101,4001福岡県福岡・糸島,101,88,福岡信和病院,福岡市南区
R7,40,福岡県,4001,福岡・糸島,R7-4001-102,4001福岡県福岡・糸島,102,89,佐田整形外科病院,福岡市城南区
R7,40,福岡県,4001,福岡・糸島,R7-4001-103,4001福岡県福岡・糸島,103,90,油山病院,福岡市早良区
R7,40,福岡県,4001,福岡・糸島,R7-4001-104,4001福岡県福岡・糸島,104,91,松永病院,福岡市城南区
R7,40,福岡県,4001,福岡・糸島,R7-4001-105,4001福岡県福岡・糸島,105,92,医療法人博仁会　福吉病院,糸島市
R7,40,福岡県,4001,福岡・糸島,R7-4001-106,4001福岡県福岡・糸島,106,93,医療法人正誠会倉重病院,福岡市早良区
R7,40,福岡県,4001,福岡・糸島,R7-4001-107,4001福岡県福岡・糸島,107,94,茂木病院,福岡市西区
R7,40,福岡県,4001,福岡・糸島,R7-4001-108,4001福岡県福岡・糸島,108,95,小富士病院,糸島市
R7,40,福岡県,4001,福岡・糸島,R7-4001-109,4001福岡県福岡・糸島,109,96,古森病院,福岡市博多区
R7,40,福岡県,4001,福岡・糸島,R7-4001-110,4001福岡県福岡・糸島,110,97,やました甲状腺病院,福岡市博多区
R7,40,福岡県,4001,福岡・糸島,R7-4001-111,4001福岡県福岡・糸島,111,98,医療法人社団福光会 福田眼科病院,福岡市早良区
R7,40,福岡県,4001,福岡・糸島,R7-4001-112,4001福岡県福岡・糸島,112,99,及川病院,福岡市中央区
R7,40,福岡県,4001,福岡・糸島,R7-4001-113,4001福岡県福岡・糸島,113,100,医療法人博腎会 博腎会病院,福岡市博多区
R7,40,福岡県,4001,福岡・糸島,R7-4001-114,4001福岡県福岡・糸島,114,101,雁の巣病院,福岡市東区
R7,40,福岡県,4001,福岡・糸島,R7-4001-115,4001福岡県福岡・糸島,115,102,博多心臓血管病院,福岡市博多区
R7,40,福岡県,4001,福岡・糸島,R7-4001-116,4001福岡県福岡・糸島,116,103,井槌病院,福岡市中央区
R7,40,福岡県,4001,福岡・糸島,R7-4001-117,4001福岡県福岡・糸島,117,104,青葉レディースクリニック,福岡市東区
R7,40,福岡県,4001,福岡・糸島,R7-4001-118,4001福岡県福岡・糸島,118,105,医療法人社団 かもりクリニック,福岡市東区
R7,40,福岡県,4001,福岡・糸島,R7-4001-119,4001福岡県福岡・糸島,119,106,医療法人海の中道整形外科医院,福岡市東区
R7,40,福岡県,4001,福岡・糸島,R7-4001-120,4001福岡県福岡・糸島,120,107,そらレディ－スクリニック,福岡市東区
R7,40,福岡県,4001,福岡・糸島,R7-4001-121,4001福岡県福岡・糸島,121,108,真田産婦人科麻酔科クリニック,福岡市東区
R7,40,福岡県,4001,福岡・糸島,R7-4001-122,4001福岡県福岡・糸島,122,109,医療法人 神戸整形外科医院,福岡市東区
R7,40,福岡県,4001,福岡・糸島,R7-4001-123,4001福岡県福岡・糸島,123,110,医療法人共仁会　福岡脊椎クリニック,福岡市博多区
R7,40,福岡県,4001,福岡・糸島,R7-4001-124,4001福岡県福岡・糸島,124,111,医療法人誠仁会 籠田医院,福岡市博多区
R7,40,福岡県,4001,福岡・糸島,R7-4001-125,4001福岡県福岡・糸島,125,112,くまクリニック,福岡市博多区
R7,40,福岡県,4001,福岡・糸島,R7-4001-126,4001福岡県福岡・糸島,126,113,医療法人相生会ピーエスクリニック,福岡市博多区
R7,40,福岡県,4001,福岡・糸島,R7-4001-127,4001福岡県福岡・糸島,127,114,医療法人山本外科医院,福岡市博多区
R7,40,福岡県,4001,福岡・糸島,R7-4001-128,4001福岡県福岡・糸島,128,115,医療法人恵臣会吉村内科,福岡市中央区
R7,40,福岡県,4001,福岡・糸島,R7-4001-129,4001福岡県福岡・糸島,129,116,医療法人別府外科医院,福岡市中央区
R7,40,福岡県,4001,福岡・糸島,R7-4001-130,4001福岡県福岡・糸島,130,117,松本整形外科医院,福岡市中央区
R7,40,福岡県,4001,福岡・糸島,R7-4001-131,4001福岡県福岡・糸島,131,118,医療法人守永クリニック,福岡市中央区
R7,40,福岡県,4001,福岡・糸島,R7-4001-132,4001福岡県福岡・糸島,132,119,医療法人愛成会 東野産婦人科医院,福岡市中央区
R7,40,福岡県,4001,福岡・糸島,R7-4001-133,4001福岡県福岡・糸島,133,120,薬院ひ尿器科医院,福岡市中央区
R7,40,福岡県,4001,福岡・糸島,R7-4001-134,4001福岡県福岡・糸島,134,121,医療法人社団村山循環器科内科医院,福岡市南区
R7,40,福岡県,4001,福岡・糸島,R7-4001-135,4001福岡県福岡・糸島,135,122,医療法人大石循環器内科整形外科眼科クリニック,福岡市南区
R7,40,福岡県,4001,福岡・糸島,R7-4001-136,4001福岡県福岡・糸島,136,123,医療法人堺整形外科医院　福岡スポーツクリニック,福岡市南区
R7,40,福岡県,4001,福岡・糸島,R7-4001-137,4001福岡県福岡・糸島,137,124,医療法人光生会かなざわクリニック,福岡市南区
R7,40,福岡県,4001,福岡・糸島,R7-4001-138,4001福岡県福岡・糸島,138,125,椎名マタニティクリニック,福岡市南区
R7,40,福岡県,4001,福岡・糸島,R7-4001-139,4001福岡県福岡・糸島,139,126,医療法人野口整形外科・外科医院,福岡市南区
R7,40,福岡県,4001,福岡・糸島,R7-4001-140,4001福岡県福岡・糸島,140,127,医療法人海洋会 あおいクリニック,福岡市西区
R7,40,福岡県,4001,福岡・糸島,R7-4001-141,4001福岡県福岡・糸島,141,128,福岡バースクリニック,福岡市西区
R7,40,福岡県,4001,福岡・糸島,R7-4001-142,4001福岡県福岡・糸島,142,129,医療法人 高森整形外科・内科,福岡市西区
R7,40,福岡県,4001,福岡・糸島,R7-4001-143,4001福岡県福岡・糸島,143,130,医療法人三聖会 岸田内科医院,福岡市西区
R7,40,福岡県,4001,福岡・糸島,R7-4001-144,4001福岡県福岡・糸島,144,131,医療法人脳神経外科クリニック高木,福岡市早良区
R7,40,福岡県,4001,福岡・糸島,R7-4001-145,4001福岡県福岡・糸島,145,132,医療法人　三恵クリニック,福岡市早良区
R7,40,福岡県,4001,福岡・糸島,R7-4001-146,4001福岡県福岡・糸島,146,133,大木整形・リハビリ医院,福岡市早良区
R7,40,福岡県,4001,福岡・糸島,R7-4001-147,4001福岡県福岡・糸島,147,134,医療法人健貢会 中山整形外科医院,福岡市早良区
R7,40,福岡県,4001,福岡・糸島,R7-4001-148,4001福岡県福岡・糸島,148,135,石西整形外科医院,福岡市早良区
R7,40,福岡県,4001,福岡・糸島,R7-4001-149,4001福岡県福岡・糸島,149,136,福岡市立急患診療センター,福岡市早良区
R7,40,福岡県,4001,福岡・糸島,R7-4001-150,4001福岡県福岡・糸島,150,137,医療法人盛和会 神代医院,福岡市早良区
R7,40,福岡県,4001,福岡・糸島,R7-4001-151,4001福岡県福岡・糸島,151,138,医療法人 おがた整形外科医院,福岡市早良区
R7,40,福岡県,4001,福岡・糸島,R7-4001-152,4001福岡県福岡・糸島,152,139,医療法人白石整形外科医院,福岡市早良区
R7,40,福岡県,4001,福岡・糸島,R7-4001-153,4001福岡県福岡・糸島,153,140,黒田整形外科医院,福岡市早良区
R7,40,福岡県,4001,福岡・糸島,R7-4001-154,4001福岡県福岡・糸島,154,141,山口内科医院,福岡市早良区
R7,40,福岡県,4001,福岡・糸島,R7-4001-155,4001福岡県福岡・糸島,155,142,重松クリニック,福岡市早良区
R7,40,福岡県,4001,福岡・糸島,R7-4001-156,4001福岡県福岡・糸島,156,143,医療法人 八田内科医院,福岡市早良区
R7,40,福岡県,4001,福岡・糸島,R7-4001-157,4001福岡県福岡・糸島,157,144,かむら整形外科,福岡市早良区
R7,40,福岡県,4001,福岡・糸島,R7-4001-158,4001福岡県福岡・糸島,158,145,医療法人 愛生会 馬渡産婦人科医院,糸島市
R7,40,福岡県,4001,福岡・糸島,R7-4001-159,4001福岡県福岡・糸島,159,146,医療法人順心会 中村循環器科・心臓外科医院,糸島市
R7,40,福岡県,4001,福岡・糸島,R7-4001-160,4001福岡県福岡・糸島,160,147,医療法人波多江外科医院,糸島市
R7,40,福岡県,4001,福岡・糸島,R7-4001-161,4001福岡県福岡・糸島,161,148,医療法人 至高会 舌間整形外科,糸島市
R7,40,福岡県,4001,福岡・糸島,R7-4001-162,4001福岡県福岡・糸島,162,149,医療法人めぐみ会秋山クリニック,福岡市早良区
R7,40,福岡県,4001,福岡・糸島,R7-4001-163,4001福岡県福岡・糸島,163,150,医療法人永聖会　松田耳鼻咽喉科,福岡市東区
R7,40,福岡県,4001,福岡・糸島,R7-4001-164,4001福岡県福岡・糸島,164,151,福岡山田外科,福岡市東区
R7,40,福岡県,4001,福岡・糸島,R7-4001-165,4001福岡県福岡・糸島,165,152,竹内産婦人科クリニック,福岡市早良区
R7,40,福岡県,4001,福岡・糸島,R7-4001-166,4001福岡県福岡・糸島,166,153,入江内科小児科医院,福岡市東区
R7,40,福岡県,4001,福岡・糸島,R7-4001-167,4001福岡県福岡・糸島,167,154,永野外科胃腸科医院,福岡市東区
R7,40,福岡県,4001,福岡・糸島,R7-4001-168,4001福岡県福岡・糸島,168,155,嘉村産婦人科医院,福岡市博多区
R7,40,福岡県,4001,福岡・糸島,R7-4001-169,4001福岡県福岡・糸島,169,156,山口整形外科医院,福岡市博多区
R7,40,福岡県,4001,福岡・糸島,R7-4001-170,4001福岡県福岡・糸島,170,157,まつもと内科クリニック,福岡市東区
R7,40,福岡県,4001,福岡・糸島,R7-4001-171,4001福岡県福岡・糸島,171,158,徳永眼科医院,福岡市博多区
R7,40,福岡県,4001,福岡・糸島,R7-4001-172,4001福岡県福岡・糸島,172,159,笠外科胃腸内科医院,福岡市城南区
R7,40,福岡県,4001,福岡・糸島,R7-4001-173,4001福岡県福岡・糸島,173,160,三善病院,福岡市東区
R7,40,福岡県,4001,福岡・糸島,R7-4001-174,4001福岡県福岡・糸島,174,161,医療法人ガーデンヒルズウィメンズクリニック,福岡市中央区
R7,40,福岡県,4001,福岡・糸島,R7-4001-175,4001福岡県福岡・糸島,175,162,医療法人ふくだ内科循環器・糖尿病内科,福岡市南区
R7,40,福岡県,4001,福岡・糸島,R7-4001-176,4001福岡県福岡・糸島,176,163,医療法人高野胃腸科医院,福岡市東区
R7,40,福岡県,4001,福岡・糸島,R7-4001-177,4001福岡県福岡・糸島,177,164,医療法人梶山医院,福岡市中央区
R7,40,福岡県,4001,福岡・糸島,R7-4001-178,4001福岡県福岡・糸島,178,165,医療法人　萱島外科,福岡市中央区
R7,40,福岡県,4001,福岡・糸島,R7-4001-179,4001福岡県福岡・糸島,179,166,つむぐクリニック,福岡市城南区
R7,40,福岡県,4001,福岡・糸島,R7-4001-180,4001福岡県福岡・糸島,180,167,医療法人柏愛会林整形外科医院,福岡市博多区
R7,40,福岡県,4001,福岡・糸島,R7-4001-181,4001福岡県福岡・糸島,181,168,医療法人 福田肛門外科医院,福岡市中央区
R7,40,福岡県,4001,福岡・糸島,R7-4001-182,4001福岡県福岡・糸島,182,169,福岡浦添クリニック,福岡市中央区
R7,40,福岡県,4001,福岡・糸島,R7-4001-183,4001福岡県福岡・糸島,183,170,医療法人社団清和会 はちすが産婦人科医院,福岡市中央区
R7,40,福岡県,4001,福岡・糸島,R7-4001-184,4001福岡県福岡・糸島,184,171,森レディースクリニック,福岡市中央区
R7,40,福岡県,4001,福岡・糸島,R7-4001-185,4001福岡県福岡・糸島,185,172,戸髙呼吸器内科,福岡市西区
R7,40,福岡県,4001,福岡・糸島,R7-4001-186,4001福岡県福岡・糸島,186,173,医療法人 森下産婦人科医院,福岡市博多区
R7,40,福岡県,4001,福岡・糸島,R7-4001-187,4001福岡県福岡・糸島,187,174,医療法人社団昭友会たなかクリニック,糸島市
R7,40,福岡県,4001,福岡・糸島,R7-4001-188,4001福岡県福岡・糸島,188,175,医療法人祥知会はこざき公園内科医院,福岡市東区
R7,40,福岡県,4001,福岡・糸島,R7-4001-189,4001福岡県福岡・糸島,189,176,医療法人幸雄会 古原医院,福岡市博多区
R7,40,福岡県,4001,福岡・糸島,R7-4001-190,4001福岡県福岡・糸島,190,177,医療法人ながら医院,福岡市博多区
R7,40,福岡県,4001,福岡・糸島,R7-4001-191,4001福岡県福岡・糸島,191,178,池田功産婦人科医院,福岡市西区
R7,40,福岡県,4001,福岡・糸島,R7-4001-192,4001福岡県福岡・糸島,192,179,医療法人ＳＳＣ坂口耳鼻咽喉科,福岡市西区
R7,40,福岡県,4001,福岡・糸島,R7-4001-193,4001福岡県福岡・糸島,193,180,医療法人奥小児科医院,糸島市
R7,40,福岡県,4001,福岡・糸島,R7-4001-194,4001福岡県福岡・糸島,194,181,医療法人田中産婦人科クリニック,福岡市南区
R7,40,福岡県,4001,福岡・糸島,R7-4001-195,4001福岡県福岡・糸島,195,182,医療法人南島整形外科,福岡市南区
R7,40,福岡県,4001,福岡・糸島,R7-4001-196,4001福岡県福岡・糸島,196,183,医療法人にしだ内科内視鏡クリニック,福岡市南区
R7,40,福岡県,4001,福岡・糸島,R7-4001-197,4001福岡県福岡・糸島,197,184,医療法人悦可会 杉野眼科医院,福岡市博多区
R7,40,福岡県,4001,福岡・糸島,R7-4001-198,4001福岡県福岡・糸島,198,185,医療法人中尾小児科医院,福岡市博多区
R7,40,福岡県,4001,福岡・糸島,R7-4001-199,4001福岡県福岡・糸島,199,186,おだクリニック日帰り手術外科,福岡市中央区
R7,40,福岡県,4001,福岡・糸島,R7-4001-200,4001福岡県福岡・糸島,200,187,医療法人政裕会 ときつ医院,福岡市西区
R7,40,福岡県,4001,福岡・糸島,R7-4001-201,4001福岡県福岡・糸島,201,188,医療法人日高クリニック福岡,福岡市早良区
R7,40,福岡県,4001,福岡・糸島,R7-4001-202,4001福岡県福岡・糸島,202,189,河野耳鼻咽喉科 Ｅａｒ Ｓｕｒｇｉ Ｃｌｉｎｉｃ,福岡市中央区
R7,40,福岡県,4001,福岡・糸島,R7-4001-203,4001福岡県福岡・糸島,203,190,下野クリニック,福岡市中央区
R7,40,福岡県,4001,福岡・糸島,R7-4001-204,4001福岡県福岡・糸島,204,191,医療法人堺整形外科医院 さかい内科クリニック,福岡市南区
R7,40,福岡県,4001,福岡・糸島,R7-4001-205,4001福岡県福岡・糸島,205,192,医療法人才全会 伊都クリニック,糸島市
R7,40,福岡県,4001,福岡・糸島,R7-4001-206,4001福岡県福岡・糸島,206,193,医療法人江森医院,福岡市東区
R7,40,福岡県,4001,福岡・糸島,R7-4001-207,4001福岡県福岡・糸島,207,194,医療法人下村小児科医院,福岡市西区
R7,40,福岡県,4001,福岡・糸島,R7-4001-208,4001福岡県福岡・糸島,208,195,医療法人 つのだ泌尿器科医院,福岡市城南区
R7,40,福岡県,4001,福岡・糸島,R7-4001-209,4001福岡県福岡・糸島,209,196,医療法人土器医院,福岡市東区
R7,40,福岡県,4001,福岡・糸島,R7-4001-210,4001福岡県福岡・糸島,210,197,医療法人 植山小児科医院,福岡市東区
R7,40,福岡県,4001,福岡・糸島,R7-4001-211,4001福岡県福岡・糸島,211,198,医療法人後藤クリニック,福岡市中央区
R7,40,福岡県,4001,福岡・糸島,R7-4001-212,4001福岡県福岡・糸島,212,199,医療法人高橋医院 大平寺の森クリニック,福岡市南区
R7,40,福岡県,4001,福岡・糸島,R7-4001-213,4001福岡県福岡・糸島,213,200,医療法人尚生会 松口胃腸科・外科医院,福岡市西区
R7,40,福岡県,4001,福岡・糸島,R7-4001-214,4001福岡県福岡・糸島,214,201,医療法人 市田胃腸クリニック,福岡市城南区
R7,40,福岡県,4001,福岡・糸島,R7-4001-215,4001福岡県福岡・糸島,215,202,医療法人コロプロクリニック,福岡市城南区
R7,40,福岡県,4001,福岡・糸島,R7-4001-216,4001福岡県福岡・糸島,216,203,華笑クリニック,福岡市南区
R7,40,福岡県,4001,福岡・糸島,R7-4001-217,4001福岡県福岡・糸島,217,204,医療法人くろかわみちこ小児科クリニック,福岡市南区
R7,40,福岡県,4001,福岡・糸島,R7-4001-218,4001福岡県福岡・糸島,218,205,医療法人輝松会 まつお内科クリニック,福岡市西区
R7,40,福岡県,4001,福岡・糸島,R7-4001-219,4001福岡県福岡・糸島,219,206,西南泌尿器科クリニック,福岡市城南区
R7,40,福岡県,4001,福岡・糸島,R7-4001-220,4001福岡県福岡・糸島,220,207,清川歯科口腔外科クリニック,福岡市早良区
R7,40,福岡県,4001,福岡・糸島,R7-4001-221,4001福岡県福岡・糸島,221,208,医療法人SSC香椎耳鼻咽喉科,福岡市東区
R7,40,福岡県,4001,福岡・糸島,R7-4001-222,4001福岡県福岡・糸島,222,209,医療法人南谷レディースクリニック,福岡市西区
R7,40,福岡県,4001,福岡・糸島,R7-4001-223,4001福岡県福岡・糸島,223,210,医療法人 太田脳神経外科医院,糸島市
R7,40,福岡県,4001,福岡・糸島,R7-4001-224,4001福岡県福岡・糸島,224,211,医療法人福生会 フクヨ内科医院,糸島市
R7,40,福岡県,4001,福岡・糸島,R7-4001-225,4001福岡県福岡・糸島,225,212,医療法人SSC赤坂耳鼻咽喉科,福岡市中央区
R7,40,福岡県,4001,福岡・糸島,R7-4001-226,4001福岡県福岡・糸島,226,213,医療法人社団照和会 西岡病院,
R7,40,福岡県,4001,福岡・糸島,R7-4001-227,4001福岡県福岡・糸島,227,214,医療法人社団瑞月会　福岡みつき病院,
R7,40,福岡県,4001,福岡・糸島,R7-4001-228,4001福岡県福岡・糸島,228,215,医療法人 相生会 博多クリニック,
R7,40,福岡県,4001,福岡・糸島,R7-4001-229,4001福岡県福岡・糸島,229,216,医療法人さのウィメンズクリニック,
R7,40,福岡県,4001,福岡・糸島,R7-4001-230,4001福岡県福岡・糸島,230,217,中央歯科・口腔外科クリニック,
R7,40,福岡県,4001,福岡・糸島,R7-4001-231,4001福岡県福岡・糸島,231,218,医療法人 光安整形外科,
R7,40,福岡県,4001,福岡・糸島,R7-4001-232,4001福岡県福岡・糸島,232,219,医療法人 貴愛会 分山眼科医院,
R7,40,福岡県,4001,福岡・糸島,R7-4001-233,4001福岡県福岡・糸島,233,220,医療法人ＭＡＬＣ松口レディースクリニック,
R7,40,福岡県,4001,福岡・糸島,R7-4001-234,4001福岡県福岡・糸島,234,221,宮内内科循環器科,
R7,40,福岡県,4001,福岡・糸島,R7-4001-235,4001福岡県福岡・糸島,235,222,医療法人由布整形外科医院,
R7,40,福岡県,4002,粕屋,R7-4002-14,4002福岡県粕屋,14,1,独立行政法人国立病院機構福岡東医療センター,古賀市
R7,40,福岡県,4002,粕屋,R7-4002-15,4002福岡県粕屋,15,2,北九州古賀病院,古賀市
R7,40,福岡県,4002,粕屋,R7-4002-16,4002福岡県粕屋,16,3,社会医療法人北九州病院 北九州若杉病院,篠栗町
R7,40,福岡県,4002,粕屋,R7-4002-17,4002福岡県粕屋,17,4,福岡青洲会病院,粕屋町
R7,40,福岡県,4002,粕屋,R7-4002-18,4002福岡県粕屋,18,5,医療法人社団廣徳会 岡部病院,宇美町
R7,40,福岡県,4002,粕屋,R7-4002-19,4002福岡県粕屋,19,6,医療法人みなみ粕屋南病院,宇美町
R7,40,福岡県,4002,粕屋,R7-4002-20,4002福岡県粕屋,20,7,医療法人井上会篠栗病院,篠栗町
R7,40,福岡県,4002,粕屋,R7-4002-21,4002福岡県粕屋,21,8,栄光病院,志免町
R7,40,福岡県,4002,粕屋,R7-4002-22,4002福岡県粕屋,22,9,泯江堂三野原病院,篠栗町
R7,40,福岡県,4002,粕屋,R7-4002-23,4002福岡県粕屋,23,10,社会保険仲原病院,志免町
R7,40,福岡県,4002,粕屋,R7-4002-24,4002福岡県粕屋,24,11,医療法人成雅会 泰平病院,須恵町
R7,40,福岡県,4002,粕屋,R7-4002-25,4002福岡県粕屋,25,12,福岡聖恵病院,古賀市
R7,40,福岡県,4002,粕屋,R7-4002-26,4002福岡県粕屋,26,13,久山療育園重症児者医療療育センター,久山町
R7,40,福岡県,4002,粕屋,R7-4002-27,4002福岡県粕屋,27,14,医療法人社団正信会水戸病院,須恵町
R7,40,福岡県,4002,粕屋,R7-4002-28,4002福岡県粕屋,28,15,医療法人社団愛和会古賀中央病院,古賀市
R7,40,福岡県,4002,粕屋,R7-4002-29,4002福岡県粕屋,29,16,医療法人社団日晴会久恒病院,志免町
R7,40,福岡県,4002,粕屋,R7-4002-30,4002福岡県粕屋,30,17,片井整形外科・内科病院,粕屋町
R7,40,福岡県,4002,粕屋,R7-4002-31,4002福岡県粕屋,31,18,うえの病院,志免町
R7,40,福岡県,4002,粕屋,R7-4002-32,4002福岡県粕屋,32,19,医療法人社団三誠会 ひまわり病院,粕屋町
R7,40,福岡県,4002,粕屋,R7-4002-33,4002福岡県粕屋,33,20,医療法人社団　愛和会　産科・婦人科　愛和病院,古賀市
R7,40,福岡県,4002,粕屋,R7-4002-34,4002福岡県粕屋,34,21,医療法人豊資会加野病院,新宮町
R7,40,福岡県,4002,粕屋,R7-4002-35,4002福岡県粕屋,35,22,福岡県こども療育センター新光園,新宮町
R7,40,福岡県,4002,粕屋,R7-4002-36,4002福岡県粕屋,36,23,河野粕屋病院,宇美町
R7,40,福岡県,4002,粕屋,R7-4002-37,4002福岡県粕屋,37,24,医療法人 亀山整形外科医院,古賀市
R7,40,福岡県,4002,粕屋,R7-4002-38,4002福岡県粕屋,38,25,医療法人 Ｙ＆Ｋ かい整形外科医院,古賀市
R7,40,福岡県,4002,粕屋,R7-4002-39,4002福岡県粕屋,39,26,医療法人養真堂 産婦人科筑紫クリニック,志免町
R7,40,福岡県,4002,粕屋,R7-4002-40,4002福岡県粕屋,40,27,医療法人 須恵外科胃腸科医院,須恵町
R7,40,福岡県,4002,粕屋,R7-4002-41,4002福岡県粕屋,41,28,医療法人豊民会新宮整形外科医院,新宮町
R7,40,福岡県,4002,粕屋,R7-4002-42,4002福岡県粕屋,42,29,医療法人成松循環器科医院,新宮町
R7,40,福岡県,4002,粕屋,R7-4002-43,4002福岡県粕屋,43,30,医療法人中山内科胃腸科医院,古賀市
R7,40,福岡県,4002,粕屋,R7-4002-44,4002福岡県粕屋,44,31,ゆいレディースクリニック,粕屋町
R7,40,福岡県,4002,粕屋,R7-4002-45,4002福岡県粕屋,45,32,医療法人 道生会 山崎産婦人科小児科医院,宇美町
R7,40,福岡県,4002,粕屋,R7-4002-46,4002福岡県粕屋,46,33,権丈産婦人科医院,志免町
R7,40,福岡県,4002,粕屋,R7-4002-47,4002福岡県粕屋,47,34,藤産婦人科医院,篠栗町
R7,40,福岡県,4002,粕屋,R7-4002-48,4002福岡県粕屋,48,35,医療法人原外科医院,新宮町
R7,40,福岡県,4002,粕屋,R7-4002-49,4002福岡県粕屋,49,36,医療法人志方医院,久山町
R7,40,福岡県,4002,粕屋,R7-4002-50,4002福岡県粕屋,50,37,尾石内科消化器科医院,粕屋町
R7,40,福岡県,4002,粕屋,R7-4002-51,4002福岡県粕屋,51,38,医療法人ワイ・エム・エス八尋整形外科医院,
R7,40,福岡県,4002,粕屋,R7-4002-52,4002福岡県粕屋,52,39,産科・婦人科杉原レディースクリニック,
R7,40,福岡県,4003,宗像,R7-4003-14,4003福岡県宗像,14,1,宗像水光会 総合病院,福津市
R7,40,福岡県,4003,宗像,R7-4003-15,4003福岡県宗像,15,2,北九州宗像中央病院,宗像市
R7,40,福岡県,4003,宗像,R7-4003-16,4003福岡県宗像,16,3,宗像医師会病院,宗像市
R7,40,福岡県,4003,宗像,R7-4003-17,4003福岡県宗像,17,4,宮城病院,福津市
R7,40,福岡県,4003,宗像,R7-4003-18,4003福岡県宗像,18,5,蜂須賀病院,宗像市
R7,40,福岡県,4003,宗像,R7-4003-19,4003福岡県宗像,19,6,医療法人光洋会 赤間病院,宗像市
R7,40,福岡県,4003,宗像,R7-4003-20,4003福岡県宗像,20,7,摩利支病院,宗像市
R7,40,福岡県,4003,宗像,R7-4003-21,4003福岡県宗像,21,8,森都病院,宗像市
R7,40,福岡県,4003,宗像,R7-4003-22,4003福岡県宗像,22,9,東福間病院,福津市
R7,40,福岡県,4003,宗像,R7-4003-23,4003福岡県宗像,23,10,医療法人静かな海の会 津屋崎中央病院,福津市
R7,40,福岡県,4003,宗像,R7-4003-24,4003福岡県宗像,24,11,東郷外科医院,宗像市
R7,40,福岡県,4003,宗像,R7-4003-25,4003福岡県宗像,25,12,林外科・内科クリニック,宗像市
R7,40,福岡県,4003,宗像,R7-4003-26,4003福岡県宗像,26,13,医療法人社団春陽会渡邉整形外科医院,宗像市
R7,40,福岡県,4003,宗像,R7-4003-27,4003福岡県宗像,27,14,医療法人寛晴会 上田医院,福津市
R7,40,福岡県,4003,宗像,R7-4003-28,4003福岡県宗像,28,15,医療法人宗隆会上妻整形外科医院,福津市
R7,40,福岡県,4003,宗像,R7-4003-29,4003福岡県宗像,29,16,医療法人荒牧整形外科医院,福津市
R7,40,福岡県,4003,宗像,R7-4003-30,4003福岡県宗像,30,17,医療法人福間諏訪クリニック,福津市
R7,40,福岡県,4003,宗像,R7-4003-31,4003福岡県宗像,31,18,医療法人宗像セントラルクリニック,宗像市
R7,40,福岡県,4003,宗像,R7-4003-32,4003福岡県宗像,32,19,あさの葉レディースクリニック,宗像市
R7,40,福岡県,4003,宗像,R7-4003-33,4003福岡県宗像,33,20,石田レディースクリニック,福津市
R7,40,福岡県,4003,宗像,R7-4003-34,4003福岡県宗像,34,21,医療法人ふじい眼科クリニック,宗像市
R7,40,福岡県,4003,宗像,R7-4003-35,4003福岡県宗像,35,22,医療法人日の里クリニック,
R7,40,福岡県,4004,筑紫,R7-4004-14,4004福岡県筑紫,14,1,医療法人徳洲会福岡徳洲会病院,春日市
R7,40,福岡県,4004,筑紫,R7-4004-15,4004福岡県筑紫,15,2,福岡大学筑紫病院,筑紫野市
R7,40,福岡県,4004,筑紫,R7-4004-16,4004福岡県筑紫,16,3,福岡県済生会二日市病院,筑紫野市
R7,40,福岡県,4004,筑紫,R7-4004-17,4004福岡県筑紫,17,4,医療法人芙蓉会筑紫南ヶ丘病院,大野城市
R7,40,福岡県,4004,筑紫,R7-4004-18,4004福岡県筑紫,18,5,特定医療法人社団三光会誠愛リハビリテーション病院,大野城市
R7,40,福岡県,4004,筑紫,R7-4004-19,4004福岡県筑紫,19,6,医療法人つくし会病院,大野城市
R7,40,福岡県,4004,筑紫,R7-4004-20,4004福岡県筑紫,20,7,自衛隊福岡病院,春日市
R7,40,福岡県,4004,筑紫,R7-4004-21,4004福岡県筑紫,21,8,医療法人 小西第一病院,筑紫野市
R7,40,福岡県,4004,筑紫,R7-4004-22,4004福岡県筑紫,22,9,水城病院,太宰府市
R7,40,福岡県,4004,筑紫,R7-4004-23,4004福岡県筑紫,23,10,街のひかり病院　ハピタル,大野城市
R7,40,福岡県,4004,筑紫,R7-4004-24,4004福岡県筑紫,24,11,医療法人文佑会 原病院,大野城市
R7,40,福岡県,4004,筑紫,R7-4004-25,4004福岡県筑紫,25,12,社会医療法人　喜悦会　ちくし那珂川病院,那珂川市
R7,40,福岡県,4004,筑紫,R7-4004-26,4004福岡県筑紫,26,13,医療法人文杏堂杉病院,筑紫野市
R7,40,福岡県,4004,筑紫,R7-4004-27,4004福岡県筑紫,27,14,医療法人春成会 樋口病院,春日市
R7,40,福岡県,4004,筑紫,R7-4004-28,4004福岡県筑紫,28,15,石津病院,春日市
R7,40,福岡県,4004,筑紫,R7-4004-29,4004福岡県筑紫,29,16,医療法人鵬志会 別府病院,太宰府市
R7,40,福岡県,4004,筑紫,R7-4004-30,4004福岡県筑紫,30,17,医療法人正明会 諸岡整形外科病院,那珂川市
R7,40,福岡県,4004,筑紫,R7-4004-31,4004福岡県筑紫,31,18,医療法人徳洲会 二日市徳洲会病院,筑紫野市
R7,40,福岡県,4004,筑紫,R7-4004-32,4004福岡県筑紫,32,19,医療法人恵山会 丸山病院,太宰府市
R7,40,福岡県,4004,筑紫,R7-4004-33,4004福岡県筑紫,33,20,渡辺病院,春日市
R7,40,福岡県,4004,筑紫,R7-4004-34,4004福岡県筑紫,34,21,社会医療法人 喜悦会 二日市那珂川病院,筑紫野市
R7,40,福岡県,4004,筑紫,R7-4004-35,4004福岡県筑紫,35,22,高山病院,筑紫野市
R7,40,福岡県,4004,筑紫,R7-4004-36,4004福岡県筑紫,36,23,医療法人同仁会乙金病院,大野城市
R7,40,福岡県,4004,筑紫,R7-4004-37,4004福岡県筑紫,37,24,医療法人十全会十おおりん病院,大野城市
R7,40,福岡県,4004,筑紫,R7-4004-38,4004福岡県筑紫,38,25,医療法人燦宗会どい内科クリニック,筑紫野市
R7,40,福岡県,4004,筑紫,R7-4004-39,4004福岡県筑紫,39,26,医療法人エンジェル会 永川産婦人科医院,筑紫野市
R7,40,福岡県,4004,筑紫,R7-4004-40,4004福岡県筑紫,40,27,医療法人北城整形外科医院,筑紫野市
R7,40,福岡県,4004,筑紫,R7-4004-41,4004福岡県筑紫,41,28,医療法人マインド伊原春日クリニック,春日市
R7,40,福岡県,4004,筑紫,R7-4004-42,4004福岡県筑紫,42,29,医療法人いわみ肛門クリニック,春日市
R7,40,福岡県,4004,筑紫,R7-4004-43,4004福岡県筑紫,43,30,医療法人天信会 あまがせ産婦人科,大野城市
R7,40,福岡県,4004,筑紫,R7-4004-44,4004福岡県筑紫,44,31,医療法人岩﨑外科胃腸科医院,太宰府市
R7,40,福岡県,4004,筑紫,R7-4004-45,4004福岡県筑紫,45,32,医療法人 あきよし外科胃腸科医院,太宰府市
R7,40,福岡県,4004,筑紫,R7-4004-46,4004福岡県筑紫,46,33,こが整形外科クリニック,太宰府市
R7,40,福岡県,4004,筑紫,R7-4004-47,4004福岡県筑紫,47,34,医療法人光宝 島本脳神経外科,太宰府市
R7,40,福岡県,4004,筑紫,R7-4004-48,4004福岡県筑紫,48,35,医療法人西川整形外科医院,太宰府市
R7,40,福岡県,4004,筑紫,R7-4004-49,4004福岡県筑紫,49,36,医療法人健成会 鹿子生整形外科医院,太宰府市
R7,40,福岡県,4004,筑紫,R7-4004-50,4004福岡県筑紫,50,37,医療法人竹田胃腸科外科医院,那珂川市
R7,40,福岡県,4004,筑紫,R7-4004-51,4004福岡県筑紫,51,38,医療法人光竹会 ごう脳神経外科クリニック,那珂川市
R7,40,福岡県,4004,筑紫,R7-4004-52,4004福岡県筑紫,52,39,医療法人　祐志会　中村整形外科医院,春日市
R7,40,福岡県,4004,筑紫,R7-4004-53,4004福岡県筑紫,53,40,医療法人城野産婦人科クリニック,春日市
R7,40,福岡県,4004,筑紫,R7-4004-54,4004福岡県筑紫,54,41,マミーズクリニックルナ,那珂川市
R7,40,福岡県,4004,筑紫,R7-4004-55,4004福岡県筑紫,55,42,医療法人西本内科医院,筑紫野市
R7,40,福岡県,4004,筑紫,R7-4004-56,4004福岡県筑紫,56,43,医療法人正明会 諸岡整形外科クリニック,那珂川市
R7,40,福岡県,4004,筑紫,R7-4004-57,4004福岡県筑紫,57,44,早瀬川医院,筑紫野市
R7,40,福岡県,4005,朝倉,R7-4005-14,4005福岡県朝倉,14,1,朝倉医師会病院,朝倉市
R7,40,福岡県,4005,朝倉,R7-4005-15,4005福岡県朝倉,15,2,甘木中央病院,朝倉市
R7,40,福岡県,4005,朝倉,R7-4005-16,4005福岡県朝倉,16,3,医療法人日新会 稲永病院,筑前町
R7,40,福岡県,4005,朝倉,R7-4005-17,4005福岡県朝倉,17,4,医療法人社団医王会 朝倉健生病院,朝倉市
R7,40,福岡県,4005,朝倉,R7-4005-18,4005福岡県朝倉,18,5,太刀洗病院,筑前町
R7,40,福岡県,4005,朝倉,R7-4005-19,4005福岡県朝倉,19,6,医療法人かつき会 香月病院,朝倉市
R7,40,福岡県,4005,朝倉,R7-4005-20,4005福岡県朝倉,20,7,クリニックコスモ,朝倉市
R7,40,福岡県,4005,朝倉,R7-4005-21,4005福岡県朝倉,21,8,森山内科,朝倉市
R7,40,福岡県,4005,朝倉,R7-4005-22,4005福岡県朝倉,22,9,富田産婦人科医院,朝倉市
R7,40,福岡県,4005,朝倉,R7-4005-23,4005福岡県朝倉,23,10,福嶋眼科医院,朝倉市
R7,40,福岡県,4005,朝倉,R7-4005-24,4005福岡県朝倉,24,11,栗林皮膚泌尿器科医院,朝倉市
R7,40,福岡県,4006,久留米,R7-4006-14,4006福岡県久留米,14,1,社会医療法人雪の聖母会聖マリア病院,久留米市
R7,40,福岡県,4006,久留米,R7-4006-15,4006福岡県久留米,15,2,久留米大学病院,久留米市
R7,40,福岡県,4006,久留米,R7-4006-16,4006福岡県久留米,16,3,医療法人 社団高邦会 高木病院,大川市
R7,40,福岡県,4006,久留米,R7-4006-17,4006福岡県久留米,17,4,社会医療法人天神会新古賀病院,久留米市
R7,40,福岡県,4006,久留米,R7-4006-18,4006福岡県久留米,18,5,久留米大学医療センター,久留米市
R7,40,福岡県,4006,久留米,R7-4006-19,4006福岡県久留米,19,6,医療法人聖峰会田主丸中央病院,久留米市
R7,40,福岡県,4006,久留米,R7-4006-20,4006福岡県久留米,20,7,聖マリアヘルスケアセンター,久留米市
R7,40,福岡県,4006,久留米,R7-4006-21,4006福岡県久留米,21,8,社会医療法人天神会　古賀病院２１,久留米市
R7,40,福岡県,4006,久留米,R7-4006-22,4006福岡県久留米,22,9,独立行政法人地域医療機能推進機構 久留米総合病院,久留米市
R7,40,福岡県,4006,久留米,R7-4006-23,4006福岡県久留米,23,10,聖和記念病院,小郡市
R7,40,福岡県,4006,久留米,R7-4006-24,4006福岡県久留米,24,11,医療法人日新会 久留米記念病院,久留米市
R7,40,福岡県,4006,久留米,R7-4006-25,4006福岡県久留米,25,12,ゆうかり医療療育センター,久留米市
R7,40,福岡県,4006,久留米,R7-4006-26,4006福岡県久留米,26,13,嶋田病院,小郡市
R7,40,福岡県,4006,久留米,R7-4006-27,4006福岡県久留米,27,14,社会医療法人　天神会　新古賀リハビリテーション病院みらい,小郡市
R7,40,福岡県,4006,久留米,R7-4006-28,4006福岡県久留米,28,15,医療法人福岡桜十字　花畑病院,久留米市
R7,40,福岡県,4006,久留米,R7-4006-29,4006福岡県久留米,29,16,久留米リハビリテーション病院,久留米市
R7,40,福岡県,4006,久留米,R7-4006-30,4006福岡県久留米,30,17,医療福祉センター聖ヨゼフ園,大刀洗町
R7,40,福岡県,4006,久留米,R7-4006-31,4006福岡県久留米,31,18,みずま高邦会病院,大木町
R7,40,福岡県,4006,久留米,R7-4006-32,4006福岡県久留米,32,19,医療法人 福田病院,大川市
R7,40,福岡県,4006,久留米,R7-4006-33,4006福岡県久留米,33,20,医療法人社団聖風園 半井病院,久留米市
R7,40,福岡県,4006,久留米,R7-4006-34,4006福岡県久留米,34,21,新古賀南病院,久留米市
R7,40,福岡県,4006,久留米,R7-4006-35,4006福岡県久留米,35,22,神代病院,久留米市
R7,40,福岡県,4006,久留米,R7-4006-36,4006福岡県久留米,36,23,高良台リハビリテーション病院,久留米市
R7,40,福岡県,4006,久留米,R7-4006-37,4006福岡県久留米,37,24,安本病院,久留米市
R7,40,福岡県,4006,久留米,R7-4006-38,4006福岡県久留米,38,25,筑後川温泉病院,うきは市
R7,40,福岡県,4006,久留米,R7-4006-39,4006福岡県久留米,39,26,医療法人松風海 内藤病院,久留米市
R7,40,福岡県,4006,久留米,R7-4006-40,4006福岡県久留米,40,27,くるめ病院,久留米市
R7,40,福岡県,4006,久留米,R7-4006-41,4006福岡県久留米,41,28,医療法人協和病院,小郡市
R7,40,福岡県,4006,久留米,R7-4006-42,4006福岡県久留米,42,29,医療法人原鶴温泉病院,うきは市
R7,40,福岡県,4006,久留米,R7-4006-43,4006福岡県久留米,43,30,富田病院,久留米市
R7,40,福岡県,4006,久留米,R7-4006-44,4006福岡県久留米,44,31,医療法人オアシス 福岡志恩病院,小郡市
R7,40,福岡県,4006,久留米,R7-4006-45,4006福岡県久留米,45,32,弥永協立病院,久留米市
R7,40,福岡県,4006,久留米,R7-4006-46,4006福岡県久留米,46,33,医療法人社団堀川会堀川病院,久留米市
R7,40,福岡県,4006,久留米,R7-4006-47,4006福岡県久留米,47,34,医療法人 吉村病院,久留米市
R7,40,福岡県,4006,久留米,R7-4006-48,4006福岡県久留米,48,35,医療法人海邦会 松崎記念病院,小郡市
R7,40,福岡県,4006,久留米,R7-4006-49,4006福岡県久留米,49,36,本間病院,小郡市
R7,40,福岡県,4006,久留米,R7-4006-50,4006福岡県久留米,50,37,医療法人楠病院,久留米市
R7,40,福岡県,4006,久留米,R7-4006-51,4006福岡県久留米,51,38,さがら整形外科,久留米市
R7,40,福岡県,4006,久留米,R7-4006-52,4006福岡県久留米,52,39,医療法人吉武泌尿器科医院,久留米市
R7,40,福岡県,4006,久留米,R7-4006-53,4006福岡県久留米,53,40,医療法人深川レディスクリニック,久留米市
R7,40,福岡県,4006,久留米,R7-4006-54,4006福岡県久留米,54,41,医療法人にしごおり医院,久留米市
R7,40,福岡県,4006,久留米,R7-4006-55,4006福岡県久留米,55,42,猿渡整形外科医院,久留米市
R7,40,福岡県,4006,久留米,R7-4006-56,4006福岡県久留米,56,43,医療法人松尾内科医院,久留米市
R7,40,福岡県,4006,久留米,R7-4006-57,4006福岡県久留米,57,44,村岡外科医院,久留米市
R7,40,福岡県,4006,久留米,R7-4006-58,4006福岡県久留米,58,45,医療法人矢野医院,久留米市
R7,40,福岡県,4006,久留米,R7-4006-59,4006福岡県久留米,59,46,医療法人オーエヌシー岡田脳神経外科医院,久留米市
R7,40,福岡県,4006,久留米,R7-4006-60,4006福岡県久留米,60,47,医療法人愛康内科医院,久留米市
R7,40,福岡県,4006,久留米,R7-4006-61,4006福岡県久留米,61,48,日高大腸肛門クリニック,久留米市
R7,40,福岡県,4006,久留米,R7-4006-62,4006福岡県久留米,62,49,医療法人社団いしい 大手町クリニック,久留米市
R7,40,福岡県,4006,久留米,R7-4006-63,4006福岡県久留米,63,50,ツジ胃腸内科医院,久留米市
R7,40,福岡県,4006,久留米,R7-4006-64,4006福岡県久留米,64,51,医療法人ぜんどうじ整形外科,久留米市
R7,40,福岡県,4006,久留米,R7-4006-65,4006福岡県久留米,65,52,医療法人 耳納日高整形外科医院,久留米市
R7,40,福岡県,4006,久留米,R7-4006-66,4006福岡県久留米,66,53,栗田耳鼻咽喉科,小郡市
R7,40,福岡県,4006,久留米,R7-4006-67,4006福岡県久留米,67,54,医療法人　倉岡医院,小郡市
R7,40,福岡県,4006,久留米,R7-4006-68,4006福岡県久留米,68,55,医療法人浮羽クリニック,うきは市
R7,40,福岡県,4006,久留米,R7-4006-69,4006福岡県久留米,69,56,医療法人大善寺医院,久留米市
R7,40,福岡県,4006,久留米,R7-4006-70,4006福岡県久留米,70,57,足達消化器科整形外科医院,大川市
R7,40,福岡県,4006,久留米,R7-4006-71,4006福岡県久留米,71,58,医療法人福井レディースクリニック,久留米市
R7,40,福岡県,4006,久留米,R7-4006-72,4006福岡県久留米,72,59,ひろつおなかクリニック,久留米市
R7,40,福岡県,4006,久留米,R7-4006-73,4006福岡県久留米,73,60,医療法人壽光会蒲池医院,久留米市
R7,40,福岡県,4006,久留米,R7-4006-74,4006福岡県久留米,74,61,医療法人恵清会 岡田医院,久留米市
R7,40,福岡県,4006,久留米,R7-4006-75,4006福岡県久留米,75,62,河田産婦人科,久留米市
R7,40,福岡県,4006,久留米,R7-4006-76,4006福岡県久留米,76,63,医療法人発心会井星医院,久留米市
R7,40,福岡県,4006,久留米,R7-4006-77,4006福岡県久留米,77,64,社会医療法人天神会　産科・婦人科みやじまクリニック,久留米市
R7,40,福岡県,4006,久留米,R7-4006-78,4006福岡県久留米,78,65,医療法人古賀整形外科医院,久留米市
R7,40,福岡県,4006,久留米,R7-4006-79,4006福岡県久留米,79,66,医療法人みらい今立内科クリニック,久留米市
R7,40,福岡県,4006,久留米,R7-4006-80,4006福岡県久留米,80,67,医療法人恵有会森山整形外科院,久留米市
R7,40,福岡県,4006,久留米,R7-4006-81,4006福岡県久留米,81,68,野伏間クリニック,久留米市
R7,40,福岡県,4006,久留米,R7-4006-82,4006福岡県久留米,82,69,医療法人 さとう産婦人科,小郡市
R7,40,福岡県,4006,久留米,R7-4006-83,4006福岡県久留米,83,70,とみおかレディースクリニック,久留米市
R7,40,福岡県,4006,久留米,R7-4006-84,4006福岡県久留米,84,71,産科婦人科 渡辺レディースクリニック,久留米市
R7,40,福岡県,4006,久留米,R7-4006-85,4006福岡県久留米,85,72,医療法人いづみレディスクリニック,久留米市
R7,40,福岡県,4006,久留米,R7-4006-86,4006福岡県久留米,86,73,医療法人産科婦人科宮原クリニック,久留米市
R7,40,福岡県,4006,久留米,R7-4006-87,4006福岡県久留米,87,74,医療法人誠一会 上野医院,久留米市
R7,40,福岡県,4006,久留米,R7-4006-88,4006福岡県久留米,88,75,医療法人山下泌尿器科医院,小郡市
R7,40,福岡県,4006,久留米,R7-4006-89,4006福岡県久留米,89,76,医療法人くわの眼科医院,小郡市
R7,40,福岡県,4006,久留米,R7-4006-90,4006福岡県久留米,90,77,医療法人松隈産婦人科クリニック,小郡市
R7,40,福岡県,4006,久留米,R7-4006-91,4006福岡県久留米,91,78,医療法人 平田外科診療所,うきは市
R7,40,福岡県,4006,久留米,R7-4006-92,4006福岡県久留米,92,79,医療法人孝友会 槇眼科医院,久留米市
R7,40,福岡県,4006,久留米,R7-4006-93,4006福岡県久留米,93,80,医療法人春龍会 橋本眼科医院,小郡市
R7,40,福岡県,4006,久留米,R7-4006-94,4006福岡県久留米,94,81,(医)中村眼科医院,大川市
R7,40,福岡県,4006,久留米,R7-4006-95,4006福岡県久留米,95,82,古賀医院,久留米市
R7,40,福岡県,4006,久留米,R7-4006-96,4006福岡県久留米,96,83,林眼科医院,久留米市
R7,40,福岡県,4006,久留米,R7-4006-97,4006福岡県久留米,97,84,医療法人末田眼科,久留米市
R7,40,福岡県,4006,久留米,R7-4006-98,4006福岡県久留米,98,85,医療法人蔦の会 たなか病院,久留米市
R7,40,福岡県,4006,久留米,R7-4006-99,4006福岡県久留米,99,86,久留米中央病院,
R7,40,福岡県,4006,久留米,R7-4006-100,4006福岡県久留米,100,87,医療法人北野三清会石田医院,
R7,40,福岡県,4006,久留米,R7-4006-101,4006福岡県久留米,101,88,出口外科胃腸科医院,
R7,40,福岡県,4006,久留米,R7-4006-102,4006福岡県久留米,102,89,医療法人井上眼科医院,
R7,40,福岡県,4007,八女・筑後,R7-4007-14,4007福岡県八女・筑後,14,1,公立八女総合病院,八女市
R7,40,福岡県,4007,八女・筑後,R7-4007-15,4007福岡県八女・筑後,15,2,医療法人社団慶仁会 川崎病院,八女市
R7,40,福岡県,4007,八女・筑後,R7-4007-16,4007福岡県八女・筑後,16,3,医療法人 広川病院,広川町
R7,40,福岡県,4007,八女・筑後,R7-4007-17,4007福岡県八女・筑後,17,4,地方独立行政法人筑後市立病院,筑後市
R7,40,福岡県,4007,八女・筑後,R7-4007-18,4007福岡県八女・筑後,18,5,八女リハビリ病院,八女市
R7,40,福岡県,4007,八女・筑後,R7-4007-19,4007福岡県八女・筑後,19,6,耳納高原病院,八女市
R7,40,福岡県,4007,八女・筑後,R7-4007-20,4007福岡県八女・筑後,20,7,姫野病院,広川町
R7,40,福岡県,4007,八女・筑後,R7-4007-21,4007福岡県八女・筑後,21,8,柳病院,八女市
R7,40,福岡県,4007,八女・筑後,R7-4007-22,4007福岡県八女・筑後,22,9,医療法人八女健朋会 八媛病院,八女市
R7,40,福岡県,4007,八女・筑後,R7-4007-23,4007福岡県八女・筑後,23,10,医療法人繁桜会　馬場病院,広川町
R7,40,福岡県,4007,八女・筑後,R7-4007-24,4007福岡県八女・筑後,24,11,横田病院,広川町
R7,40,福岡県,4007,八女・筑後,R7-4007-25,4007福岡県八女・筑後,25,12,医療法人清友会 植田病院,筑後市
R7,40,福岡県,4007,八女・筑後,R7-4007-26,4007福岡県八女・筑後,26,13,みどりの杜病院,八女市
R7,40,福岡県,4007,八女・筑後,R7-4007-27,4007福岡県八女・筑後,27,14,医療法人正慈会 草場内科循環器科医院,八女市
R7,40,福岡県,4007,八女・筑後,R7-4007-28,4007福岡県八女・筑後,28,15,江本ニーアンドスポーツクリニック,広川町
R7,40,福岡県,4007,八女・筑後,R7-4007-29,4007福岡県八女・筑後,29,16,藤本産婦人科小児科,八女市
R7,40,福岡県,4007,八女・筑後,R7-4007-30,4007福岡県八女・筑後,30,17,医療法人慈母会 池田レディスクリニック,八女市
R7,40,福岡県,4007,八女・筑後,R7-4007-31,4007福岡県八女・筑後,31,18,医療法人チクゴ医院,筑後市
R7,40,福岡県,4007,八女・筑後,R7-4007-32,4007福岡県八女・筑後,32,19,小林レディースクリニック,筑後市
R7,40,福岡県,4007,八女・筑後,R7-4007-33,4007福岡県八女・筑後,33,20,原医院,八女市
R7,40,福岡県,4007,八女・筑後,R7-4007-34,4007福岡県八女・筑後,34,21,医療法人おおた胃腸科Ｓクリニック,筑後市
R7,40,福岡県,4007,八女・筑後,R7-4007-35,4007福岡県八女・筑後,35,22,医療法人中村クリニック,筑後市
R7,40,福岡県,4008,有明,R7-4008-14,4008福岡県有明,14,1,社会保険大牟田天領病院,大牟田市
R7,40,福岡県,4008,有明,R7-4008-15,4008福岡県有明,15,2,独立行政法人国立病院機構大牟田病院,大牟田市
R7,40,福岡県,4008,有明,R7-4008-16,4008福岡県有明,16,3,大牟田中央病院,大牟田市
R7,40,福岡県,4008,有明,R7-4008-17,4008福岡県有明,17,4,大牟田市立病院,大牟田市
R7,40,福岡県,4008,有明,R7-4008-18,4008福岡県有明,18,5,柳川リハビリテーション病院,柳川市
R7,40,福岡県,4008,有明,R7-4008-19,4008福岡県有明,19,6,米の山病院,大牟田市
R7,40,福岡県,4008,有明,R7-4008-20,4008福岡県有明,20,7,ヨコクラ病院,みやま市
R7,40,福岡県,4008,有明,R7-4008-21,4008福岡県有明,21,8,長田病院,柳川市
R7,40,福岡県,4008,有明,R7-4008-22,4008福岡県有明,22,9,医療法人くさかべ病院,大牟田市
R7,40,福岡県,4008,有明,R7-4008-23,4008福岡県有明,23,10,医療法人静光園白川病院,大牟田市
R7,40,福岡県,4008,有明,R7-4008-24,4008福岡県有明,24,11,福岡県済生会大牟田病院,大牟田市
R7,40,福岡県,4008,有明,R7-4008-25,4008福岡県有明,25,12,南大牟田病院,大牟田市
R7,40,福岡県,4008,有明,R7-4008-26,4008福岡県有明,26,13,一般財団法人医療・介護・教育研究財団柳川病院,柳川市
R7,40,福岡県,4008,有明,R7-4008-27,4008福岡県有明,27,14,みさき病院,大牟田市
R7,40,福岡県,4008,有明,R7-4008-28,4008福岡県有明,28,15,医療法人恒生堂永田整形外科病院,大牟田市
R7,40,福岡県,4008,有明,R7-4008-29,4008福岡県有明,29,16,柳川療育センター,柳川市
R7,40,福岡県,4008,有明,R7-4008-30,4008福岡県有明,30,17,医療法人悠久会 大牟田共立病院,大牟田市
R7,40,福岡県,4008,有明,R7-4008-31,4008福岡県有明,31,18,杉循環器科内科病院,大牟田市
R7,40,福岡県,4008,有明,R7-4008-32,4008福岡県有明,32,19,医療法人けんこう兼行病院,大牟田市
R7,40,福岡県,4008,有明,R7-4008-33,4008福岡県有明,33,20,菅原病院,大牟田市
R7,40,福岡県,4008,有明,R7-4008-34,4008福岡県有明,34,21,医療法人完光会 今野病院,大牟田市
R7,40,福岡県,4008,有明,R7-4008-35,4008福岡県有明,35,22,医療法人 金子病院,柳川市
R7,40,福岡県,4008,有明,R7-4008-36,4008福岡県有明,36,23,医療法人冨松記念会 三池病院,大牟田市
R7,40,福岡県,4008,有明,R7-4008-37,4008福岡県有明,37,24,医療法人春日医院,大牟田市
R7,40,福岡県,4008,有明,R7-4008-38,4008福岡県有明,38,25,医療法人山下医院,大牟田市
R7,40,福岡県,4008,有明,R7-4008-39,4008福岡県有明,39,26,医療法人メディカルキューブ平井外科産婦人科,大牟田市
R7,40,福岡県,4008,有明,R7-4008-40,4008福岡県有明,40,27,落合脳神経外科医院,大牟田市
R7,40,福岡県,4008,有明,R7-4008-41,4008福岡県有明,41,28,医療法人サンライズメディカル　重藤内科・外科,大牟田市
R7,40,福岡県,4008,有明,R7-4008-42,4008福岡県有明,42,29,医療法人村尾産婦人科クリニック,大牟田市
R7,40,福岡県,4008,有明,R7-4008-43,4008福岡県有明,43,30,医療法人藤本整形外科医院,大牟田市
R7,40,福岡県,4008,有明,R7-4008-44,4008福岡県有明,44,31,（医）睦月会 堀整形外科麻酔科クリニック,大牟田市
R7,40,福岡県,4008,有明,R7-4008-45,4008福岡県有明,45,32,医療法人津留医院,柳川市
R7,40,福岡県,4008,有明,R7-4008-46,4008福岡県有明,46,33,医療法人柳川滋恵会 甲斐田医院,柳川市
R7,40,福岡県,4008,有明,R7-4008-47,4008福岡県有明,47,34,江頭整形外科医院,柳川市
R7,40,福岡県,4008,有明,R7-4008-48,4008福岡県有明,48,35,医療法人石橋整形外科医院,大牟田市
R7,40,福岡県,4008,有明,R7-4008-49,4008福岡県有明,49,36,医療法人 回生会 立花レディースクリニック,柳川市
R7,40,福岡県,4008,有明,R7-4008-50,4008福岡県有明,50,37,医療法人前原整形外科・リハビリクリニック,みやま市
R7,40,福岡県,4008,有明,R7-4008-51,4008福岡県有明,51,38,医療法人慶潤会坂本内科医院,大牟田市
R7,40,福岡県,4008,有明,R7-4008-52,4008福岡県有明,52,39,医療法人誠和会　河野レディースクリニック,大牟田市
R7,40,福岡県,4008,有明,R7-4008-53,4008福岡県有明,53,40,医療法人 江の浦医院,みやま市
R7,40,福岡県,4008,有明,R7-4008-54,4008福岡県有明,54,41,医療法人ＳＳＣ坂口医院,大牟田市
R7,40,福岡県,4008,有明,R7-4008-55,4008福岡県有明,55,42,医療法人石橋眼科医院,みやま市
R7,40,福岡県,4008,有明,R7-4008-56,4008福岡県有明,56,43,医療法人 吉田クリニック,大牟田市
R7,40,福岡県,4008,有明,R7-4008-57,4008福岡県有明,57,44,医療法人塩谷眼科医院,大牟田市
R7,40,福岡県,4008,有明,R7-4008-58,4008福岡県有明,58,45,医療法人龍眼科,柳川市
R7,40,福岡県,4008,有明,R7-4008-59,4008福岡県有明,59,46,医療法人飯田クリニック,大牟田市
R7,40,福岡県,4009,飯塚,R7-4009-14,4009福岡県飯塚,14,1,飯塚病院,飯塚市
R7,40,福岡県,4009,飯塚,R7-4009-15,4009福岡県飯塚,15,2,飯塚市立病院,飯塚市
R7,40,福岡県,4009,飯塚,R7-4009-16,4009福岡県飯塚,16,3,社会福祉法人恩賜財団済生会支部　福岡県済生会飯塚嘉穂病院,飯塚市
R7,40,福岡県,4009,飯塚,R7-4009-17,4009福岡県飯塚,17,4,独立行政法人労働者健康安全機構総合せき損センター,飯塚市
R7,40,福岡県,4009,飯塚,R7-4009-18,4009福岡県飯塚,18,5,社会保険稲築病院,嘉麻市
R7,40,福岡県,4009,飯塚,R7-4009-19,4009福岡県飯塚,19,6,医療法人社団親和会 共立病院,飯塚市
R7,40,福岡県,4009,飯塚,R7-4009-20,4009福岡県飯塚,20,7,嘉麻赤十字病院,嘉麻市
R7,40,福岡県,4009,飯塚,R7-4009-21,4009福岡県飯塚,21,8,医療法人博愛会 頴田病院,飯塚市
R7,40,福岡県,4009,飯塚,R7-4009-22,4009福岡県飯塚,22,9,嘉穂信和病院,桂川町
R7,40,福岡県,4009,飯塚,R7-4009-23,4009福岡県飯塚,23,10,医療法人ユ－アイ西野病院,嘉麻市
R7,40,福岡県,4009,飯塚,R7-4009-24,4009福岡県飯塚,24,11,健康リハビリテーション内田病院,嘉麻市
R7,40,福岡県,4009,飯塚,R7-4009-25,4009福岡県飯塚,25,12,医療法人仁正会 鎌田病院,嘉麻市
R7,40,福岡県,4009,飯塚,R7-4009-26,4009福岡県飯塚,26,13,社会保険二瀬病院,飯塚市
R7,40,福岡県,4009,飯塚,R7-4009-27,4009福岡県飯塚,27,14,三宅脳神経外科病院,飯塚市
R7,40,福岡県,4009,飯塚,R7-4009-28,4009福岡県飯塚,28,15,医療法人洗心会 児嶋病院,飯塚市
R7,40,福岡県,4009,飯塚,R7-4009-29,4009福岡県飯塚,29,16,医療法人 裕和会 おおやぶクリニック,飯塚市
R7,40,福岡県,4009,飯塚,R7-4009-30,4009福岡県飯塚,30,17,医療法人恵愛会 江藤外科胃腸科,飯塚市
R7,40,福岡県,4009,飯塚,R7-4009-31,4009福岡県飯塚,31,18,医療法人梶原内科医院,飯塚市
R7,40,福岡県,4009,飯塚,R7-4009-32,4009福岡県飯塚,32,19,医療法人金丸医院,嘉麻市
R7,40,福岡県,4009,飯塚,R7-4009-33,4009福岡県飯塚,33,20,大森外科医院,嘉麻市
R7,40,福岡県,4009,飯塚,R7-4009-34,4009福岡県飯塚,34,21,医療法人 平野医院,嘉麻市
R7,40,福岡県,4009,飯塚,R7-4009-35,4009福岡県飯塚,35,22,医療法人平塚医院,嘉麻市
R7,40,福岡県,4009,飯塚,R7-4009-36,4009福岡県飯塚,36,23,愛恵医院,嘉麻市
R7,40,福岡県,4009,飯塚,R7-4009-37,4009福岡県飯塚,37,24,医療法人中野医院,飯塚市
R7,40,福岡県,4009,飯塚,R7-4009-38,4009福岡県飯塚,38,25,医療法人田中クリニック,飯塚市
R7,40,福岡県,4009,飯塚,R7-4009-39,4009福岡県飯塚,39,26,有松産科婦人科ユースクリニック,嘉麻市
R7,40,福岡県,4009,飯塚,R7-4009-40,4009福岡県飯塚,40,27,なかしま内科・糖尿病・腎クリニック,飯塚市
R7,40,福岡県,4009,飯塚,R7-4009-41,4009福岡県飯塚,41,28,飯塚腎クリニック,飯塚市
R7,40,福岡県,4009,飯塚,R7-4009-42,4009福岡県飯塚,42,29,医療法人産婦人科・麻酔科すどうクリニック,飯塚市
R7,40,福岡県,4009,飯塚,R7-4009-43,4009福岡県飯塚,43,30,泌尿器科ＣＵクリニック,飯塚市
R7,40,福岡県,4009,飯塚,R7-4009-44,4009福岡県飯塚,44,31,医療法人宮嶋医院,飯塚市
R7,40,福岡県,4009,飯塚,R7-4009-45,4009福岡県飯塚,45,32,医療法人松岡産婦人科医院,飯塚市
R7,40,福岡県,4009,飯塚,R7-4009-46,4009福岡県飯塚,46,33,医療法人翁馬会　飯塚みつき病院,
R7,40,福岡県,4009,飯塚,R7-4009-47,4009福岡県飯塚,47,34,明治記念医院,
R7,40,福岡県,4010,直方・鞍手,R7-4010-14,4010福岡県直方・鞍手,14,1,地方独立行政法人くらて病院,鞍手町
R7,40,福岡県,4010,直方・鞍手,R7-4010-15,4010福岡県直方・鞍手,15,2,医療法人相生会 宮田病院,宮若市
R7,40,福岡県,4010,直方・鞍手,R7-4010-16,4010福岡県直方・鞍手,16,3,社会保険直方病院,直方市
R7,40,福岡県,4010,直方・鞍手,R7-4010-17,4010福岡県直方・鞍手,17,4,独立行政法人地域医療機能推進機構 福岡ゆたか中央病院,直方市
R7,40,福岡県,4010,直方・鞍手,R7-4010-18,4010福岡県直方・鞍手,18,5,医療法人一寿会 西尾病院,直方市
R7,40,福岡県,4010,直方・鞍手,R7-4010-19,4010福岡県直方・鞍手,19,6,医療法人安倍病院,宮若市
R7,40,福岡県,4010,直方・鞍手,R7-4010-20,4010福岡県直方・鞍手,20,7,医療法人笠松会有吉病院,宮若市
R7,40,福岡県,4010,直方・鞍手,R7-4010-21,4010福岡県直方・鞍手,21,8,小竹町立病院,小竹町
R7,40,福岡県,4010,直方・鞍手,R7-4010-22,4010福岡県直方・鞍手,22,9,高山病院,直方市
R7,40,福岡県,4010,直方・鞍手,R7-4010-23,4010福岡県直方・鞍手,23,10,鞍手共立病院,宮若市
R7,40,福岡県,4010,直方・鞍手,R7-4010-24,4010福岡県直方・鞍手,24,11,医療法人高橋内科クリニック,直方市
R7,40,福岡県,4010,直方・鞍手,R7-4010-25,4010福岡県直方・鞍手,25,12,田中産婦人科クリニック,直方市
R7,40,福岡県,4010,直方・鞍手,R7-4010-26,4010福岡県直方・鞍手,26,13,医療法人菅井眼科麻酔科医院,宮若市
R7,40,福岡県,4010,直方・鞍手,R7-4010-27,4010福岡県直方・鞍手,27,14,医療法人梅谷外科胃腸科医院,鞍手町
R7,40,福岡県,4011,田川,R7-4011-14,4011福岡県田川,14,1,社会保険田川病院,田川市
R7,40,福岡県,4011,田川,R7-4011-15,4011福岡県田川,15,2,田川市立病院,田川市
R7,40,福岡県,4011,田川,R7-4011-16,4011福岡県田川,16,3,地方独立行政法人 川崎町立病院,川崎町
R7,40,福岡県,4011,田川,R7-4011-17,4011福岡県田川,17,4,社会福祉法人柏芳会田川新生病院,田川市
R7,40,福岡県,4011,田川,R7-4011-18,4011福岡県田川,18,5,松本病院,川崎町
R7,40,福岡県,4011,田川,R7-4011-19,4011福岡県田川,19,6,糸田町立緑ケ丘病院,糸田町
R7,40,福岡県,4011,田川,R7-4011-20,4011福岡県田川,20,7,医療法人鷹ノ羽会 村上外科病院,田川市
R7,40,福岡県,4011,田川,R7-4011-21,4011福岡県田川,21,8,方城療育園いきがい,福智町
R7,40,福岡県,4011,田川,R7-4011-22,4011福岡県田川,22,9,田川慈恵病院,福智町
R7,40,福岡県,4011,田川,R7-4011-23,4011福岡県田川,23,10,一本松すずかけ病院,田川市
R7,40,福岡県,4011,田川,R7-4011-24,4011福岡県田川,24,11,医療法人 古川病院,川崎町
R7,40,福岡県,4011,田川,R7-4011-25,4011福岡県田川,25,12,英彦山病院,添田町
R7,40,福岡県,4011,田川,R7-4011-26,4011福岡県田川,26,13,医療法人 田中医院,田川市
R7,40,福岡県,4011,田川,R7-4011-27,4011福岡県田川,27,14,岡部内科循環器内科,田川市
R7,40,福岡県,4011,田川,R7-4011-28,4011福岡県田川,28,15,医療法人 弓削クリニック,田川市
R7,40,福岡県,4011,田川,R7-4011-29,4011福岡県田川,29,16,佐柳医院,香春町
R7,40,福岡県,4011,田川,R7-4011-30,4011福岡県田川,30,17,医療法人田中整形外科医院,川崎町
R7,40,福岡県,4011,田川,R7-4011-31,4011福岡県田川,31,18,医療法人養生会宮城内科胃腸科医院,添田町
R7,40,福岡県,4011,田川,R7-4011-32,4011福岡県田川,32,19,倉員医院,田川市
R7,40,福岡県,4011,田川,R7-4011-33,4011福岡県田川,33,20,医療法人壽仁会方城中央クリニック,福智町
R7,40,福岡県,4011,田川,R7-4011-34,4011福岡県田川,34,21,医療法人 中山産婦人科医院,添田町
R7,40,福岡県,4011,田川,R7-4011-35,4011福岡県田川,35,22,医療法人 中山医院,添田町
R7,40,福岡県,4011,田川,R7-4011-36,4011福岡県田川,36,23,長主医院,川崎町
R7,40,福岡県,4012,北九州,R7-4012-14,4012福岡県北九州,14,1,小倉記念病院,北九州市小倉北区
R7,40,福岡県,4012,北九州,R7-4012-15,4012福岡県北九州,15,2,産業医科大学病院,北九州市八幡西区
R7,40,福岡県,4012,北九州,R7-4012-16,4012福岡県北九州,16,3,北九州市立医療センター,北九州市小倉北区
R7,40,福岡県,4012,北九州,R7-4012-17,4012福岡県北九州,17,4,独立行政法人地域医療機能推進機構 九州病院,北九州市八幡西区
R7,40,福岡県,4012,北九州,R7-4012-18,4012福岡県北九州,18,5,独立行政法人労働者健康安全機構 九州労災病院,北九州市小倉南区
R7,40,福岡県,4012,北九州,R7-4012-19,4012福岡県北九州,19,6,健和会大手町病院,北九州市小倉北区
R7,40,福岡県,4012,北九州,R7-4012-20,4012福岡県北九州,20,7,製鉄記念八幡病院,北九州市八幡東区
R7,40,福岡県,4012,北九州,R7-4012-21,4012福岡県北九州,21,8,北九州八幡東病院,北九州市八幡東区
R7,40,福岡県,4012,北九州,R7-4012-22,4012福岡県北九州,22,9,北九州総合病院,北九州市小倉北区
R7,40,福岡県,4012,北九州,R7-4012-23,4012福岡県北九州,23,10,社会福祉法人恩賜財団済生会支部福岡県済生会 八幡総合病院,北九州市八幡東区
R7,40,福岡県,4012,北九州,R7-4012-24,4012福岡県北九州,24,11,独立行政法人国立病院機構小倉医療センター,北九州市小倉南区
R7,40,福岡県,4012,北九州,R7-4012-25,4012福岡県北九州,25,12,北九州市立八幡病院,北九州市八幡東区
R7,40,福岡県,4012,北九州,R7-4012-26,4012福岡県北九州,26,13,大手町リハビリテーション病院,北九州市小倉北区
R7,40,福岡県,4012,北九州,R7-4012-27,4012福岡県北九州,27,14,戸畑けんわ病院,北九州市戸畑区
R7,40,福岡県,4012,北九州,R7-4012-28,4012福岡県北九州,28,15,国家公務員共済組合連合会新小倉病院,北九州市小倉北区
R7,40,福岡県,4012,北九州,R7-4012-29,4012福岡県北九州,29,16,北九州中央病院,北九州市小倉北区
R7,40,福岡県,4012,北九州,R7-4012-30,4012福岡県北九州,30,17,丘ノ規病院,北九州市八幡西区
R7,40,福岡県,4012,北九州,R7-4012-31,4012福岡県北九州,31,18,医療法人若葉会 九州鉄道記念病院,北九州市門司区
R7,40,福岡県,4012,北九州,R7-4012-32,4012福岡県北九州,32,19,福岡新水巻病院,水巻町
R7,40,福岡県,4012,北九州,R7-4012-33,4012福岡県北九州,33,20,北九州湯川病院,北九州市小倉南区
R7,40,福岡県,4012,北九州,R7-4012-34,4012福岡県北九州,34,21,社会医療法人共愛会 戸畑共立病院,北九州市戸畑区
R7,40,福岡県,4012,北九州,R7-4012-35,4012福岡県北九州,35,22,新小文字病院,北九州市門司区
R7,40,福岡県,4012,北九州,R7-4012-36,4012福岡県北九州,36,23,八幡西病院,北九州市八幡西区
R7,40,福岡県,4012,北九州,R7-4012-37,4012福岡県北九州,37,24,公益社団法人日本海員掖済会 門司掖済会病院,北九州市門司区
R7,40,福岡県,4012,北九州,R7-4012-38,4012福岡県北九州,38,25,東和病院,北九州市小倉南区
R7,40,福岡県,4012,北九州,R7-4012-39,4012福岡県北九州,39,26,東筑病院,北九州市八幡西区
R7,40,福岡県,4012,北九州,R7-4012-40,4012福岡県北九州,40,27,小倉リハビリテーション病院,北九州市小倉北区
R7,40,福岡県,4012,北九州,R7-4012-41,4012福岡県北九州,41,28,北九州小倉病院,北九州市小倉北区
R7,40,福岡県,4012,北九州,R7-4012-42,4012福岡県北九州,42,29,戸畑総合病院,北九州市戸畑区
R7,40,福岡県,4012,北九州,R7-4012-43,4012福岡県北九州,43,30,医療法人しょうわ会　フェリシア福岡病院,北九州市八幡西区
R7,40,福岡県,4012,北九州,R7-4012-44,4012福岡県北九州,44,31,芳野病院,北九州市若松区
R7,40,福岡県,4012,北九州,R7-4012-45,4012福岡県北九州,45,32,独立行政法人労働者健康安全機構 九州労災病院門司メディカルセンター,北九州市門司区
R7,40,福岡県,4012,北九州,R7-4012-46,4012福岡県北九州,46,33,戸畑リハビリテーション病院,北九州市戸畑区
R7,40,福岡県,4012,北九州,R7-4012-47,4012福岡県北九州,47,34,北九州市立総合療育センター,北九州市小倉南区
R7,40,福岡県,4012,北九州,R7-4012-48,4012福岡県北九州,48,35,大平メディカルケア病院,北九州市八幡西区
R7,40,福岡県,4012,北九州,R7-4012-49,4012福岡県北九州,49,36,北九州安部山公園病院,北九州市小倉南区
R7,40,福岡県,4012,北九州,R7-4012-50,4012福岡県北九州,50,37,医療法人社団養寿園春日病院,北九州市門司区
R7,40,福岡県,4012,北九州,R7-4012-51,4012福岡県北九州,51,38,産業医科大学若松病院,北九州市若松区
R7,40,福岡県,4012,北九州,R7-4012-52,4012福岡県北九州,52,39,小倉中井病院,北九州市小倉北区
R7,40,福岡県,4012,北九州,R7-4012-53,4012福岡県北九州,53,40,三萩野病院,北九州市小倉北区
R7,40,福岡県,4012,北九州,R7-4012-54,4012福岡県北九州,54,41,新中間病院,中間市
R7,40,福岡県,4012,北九州,R7-4012-55,4012福岡県北九州,55,42,地方独立行政法人芦屋中央病院,芦屋町
R7,40,福岡県,4012,北九州,R7-4012-56,4012福岡県北九州,56,43,上曽根病院,北九州市小倉南区
R7,40,福岡県,4012,北九州,R7-4012-57,4012福岡県北九州,57,44,八幡慈恵病院,北九州市八幡西区
R7,40,福岡県,4012,北九州,R7-4012-58,4012福岡県北九州,58,45,医療法人ふらて会 西野病院,北九州市八幡東区
R7,40,福岡県,4012,北九州,R7-4012-59,4012福岡県北九州,59,46,医療法人社団誠心会 萩原中央病院,北九州市八幡西区
R7,40,福岡県,4012,北九州,R7-4012-60,4012福岡県北九州,60,47,小倉セントラル病院,北九州市小倉南区
R7,40,福岡県,4012,北九州,R7-4012-61,4012福岡県北九州,61,48,新栄会病院,北九州市小倉北区
R7,40,福岡県,4012,北九州,R7-4012-62,4012福岡県北九州,62,49,医療法人社団響会緑ケ丘病院,北九州市門司区
R7,40,福岡県,4012,北九州,R7-4012-63,4012福岡県北九州,63,50,北九州市立門司病院,北九州市門司区
R7,40,福岡県,4012,北九州,R7-4012-64,4012福岡県北九州,64,51,小倉到津病院,北九州市小倉北区
R7,40,福岡県,4012,北九州,R7-4012-65,4012福岡県北九州,65,52,社会福祉法人杏和会やまびこ学園,北九州市小倉南区
R7,40,福岡県,4012,北九州,R7-4012-66,4012福岡県北九州,66,53,医療法人あさひ松本病院,北九州市小倉南区
R7,40,福岡県,4012,北九州,R7-4012-67,4012福岡県北九州,67,54,遠賀中間医師会おかがき病院,岡垣町
R7,40,福岡県,4012,北九州,R7-4012-68,4012福岡県北九州,68,55,遠賀中間医師会おんが病院,遠賀町
R7,40,福岡県,4012,北九州,R7-4012-69,4012福岡県北九州,69,56,小倉きふね病院,北九州市小倉北区
R7,40,福岡県,4012,北九州,R7-4012-70,4012福岡県北九州,70,57,医療法人社団響会 前田病院,北九州市小倉北区
R7,40,福岡県,4012,北九州,R7-4012-71,4012福岡県北九州,71,58,沼本町病院,北九州市小倉南区
R7,40,福岡県,4012,北九州,R7-4012-72,4012福岡県北九州,72,59,医療法人隆信会 遠賀いそべ病院,遠賀町
R7,40,福岡県,4012,北九州,R7-4012-73,4012福岡県北九州,73,60,小倉南メディカルケア病院,北九州市小倉南区
R7,40,福岡県,4012,北九州,R7-4012-74,4012福岡県北九州,74,61,小倉第一病院,北九州市小倉北区
R7,40,福岡県,4012,北九州,R7-4012-75,4012福岡県北九州,75,62,医療法人健愛会 健愛記念病院,遠賀町
R7,40,福岡県,4012,北九州,R7-4012-76,4012福岡県北九州,76,63,新生会病院,北九州市八幡西区
R7,40,福岡県,4012,北九州,R7-4012-77,4012福岡県北九州,77,64,医療法人健美会佐々木病院,北九州市八幡西区
R7,40,福岡県,4012,北九州,R7-4012-78,4012福岡県北九州,78,65,霧ヶ丘 つだ病院,北九州市小倉北区
R7,40,福岡県,4012,北九州,R7-4012-79,4012福岡県北九州,79,66,医療法人社団黒崎整形外科病院,北九州市八幡西区
R7,40,福岡県,4012,北九州,R7-4012-80,4012福岡県北九州,80,67,南ケ丘病院,北九州市小倉北区
R7,40,福岡県,4012,北九州,R7-4012-81,4012福岡県北九州,81,68,公立大学法人 九州歯科大学附属病院,北九州市小倉北区
R7,40,福岡県,4012,北九州,R7-4012-82,4012福岡県北九州,82,69,医療法人香林会 香月中央病院,北九州市八幡西区
R7,40,福岡県,4012,北九州,R7-4012-83,4012福岡県北九州,83,70,医療法人羅寿久会 浅木病院,遠賀町
R7,40,福岡県,4012,北九州,R7-4012-84,4012福岡県北九州,84,71,慈恵曽根病院,北九州市小倉南区
R7,40,福岡県,4012,北九州,R7-4012-85,4012福岡県北九州,85,72,医療法人正周会 水巻共立病院,水巻町
R7,40,福岡県,4012,北九州,R7-4012-86,4012福岡県北九州,86,73,青山リハビリテーション病院,北九州市八幡西区
R7,40,福岡県,4012,北九州,R7-4012-87,4012福岡県北九州,87,74,鳥巣病院,北九州市門司区
R7,40,福岡県,4012,北九州,R7-4012-88,4012福岡県北九州,88,75,青葉台病院,北九州市若松区
R7,40,福岡県,4012,北九州,R7-4012-89,4012福岡県北九州,89,76,療養介護事業所 ひなた家,北九州市八幡西区
R7,40,福岡県,4012,北九州,R7-4012-90,4012福岡県北九州,90,77,医療法人財団はまゆう会新王子病院,北九州市八幡西区
R7,40,福岡県,4012,北九州,R7-4012-91,4012福岡県北九州,91,78,医療法人はるか 聖ヨハネ病院,北九州市小倉北区
R7,40,福岡県,4012,北九州,R7-4012-92,4012福岡県北九州,92,79,林田病院,北九州市小倉北区
R7,40,福岡県,4012,北九州,R7-4012-93,4012福岡県北九州,93,80,医療法人社団尚和会 エンゼル病院,北九州市八幡西区
R7,40,福岡県,4012,北九州,R7-4012-94,4012福岡県北九州,94,81,療養介護事業所 牧山療養院,北九州市戸畑区
R7,40,福岡県,4012,北九州,R7-4012-95,4012福岡県北九州,95,82,医療法人スマイル会酒井整形外科医院,北九州市門司区
R7,40,福岡県,4012,北九州,R7-4012-96,4012福岡県北九州,96,83,晴山会クリニック,北九州市門司区
R7,40,福岡県,4012,北九州,R7-4012-97,4012福岡県北九州,97,84,医療法人五秀会 末永産婦人科 麻酔科医院,北九州市門司区
R7,40,福岡県,4012,北九州,R7-4012-98,4012福岡県北九州,98,85,医療法人大里クリニック,北九州市門司区
R7,40,福岡県,4012,北九州,R7-4012-99,4012福岡県北九州,99,86,医療法人石本医院,北九州市門司区
R7,40,福岡県,4012,北九州,R7-4012-100,4012福岡県北九州,100,87,医療法人さかい内科呼吸器科医院,北九州市若松区
R7,40,福岡県,4012,北九州,R7-4012-101,4012福岡県北九州,101,88,医療法人萩原クリニック,北九州市若松区
R7,40,福岡県,4012,北九州,R7-4012-102,4012福岡県北九州,102,89,医療法人 安田整形外科医院,北九州市戸畑区
R7,40,福岡県,4012,北九州,R7-4012-103,4012福岡県北九州,103,90,くのう肛門・胃腸クリニック,北九州市戸畑区
R7,40,福岡県,4012,北九州,R7-4012-104,4012福岡県北九州,104,91,天神クリニック,北九州市戸畑区
R7,40,福岡県,4012,北九州,R7-4012-105,4012福岡県北九州,105,92,医療法人曙会 坂田肛門科医院,北九州市小倉北区
R7,40,福岡県,4012,北九州,R7-4012-106,4012福岡県北九州,106,93,医療法人山形内科医院,北九州市小倉北区
R7,40,福岡県,4012,北九州,R7-4012-107,4012福岡県北九州,107,94,山崎リゾートクリニック,北九州市小倉北区
R7,40,福岡県,4012,北九州,R7-4012-108,4012福岡県北九州,108,95,医療法人聖心会 久能整形外科消化器科医院,北九州市小倉南区
R7,40,福岡県,4012,北九州,R7-4012-109,4012福岡県北九州,109,96,医療法人 みちおかレディースクリニック,北九州市小倉南区
R7,40,福岡県,4012,北九州,R7-4012-110,4012福岡県北九州,110,97,八木医院,北九州市小倉南区
R7,40,福岡県,4012,北九州,R7-4012-111,4012福岡県北九州,111,98,医療法人岩本内科医院,北九州市小倉南区
R7,40,福岡県,4012,北九州,R7-4012-112,4012福岡県北九州,112,99,医療法人 聖和クリニック,北九州市小倉南区
R7,40,福岡県,4012,北九州,R7-4012-113,4012福岡県北九州,113,100,医療法人今村クリニック,北九州市八幡西区
R7,40,福岡県,4012,北九州,R7-4012-114,4012福岡県北九州,114,101,医療法人石橋医院,北九州市八幡西区
R7,40,福岡県,4012,北九州,R7-4012-115,4012福岡県北九州,115,102,医療法人大塚産婦人科クリニック,北九州市八幡西区
R7,40,福岡県,4012,北九州,R7-4012-116,4012福岡県北九州,116,103,医療法人神原クリニック,北九州市八幡西区
R7,40,福岡県,4012,北九州,R7-4012-117,4012福岡県北九州,117,104,吉川医院,北九州市八幡西区
R7,40,福岡県,4012,北九州,R7-4012-118,4012福岡県北九州,118,105,医療法人 桜クリニック,北九州市八幡西区
R7,40,福岡県,4012,北九州,R7-4012-119,4012福岡県北九州,119,106,医療法人シエスタ荒木医院,北九州市八幡西区
R7,40,福岡県,4012,北九州,R7-4012-120,4012福岡県北九州,120,107,医療法人かんたけ肛門クリニック,北九州市八幡西区
R7,40,福岡県,4012,北九州,R7-4012-121,4012福岡県北九州,121,108,光明聖マリアクリニック,北九州市八幡西区
R7,40,福岡県,4012,北九州,R7-4012-122,4012福岡県北九州,122,109,医療法人中村整形外科医院,中間市
R7,40,福岡県,4012,北九州,R7-4012-123,4012福岡県北九州,123,110,医療法人社団EJ会 中間メディカル,中間市
R7,40,福岡県,4012,北九州,R7-4012-124,4012福岡県北九州,124,111,医療法人成映会たかぼうクリニック,北九州市小倉北区
R7,40,福岡県,4012,北九州,R7-4012-125,4012福岡県北九州,125,112,医療法人松寿会 松永整形外科医院,岡垣町
R7,40,福岡県,4012,北九州,R7-4012-126,4012福岡県北九州,126,113,安藤整形外科医院,北九州市戸畑区
R7,40,福岡県,4012,北九州,R7-4012-127,4012福岡県北九州,127,114,濵口産婦人科クリニック,北九州市小倉北区
R7,40,福岡県,4012,北九州,R7-4012-128,4012福岡県北九州,128,115,セントマザー産婦人科医院,北九州市八幡西区
R7,40,福岡県,4012,北九州,R7-4012-129,4012福岡県北九州,129,116,医療法人徹滋会 北﨑医院,北九州市若松区
R7,40,福岡県,4012,北九州,R7-4012-130,4012福岡県北九州,130,117,久原内科医院,中間市
R7,40,福岡県,4012,北九州,R7-4012-131,4012福岡県北九州,131,118,水巻クリニック,水巻町
R7,40,福岡県,4012,北九州,R7-4012-132,4012福岡県北九州,132,119,医療法人朔夏会 さっか眼科医院,北九州市八幡西区
R7,40,福岡県,4012,北九州,R7-4012-133,4012福岡県北九州,133,120,医療法人荒牧産婦人科医院,北九州市八幡西区
R7,40,福岡県,4012,北九州,R7-4012-134,4012福岡県北九州,134,121,医療法人 幸の鳥医院,北九州市小倉南区
R7,40,福岡県,4012,北九州,R7-4012-135,4012福岡県北九州,135,122,医療法人ひがしだクリニック,北九州市八幡東区
R7,40,福岡県,4012,北九州,R7-4012-136,4012福岡県北九州,136,123,医療法人桑原産婦人科医院,中間市
R7,40,福岡県,4012,北九州,R7-4012-137,4012福岡県北九州,137,124,医療法人岡本クリニック,北九州市門司区
R7,40,福岡県,4012,北九州,R7-4012-138,4012福岡県北九州,138,125,医療法人いわさクリニック,北九州市門司区
R7,40,福岡県,4012,北九州,R7-4012-139,4012福岡県北九州,139,126,医療法人愛の会 きしもとクリニック,北九州市門司区
R7,40,福岡県,4012,北九州,R7-4012-140,4012福岡県北九州,140,127,坂本クリニック耳鼻咽喉科,北九州市小倉南区
R7,40,福岡県,4012,北九州,R7-4012-141,4012福岡県北九州,141,128,まつだ泌尿器科医院,北九州市小倉南区
R7,40,福岡県,4012,北九州,R7-4012-142,4012福岡県北九州,142,129,あきた産科婦人科クリニック,北九州市八幡西区
R7,40,福岡県,4012,北九州,R7-4012-143,4012福岡県北九州,143,130,北九州腎臓クリニック,北九州市小倉南区
R7,40,福岡県,4012,北九州,R7-4012-144,4012福岡県北九州,144,131,植田外科胃腸科医院,北九州市門司区
R7,40,福岡県,4012,北九州,R7-4012-145,4012福岡県北九州,145,132,医療法人宗産婦人科医院,北九州市小倉南区
R7,40,福岡県,4012,北九州,R7-4012-146,4012福岡県北九州,146,133,医療法人沖重医院,北九州市八幡東区
R7,40,福岡県,4012,北九州,R7-4012-147,4012福岡県北九州,147,134,石松内科医院,中間市
R7,40,福岡県,4012,北九州,R7-4012-148,4012福岡県北九州,148,135,医療法人　本田産婦人科クリニック,北九州市八幡東区
R7,40,福岡県,4012,北九州,R7-4012-149,4012福岡県北九州,149,136,冨士本眼科医院,北九州市小倉南区
R7,40,福岡県,4012,北九州,R7-4012-150,4012福岡県北九州,150,137,医療法人清光会 藤井眼科医院,北九州市門司区
R7,40,福岡県,4012,北九州,R7-4012-151,4012福岡県北九州,151,138,医療法人社団 鍵山医院,北九州市八幡西区
R7,40,福岡県,4012,北九州,R7-4012-152,4012福岡県北九州,152,139,井上産婦人科医院,北九州市八幡東区
R7,40,福岡県,4012,北九州,R7-4012-153,4012福岡県北九州,153,140,医療法人 柏木内科医院,北九州市小倉北区
R7,40,福岡県,4012,北九州,R7-4012-154,4012福岡県北九州,154,141,岡田眼科医院,北九州市戸畑区
R7,40,福岡県,4012,北九州,R7-4012-155,4012福岡県北九州,155,142,医療法人東谷医院,北九州市小倉南区
R7,40,福岡県,4012,北九州,R7-4012-156,4012福岡県北九州,156,143,医療法人社団 秀和会 小倉南歯科医院,北九州市小倉南区
R7,40,福岡県,4012,北九州,R7-4012-157,4012福岡県北九州,157,144,医療法人よしたけ眼科,北九州市門司区
R7,40,福岡県,4012,北九州,R7-4012-158,4012福岡県北九州,158,145,医療法人鈴木眼科クリニック,北九州市若松区
R7,40,福岡県,4012,北九州,R7-4012-159,4012福岡県北九州,159,146,医療法人　眼科鍋島医院,北九州市小倉北区
R7,40,福岡県,4012,北九州,R7-4012-160,4012福岡県北九州,160,147,医療法人 はでやま眼科クリニック,北九州市小倉北区
R7,40,福岡県,4012,北九州,R7-4012-161,4012福岡県北九州,161,148,さくら整形外科・内科・リハビリテーション科医院,北九州市小倉南区
R7,40,福岡県,4012,北九州,R7-4012-162,4012福岡県北九州,162,149,松股会ＯＺＵＭＩクリニック,北九州市小倉南区
R7,40,福岡県,4012,北九州,R7-4012-163,4012福岡県北九州,163,150,医療法人末廣医院,北九州市八幡西区
R7,40,福岡県,4012,北九州,R7-4012-164,4012福岡県北九州,164,151,齋藤シーサイド・レディースクリニック,芦屋町
R7,40,福岡県,4012,北九州,R7-4012-165,4012福岡県北九州,165,152,医療法人 はまだ会 浜田クリニック,北九州市八幡西区
R7,40,福岡県,4012,北九州,R7-4012-166,4012福岡県北九州,166,153,福地内科循環器科医院,北九州市八幡西区
R7,40,福岡県,4012,北九州,R7-4012-167,4012福岡県北九州,167,154,水北第一病院,
R7,40,福岡県,4012,北九州,R7-4012-168,4012福岡県北九州,168,155,医療法人青天会 ひろた産婦人科クリニック,
R7,40,福岡県,4012,北九州,R7-4012-169,4012福岡県北九州,169,156,医療法人勝本外科日帰り手術クリニック,
R7,40,福岡県,4012,北九州,R7-4012-170,4012福岡県北九州,170,157,黒川医院,
R7,40,福岡県,4013,京築,R7-4013-14,4013福岡県京築,14,1,社会医療法人 陽明会 小波瀬病院,苅田町
R7,40,福岡県,4013,京築,R7-4013-15,4013福岡県京築,15,2,新行橋病院,行橋市
R7,40,福岡県,4013,京築,R7-4013-16,4013福岡県京築,16,3,京都病院,みやこ町
R7,40,福岡県,4013,京築,R7-4013-17,4013福岡県京築,17,4,医療法人敬愛会 新田原聖母病院,行橋市
R7,40,福岡県,4013,京築,R7-4013-18,4013福岡県京築,18,5,医療法人森和会 行橋中央病院,行橋市
R7,40,福岡県,4013,京築,R7-4013-19,4013福岡県京築,19,6,社会医療法人陽明会御所病院,苅田町
R7,40,福岡県,4013,京築,R7-4013-20,4013福岡県京築,20,7,健和会 京町病院,苅田町
R7,40,福岡県,4013,京築,R7-4013-21,4013福岡県京築,21,8,医療法人起生会大原病院,行橋市
R7,40,福岡県,4013,京築,R7-4013-22,4013福岡県京築,22,9,医療法人けやき会 東病院,吉富町
R7,40,福岡県,4013,京築,R7-4013-23,4013福岡県京築,23,10,医療法人社団豊和会 豊前病院,豊前市
R7,40,福岡県,4013,京築,R7-4013-24,4013福岡県京築,24,11,行橋厚生病院,行橋市
R7,40,福岡県,4013,京築,R7-4013-25,4013福岡県京築,25,12,宮部病院,築上町
R7,40,福岡県,4013,京築,R7-4013-26,4013福岡県京築,26,13,おおみや整形外科,行橋市
R7,40,福岡県,4013,京築,R7-4013-27,4013福岡県京築,27,14,医療法人片山医院,築上町
R7,40,福岡県,4013,京築,R7-4013-28,4013福岡県京築,28,15,医療法人豊永会 久永内科皮膚科医院,豊前市
R7,40,福岡県,4013,京築,R7-4013-29,4013福岡県京築,29,16,しんもと産婦人科,行橋市
R7,40,福岡県,4013,京築,R7-4013-30,4013福岡県京築,30,17,医療法人 立野レディースクリニック,行橋市
R7,40,福岡県,4013,京築,R7-4013-31,4013福岡県京築,31,18,菊池医院,豊前市
R7,40,福岡県,4013,京築,R7-4013-32,4013福岡県京築,32,19,医療法人行橋クリニック,行橋市
R7,40,福岡県,4013,京築,R7-4013-33,4013福岡県京築,33,20,医療法人惺光会 行橋南眼科,行橋市
R7,40,福岡県,4013,京築,R7-4013-34,4013福岡県京築,34,21,医療法人和香会 ぶぜん眼科クリニック,豊前市
R7,40,福岡県,4013,京築,R7-4013-35,4013福岡県京築,35,22,医療法人 尚医会 宮本眼科,行橋市
R7,40,福岡県,4013,京築,R7-4013-36,4013福岡県京築,36,23,医療法人ユーエムシー内田産婦人科医院,
R7,41,佐賀県,4101,中部,R7-4101-14,4101佐賀県中部,14,1,佐賀大学医学部附属病院,佐賀市
R7,41,佐賀県,4101,中部,R7-4101-15,4101佐賀県中部,15,2,佐賀県医療センター好生館,佐賀市
R7,41,佐賀県,4101,中部,R7-4101-16,4101佐賀県中部,16,3,独立行政法人国立病院機構佐賀病院,佐賀市
R7,41,佐賀県,4101,中部,R7-4101-17,4101佐賀県中部,17,4,医療法人社団敬愛会佐賀記念病院,佐賀市
R7,41,佐賀県,4101,中部,R7-4101-18,4101佐賀県中部,18,5,医療法人社団杠葉会もろどみ中央病院,佐賀市
R7,41,佐賀県,4101,中部,R7-4101-19,4101佐賀県中部,19,6,佐賀整肢学園こども発達医療センター,佐賀市
R7,41,佐賀県,4101,中部,R7-4101-20,4101佐賀県中部,20,7,医療法人春陽会上村病院,佐賀市
R7,41,佐賀県,4101,中部,R7-4101-21,4101佐賀県中部,21,8,江口病院,小城市
R7,41,佐賀県,4101,中部,R7-4101-22,4101佐賀県中部,22,9,医療法人ひらまつ病院,小城市
R7,41,佐賀県,4101,中部,R7-4101-23,4101佐賀県中部,23,10,なゆたの森病院,佐賀市
R7,41,佐賀県,4101,中部,R7-4101-24,4101佐賀県中部,24,11,独立行政法人地域医療機能推進機構佐賀中部病院,佐賀市
R7,41,佐賀県,4101,中部,R7-4101-25,4101佐賀県中部,25,12,公立佐賀中央病院,多久市
R7,41,佐賀県,4101,中部,R7-4101-26,4101佐賀県中部,26,13,福岡病院,佐賀市
R7,41,佐賀県,4101,中部,R7-4101-27,4101佐賀県中部,27,14,独立行政法人国立病院機構肥前精神医療センター,吉野ヶ里町
R7,41,佐賀県,4101,中部,R7-4101-28,4101佐賀県中部,28,15,医療法人社団啓祐会神埼病院,神埼市
R7,41,佐賀県,4101,中部,R7-4101-29,4101佐賀県中部,29,16,医療法人智仁会佐賀リハビリテーション病院,佐賀市
R7,41,佐賀県,4101,中部,R7-4101-30,4101佐賀県中部,30,17,医療法人公和会　横須賀病院,佐賀市
R7,41,佐賀県,4101,中部,R7-4101-31,4101佐賀県中部,31,18,医療法人大和正信会ふじおか病院,佐賀市
R7,41,佐賀県,4101,中部,R7-4101-32,4101佐賀県中部,32,19,医療法人長生会島田病院,佐賀市
R7,41,佐賀県,4101,中部,R7-4101-33,4101佐賀県中部,33,20,医療法人同愛会サンテ溝上病院,佐賀市
R7,41,佐賀県,4101,中部,R7-4101-34,4101佐賀県中部,34,21,医療法人聖医会 藤川病院,佐賀市
R7,41,佐賀県,4101,中部,R7-4101-35,4101佐賀県中部,35,22,医療法人 諸隈病院,佐賀市
R7,41,佐賀県,4101,中部,R7-4101-36,4101佐賀県中部,36,23,医療法人久和会和田記念病院,神埼市
R7,41,佐賀県,4101,中部,R7-4101-37,4101佐賀県中部,37,24,医療法人尽心会百武整形外科病院,佐賀市
R7,41,佐賀県,4101,中部,R7-4101-38,4101佐賀県中部,38,25,医療法人剛友会諸隈病院,多久市
R7,41,佐賀県,4101,中部,R7-4101-39,4101佐賀県中部,39,26,福田脳神経外科病院,佐賀市
R7,41,佐賀県,4101,中部,R7-4101-40,4101佐賀県中部,40,27,医療法人啓仁会橋本病院,神埼市
R7,41,佐賀県,4101,中部,R7-4101-41,4101佐賀県中部,41,28,医療法人仁和会小池病院,佐賀市
R7,41,佐賀県,4101,中部,R7-4101-42,4101佐賀県中部,42,29,医療法人社団真仁会　境野病院,佐賀市
R7,41,佐賀県,4101,中部,R7-4101-43,4101佐賀県中部,43,30,医療法人安寿会田中病院,佐賀市
R7,41,佐賀県,4101,中部,R7-4101-44,4101佐賀県中部,44,31,医療法人　正島脳神経外科,佐賀市
R7,41,佐賀県,4101,中部,R7-4101-45,4101佐賀県中部,45,32,YHC矢山クリニック,佐賀市
R7,41,佐賀県,4101,中部,R7-4101-46,4101佐賀県中部,46,33,医療法人金武外科肛門科,佐賀市
R7,41,佐賀県,4101,中部,R7-4101-47,4101佐賀県中部,47,34,医療法人森永整形外科医院,佐賀市
R7,41,佐賀県,4101,中部,R7-4101-48,4101佐賀県中部,48,35,医療法人中尾医院,佐賀市
R7,41,佐賀県,4101,中部,R7-4101-49,4101佐賀県中部,49,36,医療法人千葉内科循環器科,佐賀市
R7,41,佐賀県,4101,中部,R7-4101-50,4101佐賀県中部,50,37,橋野医院,佐賀市
R7,41,佐賀県,4101,中部,R7-4101-51,4101佐賀県中部,51,38,医療法人島内整形外科医院,佐賀市
R7,41,佐賀県,4101,中部,R7-4101-52,4101佐賀県中部,52,39,医療法人源勇会枝國医院,佐賀市
R7,41,佐賀県,4101,中部,R7-4101-53,4101佐賀県中部,53,40,医療法人信愛整形外科医院,佐賀市
R7,41,佐賀県,4101,中部,R7-4101-54,4101佐賀県中部,54,41,医療法人三和会兵庫整形外科,佐賀市
R7,41,佐賀県,4101,中部,R7-4101-55,4101佐賀県中部,55,42,佐賀県医療生活協同組合神野診療所,佐賀市
R7,41,佐賀県,4101,中部,R7-4101-56,4101佐賀県中部,56,43,高柳内科,佐賀市
R7,41,佐賀県,4101,中部,R7-4101-57,4101佐賀県中部,57,44,岸川整形外科,佐賀市
R7,41,佐賀県,4101,中部,R7-4101-58,4101佐賀県中部,58,45,鶴田運動機能回復クリニック,小城市
R7,41,佐賀県,4101,中部,R7-4101-59,4101佐賀県中部,59,46,鶴田整形外科,小城市
R7,41,佐賀県,4101,中部,R7-4101-60,4101佐賀県中部,60,47,医療法人久和会和田医院,神埼市
R7,41,佐賀県,4101,中部,R7-4101-61,4101佐賀県中部,61,48,栗並医院,神埼市
R7,41,佐賀県,4101,中部,R7-4101-62,4101佐賀県中部,62,49,ぶどうの木クリニック,佐賀市
R7,41,佐賀県,4101,中部,R7-4101-63,4101佐賀県中部,63,50,医療法人南里泌尿器科医院,佐賀市
R7,41,佐賀県,4101,中部,R7-4101-64,4101佐賀県中部,64,51,杉原医院,佐賀市
R7,41,佐賀県,4101,中部,R7-4101-65,4101佐賀県中部,65,52,庄野真由美レディースクリニック,佐賀市
R7,41,佐賀県,4101,中部,R7-4101-66,4101佐賀県中部,66,53,医療法人 おおくま産婦人科,佐賀市
R7,41,佐賀県,4101,中部,R7-4101-67,4101佐賀県中部,67,54,島田医院,佐賀市
R7,41,佐賀県,4101,中部,R7-4101-68,4101佐賀県中部,68,55,佐賀クリニック,佐賀市
R7,41,佐賀県,4101,中部,R7-4101-69,4101佐賀県中部,69,56,医療法人田中産婦人科,佐賀市
R7,41,佐賀県,4101,中部,R7-4101-70,4101佐賀県中部,70,57,医療法人おそえがわ脳神経内科,佐賀市
R7,41,佐賀県,4101,中部,R7-4101-71,4101佐賀県中部,71,58,目達原整形外科,吉野ヶ里町
R7,41,佐賀県,4101,中部,R7-4101-72,4101佐賀県中部,72,59,医療法人如春窩会東与賀大塚医院,佐賀市
R7,41,佐賀県,4101,中部,R7-4101-73,4101佐賀県中部,73,60,内野産婦人科,佐賀市
R7,41,佐賀県,4101,中部,R7-4101-74,4101佐賀県中部,74,61,矢ケ部医院,佐賀市
R7,41,佐賀県,4101,中部,R7-4101-75,4101佐賀県中部,75,62,医療法人實生会池田産婦人科,佐賀市
R7,41,佐賀県,4101,中部,R7-4101-76,4101佐賀県中部,76,63,じんの内医院,佐賀市
R7,41,佐賀県,4101,中部,R7-4101-77,4101佐賀県中部,77,64,佐藤整形外科,佐賀市
R7,41,佐賀県,4101,中部,R7-4101-78,4101佐賀県中部,78,65,吉村産婦人科,吉野ヶ里町
R7,41,佐賀県,4101,中部,R7-4101-79,4101佐賀県中部,79,66,医療法人力武医院,佐賀市
R7,41,佐賀県,4101,中部,R7-4101-80,4101佐賀県中部,80,67,美川眼科医院,佐賀市
R7,41,佐賀県,4101,中部,R7-4101-81,4101佐賀県中部,81,68,徳富医院,小城市
R7,41,佐賀県,4101,中部,R7-4101-82,4101佐賀県中部,82,69,医療法人輝秀会くらとみ眼科医院,神埼市
R7,41,佐賀県,4101,中部,R7-4101-83,4101佐賀県中部,83,70,佐賀市立国民健康保険三瀬診療所,佐賀市
R7,41,佐賀県,4101,中部,R7-4101-84,4101佐賀県中部,84,71,江頭クリニック,佐賀市
R7,41,佐賀県,4101,中部,R7-4101-85,4101佐賀県中部,85,72,あまねクリニック,小城市
R7,41,佐賀県,4101,中部,R7-4101-86,4101佐賀県中部,86,73,医療法人牧野医院,佐賀市
R7,41,佐賀県,4101,中部,R7-4101-87,4101佐賀県中部,87,74,医療法人やまと眼科医院,佐賀市
R7,41,佐賀県,4101,中部,R7-4101-88,4101佐賀県中部,88,75,佐賀市立富士大和温泉病院,
R7,41,佐賀県,4101,中部,R7-4101-89,4101佐賀県中部,89,76,鶴田眼科医院,
R7,41,佐賀県,4101,中部,R7-4101-90,4101佐賀県中部,90,77,医療法人草場整形外科,
R7,41,佐賀県,4101,中部,R7-4101-91,4101佐賀県中部,91,78,南医院,
R7,41,佐賀県,4102,東部,R7-4102-14,4102佐賀県東部,14,1,医療法人好古堂すむのさと髙尾病院,鳥栖市
R7,41,佐賀県,4102,東部,R7-4102-15,4102佐賀県東部,15,2,医療法人好古堂きやま髙尾病院,基山町
R7,41,佐賀県,4102,東部,R7-4102-16,4102佐賀県東部,16,3,独立行政法人国立病院機構東佐賀病院,みやき町
R7,41,佐賀県,4102,東部,R7-4102-17,4102佐賀県東部,17,4,やよいがおか鹿毛病院,鳥栖市
R7,41,佐賀県,4102,東部,R7-4102-18,4102佐賀県東部,18,5,医療法人社団如水会 今村病院,鳥栖市
R7,41,佐賀県,4102,東部,R7-4102-19,4102佐賀県東部,19,6,医療法人啓心会啓心会病院,鳥栖市
R7,41,佐賀県,4102,東部,R7-4102-20,4102佐賀県東部,20,7,若楠療育園,鳥栖市
R7,41,佐賀県,4102,東部,R7-4102-21,4102佐賀県東部,21,8,医療法人三樹会 三樹病院,上峰町
R7,41,佐賀県,4102,東部,R7-4102-22,4102佐賀県東部,22,9,医療法人仁徳会 今村病院,鳥栖市
R7,41,佐賀県,4102,東部,R7-4102-23,4102佐賀県東部,23,10,大島病院,みやき町
R7,41,佐賀県,4102,東部,R7-4102-24,4102佐賀県東部,24,11,松岡病院,鳥栖市
R7,41,佐賀県,4102,東部,R7-4102-25,4102佐賀県東部,25,12,医療法人千鳥会石橋整形外科,鳥栖市
R7,41,佐賀県,4102,東部,R7-4102-26,4102佐賀県東部,26,13,医療法人まごころ医療館,鳥栖市
R7,41,佐賀県,4102,東部,R7-4102-27,4102佐賀県東部,27,14,医療法人はらだ会はらだ内科胃腸科,鳥栖市
R7,41,佐賀県,4102,東部,R7-4102-28,4102佐賀県東部,28,15,医療法人白水レディースクリニック,鳥栖市
R7,41,佐賀県,4102,東部,R7-4102-29,4102佐賀県東部,29,16,医療法人希望会レディースクリニック山田産婦人科,鳥栖市
R7,41,佐賀県,4102,東部,R7-4102-30,4102佐賀県東部,30,17,岩岡整形外科,鳥栖市
R7,41,佐賀県,4102,東部,R7-4102-31,4102佐賀県東部,31,18,医療法人眞正会古賀医院,鳥栖市
R7,41,佐賀県,4102,東部,R7-4102-32,4102佐賀県東部,32,19,医療法人芳生会和田内科・循環器科,鳥栖市
R7,41,佐賀県,4102,東部,R7-4102-33,4102佐賀県東部,33,20,医療法人社団三善会山津医院,
R7,41,佐賀県,4102,東部,R7-4102-34,4102佐賀県東部,34,21,医療法人きざと外科医院,
R7,41,佐賀県,4103,北部,R7-4103-14,4103佐賀県北部,14,1,唐津赤十字病院,唐津市
R7,41,佐賀県,4103,北部,R7-4103-15,4103佐賀県北部,15,2,社会福祉法人恩賜財団済生会支部佐賀県済生会唐津病院,唐津市
R7,41,佐賀県,4103,北部,R7-4103-16,4103佐賀県北部,16,3,河畔病院,唐津市
R7,41,佐賀県,4103,北部,R7-4103-17,4103佐賀県北部,17,4,医療法人賛健会城内病院,唐津市
R7,41,佐賀県,4103,北部,R7-4103-18,4103佐賀県北部,18,5,医療法人社団芳香会唐津第一病院,唐津市
R7,41,佐賀県,4103,北部,R7-4103-19,4103佐賀県北部,19,6,医療法人修腎会藤﨑病院,唐津市
R7,41,佐賀県,4103,北部,R7-4103-20,4103佐賀県北部,20,7,唐津市民病院きたはた,唐津市
R7,41,佐賀県,4103,北部,R7-4103-21,4103佐賀県北部,21,8,医療法人 尚誠会 冬野病院,唐津市
R7,41,佐賀県,4103,北部,R7-4103-22,4103佐賀県北部,22,9,医療法人整和会副島整形外科病院,唐津市
R7,41,佐賀県,4103,北部,R7-4103-23,4103佐賀県北部,23,10,唐津東松浦医師会医療センター,唐津市
R7,41,佐賀県,4103,北部,R7-4103-24,4103佐賀県北部,24,11,宇都宮病院,唐津市
R7,41,佐賀県,4103,北部,R7-4103-25,4103佐賀県北部,25,12,からつ医療福祉センター,唐津市
R7,41,佐賀県,4103,北部,R7-4103-26,4103佐賀県北部,26,13,医療法人平川病院,唐津市
R7,41,佐賀県,4103,北部,R7-4103-27,4103佐賀県北部,27,14,久保田レディースクリニック産婦人科・麻酔科,唐津市
R7,41,佐賀県,4103,北部,R7-4103-28,4103佐賀県北部,28,15,医療法人 平川俊彦脳神経外科,唐津市
R7,41,佐賀県,4103,北部,R7-4103-29,4103佐賀県北部,29,16,医療法人きりの内科小児科クリニック,唐津市
R7,41,佐賀県,4103,北部,R7-4103-30,4103佐賀県北部,30,17,医療法人心和会藤原外科医院,唐津市
R7,41,佐賀県,4103,北部,R7-4103-31,4103佐賀県北部,31,18,医療法人清心会服巻医院,唐津市
R7,41,佐賀県,4103,北部,R7-4103-32,4103佐賀県北部,32,19,医療法人希清会 岩本内科,唐津市
R7,41,佐賀県,4103,北部,R7-4103-33,4103佐賀県北部,33,20,長生堂渡辺医院,唐津市
R7,41,佐賀県,4103,北部,R7-4103-34,4103佐賀県北部,34,21,医療法人虹心会たなべクリニック産科婦人科,唐津市
R7,41,佐賀県,4103,北部,R7-4103-35,4103佐賀県北部,35,22,医療法人北島内科,唐津市
R7,41,佐賀県,4103,北部,R7-4103-36,4103佐賀県北部,36,23,医療法人 桑原医院,唐津市
R7,41,佐賀県,4103,北部,R7-4103-37,4103佐賀県北部,37,24,堀田医院,玄海町
R7,41,佐賀県,4103,北部,R7-4103-38,4103佐賀県北部,38,25,加藤眼科医院,唐津市
R7,41,佐賀県,4103,北部,R7-4103-39,4103佐賀県北部,39,26,医療法人本城医院,唐津市
R7,41,佐賀県,4103,北部,R7-4103-40,4103佐賀県北部,40,27,医療法人久間内科,唐津市
R7,41,佐賀県,4103,北部,R7-4103-41,4103佐賀県北部,41,28,医療法人小出眼科,唐津市
R7,41,佐賀県,4104,西部,R7-4104-14,4104佐賀県西部,14,1,伊万里有田共立病院,有田町
R7,41,佐賀県,4104,西部,R7-4104-15,4104佐賀県西部,15,2,社会医療法人謙仁会山元記念病院,伊万里市
R7,41,佐賀県,4104,西部,R7-4104-16,4104佐賀県西部,16,3,医療法人幸善会前田病院,伊万里市
R7,41,佐賀県,4104,西部,R7-4104-17,4104佐賀県西部,17,4,医療法人光仁会西田病院,伊万里市
R7,41,佐賀県,4104,西部,R7-4104-18,4104佐賀県西部,18,5,小島病院,伊万里市
R7,41,佐賀県,4104,西部,R7-4104-19,4104佐賀県西部,19,6,伊万里整形外科病院,伊万里市
R7,41,佐賀県,4104,西部,R7-4104-20,4104佐賀県西部,20,7,山口病院,伊万里市
R7,41,佐賀県,4104,西部,R7-4104-21,4104佐賀県西部,21,8,医療法人精仁会隅田医院,伊万里市
R7,41,佐賀県,4104,西部,R7-4104-22,4104佐賀県西部,22,9,泌尿器科いまりクリニック,伊万里市
R7,41,佐賀県,4104,西部,R7-4104-23,4104佐賀県西部,23,10,医療法人いび整形外科,伊万里市
R7,41,佐賀県,4104,西部,R7-4104-24,4104佐賀県西部,24,11,医療法人内山産婦人科医院,伊万里市
R7,41,佐賀県,4104,西部,R7-4104-25,4104佐賀県西部,25,12,医療法人岡村医院,伊万里市
R7,41,佐賀県,4104,西部,R7-4104-26,4104佐賀県西部,26,13,立石医院,伊万里市
R7,41,佐賀県,4104,西部,R7-4104-27,4104佐賀県西部,27,14,医療法人小嶋眼科医院,伊万里市
R7,41,佐賀県,4104,西部,R7-4104-28,4104佐賀県西部,28,15,産婦人科南ヶ丘クリニック,伊万里市
R7,41,佐賀県,4104,西部,R7-4104-29,4104佐賀県西部,29,16,医療法人　日髙医院,伊万里市
R7,41,佐賀県,4104,西部,R7-4104-30,4104佐賀県西部,30,17,医療法人水上医院,伊万里市
R7,41,佐賀県,4104,西部,R7-4104-31,4104佐賀県西部,31,18,医療法人小副川医院,
R7,41,佐賀県,4105,南部,R7-4105-14,4105佐賀県南部,14,1,独立行政法人国立病院機構嬉野医療センター,嬉野市
R7,41,佐賀県,4105,南部,R7-4105-15,4105佐賀県南部,15,2,新武雄病院,武雄市
R7,41,佐賀県,4105,南部,R7-4105-16,4105佐賀県南部,16,3,嬉野温泉病院,嬉野市
R7,41,佐賀県,4105,南部,R7-4105-17,4105佐賀県南部,17,4,白石共立病院,白石町
R7,41,佐賀県,4105,南部,R7-4105-18,4105佐賀県南部,18,5,大野病院,武雄市
R7,41,佐賀県,4105,南部,R7-4105-19,4105佐賀県南部,19,6,社会医療法人祐愛会織田病院,鹿島市
R7,41,佐賀県,4105,南部,R7-4105-20,4105佐賀県南部,20,7,医療法人順天堂順天堂病院,大町町
R7,41,佐賀県,4105,南部,R7-4105-21,4105佐賀県南部,21,8,社会医療法人祐愛会高島病院,白石町
R7,41,佐賀県,4105,南部,R7-4105-22,4105佐賀県南部,22,9,医療法人天心堂志田病院,鹿島市
R7,41,佐賀県,4105,南部,R7-4105-23,4105佐賀県南部,23,10,医療法人陽明会樋口病院,嬉野市
R7,41,佐賀県,4105,南部,R7-4105-24,4105佐賀県南部,24,11,副島整形外科病院,武雄市
R7,41,佐賀県,4105,南部,R7-4105-25,4105佐賀県南部,25,12,福田病院,嬉野市
R7,41,佐賀県,4105,南部,R7-4105-26,4105佐賀県南部,26,13,医療法人犬塚病院,鹿島市
R7,41,佐賀県,4105,南部,R7-4105-27,4105佐賀県南部,27,14,古賀病院,江北町
R7,41,佐賀県,4105,南部,R7-4105-28,4105佐賀県南部,28,15,有島病院,白石町
R7,41,佐賀県,4105,南部,R7-4105-29,4105佐賀県南部,29,16,町立太良病院,太良町
R7,41,佐賀県,4105,南部,R7-4105-30,4105佐賀県南部,30,17,医療法人敬和会持田病院,武雄市
R7,41,佐賀県,4105,南部,R7-4105-31,4105佐賀県南部,31,18,医療法人誠晴會ふきあげ納富病院,鹿島市
R7,41,佐賀県,4105,南部,R7-4105-32,4105佐賀県南部,32,19,医療法人武岡病院,江北町
R7,41,佐賀県,4105,南部,R7-4105-33,4105佐賀県南部,33,20,医療法人篠田整形外科,武雄市
R7,41,佐賀県,4105,南部,R7-4105-34,4105佐賀県南部,34,21,医療法人北士会北川眼科,武雄市
R7,41,佐賀県,4105,南部,R7-4105-35,4105佐賀県南部,35,22,医療法人古賀内科医院,武雄市
R7,41,佐賀県,4105,南部,R7-4105-36,4105佐賀県南部,36,23,医療法人社団別府整形外科,鹿島市
R7,41,佐賀県,4105,南部,R7-4105-37,4105佐賀県南部,37,24,西岡内科クリニック,鹿島市
R7,41,佐賀県,4105,南部,R7-4105-38,4105佐賀県南部,38,25,うれしのふくだクリニック,嬉野市
R7,41,佐賀県,4105,南部,R7-4105-39,4105佐賀県南部,39,26,医療法人野中医院,嬉野市
R7,41,佐賀県,4105,南部,R7-4105-40,4105佐賀県南部,40,27,医療法人優健会樋口医院,嬉野市
R7,41,佐賀県,4105,南部,R7-4105-41,4105佐賀県南部,41,28,川崎整形外科医院,大町町
R7,41,佐賀県,4105,南部,R7-4105-42,4105佐賀県南部,42,29,大隈レディースクリニック,江北町
R7,41,佐賀県,4105,南部,R7-4105-43,4105佐賀県南部,43,30,緒方医院,太良町
R7,41,佐賀県,4105,南部,R7-4105-44,4105佐賀県南部,44,31,清水医院,武雄市
R7,41,佐賀県,4105,南部,R7-4105-45,4105佐賀県南部,45,32,医療法人慈慶会八木産婦人科,武雄市
R7,41,佐賀県,4105,南部,R7-4105-46,4105佐賀県南部,46,33,重村医院,白石町
R7,41,佐賀県,4105,南部,R7-4105-47,4105佐賀県南部,47,34,原田内科医院,白石町
R7,41,佐賀県,4105,南部,R7-4105-48,4105佐賀県南部,48,35,医療法人戸原内科,大町町
R7,41,佐賀県,4105,南部,R7-4105-49,4105佐賀県南部,49,36,医療法人武雄レディースクリニック,武雄市
R7,41,佐賀県,4105,南部,R7-4105-50,4105佐賀県南部,50,37,福田医院,嬉野市
R7,41,佐賀県,4105,南部,R7-4105-51,4105佐賀県南部,51,38,医療法人芳山堂薬師寺医院,鹿島市
R7,41,佐賀県,4105,南部,R7-4105-52,4105佐賀県南部,52,39,酒井眼科医院,武雄市
R7,41,佐賀県,4105,南部,R7-4105-53,4105佐賀県南部,53,40,医療法人光武医院,嬉野市
R7,41,佐賀県,4105,南部,R7-4105-54,4105佐賀県南部,54,41,医療法人アネモネ三根眼科医院,白石町
R7,41,佐賀県,4105,南部,R7-4105-55,4105佐賀県南部,55,42,医療法人社団森田医院,鹿島市
R7,41,佐賀県,4105,南部,R7-4105-56,4105佐賀県南部,56,43,医療法人太田医院,嬉野市
R7,41,佐賀県,4105,南部,R7-4105-57,4105佐賀県南部,57,44,かたふち産婦人科,白石町
R7,41,佐賀県,4105,南部,R7-4105-58,4105佐賀県南部,58,45,谷口眼科婦人科,武雄市
R7,41,佐賀県,4105,南部,R7-4105-59,4105佐賀県南部,59,46,医療法人好生堂 下河辺眼科医院,鹿島市
R7,41,佐賀県,4105,南部,R7-4105-60,4105佐賀県南部,60,47,医療法人野口眼科医院,江北町
R7,41,佐賀県,4105,南部,R7-4105-61,4105佐賀県南部,61,48,医療法人社団栄寿会古賀小児科内科医院,江北町
R7,42,長崎県,4201,長崎,R7-4201-14,4201長崎県長崎,14,1,長崎大学病院,長崎市
R7,42,長崎県,4201,長崎,R7-4201-15,4201長崎県長崎,15,2,長崎みなとメディカルセンター,長崎市
R7,42,長崎県,4201,長崎,R7-4201-16,4201長崎県長崎,16,3,日本赤十字社長崎原爆病院,長崎市
R7,42,長崎県,4201,長崎,R7-4201-17,4201長崎県長崎,17,4,独立行政法人国立病院機構　長崎病院,長崎市
R7,42,長崎県,4201,長崎,R7-4201-18,4201長崎県長崎,18,5,医療法人昭和会　昭和会病院,長崎市
R7,42,長崎県,4201,長崎,R7-4201-19,4201長崎県長崎,19,6,医療法人稲仁会　三原台病院,長崎市
R7,42,長崎県,4201,長崎,R7-4201-20,4201長崎県長崎,20,7,社会福祉法人恩賜財団済生会支部済生会長崎病院,長崎市
R7,42,長崎県,4201,長崎,R7-4201-21,4201長崎県長崎,21,8,長崎記念病院,長崎市
R7,42,長崎県,4201,長崎,R7-4201-22,4201長崎県長崎,22,9,医療法人和仁会　和仁会病院,長崎市
R7,42,長崎県,4201,長崎,R7-4201-23,4201長崎県長崎,23,10,長崎北病院,時津町
R7,42,長崎県,4201,長崎,R7-4201-24,4201長崎県長崎,24,11,医療法人外海弘仁会　日浦病院,長崎市
R7,42,長崎県,4201,長崎,R7-4201-25,4201長崎県長崎,25,12,社会福祉法人十善会　十善会病院,長崎市
R7,42,長崎県,4201,長崎,R7-4201-26,4201長崎県長崎,26,13,清水病院,時津町
R7,42,長崎県,4201,長崎,R7-4201-27,4201長崎県長崎,27,14,医療法人　光晴会病院,長崎市
R7,42,長崎県,4201,長崎,R7-4201-28,4201長崎県長崎,28,15,医療法人健正会　大久保病院,長崎市
R7,42,長崎県,4201,長崎,R7-4201-29,4201長崎県長崎,29,16,重工記念長崎病院,長崎市
R7,42,長崎県,4201,長崎,R7-4201-30,4201長崎県長崎,30,17,医療法人保善会　田上病院,長崎市
R7,42,長崎県,4201,長崎,R7-4201-31,4201長崎県長崎,31,18,長崎百合野病院,時津町
R7,42,長崎県,4201,長崎,R7-4201-32,4201長崎県長崎,32,19,宗教法人聖フランシスコ病院会　聖フランシスコ病院,長崎市
R7,42,長崎県,4201,長崎,R7-4201-33,4201長崎県長崎,33,20,医療法人恵会　光風台病院,長崎市
R7,42,長崎県,4201,長崎,R7-4201-34,4201長崎県長崎,34,21,医療法人厚生会　虹が丘病院,長崎市
R7,42,長崎県,4201,長崎,R7-4201-35,4201長崎県長崎,35,22,医療法人博和会　愛宕病院,長崎市
R7,42,長崎県,4201,長崎,R7-4201-36,4201長崎県長崎,36,23,小江原中央病院,長崎市
R7,42,長崎県,4201,長崎,R7-4201-37,4201長崎県長崎,37,24,一般社団法人是真会　長崎リハビリテーション病院,長崎市
R7,42,長崎県,4201,長崎,R7-4201-38,4201長崎県長崎,38,25,長崎掖済会病院,長崎市
R7,42,長崎県,4201,長崎,R7-4201-39,4201長崎県長崎,39,26,医療法人常葉会　長与病院,長与町
R7,42,長崎県,4201,長崎,R7-4201-40,4201長崎県長崎,40,27,医療法人 平成会 女の都病院,長与町
R7,42,長崎県,4201,長崎,R7-4201-41,4201長崎県長崎,41,28,社会医療法人春回会　井上病院,長崎市
R7,42,長崎県,4201,長崎,R7-4201-42,4201長崎県長崎,42,29,長崎セント・ノーヴァ病院,西海市
R7,42,長崎県,4201,長崎,R7-4201-43,4201長崎県長崎,43,30,医療法人徳洲会　長崎北徳洲会病院,長与町
R7,42,長崎県,4201,長崎,R7-4201-44,4201長崎県長崎,44,31,社会医療法人健友会　上戸町病院,長崎市
R7,42,長崎県,4201,長崎,R7-4201-45,4201長崎県長崎,45,32,三景台病院,長崎市
R7,42,長崎県,4201,長崎,R7-4201-46,4201長崎県長崎,46,33,医療法人衆和会　長崎腎病院,長崎市
R7,42,長崎県,4201,長崎,R7-4201-47,4201長崎県長崎,47,34,長崎友愛病院,長崎市
R7,42,長崎県,4201,長崎,R7-4201-48,4201長崎県長崎,48,35,出島病院,長崎市
R7,42,長崎県,4201,長崎,R7-4201-49,4201長崎県長崎,49,36,医療法人緑風会　長崎みどり病院,長崎市
R7,42,長崎県,4201,長崎,R7-4201-50,4201長崎県長崎,50,37,大石共立病院,長崎市
R7,42,長崎県,4201,長崎,R7-4201-51,4201長崎県長崎,51,38,ニュー琴海病院,長崎市
R7,42,長崎県,4201,長崎,R7-4201-52,4201長崎県長崎,52,39,医療法人同仁会小林病院,長崎市
R7,42,長崎県,4201,長崎,R7-4201-53,4201長崎県長崎,53,40,医療法人社団康仁会林医院,長崎市
R7,42,長崎県,4201,長崎,R7-4201-54,4201長崎県長崎,54,41,医療法人原口医院,長崎市
R7,42,長崎県,4201,長崎,R7-4201-55,4201長崎県長崎,55,42,医療法人　愛育会　花みずきレディースクリニック,長崎市
R7,42,長崎県,4201,長崎,R7-4201-56,4201長崎県長崎,56,43,医療法人社団健昌会　新里クリニック浦上,長崎市
R7,42,長崎県,4201,長崎,R7-4201-57,4201長崎県長崎,57,44,医療法人太寿会　こうの医院,長崎市
R7,42,長崎県,4201,長崎,R7-4201-58,4201長崎県長崎,58,45,医療法人　阿保外科医院,長崎市
R7,42,長崎県,4201,長崎,R7-4201-59,4201長崎県長崎,59,46,医療法人秋桜会　長崎新港診療所,長崎市
R7,42,長崎県,4201,長崎,R7-4201-60,4201長崎県長崎,60,47,しもむら産婦人科,長崎市
R7,42,長崎県,4201,長崎,R7-4201-61,4201長崎県長崎,61,48,たちばなベイクリニック,長崎市
R7,42,長崎県,4201,長崎,R7-4201-62,4201長崎県長崎,62,49,伊藤デンタルクリニック本院,長崎市
R7,42,長崎県,4201,長崎,R7-4201-63,4201長崎県長崎,63,50,医療法人社団　平松クリニック,長崎市
R7,42,長崎県,4201,長崎,R7-4201-64,4201長崎県長崎,64,51,医療法人　哲翁内科医院,長崎市
R7,42,長崎県,4201,長崎,R7-4201-65,4201長崎県長崎,65,52,諸熊医院,長崎市
R7,42,長崎県,4201,長崎,R7-4201-66,4201長崎県長崎,66,53,ながさきハートクリニック,長崎市
R7,42,長崎県,4201,長崎,R7-4201-67,4201長崎県長崎,67,54,医療法人　長谷川医院,長崎市
R7,42,長崎県,4201,長崎,R7-4201-68,4201長崎県長崎,68,55,医療法人　山口整形外科医院,長崎市
R7,42,長崎県,4201,長崎,R7-4201-69,4201長崎県長崎,69,56,森の木脳神経脊髄外科,長与町
R7,42,長崎県,4201,長崎,R7-4201-70,4201長崎県長崎,70,57,長崎けやき医院,長与町
R7,42,長崎県,4201,長崎,R7-4201-71,4201長崎県長崎,71,58,佐藤内科医院,長与町
R7,42,長崎県,4201,長崎,R7-4201-72,4201長崎県長崎,72,59,三浦産婦人科,時津町
R7,42,長崎県,4201,長崎,R7-4201-73,4201長崎県長崎,73,60,医療法人暁会 安永脳神経外科,時津町
R7,42,長崎県,4201,長崎,R7-4201-74,4201長崎県長崎,74,61,近藤医院,時津町
R7,42,長崎県,4201,長崎,R7-4201-75,4201長崎県長崎,75,62,ながさき内科・リウマチ科医院,長崎市
R7,42,長崎県,4201,長崎,R7-4201-76,4201長崎県長崎,76,63,本田整形外科医院,長崎市
R7,42,長崎県,4201,長崎,R7-4201-77,4201長崎県長崎,77,64,南長崎クリニック,長崎市
R7,42,長崎県,4201,長崎,R7-4201-78,4201長崎県長崎,78,65,医療法人宏友会　さとう内科医院,長崎市
R7,42,長崎県,4201,長崎,R7-4201-79,4201長崎県長崎,79,66,出口外科眼科医院,長崎市
R7,42,長崎県,4201,長崎,R7-4201-80,4201長崎県長崎,80,67,医療法人社団　深堀内科医院,長崎市
R7,42,長崎県,4201,長崎,R7-4201-81,4201長崎県長崎,81,68,医療法人渕レディスクリニック,長崎市
R7,42,長崎県,4201,長崎,R7-4201-82,4201長崎県長崎,82,69,医療法人　岩永整形外科医院,長崎市
R7,42,長崎県,4201,長崎,R7-4201-83,4201長崎県長崎,83,70,医療法人　こんどう整形外科,長崎市
R7,42,長崎県,4201,長崎,R7-4201-84,4201長崎県長崎,84,71,矢上藤尾大坪外科胃腸科,長崎市
R7,42,長崎県,4201,長崎,R7-4201-85,4201長崎県長崎,85,72,長崎整形外科よつ葉クリニック,長与町
R7,42,長崎県,4201,長崎,R7-4201-86,4201長崎県長崎,86,73,医療法人　宝マタニティクリニック,長崎市
R7,42,長崎県,4201,長崎,R7-4201-87,4201長崎県長崎,87,74,医療法人橘会　本多眼科,長崎市
R7,42,長崎県,4201,長崎,R7-4201-88,4201長崎県長崎,88,75,医療法人　藤田クリニック,長崎市
R7,42,長崎県,4201,長崎,R7-4201-89,4201長崎県長崎,89,76,医療法人小濱産婦人科医院,長崎市
R7,42,長崎県,4201,長崎,R7-4201-90,4201長崎県長崎,90,77,医療法人　中川外科医院,長崎市
R7,42,長崎県,4201,長崎,R7-4201-91,4201長崎県長崎,91,78,池田産科-YOU-婦人科医院,長崎市
R7,42,長崎県,4201,長崎,R7-4201-92,4201長崎県長崎,92,79,医療法人　星子医院,長崎市
R7,42,長崎県,4201,長崎,R7-4201-93,4201長崎県長崎,93,80,安中外科・脳神経外科医院,長崎市
R7,42,長崎県,4201,長崎,R7-4201-94,4201長崎県長崎,94,81,髙尾産婦人科医院,長崎市
R7,42,長崎県,4201,長崎,R7-4201-95,4201長崎県長崎,95,82,医療法人高翠会　まつお産科・婦人科クリニック,長崎市
R7,42,長崎県,4201,長崎,R7-4201-96,4201長崎県長崎,96,83,レディースクリニックICHIRO,長崎市
R7,42,長崎県,4201,長崎,R7-4201-97,4201長崎県長崎,97,84,医療法人　楢林整形外科医院,長崎市
R7,42,長崎県,4201,長崎,R7-4201-98,4201長崎県長崎,98,85,佐藤和眼科医院,長崎市
R7,42,長崎県,4201,長崎,R7-4201-99,4201長崎県長崎,99,86,医療法人社団津田眼科医院,長崎市
R7,42,長崎県,4201,長崎,R7-4201-100,4201長崎県長崎,100,87,医療法人陽蘭会　広瀬クリニック,長崎市
R7,42,長崎県,4201,長崎,R7-4201-101,4201長崎県長崎,101,88,医療法人泉田外科,長崎市
R7,42,長崎県,4201,長崎,R7-4201-102,4201長崎県長崎,102,89,医療法人 良幸会 思案橋ツダ眼科,長崎市
R7,42,長崎県,4201,長崎,R7-4201-103,4201長崎県長崎,103,90,医療法人EMS西海救急クリニック,西海市
R7,42,長崎県,4201,長崎,R7-4201-104,4201長崎県長崎,104,91,田栗レディースクリニック,長崎市
R7,42,長崎県,4201,長崎,R7-4201-105,4201長崎県長崎,105,92,医療法人　浜崎外科医院,長崎市
R7,42,長崎県,4201,長崎,R7-4201-106,4201長崎県長崎,106,93,医療法人　みやむら女性のクリニック,長崎市
R7,42,長崎県,4201,長崎,R7-4201-107,4201長崎県長崎,107,94,粟津外科医院,長崎市
R7,42,長崎県,4201,長崎,R7-4201-108,4201長崎県長崎,108,95,共立耳鼻咽喉科,長崎市
R7,42,長崎県,4201,長崎,R7-4201-109,4201長崎県長崎,109,96,医療法人　三宅脳神経外科医院,長崎市
R7,42,長崎県,4201,長崎,R7-4201-110,4201長崎県長崎,110,97,いまむらウィミンズクリニック,
R7,42,長崎県,4202,佐世保県北,R7-4202-14,4202長崎県佐世保県北,14,1,佐世保市総合医療センター,佐世保市
R7,42,長崎県,4202,佐世保県北,R7-4202-15,4202長崎県佐世保県北,15,2,燿光リハビリテーション病院,佐世保市
R7,42,長崎県,4202,佐世保県北,R7-4202-16,4202長崎県佐世保県北,16,3,社会医療法人財団白十字会佐世保中央病院,佐世保市
R7,42,長崎県,4202,佐世保県北,R7-4202-17,4202長崎県佐世保県北,17,4,国家公務員共済組合連合会　佐世保共済病院,佐世保市
R7,42,長崎県,4202,佐世保県北,R7-4202-18,4202長崎県佐世保県北,18,5,独立行政法人労働者健康安全機構　長崎労災病院,佐世保市
R7,42,長崎県,4202,佐世保県北,R7-4202-19,4202長崎県佐世保県北,19,6,サン・レモ リハビリ病院,佐世保市
R7,42,長崎県,4202,佐世保県北,R7-4202-20,4202長崎県佐世保県北,20,7,地方独立行政法人　北松中央病院,佐世保市
R7,42,長崎県,4202,佐世保県北,R7-4202-21,4202長崎県佐世保県北,21,8,特定医療法人雄博会 千住病院,佐世保市
R7,42,長崎県,4202,佐世保県北,R7-4202-22,4202長崎県佐世保県北,22,9,青洲会病院,平戸市
R7,42,長崎県,4202,佐世保県北,R7-4202-23,4202長崎県佐世保県北,23,10,佐世保記念病院,佐世保市
R7,42,長崎県,4202,佐世保県北,R7-4202-24,4202長崎県佐世保県北,24,11,佐世保国際通り病院,佐世保市
R7,42,長崎県,4202,佐世保県北,R7-4202-25,4202長崎県佐世保県北,25,12,柿添病院,平戸市
R7,42,長崎県,4202,佐世保県北,R7-4202-26,4202長崎県佐世保県北,26,13,国民健康保険平戸市民病院,平戸市
R7,42,長崎県,4202,佐世保県北,R7-4202-27,4202長崎県佐世保県北,27,14,独立行政法人地域医療機能推進機構　松浦中央病院,松浦市
R7,42,長崎県,4202,佐世保県北,R7-4202-28,4202長崎県佐世保県北,28,15,医療法人是心会　久保内科病院,佐世保市
R7,42,長崎県,4202,佐世保県北,R7-4202-29,4202長崎県佐世保県北,29,16,医療法人社団昌徳会　田中病院,松浦市
R7,42,長崎県,4202,佐世保県北,R7-4202-30,4202長崎県佐世保県北,30,17,医療法人わかば会　俵町浜野病院,佐世保市
R7,42,長崎県,4202,佐世保県北,R7-4202-31,4202長崎県佐世保県北,31,18,医療法人光省会　福田外科病院,佐世保市
R7,42,長崎県,4202,佐世保県北,R7-4202-32,4202長崎県佐世保県北,32,19,三川内病院,佐世保市
R7,42,長崎県,4202,佐世保県北,R7-4202-33,4202長崎県佐世保県北,33,20,医療法人裕光会　谷川病院,平戸市
R7,42,長崎県,4202,佐世保県北,R7-4202-34,4202長崎県佐世保県北,34,21,平戸市立生月病院,平戸市
R7,42,長崎県,4202,佐世保県北,R7-4202-35,4202長崎県佐世保県北,35,22,医療法人長愛会　菊地病院,松浦市
R7,42,長崎県,4202,佐世保県北,R7-4202-36,4202長崎県佐世保県北,36,23,医療法人アリス会　京町病院,佐世保市
R7,42,長崎県,4202,佐世保県北,R7-4202-37,4202長崎県佐世保県北,37,24,医療法人光佑会　北川病院,平戸市
R7,42,長崎県,4202,佐世保県北,R7-4202-38,4202長崎県佐世保県北,38,25,医療法人十全会　潜竜徳田循環器科内科整形外科病院,佐世保市
R7,42,長崎県,4202,佐世保県北,R7-4202-39,4202長崎県佐世保県北,39,26,医療法人佐世保晩翠会村上病院,佐世保市
R7,42,長崎県,4202,佐世保県北,R7-4202-40,4202長崎県佐世保県北,40,27,医療法人社団創平会　くりや内科医院,佐世保市
R7,42,長崎県,4202,佐世保県北,R7-4202-41,4202長崎県佐世保県北,41,28,医療法人誠医会　川冨内科医院,佐世保市
R7,42,長崎県,4202,佐世保県北,R7-4202-42,4202長崎県佐世保県北,42,29,池永外科医院,佐世保市
R7,42,長崎県,4202,佐世保県北,R7-4202-43,4202長崎県佐世保県北,43,30,医療法人社団　石坂脳神経外科,佐世保市
R7,42,長崎県,4202,佐世保県北,R7-4202-44,4202長崎県佐世保県北,44,31,医療法人社団平世会　村上医院,佐世保市
R7,42,長崎県,4202,佐世保県北,R7-4202-45,4202長崎県佐世保県北,45,32,医療法人 増田整形外科,佐世保市
R7,42,長崎県,4202,佐世保県北,R7-4202-46,4202長崎県佐世保県北,46,33,医療法人　田渕医院,佐世保市
R7,42,長崎県,4202,佐世保県北,R7-4202-47,4202長崎県佐世保県北,47,34,医療法人　たかひら外科,佐世保市
R7,42,長崎県,4202,佐世保県北,R7-4202-48,4202長崎県佐世保県北,48,35,医療法人　平川整形外科医院,佐世保市
R7,42,長崎県,4202,佐世保県北,R7-4202-49,4202長崎県佐世保県北,49,36,医療法人道仁会　品川医院,佐世保市
R7,42,長崎県,4202,佐世保県北,R7-4202-50,4202長崎県佐世保県北,50,37,いちょうクリニック,佐世保市
R7,42,長崎県,4202,佐世保県北,R7-4202-51,4202長崎県佐世保県北,51,38,宮原医院,佐世保市
R7,42,長崎県,4202,佐世保県北,R7-4202-52,4202長崎県佐世保県北,52,39,押渕医院,松浦市
R7,42,長崎県,4202,佐世保県北,R7-4202-53,4202長崎県佐世保県北,53,40,白壁外科医院,松浦市
R7,42,長崎県,4202,佐世保県北,R7-4202-54,4202長崎県佐世保県北,54,41,医療法人愛健会　愛健医院,佐世保市
R7,42,長崎県,4202,佐世保県北,R7-4202-55,4202長崎県佐世保県北,55,42,医療法人　くわはら医院,平戸市
R7,42,長崎県,4202,佐世保県北,R7-4202-56,4202長崎県佐世保県北,56,43,佐世保市総合医療センター　宇久診療所,佐世保市
R7,42,長崎県,4202,佐世保県北,R7-4202-57,4202長崎県佐世保県北,57,44,医療法人英尚会　中村内科,佐世保市
R7,42,長崎県,4202,佐世保県北,R7-4202-58,4202長崎県佐世保県北,58,45,医療法人かえで 溝口内科・呼吸器内科,佐世保市
R7,42,長崎県,4202,佐世保県北,R7-4202-59,4202長崎県佐世保県北,59,46,医療法人　前田外科胃腸科医院,佐々町
R7,42,長崎県,4202,佐世保県北,R7-4202-60,4202長崎県佐世保県北,60,47,日宇記念医院,佐世保市
R7,42,長崎県,4202,佐世保県北,R7-4202-61,4202長崎県佐世保県北,61,48,松永クリニック,佐世保市
R7,42,長崎県,4202,佐世保県北,R7-4202-62,4202長崎県佐世保県北,62,49,つきやま産婦人科,佐世保市
R7,42,長崎県,4202,佐世保県北,R7-4202-63,4202長崎県佐世保県北,63,50,医療法人　一心会　横山内科医院,佐世保市
R7,42,長崎県,4202,佐世保県北,R7-4202-64,4202長崎県佐世保県北,64,51,医療法人　中山レディースクリニック,松浦市
R7,42,長崎県,4202,佐世保県北,R7-4202-65,4202長崎県佐世保県北,65,52,医療法人　梶原眼科医院,佐世保市
R7,42,長崎県,4202,佐世保県北,R7-4202-66,4202長崎県佐世保県北,66,53,横尾内科医院,佐世保市
R7,42,長崎県,4202,佐世保県北,R7-4202-67,4202長崎県佐世保県北,67,54,医療法人 愛生会医院,佐世保市
R7,42,長崎県,4202,佐世保県北,R7-4202-68,4202長崎県佐世保県北,68,55,医療法人　まつお内科医院,佐世保市
R7,42,長崎県,4202,佐世保県北,R7-4202-69,4202長崎県佐世保県北,69,56,医療法人哺仁会　一瀬診療所,佐世保市
R7,42,長崎県,4202,佐世保県北,R7-4202-70,4202長崎県佐世保県北,70,57,最勝寺内科医院,佐世保市
R7,42,長崎県,4202,佐世保県北,R7-4202-71,4202長崎県佐世保県北,71,58,産科・婦人科・麻酔科　東島レディースクリニック,佐世保市
R7,42,長崎県,4202,佐世保県北,R7-4202-72,4202長崎県佐世保県北,72,59,医療法人流星群　はたえ眼科,平戸市
R7,42,長崎県,4202,佐世保県北,R7-4202-73,4202長崎県佐世保県北,73,60,平井産婦人科医院,佐々町
R7,42,長崎県,4202,佐世保県北,R7-4202-74,4202長崎県佐世保県北,74,61,溝口眼科,佐世保市
R7,42,長崎県,4202,佐世保県北,R7-4202-75,4202長崎県佐世保県北,75,62,とみた産婦人科クリニック,佐世保市
R7,42,長崎県,4202,佐世保県北,R7-4202-76,4202長崎県佐世保県北,76,63,医療法人　あずま眼科医院,佐世保市
R7,42,長崎県,4202,佐世保県北,R7-4202-77,4202長崎県佐世保県北,77,64,しもまえ泌尿器科クリニック,佐世保市
R7,42,長崎県,4202,佐世保県北,R7-4202-78,4202長崎県佐世保県北,78,65,くろき医院,佐世保市
R7,42,長崎県,4202,佐世保県北,R7-4202-79,4202長崎県佐世保県北,79,66,医療法人　たかさご腎クリニック,佐世保市
R7,42,長崎県,4202,佐世保県北,R7-4202-80,4202長崎県佐世保県北,80,67,とくだ眼科,佐々町
R7,42,長崎県,4202,佐世保県北,R7-4202-81,4202長崎県佐世保県北,81,68,医療法人社団　福田内科胃腸科医院,佐世保市
R7,42,長崎県,4202,佐世保県北,R7-4202-82,4202長崎県佐世保県北,82,69,山下レディースクリニック,佐世保市
R7,42,長崎県,4202,佐世保県北,R7-4202-83,4202長崎県佐世保県北,83,70,かれこれ先生のこどもクリニック,
R7,42,長崎県,4203,県央,R7-4203-14,4203長崎県県央,14,1,独立行政法人国立病院機構　長崎医療センター,大村市
R7,42,長崎県,4203,県央,R7-4203-15,4203長崎県県央,15,2,独立行政法人地域医療機能推進機構　諫早総合病院,諫早市
R7,42,長崎県,4203,県央,R7-4203-16,4203長崎県県央,16,3,独立行政法人国立病院機構　長崎川棚医療センター,川棚町
R7,42,長崎県,4203,県央,R7-4203-17,4203長崎県県央,17,4,医療法人社団淳生会　慈恵病院,諫早市
R7,42,長崎県,4203,県央,R7-4203-18,4203長崎県県央,18,5,市立大村市民病院,大村市
R7,42,長崎県,4203,県央,R7-4203-19,4203長崎県県央,19,6,社会福祉法人幸生会　諫早療育センター,諫早市
R7,42,長崎県,4203,県央,R7-4203-20,4203長崎県県央,20,7,みさかえの園総合発達医療福祉センターむつみの家,諫早市
R7,42,長崎県,4203,県央,R7-4203-21,4203長崎県県央,21,8,波佐見病院,波佐見町
R7,42,長崎県,4203,県央,R7-4203-22,4203長崎県県央,22,9,医療法人和光会　恵寿病院,諫早市
R7,42,長崎県,4203,県央,R7-4203-23,4203長崎県県央,23,10,社会医療法人三佼会　宮崎病院,諫早市
R7,42,長崎県,4203,県央,R7-4203-24,4203長崎県県央,24,11,医療法人祐里会　姉川病院,諫早市
R7,42,長崎県,4203,県央,R7-4203-25,4203長崎県県央,25,12,諫早記念病院,諫早市
R7,42,長崎県,4203,県央,R7-4203-26,4203長崎県県央,26,13,日本赤十字社長崎原爆諫早病院,諫早市
R7,42,長崎県,4203,県央,R7-4203-27,4203長崎県県央,27,14,みさかえの園あゆみの家,大村市
R7,42,長崎県,4203,県央,R7-4203-28,4203長崎県県央,28,15,南野病院,大村市
R7,42,長崎県,4203,県央,R7-4203-29,4203長崎県県央,29,16,医療法人さざなみ　鈴木病院,東彼杵町
R7,42,長崎県,4203,県央,R7-4203-30,4203長崎県県央,30,17,医療法人社団大塚会　唐比病院,諫早市
R7,42,長崎県,4203,県央,R7-4203-31,4203長崎県県央,31,18,医療法人慧明会　貞松病院,大村市
R7,42,長崎県,4203,県央,R7-4203-32,4203長崎県県央,32,19,医療法人社団尚整会　菅整形外科病院,諫早市
R7,42,長崎県,4203,県央,R7-4203-33,4203長崎県県央,33,20,医療法人祥仁会　西諫早病院,諫早市
R7,42,長崎県,4203,県央,R7-4203-34,4203長崎県県央,34,21,長崎県立こども医療福祉センター,諫早市
R7,42,長崎県,4203,県央,R7-4203-35,4203長崎県県央,35,22,中澤病院,大村市
R7,42,長崎県,4203,県央,R7-4203-36,4203長崎県県央,36,23,医療法人二輝会 佐藤病院,諫早市
R7,42,長崎県,4203,県央,R7-4203-37,4203長崎県県央,37,24,山﨑病院,諫早市
R7,42,長崎県,4203,県央,R7-4203-38,4203長崎県県央,38,25,貝田整形外科,諫早市
R7,42,長崎県,4203,県央,R7-4203-39,4203長崎県県央,39,26,江藤外科消化器科医院,諫早市
R7,42,長崎県,4203,県央,R7-4203-40,4203長崎県県央,40,27,すばる診療所,諫早市
R7,42,長崎県,4203,県央,R7-4203-41,4203長崎県県央,41,28,マムレディースクリニック,諫早市
R7,42,長崎県,4203,県央,R7-4203-42,4203長崎県県央,42,29,長崎呼吸器リハビリクリニック,諫早市
R7,42,長崎県,4203,県央,R7-4203-43,4203長崎県県央,43,30,福田消化器内科医院,諫早市
R7,42,長崎県,4203,県央,R7-4203-44,4203長崎県県央,44,31,犬尾内科医院,諫早市
R7,42,長崎県,4203,県央,R7-4203-45,4203長崎県県央,45,32,藤山循環器内科医院,諫早市
R7,42,長崎県,4203,県央,R7-4203-46,4203長崎県県央,46,33,岡崎整形外科医院,諫早市
R7,42,長崎県,4203,県央,R7-4203-47,4203長崎県県央,47,34,コムタ外科・整形外科医院,諫早市
R7,42,長崎県,4203,県央,R7-4203-48,4203長崎県県央,48,35,伊崎脳神経外科・内科,大村市
R7,42,長崎県,4203,県央,R7-4203-49,4203長崎県県央,49,36,牧山医院,大村市
R7,42,長崎県,4203,県央,R7-4203-50,4203長崎県県央,50,37,平松整形外科医院,大村市
R7,42,長崎県,4203,県央,R7-4203-51,4203長崎県県央,51,38,山道医院,大村市
R7,42,長崎県,4203,県央,R7-4203-52,4203長崎県県央,52,39,医療法人蓮輪会はすわ診療所,波佐見町
R7,42,長崎県,4203,県央,R7-4203-53,4203長崎県県央,53,40,出口医院レディースクリニック,諫早市
R7,42,長崎県,4203,県央,R7-4203-54,4203長崎県県央,54,41,中村医院,諫早市
R7,42,長崎県,4203,県央,R7-4203-55,4203長崎県県央,55,42,ともしげクリニック外科・内科,諫早市
R7,42,長崎県,4203,県央,R7-4203-56,4203長崎県県央,56,43,安永産婦人科医院,諫早市
R7,42,長崎県,4203,県央,R7-4203-57,4203長崎県県央,57,44,医療法人 宮本外科,諫早市
R7,42,長崎県,4203,県央,R7-4203-58,4203長崎県県央,58,45,池田外科医院,諫早市
R7,42,長崎県,4203,県央,R7-4203-59,4203長崎県県央,59,46,檀野医院,諫早市
R7,42,長崎県,4203,県央,R7-4203-60,4203長崎県県央,60,47,草野内科医院,諫早市
R7,42,長崎県,4203,県央,R7-4203-61,4203長崎県県央,61,48,しば整形外科クリニック,諫早市
R7,42,長崎県,4203,県央,R7-4203-62,4203長崎県県央,62,49,医療法人六敬会　澤田医院,諫早市
R7,42,長崎県,4203,県央,R7-4203-63,4203長崎県県央,63,50,まつお眼科医院,諫早市
R7,42,長崎県,4203,県央,R7-4203-64,4203長崎県県央,64,51,レディースクリニックしげまつ,大村市
R7,42,長崎県,4203,県央,R7-4203-65,4203長崎県県央,65,52,立石産婦人科医院,諫早市
R7,42,長崎県,4203,県央,R7-4203-66,4203長崎県県央,66,53,甲状腺・乳腺クリニック,諫早市
R7,42,長崎県,4203,県央,R7-4203-67,4203長崎県県央,67,54,三島眼科医院,東彼杵町
R7,42,長崎県,4203,県央,R7-4203-68,4203長崎県県央,68,55,おおつか内科医院,大村市
R7,42,長崎県,4203,県央,R7-4203-69,4203長崎県県央,69,56,まつお産婦人科,川棚町
R7,42,長崎県,4203,県央,R7-4203-70,4203長崎県県央,70,57,たらみエンゼルレディースクリニック,諫早市
R7,42,長崎県,4203,県央,R7-4203-71,4203長崎県県央,71,58,松屋眼科医院,諫早市
R7,42,長崎県,4203,県央,R7-4203-72,4203長崎県県央,72,59,医療法人芳泉会まつなが眼科・形成外科,諫早市
R7,42,長崎県,4203,県央,R7-4203-73,4203長崎県県央,73,60,やまもと眼科,諫早市
R7,42,長崎県,4203,県央,R7-4203-74,4203長崎県県央,74,61,伊藤歯科クリニック,諫早市
R7,42,長崎県,4203,県央,R7-4203-75,4203長崎県県央,75,62,田崎医院,大村市
R7,42,長崎県,4203,県央,R7-4203-76,4203長崎県県央,76,63,橋爪外科胃腸科医院,諫早市
R7,42,長崎県,4203,県央,R7-4203-77,4203長崎県県央,77,64,うのき眼科,大村市
R7,42,長崎県,4204,県南,R7-4204-14,4204長崎県県南,14,1,愛野記念病院,雲仙市
R7,42,長崎県,4204,県南,R7-4204-15,4204長崎県県南,15,2,長崎県島原病院,島原市
R7,42,長崎県,4204,県南,R7-4204-16,4204長崎県県南,16,3,公立小浜温泉病院,雲仙市
R7,42,長崎県,4204,県南,R7-4204-17,4204長崎県県南,17,4,泉川病院,南島原市
R7,42,長崎県,4204,県南,R7-4204-18,4204長崎県県南,18,5,柴田長庚堂病院,島原市
R7,42,長崎県,4204,県南,R7-4204-19,4204長崎県県南,19,6,医療法人社団威光会　松岡病院,島原市
R7,42,長崎県,4204,県南,R7-4204-20,4204長崎県県南,20,7,医療法人南風会　浦上病院,南島原市
R7,42,長崎県,4204,県南,R7-4204-21,4204長崎県県南,21,8,医療法人　弘池会　口之津病院,南島原市
R7,42,長崎県,4204,県南,R7-4204-22,4204長崎県県南,22,9,哲翁病院,南島原市
R7,42,長崎県,4204,県南,R7-4204-23,4204長崎県県南,23,10,池田病院,島原市
R7,42,長崎県,4204,県南,R7-4204-24,4204長崎県県南,24,11,医療法人有隣会　貴田神経内科・呼吸器科・内科病院,島原市
R7,42,長崎県,4204,県南,R7-4204-25,4204長崎県県南,25,12,新生病院,島原市
R7,42,長崎県,4204,県南,R7-4204-26,4204長崎県県南,26,13,医療法人 重眞会 木下内科医院,島原市
R7,42,長崎県,4204,県南,R7-4204-27,4204長崎県県南,27,14,医療法人 宮崎医院,島原市
R7,42,長崎県,4204,県南,R7-4204-28,4204長崎県県南,28,15,医療法人翔南会　山崎産婦人科医院,島原市
R7,42,長崎県,4204,県南,R7-4204-29,4204長崎県県南,29,16,土井外科消化器内科医院,島原市
R7,42,長崎県,4204,県南,R7-4204-30,4204長崎県県南,30,17,医療法人社団兼愛会　前田医院,島原市
R7,42,長崎県,4204,県南,R7-4204-31,4204長崎県県南,31,18,稲田整形外科医院,島原市
R7,42,長崎県,4204,県南,R7-4204-32,4204長崎県県南,32,19,医療法人慈眼会 坂本医院内科・婦人科,島原市
R7,42,長崎県,4204,県南,R7-4204-33,4204長崎県県南,33,20,菜の花クリニック,南島原市
R7,42,長崎県,4204,県南,R7-4204-34,4204長崎県県南,34,21,医療法人文湛会　水田小児科医院,島原市
R7,42,長崎県,4204,県南,R7-4204-35,4204長崎県県南,35,22,医療法人社団英仁会　愛野ありあけ病院,雲仙市
R7,42,長崎県,4204,県南,R7-4204-36,4204長崎県県南,36,23,島原整形外科西村クリニック,島原市
R7,42,長崎県,4204,県南,R7-4204-37,4204長崎県県南,37,24,医療法人　いその産婦人科,南島原市
R7,42,長崎県,4204,県南,R7-4204-38,4204長崎県県南,38,25,医療法人祐和会　伊崎医院,南島原市
R7,42,長崎県,4204,県南,R7-4204-39,4204長崎県県南,39,26,くさの循環器内科,雲仙市
R7,42,長崎県,4204,県南,R7-4204-40,4204長崎県県南,40,27,医療法人 城代医院,雲仙市
R7,42,長崎県,4204,県南,R7-4204-41,4204長崎県県南,41,28,京泊馬場医院,雲仙市
R7,42,長崎県,4204,県南,R7-4204-42,4204長崎県県南,42,29,医療法人　永田内科泌尿器科医院,南島原市
R7,42,長崎県,4206,五島,R7-4206-14,4206長崎県五島,14,1,長崎県五島中央病院,五島市
R7,42,長崎県,4206,五島,R7-4206-15,4206長崎県五島,15,2,聖マリア病院,五島市
R7,42,長崎県,4206,五島,R7-4206-16,4206長崎県五島,16,3,長崎県富江病院,五島市
R7,42,長崎県,4206,五島,R7-4206-17,4206長崎県五島,17,4,医療法人社団厚善会　郡家病院,五島市
R7,42,長崎県,4206,五島,R7-4206-18,4206長崎県五島,18,5,長崎県五島中央病院附属診療所奈留医療センター,五島市
R7,42,長崎県,4206,五島,R7-4206-19,4206長崎県五島,19,6,医療法人松尾整形外科,五島市
R7,42,長崎県,4206,五島,R7-4206-20,4206長崎県五島,20,7,医療法人社団福江産婦人科医院産婦人科,五島市
R7,42,長崎県,4206,五島,R7-4206-21,4206長崎県五島,21,8,ダケ眼科クリニック,五島市
R7,42,長崎県,4206,五島,R7-4206-22,4206長崎県五島,22,9,浦クリニック,五島市
R7,42,長崎県,4207,上五島,R7-4207-14,4207長崎県上五島,14,1,長崎県上五島病院,新上五島町
R7,42,長崎県,4207,上五島,R7-4207-15,4207長崎県上五島,15,2,小値賀町国民健康保険診療所,小値賀町
R7,42,長崎県,4208,壱岐,R7-4208-14,4208長崎県壱岐,14,1,長崎県壱岐病院,壱岐市
R7,42,長崎県,4208,壱岐,R7-4208-15,4208長崎県壱岐,15,2,光武内科循環器科病院,壱岐市
R7,42,長崎県,4208,壱岐,R7-4208-16,4208長崎県壱岐,16,3,品川病院,壱岐市
R7,42,長崎県,4208,壱岐,R7-4208-17,4208長崎県壱岐,17,4,赤木病院,壱岐市
R7,42,長崎県,4209,対馬,R7-4209-14,4209長崎県対馬,14,1,長崎県対馬病院,対馬市
R7,42,長崎県,4209,対馬,R7-4209-15,4209長崎県対馬,15,2,長崎県上対馬病院,対馬市
R7,42,長崎県,4209,対馬,R7-4209-16,4209長崎県対馬,16,3,豊玉診療所,対馬市
R7,43,熊本県,4302,宇城,R7-4302-14,4302熊本県宇城,14,1,宇城総合病院,宇城市
R7,43,熊本県,4302,宇城,R7-4302-15,4302熊本県宇城,15,2,桜十字熊本宇城病院,宇城市
R7,43,熊本県,4302,宇城,R7-4302-16,4302熊本県宇城,16,3,独立行政法人国立病院機構熊本南病院,宇城市
R7,43,熊本県,4302,宇城,R7-4302-17,4302熊本県宇城,17,4,済生会みすみ病院,宇城市
R7,43,熊本県,4302,宇城,R7-4302-18,4302熊本県宇城,18,5,くまもと温石病院,美里町
R7,43,熊本県,4302,宇城,R7-4302-19,4302熊本県宇城,19,6,熊本県こども総合療育センター,宇城市
R7,43,熊本県,4302,宇城,R7-4302-20,4302熊本県宇城,20,7,間部病院,美里町
R7,43,熊本県,4302,宇城,R7-4302-21,4302熊本県宇城,21,8,あおば病院,宇城市
R7,43,熊本県,4302,宇城,R7-4302-22,4302熊本県宇城,22,9,医療法人社団 尾崎医院,宇土市
R7,43,熊本県,4302,宇城,R7-4302-23,4302熊本県宇城,23,10,みどりかわクリニック,宇土市
R7,43,熊本県,4302,宇城,R7-4302-24,4302熊本県宇城,24,11,かなもり地域ケアクリニック,宇土市
R7,43,熊本県,4302,宇城,R7-4302-25,4302熊本県宇城,25,12,田山産科婦人科医院,宇土市
R7,43,熊本県,4302,宇城,R7-4302-26,4302熊本県宇城,26,13,小篠内科医院,宇城市
R7,43,熊本県,4302,宇城,R7-4302-27,4302熊本県宇城,27,14,医療法人社団仁水会 清水整形外科医院,宇城市
R7,43,熊本県,4302,宇城,R7-4302-28,4302熊本県宇城,28,15,まつばせレディースクリニック,宇城市
R7,43,熊本県,4302,宇城,R7-4302-29,4302熊本県宇城,29,16,医療法人one happiness 県南髙木クリニック,宇城市
R7,43,熊本県,4302,宇城,R7-4302-30,4302熊本県宇城,30,17,医療法人社団本田会 本田医院,宇城市
R7,43,熊本県,4302,宇城,R7-4302-31,4302熊本県宇城,31,18,宇土中央クリニック,宇土市
R7,43,熊本県,4302,宇城,R7-4302-32,4302熊本県宇城,32,19,うきクリニック,宇城市
R7,43,熊本県,4303,有明,R7-4303-14,4303熊本県有明,14,1,くまもと県北病院,玉名市
R7,43,熊本県,4303,有明,R7-4303-15,4303熊本県有明,15,2,荒尾市立有明医療センター,荒尾市
R7,43,熊本県,4303,有明,R7-4303-16,4303熊本県有明,16,3,荒尾中央病院,荒尾市
R7,43,熊本県,4303,有明,R7-4303-17,4303熊本県有明,17,4,医療法人悠紀会病院,玉名市
R7,43,熊本県,4303,有明,R7-4303-18,4303熊本県有明,18,5,新生翠病院,荒尾市
R7,43,熊本県,4303,有明,R7-4303-19,4303熊本県有明,19,6,国民健康保険 和水町立病院,和水町
R7,43,熊本県,4303,有明,R7-4303-20,4303熊本県有明,20,7,有明成仁病院,長洲町
R7,43,熊本県,4303,有明,R7-4303-21,4303熊本県有明,21,8,山田クリニック,荒尾市
R7,43,熊本県,4303,有明,R7-4303-22,4303熊本県有明,22,9,西良文医院,荒尾市
R7,43,熊本県,4303,有明,R7-4303-23,4303熊本県有明,23,10,西原クリニック,荒尾市
R7,43,熊本県,4303,有明,R7-4303-24,4303熊本県有明,24,11,医療法人九萬会南整形外科医院,荒尾市
R7,43,熊本県,4303,有明,R7-4303-25,4303熊本県有明,25,12,荒尾脳神経外科医院,荒尾市
R7,43,熊本県,4303,有明,R7-4303-26,4303熊本県有明,26,13,関整形外科,荒尾市
R7,43,熊本県,4303,有明,R7-4303-27,4303熊本県有明,27,14,藤枝医院,荒尾市
R7,43,熊本県,4303,有明,R7-4303-28,4303熊本県有明,28,15,医療法人社団 荒尾クリニック,荒尾市
R7,43,熊本県,4303,有明,R7-4303-29,4303熊本県有明,29,16,西整形外科医院,荒尾市
R7,43,熊本県,4303,有明,R7-4303-30,4303熊本県有明,30,17,伊藤医院,荒尾市
R7,43,熊本県,4303,有明,R7-4303-31,4303熊本県有明,31,18,大塚医院,玉名市
R7,43,熊本県,4303,有明,R7-4303-32,4303熊本県有明,32,19,小田整形外科医院,玉名市
R7,43,熊本県,4303,有明,R7-4303-33,4303熊本県有明,33,20,岡本外科医院,玉名市
R7,43,熊本県,4303,有明,R7-4303-34,4303熊本県有明,34,21,ハビリス白千鳥クリニック,荒尾市
R7,43,熊本県,4303,有明,R7-4303-35,4303熊本県有明,35,22,福島眼科医院,玉名市
R7,43,熊本県,4303,有明,R7-4303-36,4303熊本県有明,36,23,Ａｎｄ坂本女性クリニック,玉名市
R7,43,熊本県,4303,有明,R7-4303-37,4303熊本県有明,37,24,産科婦人科まつおレディースクリニック,荒尾市
R7,43,熊本県,4303,有明,R7-4303-38,4303熊本県有明,38,25,古庄胃腸科・内科医院,玉名市
R7,43,熊本県,4303,有明,R7-4303-39,4303熊本県有明,39,26,本田医院,玉名市
R7,43,熊本県,4303,有明,R7-4303-40,4303熊本県有明,40,27,松山医院,荒尾市
R7,43,熊本県,4303,有明,R7-4303-41,4303熊本県有明,41,28,いしかわ産婦人科,荒尾市
R7,43,熊本県,4303,有明,R7-4303-42,4303熊本県有明,42,29,ふれあいクリニック,荒尾市
R7,43,熊本県,4303,有明,R7-4303-43,4303熊本県有明,43,30,おおかど胃腸科クリニック,玉名市
R7,43,熊本県,4304,鹿本,R7-4304-14,4304熊本県鹿本,14,1,山鹿市民医療センター,山鹿市
R7,43,熊本県,4304,鹿本,R7-4304-15,4304熊本県鹿本,15,2,山鹿中央病院,山鹿市
R7,43,熊本県,4304,鹿本,R7-4304-16,4304熊本県鹿本,16,3,保利病院,山鹿市
R7,43,熊本県,4304,鹿本,R7-4304-17,4304熊本県鹿本,17,4,山鹿温泉リハビリテーション病院,山鹿市
R7,43,熊本県,4304,鹿本,R7-4304-18,4304熊本県鹿本,18,5,三森循環器科・呼吸器科病院,山鹿市
R7,43,熊本県,4304,鹿本,R7-4304-19,4304熊本県鹿本,19,6,武内医院,山鹿市
R7,43,熊本県,4304,鹿本,R7-4304-20,4304熊本県鹿本,20,7,大橋通クリニック,山鹿市
R7,43,熊本県,4304,鹿本,R7-4304-21,4304熊本県鹿本,21,8,うちだ内科医院,山鹿市
R7,43,熊本県,4304,鹿本,R7-4304-22,4304熊本県鹿本,22,9,まえはら泌尿器科クリニック,山鹿市
R7,43,熊本県,4304,鹿本,R7-4304-23,4304熊本県鹿本,23,10,井上産婦人科医院,山鹿市
R7,43,熊本県,4305,菊池,R7-4305-14,4305熊本県菊池,14,1,独立行政法人国立病院機構熊本再春医療センター,合志市
R7,43,熊本県,4305,菊池,R7-4305-15,4305熊本県菊池,15,2,国立療養所菊池恵楓園,合志市
R7,43,熊本県,4305,菊池,R7-4305-16,4305熊本県菊池,16,3,熊本セントラル病院,菊陽町
R7,43,熊本県,4305,菊池,R7-4305-17,4305熊本県菊池,17,4,熊本リハビリテーション病院,菊陽町
R7,43,熊本県,4305,菊池,R7-4305-18,4305熊本県菊池,18,5,菊池郡市医師会立病院,菊池市
R7,43,熊本県,4305,菊池,R7-4305-19,4305熊本県菊池,19,6,合志第一病院,合志市
R7,43,熊本県,4305,菊池,R7-4305-20,4305熊本県菊池,20,7,東熊本第二病院,菊陽町
R7,43,熊本県,4305,菊池,R7-4305-21,4305熊本県菊池,21,8,菊池中央病院,菊池市
R7,43,熊本県,4305,菊池,R7-4305-22,4305熊本県菊池,22,9,独立行政法人国立病院機構菊池病院,合志市
R7,43,熊本県,4305,菊池,R7-4305-23,4305熊本県菊池,23,10,菊陽台病院,菊陽町
R7,43,熊本県,4305,菊池,R7-4305-24,4305熊本県菊池,24,11,阿梨花病院大津,大津町
R7,43,熊本県,4305,菊池,R7-4305-25,4305熊本県菊池,25,12,川口病院,菊池市
R7,43,熊本県,4305,菊池,R7-4305-26,4305熊本県菊池,26,13,岸病院,菊池市
R7,43,熊本県,4305,菊池,R7-4305-27,4305熊本県菊池,27,14,中野クリニック,菊池市
R7,43,熊本県,4305,菊池,R7-4305-28,4305熊本県菊池,28,15,緒方整形外科医院,合志市
R7,43,熊本県,4305,菊池,R7-4305-29,4305熊本県菊池,29,16,ひかりヶ丘眼科・内科医院,合志市
R7,43,熊本県,4305,菊池,R7-4305-30,4305熊本県菊池,30,17,ふくだ医院,大津町
R7,43,熊本県,4305,菊池,R7-4305-31,4305熊本県菊池,31,18,宮本内科医院,大津町
R7,43,熊本県,4305,菊池,R7-4305-32,4305熊本県菊池,32,19,菊陽レディースクリニック,菊陽町
R7,43,熊本県,4305,菊池,R7-4305-33,4305熊本県菊池,33,20,仁誠会クリニック大津,菊陽町
R7,43,熊本県,4305,菊池,R7-4305-34,4305熊本県菊池,34,21,大津中村整形外科,大津町
R7,43,熊本県,4305,菊池,R7-4305-35,4305熊本県菊池,35,22,樽美外科整形外科医院,大津町
R7,43,熊本県,4305,菊池,R7-4305-36,4305熊本県菊池,36,23,医療法人社団博慈会 ちが産婦人科医院,菊陽町
R7,43,熊本県,4305,菊池,R7-4305-37,4305熊本県菊池,37,24,斎藤産婦人科医院,菊池市
R7,43,熊本県,4305,菊池,R7-4305-38,4305熊本県菊池,38,25,米田産婦人科医院,菊池市
R7,43,熊本県,4305,菊池,R7-4305-39,4305熊本県菊池,39,26,平瀬内科医院,合志市
R7,43,熊本県,4305,菊池,R7-4305-40,4305熊本県菊池,40,27,穂っぷ　こども在宅＆心身クリニック,合志市
R7,43,熊本県,4306,阿蘇,R7-4306-14,4306熊本県阿蘇,14,1,阿蘇温泉病院,阿蘇市
R7,43,熊本県,4306,阿蘇,R7-4306-15,4306熊本県阿蘇,15,2,阿蘇医療センター,阿蘇市
R7,43,熊本県,4306,阿蘇,R7-4306-16,4306熊本県阿蘇,16,3,大阿蘇病院,阿蘇市
R7,43,熊本県,4306,阿蘇,R7-4306-17,4306熊本県阿蘇,17,4,阿蘇立野病院,南阿蘇村
R7,43,熊本県,4306,阿蘇,R7-4306-18,4306熊本県阿蘇,18,5,小国公立病院,小国町
R7,43,熊本県,4306,阿蘇,R7-4306-19,4306熊本県阿蘇,19,6,問端医院,阿蘇市
R7,43,熊本県,4306,阿蘇,R7-4306-20,4306熊本県阿蘇,20,7,坂梨ハートクリニック,阿蘇市
R7,43,熊本県,4306,阿蘇,R7-4306-21,4306熊本県阿蘇,21,8,医療法人　眼科　古嶋医院,阿蘇市
R7,43,熊本県,4306,阿蘇,R7-4306-22,4306熊本県阿蘇,22,9,市原胃腸科外科,阿蘇市
R7,43,熊本県,4308,八代,R7-4308-14,4308熊本県八代,14,1,独立行政法人労働者健康安全機構熊本労災病院,八代市
R7,43,熊本県,4308,八代,R7-4308-15,4308熊本県八代,15,2,独立行政法人地域医療機能推進機構 熊本総合病院,八代市
R7,43,熊本県,4308,八代,R7-4308-16,4308熊本県八代,16,3,桜十字八代リハビリテーション病院,八代市
R7,43,熊本県,4308,八代,R7-4308-17,4308熊本県八代,17,4,八代敬仁病院,八代市
R7,43,熊本県,4308,八代,R7-4308-18,4308熊本県八代,18,5,一般社団法人八代市医師会 八代市医師会立病院,八代市
R7,43,熊本県,4308,八代,R7-4308-19,4308熊本県八代,19,6,八代北部地域医療センター,氷川町
R7,43,熊本県,4308,八代,R7-4308-20,4308熊本県八代,20,7,桜十字八代病院,八代市
R7,43,熊本県,4308,八代,R7-4308-21,4308熊本県八代,21,8,高田病院,八代市
R7,43,熊本県,4308,八代,R7-4308-22,4308熊本県八代,22,9,医療法人社団久原会 久原外科胃腸科医院,八代市
R7,43,熊本県,4308,八代,R7-4308-23,4308熊本県八代,23,10,尾田内科医院,八代市
R7,43,熊本県,4308,八代,R7-4308-24,4308熊本県八代,24,11,泉内科医院,八代市
R7,43,熊本県,4308,八代,R7-4308-25,4308熊本県八代,25,12,ひらきクリニック,八代市
R7,43,熊本県,4308,八代,R7-4308-26,4308熊本県八代,26,13,八代レディースクリニック,八代市
R7,43,熊本県,4308,八代,R7-4308-27,4308熊本県八代,27,14,あらき整形外科医院,八代市
R7,43,熊本県,4308,八代,R7-4308-28,4308熊本県八代,28,15,片岡レディスクリニック,八代市
R7,43,熊本県,4308,八代,R7-4308-29,4308熊本県八代,29,16,磧本胃腸科外科医院,八代市
R7,43,熊本県,4308,八代,R7-4308-30,4308熊本県八代,30,17,日置町クリニック,八代市
R7,43,熊本県,4308,八代,R7-4308-31,4308熊本県八代,31,18,峯苫医院,八代市
R7,43,熊本県,4308,八代,R7-4308-32,4308熊本県八代,32,19,松本医院,八代市
R7,43,熊本県,4308,八代,R7-4308-33,4308熊本県八代,33,20,鶴田胃腸科内科,八代市
R7,43,熊本県,4308,八代,R7-4308-34,4308熊本県八代,34,21,松岡内科クリニック,八代市
R7,43,熊本県,4308,八代,R7-4308-35,4308熊本県八代,35,22,田中泌尿器科外科医院,八代市
R7,43,熊本県,4308,八代,R7-4308-36,4308熊本県八代,36,23,大手町腎・高血圧クリニック,八代市
R7,43,熊本県,4308,八代,R7-4308-37,4308熊本県八代,37,24,右田クリニック,八代市
R7,43,熊本県,4308,八代,R7-4308-38,4308熊本県八代,38,25,松村眼科医院,八代市
R7,43,熊本県,4308,八代,R7-4308-39,4308熊本県八代,39,26,うらべ・むらたクリニック,八代市
R7,43,熊本県,4309,芦北,R7-4309-14,4309熊本県芦北,14,1,国保水俣市立総合医療センター,水俣市
R7,43,熊本県,4309,芦北,R7-4309-15,4309熊本県芦北,15,2,くまもと芦北療育医療センター,芦北町
R7,43,熊本県,4309,芦北,R7-4309-16,4309熊本県芦北,16,3,岡部病院,水俣市
R7,43,熊本県,4309,芦北,R7-4309-17,4309熊本県芦北,17,4,水俣市立明水園,水俣市
R7,43,熊本県,4309,芦北,R7-4309-18,4309熊本県芦北,18,5,水俣協立病院,水俣市
R7,43,熊本県,4309,芦北,R7-4309-19,4309熊本県芦北,19,6,医療法人啓愛会 白梅病院,水俣市
R7,43,熊本県,4309,芦北,R7-4309-20,4309熊本県芦北,20,7,溝部病院,芦北町
R7,43,熊本県,4309,芦北,R7-4309-21,4309熊本県芦北,21,8,井上病院,芦北町
R7,43,熊本県,4309,芦北,R7-4309-22,4309熊本県芦北,22,9,尾田胃腸科,水俣市
R7,43,熊本県,4309,芦北,R7-4309-23,4309熊本県芦北,23,10,山田クリニック,水俣市
R7,43,熊本県,4309,芦北,R7-4309-24,4309熊本県芦北,24,11,芦北整形外科医院,芦北町
R7,43,熊本県,4309,芦北,R7-4309-25,4309熊本県芦北,25,12,医療法人社団 弘翔会 井上医院,芦北町
R7,43,熊本県,4309,芦北,R7-4309-26,4309熊本県芦北,26,13,竹本医院,芦北町
R7,43,熊本県,4309,芦北,R7-4309-27,4309熊本県芦北,27,14,医療法人深水医院,水俣市
R7,43,熊本県,4309,芦北,R7-4309-28,4309熊本県芦北,28,15,宮島医院,芦北町
R7,43,熊本県,4309,芦北,R7-4309-29,4309熊本県芦北,29,16,緒方眼科医院,水俣市
R7,43,熊本県,4309,芦北,R7-4309-30,4309熊本県芦北,30,17,てらさきクリニック,水俣市
R7,43,熊本県,4309,芦北,R7-4309-31,4309熊本県芦北,31,18,医療法人新清会 篠原医院,芦北町
R7,43,熊本県,4310,球磨,R7-4310-14,4310熊本県球磨,14,1,独立行政法人地域医療機能推進機構 人吉医療センター,人吉市
R7,43,熊本県,4310,球磨,R7-4310-15,4310熊本県球磨,15,2,医療法人朝日野会球磨病院,人吉市
R7,43,熊本県,4310,球磨,R7-4310-16,4310熊本県球磨,16,3,球磨郡公立多良木病院,多良木町
R7,43,熊本県,4310,球磨,R7-4310-17,4310熊本県球磨,17,4,外山胃腸病院,人吉市
R7,43,熊本県,4310,球磨,R7-4310-18,4310熊本県球磨,18,5,人吉リハビリテーション病院,人吉市
R7,43,熊本県,4310,球磨,R7-4310-19,4310熊本県球磨,19,6,愛生記念病院,人吉市
R7,43,熊本県,4310,球磨,R7-4310-20,4310熊本県球磨,20,7,万江病院,人吉市
R7,43,熊本県,4310,球磨,R7-4310-21,4310熊本県球磨,21,8,堤病院,人吉市
R7,43,熊本県,4310,球磨,R7-4310-22,4310熊本県球磨,22,9,誠心会東病院,あさぎり町
R7,43,熊本県,4310,球磨,R7-4310-23,4310熊本県球磨,23,10,愛甲産婦人科医院,人吉市
R7,43,熊本県,4310,球磨,R7-4310-24,4310熊本県球磨,24,11,岡医院,人吉市
R7,43,熊本県,4310,球磨,R7-4310-25,4310熊本県球磨,25,12,医療法人社団仁誠会　仁誠会クリニック人吉,人吉市
R7,43,熊本県,4310,球磨,R7-4310-26,4310熊本県球磨,26,13,医療法人社団新晃会 浜田医院,人吉市
R7,43,熊本県,4310,球磨,R7-4310-27,4310熊本県球磨,27,14,豊永耳鼻咽喉科医院,人吉市
R7,43,熊本県,4310,球磨,R7-4310-28,4310熊本県球磨,28,15,医療法人つばめ　河野産婦人科医院,人吉市
R7,43,熊本県,4310,球磨,R7-4310-29,4310熊本県球磨,29,16,光永医院,人吉市
R7,43,熊本県,4310,球磨,R7-4310-30,4310熊本県球磨,30,17,たけだ眼科クリニック,人吉市
R7,43,熊本県,4310,球磨,R7-4310-31,4310熊本県球磨,31,18,医療法人みなみ眼科,人吉市
R7,43,熊本県,4310,球磨,R7-4310-32,4310熊本県球磨,32,19,ひとよし内科,人吉市
R7,43,熊本県,4311,天草,R7-4311-14,4311熊本県天草,14,1,天草セントラル病院,天草市
R7,43,熊本県,4311,天草,R7-4311-15,4311熊本県天草,15,2,重症心身障害児施設はまゆう療育園,苓北町
R7,43,熊本県,4311,天草,R7-4311-16,4311熊本県天草,16,3,上天草市立上天草総合病院,上天草市
R7,43,熊本県,4311,天草,R7-4311-17,4311熊本県天草,17,4,一般社団法人天草郡市医師会立天草地域医療センター,天草市
R7,43,熊本県,4311,天草,R7-4311-18,4311熊本県天草,18,5,天草厚生病院,天草市
R7,43,熊本県,4311,天草,R7-4311-19,4311熊本県天草,19,6,独立行政法人地域医療機能推進機構 天草中央総合病院,天草市
R7,43,熊本県,4311,天草,R7-4311-20,4311熊本県天草,20,7,ニュー天草病院,天草市
R7,43,熊本県,4311,天草,R7-4311-21,4311熊本県天草,21,8,天草第一病院,天草市
R7,43,熊本県,4311,天草,R7-4311-22,4311熊本県天草,22,9,天草慈恵病院,苓北町
R7,43,熊本県,4311,天草,R7-4311-23,4311熊本県天草,23,10,天草市立 牛深市民病院,天草市
R7,43,熊本県,4311,天草,R7-4311-24,4311熊本県天草,24,11,国民健康保険 天草市立 河浦病院,天草市
R7,43,熊本県,4311,天草,R7-4311-25,4311熊本県天草,25,12,天草郡市医師会立 苓北医師会病院,苓北町
R7,43,熊本県,4311,天草,R7-4311-26,4311熊本県天草,26,13,医療法人社団福本会 福本病院,天草市
R7,43,熊本県,4311,天草,R7-4311-27,4311熊本県天草,27,14,国民健康保険 天草市立 新和病院,天草市
R7,43,熊本県,4311,天草,R7-4311-28,4311熊本県天草,28,15,天草市立 栖本病院,天草市
R7,43,熊本県,4311,天草,R7-4311-29,4311熊本県天草,29,16,さかいクリニック,天草市
R7,43,熊本県,4311,天草,R7-4311-30,4311熊本県天草,30,17,松本医院,天草市
R7,43,熊本県,4311,天草,R7-4311-31,4311熊本県天草,31,18,医療法人本原会産科婦人科本原クリニック,天草市
R7,43,熊本県,4311,天草,R7-4311-32,4311熊本県天草,32,19,中村こども・内科クリニック,天草市
R7,43,熊本県,4311,天草,R7-4311-33,4311熊本県天草,33,20,永芳医院,天草市
R7,43,熊本県,4311,天草,R7-4311-34,4311熊本県天草,34,21,大塚泌尿器科クリニック,天草市
R7,43,熊本県,4311,天草,R7-4311-35,4311熊本県天草,35,22,開内科医院,天草市
R7,43,熊本県,4311,天草,R7-4311-36,4311熊本県天草,36,23,村上医院,上天草市
R7,43,熊本県,4311,天草,R7-4311-37,4311熊本県天草,37,24,小松医院,天草市
R7,43,熊本県,4311,天草,R7-4311-38,4311熊本県天草,38,25,中邑医院,天草市
R7,43,熊本県,4311,天草,R7-4311-39,4311熊本県天草,39,26,一般社団法人天草郡市医師会立天草地域健診センター,天草市
R7,43,熊本県,4311,天草,R7-4311-40,4311熊本県天草,40,27,福本医院,天草市
R7,43,熊本県,4311,天草,R7-4311-41,4311熊本県天草,41,28,宮崎外科胃腸科医院,上天草市
R7,43,熊本県,4311,天草,R7-4311-42,4311熊本県天草,42,29,福本眼科,上天草市
R7,43,熊本県,4312,熊本・上益城,R7-4312-14,4312熊本県熊本・上益城,14,1,熊本大学病院,熊本市中央区
R7,43,熊本県,4312,熊本・上益城,R7-4312-15,4312熊本県熊本・上益城,15,2,桜十字病院,熊本市南区
R7,43,熊本県,4312,熊本・上益城,R7-4312-16,4312熊本県熊本・上益城,16,3,西日本病院,熊本市東区
R7,43,熊本県,4312,熊本・上益城,R7-4312-17,4312熊本県熊本・上益城,17,4,独立行政法人国立病院機構熊本医療センター,熊本市中央区
R7,43,熊本県,4312,熊本・上益城,R7-4312-18,4312熊本県熊本・上益城,18,5,熊本赤十字病院,熊本市東区
R7,43,熊本県,4312,熊本・上益城,R7-4312-19,4312熊本県熊本・上益城,19,6,済生会熊本病院,熊本市南区
R7,43,熊本県,4312,熊本・上益城,R7-4312-20,4312熊本県熊本・上益城,20,7,熊本市立熊本市民病院,熊本市東区
R7,43,熊本県,4312,熊本・上益城,R7-4312-21,4312熊本県熊本・上益城,21,8,朝日野総合病院,熊本市北区
R7,43,熊本県,4312,熊本・上益城,R7-4312-22,4312熊本県熊本・上益城,22,9,熊本機能病院,熊本市北区
R7,43,熊本県,4312,熊本・上益城,R7-4312-23,4312熊本県熊本・上益城,23,10,熊本中央病院,熊本市南区
R7,43,熊本県,4312,熊本・上益城,R7-4312-24,4312熊本県熊本・上益城,24,11,夢眠ホスピタルくまもと,熊本市南区
R7,43,熊本県,4312,熊本・上益城,R7-4312-25,4312熊本県熊本・上益城,25,12,一般社団法人 熊本市医師会 熊本地域医療センター,熊本市中央区
R7,43,熊本県,4312,熊本・上益城,R7-4312-26,4312熊本県熊本・上益城,26,13,熊本整形外科病院,熊本市中央区
R7,43,熊本県,4312,熊本・上益城,R7-4312-27,4312熊本県熊本・上益城,27,14,くまもと森都総合病院,熊本市中央区
R7,43,熊本県,4312,熊本・上益城,R7-4312-28,4312熊本県熊本・上益城,28,15,御幸病院,熊本市南区
R7,43,熊本県,4312,熊本・上益城,R7-4312-29,4312熊本県熊本・上益城,29,16,医療法人金澤会 青磁野リハビリテーション病院,熊本市西区
R7,43,熊本県,4312,熊本・上益城,R7-4312-30,4312熊本県熊本・上益城,30,17,江南病院,熊本市中央区
R7,43,熊本県,4312,熊本・上益城,R7-4312-31,4312熊本県熊本・上益城,31,18,くまもと成仁病院,熊本市東区
R7,43,熊本県,4312,熊本・上益城,R7-4312-32,4312熊本県熊本・上益城,32,19,九州記念病院,熊本市中央区
R7,43,熊本県,4312,熊本・上益城,R7-4312-33,4312熊本県熊本・上益城,33,20,十善病院,熊本市中央区
R7,43,熊本県,4312,熊本・上益城,R7-4312-34,4312熊本県熊本・上益城,34,21,杉村病院,熊本市中央区
R7,43,熊本県,4312,熊本・上益城,R7-4312-35,4312熊本県熊本・上益城,35,22,聖ヶ塔病院,熊本市西区
R7,43,熊本県,4312,熊本・上益城,R7-4312-36,4312熊本県熊本・上益城,36,23,大腸肛門病センター高野病院,熊本市中央区
R7,43,熊本県,4312,熊本・上益城,R7-4312-37,4312熊本県熊本・上益城,37,24,熊本第一病院,熊本市南区
R7,43,熊本県,4312,熊本・上益城,R7-4312-38,4312熊本県熊本・上益城,38,25,さくら病院,益城町
R7,43,熊本県,4312,熊本・上益城,R7-4312-39,4312熊本県熊本・上益城,39,26,社会医療法人愛育会福田病院,熊本市中央区
R7,43,熊本県,4312,熊本・上益城,R7-4312-40,4312熊本県熊本・上益城,40,27,リハビリテーションセンター 熊本回生会病院,嘉島町
R7,43,熊本県,4312,熊本・上益城,R7-4312-41,4312熊本県熊本・上益城,41,28,平成とうや病院,熊本市南区
R7,43,熊本県,4312,熊本・上益城,R7-4312-42,4312熊本県熊本・上益城,42,29,菊南病院,熊本市北区
R7,43,熊本県,4312,熊本・上益城,R7-4312-43,4312熊本県熊本・上益城,43,30,医療法人 相生会 にしくまもと病院,熊本市南区
R7,43,熊本県,4312,熊本・上益城,R7-4312-44,4312熊本県熊本・上益城,44,31,武蔵ヶ丘病院,熊本市北区
R7,43,熊本県,4312,熊本・上益城,R7-4312-45,4312熊本県熊本・上益城,45,32,水前寺とうや病院,熊本市中央区
R7,43,熊本県,4312,熊本・上益城,R7-4312-46,4312熊本県熊本・上益城,46,33,熊本託麻台リハビリテーション病院,熊本市中央区
R7,43,熊本県,4312,熊本・上益城,R7-4312-47,4312熊本県熊本・上益城,47,34,くまもと成城病院,熊本市北区
R7,43,熊本県,4312,熊本・上益城,R7-4312-48,4312熊本県熊本・上益城,48,35,あきた病院,熊本市南区
R7,43,熊本県,4312,熊本・上益城,R7-4312-49,4312熊本県熊本・上益城,49,36,くまもと江津湖療育医療センター,熊本市東区
R7,43,熊本県,4312,熊本・上益城,R7-4312-50,4312熊本県熊本・上益城,50,37,くまもと南部広域病院,熊本市南区
R7,43,熊本県,4312,熊本・上益城,R7-4312-51,4312熊本県熊本・上益城,51,38,熊本市立植木病院,熊本市北区
R7,43,熊本県,4312,熊本・上益城,R7-4312-52,4312熊本県熊本・上益城,52,39,鶴田病院,熊本市東区
R7,43,熊本県,4312,熊本・上益城,R7-4312-53,4312熊本県熊本・上益城,53,40,ひかりテラス病院,熊本市南区
R7,43,熊本県,4312,熊本・上益城,R7-4312-54,4312熊本県熊本・上益城,54,41,成尾整形外科病院,熊本市中央区
R7,43,熊本県,4312,熊本・上益城,R7-4312-55,4312熊本県熊本・上益城,55,42,くわみず病院,熊本市中央区
R7,43,熊本県,4312,熊本・上益城,R7-4312-56,4312熊本県熊本・上益城,56,43,寺尾病院,熊本市北区
R7,43,熊本県,4312,熊本・上益城,R7-4312-57,4312熊本県熊本・上益城,57,44,谷田病院,甲佐町
R7,43,熊本県,4312,熊本・上益城,R7-4312-58,4312熊本県熊本・上益城,58,45,矢部広域病院,山都町
R7,43,熊本県,4312,熊本・上益城,R7-4312-59,4312熊本県熊本・上益城,59,46,表参道吉田病院,熊本市中央区
R7,43,熊本県,4312,熊本・上益城,R7-4312-60,4312熊本県熊本・上益城,60,47,西村病院,嘉島町
R7,43,熊本県,4312,熊本・上益城,R7-4312-61,4312熊本県熊本・上益城,61,48,整形外科 井上病院,熊本市中央区
R7,43,熊本県,4312,熊本・上益城,R7-4312-62,4312熊本県熊本・上益城,62,49,上代成城病院,熊本市西区
R7,43,熊本県,4312,熊本・上益城,R7-4312-63,4312熊本県熊本・上益城,63,50,熊本泌尿器科病院,熊本市中央区
R7,43,熊本県,4312,熊本・上益城,R7-4312-64,4312熊本県熊本・上益城,64,51,帯山中央病院,熊本市中央区
R7,43,熊本県,4312,熊本・上益城,R7-4312-65,4312熊本県熊本・上益城,65,52,医療法人聖粒会慈恵病院,熊本市西区
R7,43,熊本県,4312,熊本・上益城,R7-4312-66,4312熊本県熊本・上益城,66,53,山口病院,熊本市西区
R7,43,熊本県,4312,熊本・上益城,R7-4312-67,4312熊本県熊本・上益城,67,54,医療法人 憲和会 南部中央病院,熊本市南区
R7,43,熊本県,4312,熊本・上益城,R7-4312-68,4312熊本県熊本・上益城,68,55,医療法人東陽会 東病院,熊本市南区
R7,43,熊本県,4312,熊本・上益城,R7-4312-69,4312熊本県熊本・上益城,69,56,熊本脳神経外科病院,熊本市中央区
R7,43,熊本県,4312,熊本・上益城,R7-4312-70,4312熊本県熊本・上益城,70,57,サキサカ病院,熊本市中央区
R7,43,熊本県,4312,熊本・上益城,R7-4312-71,4312熊本県熊本・上益城,71,58,くまもと在宅支援病院,熊本市東区
R7,43,熊本県,4312,熊本・上益城,R7-4312-72,4312熊本県熊本・上益城,72,59,山都町包括医療センターそよう病院,山都町
R7,43,熊本県,4312,熊本・上益城,R7-4312-73,4312熊本県熊本・上益城,73,60,悠愛病院,熊本市東区
R7,43,熊本県,4312,熊本・上益城,R7-4312-74,4312熊本県熊本・上益城,74,61,南熊本病院,熊本市中央区
R7,43,熊本県,4312,熊本・上益城,R7-4312-75,4312熊本県熊本・上益城,75,62,熊本内科病院,熊本市中央区
R7,43,熊本県,4312,熊本・上益城,R7-4312-76,4312熊本県熊本・上益城,76,63,北部病院,熊本市北区
R7,43,熊本県,4312,熊本・上益城,R7-4312-77,4312熊本県熊本・上益城,77,64,嶋田病院,熊本市中央区
R7,43,熊本県,4312,熊本・上益城,R7-4312-78,4312熊本県熊本・上益城,78,65,田上心臓リハビリテーション病院,熊本市中央区
R7,43,熊本県,4312,熊本・上益城,R7-4312-79,4312熊本県熊本・上益城,79,66,西村内科・脳神経外科病院,熊本市中央区
R7,43,熊本県,4312,熊本・上益城,R7-4312-80,4312熊本県熊本・上益城,80,67,比企病院,熊本市東区
R7,43,熊本県,4312,熊本・上益城,R7-4312-81,4312熊本県熊本・上益城,81,68,くまもと乳腺外科病院,熊本市中央区
R7,43,熊本県,4312,熊本・上益城,R7-4312-82,4312熊本県熊本・上益城,82,69,医療法人保田窪会 保田窪整形外科病院,熊本市東区
R7,43,熊本県,4312,熊本・上益城,R7-4312-83,4312熊本県熊本・上益城,83,70,陣内病院,熊本市中央区
R7,43,熊本県,4312,熊本・上益城,R7-4312-84,4312熊本県熊本・上益城,84,71,イエズスの聖心病院,熊本市西区
R7,43,熊本県,4312,熊本・上益城,R7-4312-85,4312熊本県熊本・上益城,85,72,瀬戸病院,山都町
R7,43,熊本県,4312,熊本・上益城,R7-4312-86,4312熊本県熊本・上益城,86,73,出田眼科病院,熊本市中央区
R7,43,熊本県,4312,熊本・上益城,R7-4312-87,4312熊本県熊本・上益城,87,74,小林病院,熊本市南区
R7,43,熊本県,4312,熊本・上益城,R7-4312-88,4312熊本県熊本・上益城,88,75,川野病院,熊本市中央区
R7,43,熊本県,4312,熊本・上益城,R7-4312-89,4312熊本県熊本・上益城,89,76,大塚病院,熊本市北区
R7,43,熊本県,4312,熊本・上益城,R7-4312-90,4312熊本県熊本・上益城,90,77,益城中央病院,益城町
R7,43,熊本県,4312,熊本・上益城,R7-4312-91,4312熊本県熊本・上益城,91,78,本庄内科病院,熊本市東区
R7,43,熊本県,4312,熊本・上益城,R7-4312-92,4312熊本県熊本・上益城,92,79,医療法人社団 上野会 熊本博愛病院,熊本市北区
R7,43,熊本県,4312,熊本・上益城,R7-4312-93,4312熊本県熊本・上益城,93,80,医療法人荒瀬会 荒瀬病院,甲佐町
R7,43,熊本県,4312,熊本・上益城,R7-4312-94,4312熊本県熊本・上益城,94,81,伊東歯科口腔病院,熊本市中央区
R7,43,熊本県,4312,熊本・上益城,R7-4312-95,4312熊本県熊本・上益城,95,82,宮本内科小児科医院,熊本市中央区
R7,43,熊本県,4312,熊本・上益城,R7-4312-96,4312熊本県熊本・上益城,96,83,熊本田崎クリニック,熊本市中央区
R7,43,熊本県,4312,熊本・上益城,R7-4312-97,4312熊本県熊本・上益城,97,84,鳥谷医院,熊本市中央区
R7,43,熊本県,4312,熊本・上益城,R7-4312-98,4312熊本県熊本・上益城,98,85,桑原クリニック,熊本市中央区
R7,43,熊本県,4312,熊本・上益城,R7-4312-99,4312熊本県熊本・上益城,99,86,天神内科医院,熊本市中央区
R7,43,熊本県,4312,熊本・上益城,R7-4312-100,4312熊本県熊本・上益城,100,87,医療法人継匠会 上村内科クリニック,熊本市中央区
R7,43,熊本県,4312,熊本・上益城,R7-4312-101,4312熊本県熊本・上益城,101,88,仁誠会クリニック新屋敷,熊本市中央区
R7,43,熊本県,4312,熊本・上益城,R7-4312-102,4312熊本県熊本・上益城,102,89,熊本眼科医院,熊本市中央区
R7,43,熊本県,4312,熊本・上益城,R7-4312-103,4312熊本県熊本・上益城,103,90,外科内科 池田医院,熊本市中央区
R7,43,熊本県,4312,熊本・上益城,R7-4312-104,4312熊本県熊本・上益城,104,91,服部胃腸科,熊本市中央区
R7,43,熊本県,4312,熊本・上益城,R7-4312-105,4312熊本県熊本・上益城,105,92,小堀胃腸科外科,熊本市中央区
R7,43,熊本県,4312,熊本・上益城,R7-4312-106,4312熊本県熊本・上益城,106,93,蛇島肛門科外科,熊本市中央区
R7,43,熊本県,4312,熊本・上益城,R7-4312-107,4312熊本県熊本・上益城,107,94,ソフィアレディースクリニック水道町,熊本市中央区
R7,43,熊本県,4312,熊本・上益城,R7-4312-108,4312熊本県熊本・上益城,108,95,石原・伊牟田内科,熊本市中央区
R7,43,熊本県,4312,熊本・上益城,R7-4312-109,4312熊本県熊本・上益城,109,96,水本整形外科・内科クリニック,熊本市中央区
R7,43,熊本県,4312,熊本・上益城,R7-4312-110,4312熊本県熊本・上益城,110,97,医法・水前寺大腸肛門科医院,熊本市中央区
R7,43,熊本県,4312,熊本・上益城,R7-4312-111,4312熊本県熊本・上益城,111,98,柴田内科・柴田整形外科,熊本市中央区
R7,43,熊本県,4312,熊本・上益城,R7-4312-112,4312熊本県熊本・上益城,112,99,いんでレディースクリニック,熊本市東区
R7,43,熊本県,4312,熊本・上益城,R7-4312-113,4312熊本県熊本・上益城,113,100,東熊クリニック,熊本市東区
R7,43,熊本県,4312,熊本・上益城,R7-4312-114,4312熊本県熊本・上益城,114,101,町野胃腸科外科,熊本市東区
R7,43,熊本県,4312,熊本・上益城,R7-4312-115,4312熊本県熊本・上益城,115,102,医療法人健軍クリニック,熊本市東区
R7,43,熊本県,4312,熊本・上益城,R7-4312-116,4312熊本県熊本・上益城,116,103,ウィメンズクリニック グリーンヒル,熊本市東区
R7,43,熊本県,4312,熊本・上益城,R7-4312-117,4312熊本県熊本・上益城,117,104,松原リウマチ科・整形外科,熊本市東区
R7,43,熊本県,4312,熊本・上益城,R7-4312-118,4312熊本県熊本・上益城,118,105,えず総合診療所,熊本市東区
R7,43,熊本県,4312,熊本・上益城,R7-4312-119,4312熊本県熊本・上益城,119,106,原口循環器科内科医院,熊本市東区
R7,43,熊本県,4312,熊本・上益城,R7-4312-120,4312熊本県熊本・上益城,120,107,清田循環器科内科医院,熊本市東区
R7,43,熊本県,4312,熊本・上益城,R7-4312-121,4312熊本県熊本・上益城,121,108,日本赤十字社熊本健康管理センター,熊本市東区
R7,43,熊本県,4312,熊本・上益城,R7-4312-122,4312熊本県熊本・上益城,122,109,稲葉内科医院,熊本市西区
R7,43,熊本県,4312,熊本・上益城,R7-4312-123,4312熊本県熊本・上益城,123,110,上熊本内科,熊本市西区
R7,43,熊本県,4312,熊本・上益城,R7-4312-124,4312熊本県熊本・上益城,124,111,緒方脳神経外科医院,熊本市西区
R7,43,熊本県,4312,熊本・上益城,R7-4312-125,4312熊本県熊本・上益城,125,112,中村整形外科,熊本市西区
R7,43,熊本県,4312,熊本・上益城,R7-4312-126,4312熊本県熊本・上益城,126,113,堀尾内科医院,熊本市西区
R7,43,熊本県,4312,熊本・上益城,R7-4312-127,4312熊本県熊本・上益城,127,114,田嶋外科内科医院,熊本市西区
R7,43,熊本県,4312,熊本・上益城,R7-4312-128,4312熊本県熊本・上益城,128,115,大隈整形外科医院,熊本市南区
R7,43,熊本県,4312,熊本・上益城,R7-4312-129,4312熊本県熊本・上益城,129,116,しみず整形外科内科クリニック,熊本市南区
R7,43,熊本県,4312,熊本・上益城,R7-4312-130,4312熊本県熊本・上益城,130,117,石川整形外科リウマチ科,熊本市南区
R7,43,熊本県,4312,熊本・上益城,R7-4312-131,4312熊本県熊本・上益城,131,118,六反田内科・循環器科,熊本市南区
R7,43,熊本県,4312,熊本・上益城,R7-4312-132,4312熊本県熊本・上益城,132,119,あけぼのクリニック,熊本市南区
R7,43,熊本県,4312,熊本・上益城,R7-4312-133,4312熊本県熊本・上益城,133,120,松元整形・外科,熊本市北区
R7,43,熊本県,4312,熊本・上益城,R7-4312-134,4312熊本県熊本・上益城,134,121,平山泌尿器科医院,熊本市北区
R7,43,熊本県,4312,熊本・上益城,R7-4312-135,4312熊本県熊本・上益城,135,122,ひらやまクリニック,熊本市北区
R7,43,熊本県,4312,熊本・上益城,R7-4312-136,4312熊本県熊本・上益城,136,123,北熊本井上産婦人科医院,熊本市北区
R7,43,熊本県,4312,熊本・上益城,R7-4312-137,4312熊本県熊本・上益城,137,124,清田産婦人科医院,熊本市北区
R7,43,熊本県,4312,熊本・上益城,R7-4312-138,4312熊本県熊本・上益城,138,125,植木いまふじクリニック,熊本市北区
R7,43,熊本県,4312,熊本・上益城,R7-4312-139,4312熊本県熊本・上益城,139,126,森田整形外科医院,熊本市北区
R7,43,熊本県,4312,熊本・上益城,R7-4312-140,4312熊本県熊本・上益城,140,127,北部脳神経外科・神経内科,熊本市北区
R7,43,熊本県,4312,熊本・上益城,R7-4312-141,4312熊本県熊本・上益城,141,128,小糸整形外科,御船町
R7,43,熊本県,4312,熊本・上益城,R7-4312-142,4312熊本県熊本・上益城,142,129,香田整形外科・内科,嘉島町
R7,43,熊本県,4312,熊本・上益城,R7-4312-143,4312熊本県熊本・上益城,143,130,熊本バースクリニック,熊本市南区
R7,43,熊本県,4312,熊本・上益城,R7-4312-144,4312熊本県熊本・上益城,144,131,仁誠会クリニックながみね,熊本市東区
R7,43,熊本県,4312,熊本・上益城,R7-4312-145,4312熊本県熊本・上益城,145,132,たかぞえ内科循環器内科クリニック,御船町
R7,43,熊本県,4312,熊本・上益城,R7-4312-146,4312熊本県熊本・上益城,146,133,アラキ整形外科,熊本市西区
R7,43,熊本県,4312,熊本・上益城,R7-4312-147,4312熊本県熊本・上益城,147,134,大宮整形外科医院,熊本市南区
R7,43,熊本県,4312,熊本・上益城,R7-4312-148,4312熊本県熊本・上益城,148,135,仁誠会クリニック黒髪,熊本市中央区
R7,43,熊本県,4312,熊本・上益城,R7-4312-149,4312熊本県熊本・上益城,149,136,田代産婦人科医院,熊本市中央区
R7,43,熊本県,4312,熊本・上益城,R7-4312-150,4312熊本県熊本・上益城,150,137,内科・熊本クリニック,熊本市東区
R7,43,熊本県,4312,熊本・上益城,R7-4312-151,4312熊本県熊本・上益城,151,138,中垣胃腸科医院,熊本市北区
R7,43,熊本県,4312,熊本・上益城,R7-4312-152,4312熊本県熊本・上益城,152,139,医療法人ウッドメッド会 森永上野胃・腸・肛門科,熊本市中央区
R7,43,熊本県,4312,熊本・上益城,R7-4312-153,4312熊本県熊本・上益城,153,140,藤岡医院,御船町
R7,43,熊本県,4312,熊本・上益城,R7-4312-154,4312熊本県熊本・上益城,154,141,外間整形外科医院,熊本市西区
R7,43,熊本県,4312,熊本・上益城,R7-4312-155,4312熊本県熊本・上益城,155,142,中嶋内科,熊本市北区
R7,43,熊本県,4312,熊本・上益城,R7-4312-156,4312熊本県熊本・上益城,156,143,村上クリニック,熊本市中央区
R7,43,熊本県,4312,熊本・上益城,R7-4312-157,4312熊本県熊本・上益城,157,144,医療法人社団　誠寛会　魚返クリニック,熊本市東区
R7,43,熊本県,4312,熊本・上益城,R7-4312-158,4312熊本県熊本・上益城,158,145,越山眼科医院,熊本市東区
R7,43,熊本県,4312,熊本・上益城,R7-4312-159,4312熊本県熊本・上益城,159,146,市原産婦人科医院,益城町
R7,43,熊本県,4312,熊本・上益城,R7-4312-160,4312熊本県熊本・上益城,160,147,福永耳鼻咽喉科医院,熊本市中央区
R7,43,熊本県,4312,熊本・上益城,R7-4312-161,4312熊本県熊本・上益城,161,148,武藤泌尿器科クリニック,熊本市東区
R7,43,熊本県,4312,熊本・上益城,R7-4312-162,4312熊本県熊本・上益城,162,149,ＡＲＴ女性クリニック,熊本市東区
R7,43,熊本県,4312,熊本・上益城,R7-4312-163,4312熊本県熊本・上益城,163,150,八景水谷クリニック,熊本市北区
R7,43,熊本県,4312,熊本・上益城,R7-4312-164,4312熊本県熊本・上益城,164,151,医療法人社団　こぶし小島会　小島内科小児科医院,熊本市中央区
R7,43,熊本県,4312,熊本・上益城,R7-4312-165,4312熊本県熊本・上益城,165,152,米村眼科医院,熊本市中央区
R7,43,熊本県,4312,熊本・上益城,R7-4312-166,4312熊本県熊本・上益城,166,153,野田医院,山都町
R7,43,熊本県,4312,熊本・上益城,R7-4312-167,4312熊本県熊本・上益城,167,154,にのみやクリニック,熊本市中央区
R7,43,熊本県,4312,熊本・上益城,R7-4312-168,4312熊本県熊本・上益城,168,155,くまもと令和クリニック,熊本市中央区
R7,43,熊本県,4312,熊本・上益城,R7-4312-169,4312熊本県熊本・上益城,169,156,八木産婦人科医院,熊本市中央区
R7,43,熊本県,4312,熊本・上益城,R7-4312-170,4312熊本県熊本・上益城,170,157,渡辺医院,熊本市東区
R7,43,熊本県,4312,熊本・上益城,R7-4312-171,4312熊本県熊本・上益城,171,158,前田産婦人科医院,熊本市南区
R7,43,熊本県,4312,熊本・上益城,R7-4312-172,4312熊本県熊本・上益城,172,159,橋本整形外科内科,熊本市北区
R7,43,熊本県,4312,熊本・上益城,R7-4312-173,4312熊本県熊本・上益城,173,160,下田内科クリニック,熊本市北区
R7,43,熊本県,4312,熊本・上益城,R7-4312-174,4312熊本県熊本・上益城,174,161,鶴田胃腸科内科医院,熊本市中央区
R7,43,熊本県,4312,熊本・上益城,R7-4312-175,4312熊本県熊本・上益城,175,162,聖アンナレディスクリニック,熊本市中央区
R7,43,熊本県,4312,熊本・上益城,R7-4312-176,4312熊本県熊本・上益城,176,163,良町ふくしまクリニック,熊本市南区
R7,43,熊本県,4312,熊本・上益城,R7-4312-177,4312熊本県熊本・上益城,177,164,えがみ小児科,熊本市北区
R7,43,熊本県,4312,熊本・上益城,R7-4312-178,4312熊本県熊本・上益城,178,165,医療法人社団青葉会 石神クリニック,熊本市西区
R7,43,熊本県,4312,熊本・上益城,R7-4312-179,4312熊本県熊本・上益城,179,166,城北胃腸科内科クリニック,熊本市北区
R7,43,熊本県,4312,熊本・上益城,R7-4312-180,4312熊本県熊本・上益城,180,167,みねとまクリニック,熊本市北区
R7,43,熊本県,4312,熊本・上益城,R7-4312-181,4312熊本県熊本・上益城,181,168,森川レディースクリニック,熊本市中央区
R7,43,熊本県,4312,熊本・上益城,R7-4312-182,4312熊本県熊本・上益城,182,169,よしむら産婦人科皮ふ科クリニック,熊本市中央区
R7,43,熊本県,4312,熊本・上益城,R7-4312-183,4312熊本県熊本・上益城,183,170,レディースクリニックなかむら,熊本市東区
R7,43,熊本県,4312,熊本・上益城,R7-4312-184,4312熊本県熊本・上益城,184,171,末次内科,熊本市西区
R7,43,熊本県,4312,熊本・上益城,R7-4312-185,4312熊本県熊本・上益城,185,172,うちの産婦人科,熊本市南区
R7,43,熊本県,4312,熊本・上益城,R7-4312-186,4312熊本県熊本・上益城,186,173,にしむら形成外科クリニック,熊本市北区
R7,43,熊本県,4312,熊本・上益城,R7-4312-187,4312熊本県熊本・上益城,187,174,あだち内科胃腸科,熊本市北区
R7,44,大分県,4401,東部,R7-4401-14,4401大分県東部,14,1,独立行政法人国立病院機構別府医療センター,別府市
R7,44,大分県,4401,東部,R7-4401-15,4401大分県東部,15,2,独立行政法人国立病院機構西別府病院,別府市
R7,44,大分県,4401,東部,R7-4401-16,4401大分県東部,16,3,国家公務員共済組合連合会 新別府病院,別府市
R7,44,大分県,4401,東部,R7-4401-17,4401大分県東部,17,4,大分県厚生連鶴見病院,別府市
R7,44,大分県,4401,東部,R7-4401-18,4401大分県東部,18,5,国東市民病院,国東市
R7,44,大分県,4401,東部,R7-4401-19,4401大分県東部,19,6,黒木記念病院,別府市
R7,44,大分県,4401,東部,R7-4401-20,4401大分県東部,20,7,中村病院,別府市
R7,44,大分県,4401,東部,R7-4401-21,4401大分県東部,21,8,別府中央病院,別府市
R7,44,大分県,4401,東部,R7-4401-22,4401大分県東部,22,9,サンライズ酒井病院,日出町
R7,44,大分県,4401,東部,R7-4401-23,4401大分県東部,23,10,杵築市立山香病院,杵築市
R7,44,大分県,4401,東部,R7-4401-24,4401大分県東部,24,11,野口病院,別府市
R7,44,大分県,4401,東部,R7-4401-25,4401大分県東部,25,12,九州大学病院別府病院,別府市
R7,44,大分県,4401,東部,R7-4401-26,4401大分県東部,26,13,社会福祉法人別府発達医療センター,別府市
R7,44,大分県,4401,東部,R7-4401-27,4401大分県東部,27,14,農協共済別府リハビリテーションセンター,別府市
R7,44,大分県,4401,東部,R7-4401-28,4401大分県東部,28,15,児玉病院,別府市
R7,44,大分県,4401,東部,R7-4401-29,4401大分県東部,29,16,内田病院,別府市
R7,44,大分県,4401,東部,R7-4401-30,4401大分県東部,30,17,医療法人百善会 村橋病院,別府市
R7,44,大分県,4401,東部,R7-4401-31,4401大分県東部,31,18,医療法人財団親幸会浜脇記念病院,別府市
R7,44,大分県,4401,東部,R7-4401-32,4401大分県東部,32,19,別府湾腎泌尿器病院,別府市
R7,44,大分県,4401,東部,R7-4401-33,4401大分県東部,33,20,医療法人恵友会　杵築中央病院,杵築市
R7,44,大分県,4401,東部,R7-4401-34,4401大分県東部,34,21,石垣病院,別府市
R7,44,大分県,4401,東部,R7-4401-35,4401大分県東部,35,22,畑病院,別府市
R7,44,大分県,4401,東部,R7-4401-36,4401大分県東部,36,23,日出児玉病院,日出町
R7,44,大分県,4401,東部,R7-4401-37,4401大分県東部,37,24,あおぞら病院,国東市
R7,44,大分県,4401,東部,R7-4401-38,4401大分県東部,38,25,清瀬病院,別府市
R7,44,大分県,4401,東部,R7-4401-39,4401大分県東部,39,26,鈴木病院,日出町
R7,44,大分県,4401,東部,R7-4401-40,4401大分県東部,40,27,別府温泉病院,別府市
R7,44,大分県,4401,東部,R7-4401-41,4401大分県東部,41,28,国見病院,国東市
R7,44,大分県,4401,東部,R7-4401-42,4401大分県東部,42,29,医療法人清瞳会 岡田眼科医院,別府市
R7,44,大分県,4401,東部,R7-4401-43,4401大分県東部,43,30,古城循環器クリニック,別府市
R7,44,大分県,4401,東部,R7-4401-44,4401大分県東部,44,31,久保田クリニック,別府市
R7,44,大分県,4401,東部,R7-4401-45,4401大分県東部,45,32,うちくら内科,別府市
R7,44,大分県,4401,東部,R7-4401-46,4401大分県東部,46,33,安部第一医院,別府市
R7,44,大分県,4401,東部,R7-4401-47,4401大分県東部,47,34,佐藤整形外科医院,別府市
R7,44,大分県,4401,東部,R7-4401-48,4401大分県東部,48,35,さかい内科医院,別府市
R7,44,大分県,4401,東部,R7-4401-49,4401大分県東部,49,36,木下医院,別府市
R7,44,大分県,4401,東部,R7-4401-50,4401大分県東部,50,37,安倍内科医院,別府市
R7,44,大分県,4401,東部,R7-4401-51,4401大分県東部,51,38,たなか乳腺・外科・内科クリニック,別府市
R7,44,大分県,4401,東部,R7-4401-52,4401大分県東部,52,39,岡嶋医院,別府市
R7,44,大分県,4401,東部,R7-4401-53,4401大分県東部,53,40,原嶋内科医院,別府市
R7,44,大分県,4401,東部,R7-4401-54,4401大分県東部,54,41,医療法人三和会 馬場医院,別府市
R7,44,大分県,4401,東部,R7-4401-55,4401大分県東部,55,42,武井医院,別府市
R7,44,大分県,4401,東部,R7-4401-56,4401大分県東部,56,43,国東中央クリニック,国東市
R7,44,大分県,4401,東部,R7-4401-57,4401大分県東部,57,44,堀田医院,国東市
R7,44,大分県,4401,東部,R7-4401-58,4401大分県東部,58,45,村上脳神経内科クリニック,別府市
R7,44,大分県,4401,東部,R7-4401-59,4401大分県東部,59,46,医療法人　啓辰会　金子内科医院,別府市
R7,44,大分県,4401,東部,R7-4401-60,4401大分県東部,60,47,福田内科医院,別府市
R7,44,大分県,4401,東部,R7-4401-61,4401大分県東部,61,48,定村内科医院,国東市
R7,44,大分県,4401,東部,R7-4401-62,4401大分県東部,62,49,ヒロセ内科医院,別府市
R7,44,大分県,4401,東部,R7-4401-63,4401大分県東部,63,50,あさひクリニック,国東市
R7,44,大分県,4401,東部,R7-4401-64,4401大分県東部,64,51,吉賀循環器内科,別府市
R7,44,大分県,4401,東部,R7-4401-65,4401大分県東部,65,52,あおい産婦人科,別府市
R7,44,大分県,4401,東部,R7-4401-66,4401大分県東部,66,53,くりやまレディースクリニック,杵築市
R7,44,大分県,4401,東部,R7-4401-67,4401大分県東部,67,54,北崎医院,別府市
R7,44,大分県,4401,東部,R7-4401-68,4401大分県東部,68,55,千馬内科医院,別府市
R7,44,大分県,4401,東部,R7-4401-69,4401大分県東部,69,56,児玉耳鼻咽喉科クリニック,別府市
R7,44,大分県,4401,東部,R7-4401-70,4401大分県東部,70,57,右田眼科,別府市
R7,44,大分県,4401,東部,R7-4401-71,4401大分県東部,71,58,姫島村国民健康保険診療所,姫島村
R7,44,大分県,4401,東部,R7-4401-72,4401大分県東部,72,59,松本小児科医院,別府市
R7,44,大分県,4401,東部,R7-4401-73,4401大分県東部,73,60,きつき眼科,杵築市
R7,44,大分県,4401,東部,R7-4401-74,4401大分県東部,74,61,衛藤外科,杵築市
R7,44,大分県,4401,東部,R7-4401-75,4401大分県東部,75,62,石川胃腸科医院,別府市
R7,44,大分県,4401,東部,R7-4401-76,4401大分県東部,76,63,土屋会 八重眼科医院,日出町
R7,44,大分県,4401,東部,R7-4401-77,4401大分県東部,77,64,こうまつ循環科内科クリニック,日出町
R7,44,大分県,4403,中部,R7-4403-14,4403大分県中部,14,1,大分大学医学部附属病院,由布市
R7,44,大分県,4403,中部,R7-4403-15,4403大分県中部,15,2,大分県立病院,大分市
R7,44,大分県,4403,中部,R7-4403-16,4403大分県中部,16,3,大分市医師会立アルメイダ病院,大分市
R7,44,大分県,4403,中部,R7-4403-17,4403大分県中部,17,4,大分赤十字病院,大分市
R7,44,大分県,4403,中部,R7-4403-18,4403大分県中部,18,5,独立行政法人国立病院機構大分医療センター,大分市
R7,44,大分県,4403,中部,R7-4403-19,4403大分県中部,19,6,社会医療法人恵愛会 大分中村病院,大分市
R7,44,大分県,4403,中部,R7-4403-20,4403大分県中部,20,7,大分岡病院,大分市
R7,44,大分県,4403,中部,R7-4403-21,4403大分県中部,21,8,独立行政法人地域医療機能推進機構 湯布院病院,由布市
R7,44,大分県,4403,中部,R7-4403-22,4403大分県中部,22,9,大分三愛メディカルセンター,大分市
R7,44,大分県,4403,中部,R7-4403-23,4403大分県中部,23,10,社会医療法人財団天心堂へつぎ病院,大分市
R7,44,大分県,4403,中部,R7-4403-24,4403大分県中部,24,11,臼杵市医師会立コスモス病院,臼杵市
R7,44,大分県,4403,中部,R7-4403-25,4403大分県中部,25,12,永冨脳神経外科病院,大分市
R7,44,大分県,4403,中部,R7-4403-26,4403大分県中部,26,13,大分健生病院,大分市
R7,44,大分県,4403,中部,R7-4403-27,4403大分県中部,27,14,医療法人ライフサポート明和記念病院,大分市
R7,44,大分県,4403,中部,R7-4403-28,4403大分県中部,28,15,大分リハビリテーション病院,大分市
R7,44,大分県,4403,中部,R7-4403-29,4403大分県中部,29,16,津久見市医師会立津久見中央病院,津久見市
R7,44,大分県,4403,中部,R7-4403-30,4403大分県中部,30,17,井野辺病院,大分市
R7,44,大分県,4403,中部,R7-4403-31,4403大分県中部,31,18,大分記念病院,大分市
R7,44,大分県,4403,中部,R7-4403-32,4403大分県中部,32,19,オアシス第二病院,大分市
R7,44,大分県,4403,中部,R7-4403-33,4403大分県中部,33,20,諏訪の杜病院,大分市
R7,44,大分県,4403,中部,R7-4403-34,4403大分県中部,34,21,医療法人輝心会 大分循環器病院,大分市
R7,44,大分県,4403,中部,R7-4403-35,4403大分県中部,35,22,オアシス第一病院,大分市
R7,44,大分県,4403,中部,R7-4403-36,4403大分県中部,36,23,有田胃腸病院,大分市
R7,44,大分県,4403,中部,R7-4403-37,4403大分県中部,37,24,大分整形外科病院,大分市
R7,44,大分県,4403,中部,R7-4403-38,4403大分県中部,38,25,明野中央病院,大分市
R7,44,大分県,4403,中部,R7-4403-39,4403大分県中部,39,26,重度心身障害児（者）施設恵の聖母の家,臼杵市
R7,44,大分県,4403,中部,R7-4403-40,4403大分県中部,40,27,大分共立病院,大分市
R7,44,大分県,4403,中部,R7-4403-41,4403大分県中部,41,28,社会医療法人関愛会 佐賀関病院,大分市
R7,44,大分県,4403,中部,R7-4403-42,4403大分県中部,42,29,臼杵病院,臼杵市
R7,44,大分県,4403,中部,R7-4403-43,4403大分県中部,43,30,医療法人芝蘭会 今村病院,大分市
R7,44,大分県,4403,中部,R7-4403-44,4403大分県中部,44,31,医療法人 社団三杏会 仁医会病院,大分市
R7,44,大分県,4403,中部,R7-4403-45,4403大分県中部,45,32,塚川第一病院,大分市
R7,44,大分県,4403,中部,R7-4403-46,4403大分県中部,46,33,大分泌尿器科病院,大分市
R7,44,大分県,4403,中部,R7-4403-47,4403大分県中部,47,34,日野病院,由布市
R7,44,大分県,4403,中部,R7-4403-48,4403大分県中部,48,35,えとう内科病院,大分市
R7,44,大分県,4403,中部,R7-4403-49,4403大分県中部,49,36,白川病院,臼杵市
R7,44,大分県,4403,中部,R7-4403-50,4403大分県中部,50,37,医療法人　慈善会　膳所病院,大分市
R7,44,大分県,4403,中部,R7-4403-51,4403大分県中部,51,38,永冨記念病院,大分市
R7,44,大分県,4403,中部,R7-4403-52,4403大分県中部,52,39,だいかく病院,大分市
R7,44,大分県,4403,中部,R7-4403-53,4403大分県中部,53,40,社会医療法人関愛会　大東よつば病院,大分市
R7,44,大分県,4403,中部,R7-4403-54,4403大分県中部,54,41,医療法人いつわ会 藤島病院,大分市
R7,44,大分県,4403,中部,R7-4403-55,4403大分県中部,55,42,大川産婦人科病院,大分市
R7,44,大分県,4403,中部,R7-4403-56,4403大分県中部,56,43,大分県勤労者医療生活協同組合 大分協和病院,大分市
R7,44,大分県,4403,中部,R7-4403-57,4403大分県中部,57,44,河野脳神経外科病院,大分市
R7,44,大分県,4403,中部,R7-4403-58,4403大分県中部,58,45,小深田消化器病院,大分市
R7,44,大分県,4403,中部,R7-4403-59,4403大分県中部,59,46,織部病院,大分市
R7,44,大分県,4403,中部,R7-4403-60,4403大分県中部,60,47,坂ノ市病院,大分市
R7,44,大分県,4403,中部,R7-4403-61,4403大分県中部,61,48,大分こども病院,大分市
R7,44,大分県,4403,中部,R7-4403-62,4403大分県中部,62,49,大分ゆふみ病院,大分市
R7,44,大分県,4403,中部,R7-4403-63,4403大分県中部,63,50,おおいたメディカルクリニック,大分市
R7,44,大分県,4403,中部,R7-4403-64,4403大分県中部,64,51,東九州泌尿器科,大分市
R7,44,大分県,4403,中部,R7-4403-65,4403大分県中部,65,52,国東整形外科医院,大分市
R7,44,大分県,4403,中部,R7-4403-66,4403大分県中部,66,53,辛島内科クリニック,大分市
R7,44,大分県,4403,中部,R7-4403-67,4403大分県中部,67,54,辛島内科・消化器内科,大分市
R7,44,大分県,4403,中部,R7-4403-68,4403大分県中部,68,55,松坂さとう消化器内科,大分市
R7,44,大分県,4403,中部,R7-4403-69,4403大分県中部,69,56,三好医院,大分市
R7,44,大分県,4403,中部,R7-4403-70,4403大分県中部,70,57,米満内科医院,大分市
R7,44,大分県,4403,中部,R7-4403-71,4403大分県中部,71,58,アンジェリッククリニック浦田,大分市
R7,44,大分県,4403,中部,R7-4403-72,4403大分県中部,72,59,織部泌尿器科,大分市
R7,44,大分県,4403,中部,R7-4403-73,4403大分県中部,73,60,吉田胃腸科・外科・肛門科,大分市
R7,44,大分県,4403,中部,R7-4403-74,4403大分県中部,74,61,ソフィアクリニック,大分市
R7,44,大分県,4403,中部,R7-4403-75,4403大分県中部,75,62,玄同内科医院,大分市
R7,44,大分県,4403,中部,R7-4403-76,4403大分県中部,76,63,嶋田循環器科内科,大分市
R7,44,大分県,4403,中部,R7-4403-77,4403大分県中部,77,64,心葉消化器外科,大分市
R7,44,大分県,4403,中部,R7-4403-78,4403大分県中部,78,65,大嶋医院,大分市
R7,44,大分県,4403,中部,R7-4403-79,4403大分県中部,79,66,かさぎ泌尿器科医院,大分市
R7,44,大分県,4403,中部,R7-4403-80,4403大分県中部,80,67,医療法人社団愛育会曽根崎産婦人科医院,大分市
R7,44,大分県,4403,中部,R7-4403-81,4403大分県中部,81,68,木村医院,大分市
R7,44,大分県,4403,中部,R7-4403-82,4403大分県中部,82,69,仙波整形外科,大分市
R7,44,大分県,4403,中部,R7-4403-83,4403大分県中部,83,70,たねだ内科,大分市
R7,44,大分県,4403,中部,R7-4403-84,4403大分県中部,84,71,あんどう糖尿病内科クリニック,大分市
R7,44,大分県,4403,中部,R7-4403-85,4403大分県中部,85,72,うえお乳腺外科,大分市
R7,44,大分県,4403,中部,R7-4403-86,4403大分県中部,86,73,松山医院大分腎臓内科,大分市
R7,44,大分県,4403,中部,R7-4403-87,4403大分県中部,87,74,上野醫院,大分市
R7,44,大分県,4403,中部,R7-4403-88,4403大分県中部,88,75,市ケ谷整形外科,大分市
R7,44,大分県,4403,中部,R7-4403-89,4403大分県中部,89,76,博愛診療所,大分市
R7,44,大分県,4403,中部,R7-4403-90,4403大分県中部,90,77,のつはる診療所,大分市
R7,44,大分県,4403,中部,R7-4403-91,4403大分県中部,91,78,むねむら大腸肛門クリニック,大分市
R7,44,大分県,4403,中部,R7-4403-92,4403大分県中部,92,79,たばるクリニック,大分市
R7,44,大分県,4403,中部,R7-4403-93,4403大分県中部,93,80,正内科医院,大分市
R7,44,大分県,4403,中部,R7-4403-94,4403大分県中部,94,81,三好内科循環器科医院,大分市
R7,44,大分県,4403,中部,R7-4403-95,4403大分県中部,95,82,椎迫泌尿器科クリニック,大分市
R7,44,大分県,4403,中部,R7-4403-96,4403大分県中部,96,83,ハートクリニック,大分市
R7,44,大分県,4403,中部,R7-4403-97,4403大分県中部,97,84,すずかけ岡本クリニック,大分市
R7,44,大分県,4403,中部,R7-4403-98,4403大分県中部,98,85,宮本クリニック,大分市
R7,44,大分県,4403,中部,R7-4403-99,4403大分県中部,99,86,松岡メディカルクリニック,大分市
R7,44,大分県,4403,中部,R7-4403-100,4403大分県中部,100,87,うちのう整形外科,大分市
R7,44,大分県,4403,中部,R7-4403-101,4403大分県中部,101,88,わさだかかりつけ医院泌尿器科クリニック,大分市
R7,44,大分県,4403,中部,R7-4403-102,4403大分県中部,102,89,医療法人佐藤クリニック,大分市
R7,44,大分県,4403,中部,R7-4403-103,4403大分県中部,103,90,うすきメディカルクリニック,臼杵市
R7,44,大分県,4403,中部,R7-4403-104,4403大分県中部,104,91,野津第一内科医院,臼杵市
R7,44,大分県,4403,中部,R7-4403-105,4403大分県中部,105,92,藤整形外科,臼杵市
R7,44,大分県,4403,中部,R7-4403-106,4403大分県中部,106,93,医療法人何松内科循環器科,由布市
R7,44,大分県,4403,中部,R7-4403-107,4403大分県中部,107,94,宮崎医院,由布市
R7,44,大分県,4403,中部,R7-4403-108,4403大分県中部,108,95,川崎内科,由布市
R7,44,大分県,4403,中部,R7-4403-109,4403大分県中部,109,96,佐藤医院,由布市
R7,44,大分県,4403,中部,R7-4403-110,4403大分県中部,110,97,ごとう医院,由布市
R7,44,大分県,4403,中部,R7-4403-111,4403大分県中部,111,98,あべ胃腸病内視鏡クリニック,大分市
R7,44,大分県,4403,中部,R7-4403-112,4403大分県中部,112,99,大分整形金池診療所リハランド,大分市
R7,44,大分県,4403,中部,R7-4403-113,4403大分県中部,113,100,医療法人春風うちのう整形外科錦町,大分市
R7,44,大分県,4403,中部,R7-4403-114,4403大分県中部,114,101,医療法人恵伸会　大分あべハートクリニック　内科・循環器科・リハビリテーション科,大分市
R7,44,大分県,4403,中部,R7-4403-115,4403大分県中部,115,102,岩田リハビリクリニック,臼杵市
R7,44,大分県,4403,中部,R7-4403-116,4403大分県中部,116,103,堀永産婦人科医院,大分市
R7,44,大分県,4403,中部,R7-4403-117,4403大分県中部,117,104,岩田医院,臼杵市
R7,44,大分県,4403,中部,R7-4403-118,4403大分県中部,118,105,国東循環器クリニック,大分市
R7,44,大分県,4403,中部,R7-4403-119,4403大分県中部,119,106,近藤整形外科,大分市
R7,44,大分県,4403,中部,R7-4403-120,4403大分県中部,120,107,朋友クリニック,大分市
R7,44,大分県,4403,中部,R7-4403-121,4403大分県中部,121,108,いしい産婦人科醫院,大分市
R7,44,大分県,4403,中部,R7-4403-122,4403大分県中部,122,109,かやしま内科,大分市
R7,44,大分県,4403,中部,R7-4403-123,4403大分県中部,123,110,医療法人去定会ひらかわ産婦人科医院,大分市
R7,44,大分県,4403,中部,R7-4403-124,4403大分県中部,124,111,さくら産婦人科医院,臼杵市
R7,44,大分県,4403,中部,R7-4403-125,4403大分県中部,125,112,日野医院,大分市
R7,44,大分県,4403,中部,R7-4403-126,4403大分県中部,126,113,安達産婦人科,大分市
R7,44,大分県,4403,中部,R7-4403-127,4403大分県中部,127,114,セント・ルカ産婦人科,大分市
R7,44,大分県,4403,中部,R7-4403-128,4403大分県中部,128,115,にのみや内科,大分市
R7,44,大分県,4403,中部,R7-4403-129,4403大分県中部,129,116,梶本医院,大分市
R7,44,大分県,4403,中部,R7-4403-130,4403大分県中部,130,117,池邉整形外科,津久見市
R7,44,大分県,4403,中部,R7-4403-131,4403大分県中部,131,118,伊東レディースクリニック,大分市
R7,44,大分県,4403,中部,R7-4403-132,4403大分県中部,132,119,阿部眼科医院,大分市
R7,44,大分県,4403,中部,R7-4403-133,4403大分県中部,133,120,医療法人　福光医院,大分市
R7,44,大分県,4403,中部,R7-4403-134,4403大分県中部,134,121,織部消化器科,大分市
R7,44,大分県,4403,中部,R7-4403-135,4403大分県中部,135,122,大場整形外科,大分市
R7,44,大分県,4403,中部,R7-4403-136,4403大分県中部,136,123,医療法人 堀耳鼻咽喉科クリニック,大分市
R7,44,大分県,4403,中部,R7-4403-137,4403大分県中部,137,124,たかはし泌尿器科,大分市
R7,44,大分県,4403,中部,R7-4403-138,4403大分県中部,138,125,おおつかクリニック,大分市
R7,44,大分県,4403,中部,R7-4403-139,4403大分県中部,139,126,渡辺内科医院,大分市
R7,44,大分県,4403,中部,R7-4403-140,4403大分県中部,140,127,医療法人　啓弘会　田村山下眼科,大分市
R7,44,大分県,4403,中部,R7-4403-141,4403大分県中部,141,128,うすき眼科,臼杵市
R7,44,大分県,4403,中部,R7-4403-142,4403大分県中部,142,129,さとう消化器・大腸肛門クリニック,由布市
R7,44,大分県,4403,中部,R7-4403-143,4403大分県中部,143,130,みやむらレディースクリニック,大分市
R7,44,大分県,4403,中部,R7-4403-144,4403大分県中部,144,131,健眼会野田眼科,大分市
R7,44,大分県,4403,中部,R7-4403-145,4403大分県中部,145,132,貞永産婦人科医院,大分市
R7,44,大分県,4403,中部,R7-4403-146,4403大分県中部,146,133,さかき眼科,大分市
R7,44,大分県,4403,中部,R7-4403-147,4403大分県中部,147,134,佐々木医院,大分市
R7,44,大分県,4403,中部,R7-4403-148,4403大分県中部,148,135,大塚眼科医院,大分市
R7,44,大分県,4403,中部,R7-4403-149,4403大分県中部,149,136,大石医院,津久見市
R7,44,大分県,4403,中部,R7-4403-150,4403大分県中部,150,137,蔭山眼科,大分市
R7,44,大分県,4403,中部,R7-4403-151,4403大分県中部,151,138,井野辺府内クリニック,大分市
R7,44,大分県,4403,中部,R7-4403-152,4403大分県中部,152,139,河野泌尿器科医院,大分市
R7,44,大分県,4403,中部,R7-4403-153,4403大分県中部,153,140,大川産婦人科・高砂,大分市
R7,44,大分県,4403,中部,R7-4403-154,4403大分県中部,154,141,おかだ眼科,大分市
R7,44,大分県,4403,中部,R7-4403-155,4403大分県中部,155,142,大分府内レディースクリニック,大分市
R7,44,大分県,4403,中部,R7-4403-156,4403大分県中部,156,143,一番ケ瀬内科医院,大分市
R7,44,大分県,4403,中部,R7-4403-157,4403大分県中部,157,144,岩男医院,由布市
R7,44,大分県,4405,南部,R7-4405-14,4405大分県南部,14,1,社会医療法人長門莫記念会 長門記念病院,佐伯市
R7,44,大分県,4405,南部,R7-4405-15,4405大分県南部,15,2,西田病院,佐伯市
R7,44,大分県,4405,南部,R7-4405-16,4405大分県南部,16,3,独立行政法人地域医療機能推進機構 南海医療センター,佐伯市
R7,44,大分県,4405,南部,R7-4405-17,4405大分県南部,17,4,佐伯中央病院,佐伯市
R7,44,大分県,4405,南部,R7-4405-18,4405大分県南部,18,5,曽根病院,佐伯市
R7,44,大分県,4405,南部,R7-4405-19,4405大分県南部,19,6,御手洗病院,佐伯市
R7,44,大分県,4405,南部,R7-4405-20,4405大分県南部,20,7,東内科医院,佐伯市
R7,44,大分県,4405,南部,R7-4405-21,4405大分県南部,21,8,岡本医院,佐伯市
R7,44,大分県,4405,南部,R7-4405-22,4405大分県南部,22,9,塩月内科小児科医院,佐伯市
R7,44,大分県,4405,南部,R7-4405-23,4405大分県南部,23,10,産科婦人科すがのウィメンズクリニック,佐伯市
R7,44,大分県,4405,南部,R7-4405-24,4405大分県南部,24,11,医療法人 中浦循環器クリニック,佐伯市
R7,44,大分県,4405,南部,R7-4405-25,4405大分県南部,25,12,やつか眼科医院,佐伯市
R7,44,大分県,4405,南部,R7-4405-26,4405大分県南部,26,13,からしま医院,佐伯市
R7,44,大分県,4406,豊肥,R7-4406-14,4406大分県豊肥,14,1,豊後大野市民病院,豊後大野市
R7,44,大分県,4406,豊肥,R7-4406-15,4406大分県豊肥,15,2,竹田医師会病院,竹田市
R7,44,大分県,4406,豊肥,R7-4406-16,4406大分県豊肥,16,3,帰巖会 みえ病院,豊後大野市
R7,44,大分県,4406,豊肥,R7-4406-17,4406大分県豊肥,17,4,大久保病院,竹田市
R7,44,大分県,4406,豊肥,R7-4406-18,4406大分県豊肥,18,5,福島病院,豊後大野市
R7,44,大分県,4406,豊肥,R7-4406-19,4406大分県豊肥,19,6,道全内科,竹田市
R7,44,大分県,4406,豊肥,R7-4406-20,4406大分県豊肥,20,7,医療法人 古島眼科,竹田市
R7,44,大分県,4406,豊肥,R7-4406-21,4406大分県豊肥,21,8,医療法人大分記念病院竹田クリニック,竹田市
R7,44,大分県,4406,豊肥,R7-4406-22,4406大分県豊肥,22,9,伊藤医院,竹田市
R7,44,大分県,4406,豊肥,R7-4406-23,4406大分県豊肥,23,10,志賀内科,竹田市
R7,44,大分県,4406,豊肥,R7-4406-24,4406大分県豊肥,24,11,土生医院,豊後大野市
R7,44,大分県,4406,豊肥,R7-4406-25,4406大分県豊肥,25,12,ふじしま内科,豊後大野市
R7,44,大分県,4406,豊肥,R7-4406-26,4406大分県豊肥,26,13,おぐり胃腸・肛門科,豊後大野市
R7,44,大分県,4406,豊肥,R7-4406-27,4406大分県豊肥,27,14,ごとう消化器科・内科クリニック,豊後大野市
R7,44,大分県,4406,豊肥,R7-4406-28,4406大分県豊肥,28,15,秦医院,竹田市
R7,44,大分県,4406,豊肥,R7-4406-29,4406大分県豊肥,29,16,佐藤産婦人科医院,豊後大野市
R7,44,大分県,4408,西部,R7-4408-14,4408大分県西部,14,1,大分県済生会 日田病院,日田市
R7,44,大分県,4408,西部,R7-4408-15,4408大分県西部,15,2,医療法人咸宜会日田中央病院,日田市
R7,44,大分県,4408,西部,R7-4408-16,4408大分県西部,16,3,一ノ宮脳神経外科病院,日田市
R7,44,大分県,4408,西部,R7-4408-17,4408大分県西部,17,4,医療法人利光会 五反田病院,日田市
R7,44,大分県,4408,西部,R7-4408-18,4408大分県西部,18,5,医療法人豊堂岩尾整形外科病院,日田市
R7,44,大分県,4408,西部,R7-4408-19,4408大分県西部,19,6,医療法人玖寿会高田病院,玖珠町
R7,44,大分県,4408,西部,R7-4408-20,4408大分県西部,20,7,聖陵岩里病院,日田市
R7,44,大分県,4408,西部,R7-4408-21,4408大分県西部,21,8,医療法人愛幸会 原病院,日田市
R7,44,大分県,4408,西部,R7-4408-22,4408大分県西部,22,9,医療法人鶴陽会岩尾病院,日田市
R7,44,大分県,4408,西部,R7-4408-23,4408大分県西部,23,10,医療法人啓燈会玖珠記念病院,玖珠町
R7,44,大分県,4408,西部,R7-4408-24,4408大分県西部,24,11,日田リハビリテーション病院,日田市
R7,44,大分県,4408,西部,R7-4408-25,4408大分県西部,25,12,桂林病院,日田市
R7,44,大分県,4408,西部,R7-4408-26,4408大分県西部,26,13,若宮病院,日田市
R7,44,大分県,4408,西部,R7-4408-27,4408大分県西部,27,14,医療法人純和会小中病院,玖珠町
R7,44,大分県,4408,西部,R7-4408-28,4408大分県西部,28,15,秋吉病院,日田市
R7,44,大分県,4408,西部,R7-4408-29,4408大分県西部,29,16,医療法人悠然会 大河原病院,日田市
R7,44,大分県,4408,西部,R7-4408-30,4408大分県西部,30,17,城谷病院,日田市
R7,44,大分県,4408,西部,R7-4408-31,4408大分県西部,31,18,医療法人 原整形外科医院,日田市
R7,44,大分県,4408,西部,R7-4408-32,4408大分県西部,32,19,石井産婦人科医院,日田市
R7,44,大分県,4408,西部,R7-4408-33,4408大分県西部,33,20,矢原医院,九重町
R7,44,大分県,4408,西部,R7-4408-34,4408大分県西部,34,21,医療法人長内科小児科胃腸科医院,玖珠町
R7,44,大分県,4408,西部,R7-4408-35,4408大分県西部,35,22,友成医院,玖珠町
R7,44,大分県,4408,西部,R7-4408-36,4408大分県西部,36,23,日田市立上津江診療所,日田市
R7,44,大分県,4408,西部,R7-4408-37,4408大分県西部,37,24,医療法人宮原レディースクリニック,日田市
R7,44,大分県,4408,西部,R7-4408-38,4408大分県西部,38,25,新関内科医院,日田市
R7,44,大分県,4408,西部,R7-4408-39,4408大分県西部,39,26,聖陵花月クリニック,日田市
R7,44,大分県,4408,西部,R7-4408-40,4408大分県西部,40,27,医療法人上舟会 上野眼科医院,日田市
R7,44,大分県,4408,西部,R7-4408-41,4408大分県西部,41,28,医療法人寿隆々会 渡辺医院,日田市
R7,44,大分県,4408,西部,R7-4408-42,4408大分県西部,42,29,みよしクリニック,日田市
R7,44,大分県,4409,北部,R7-4409-14,4409大分県北部,14,1,中津市立中津市民病院,中津市
R7,44,大分県,4409,北部,R7-4409-15,4409大分県北部,15,2,中津第一病院,中津市
R7,44,大分県,4409,北部,R7-4409-16,4409大分県北部,16,3,医療法人明徳会佐藤第一病院,宇佐市
R7,44,大分県,4409,北部,R7-4409-17,4409大分県北部,17,4,医療法人杏林会村上記念病院,中津市
R7,44,大分県,4409,北部,R7-4409-18,4409大分県北部,18,5,川嶌整形外科病院,中津市
R7,44,大分県,4409,北部,R7-4409-19,4409大分県北部,19,6,高田中央病院,豊後高田市
R7,44,大分県,4409,北部,R7-4409-20,4409大分県北部,20,7,中津胃腸病院,中津市
R7,44,大分県,4409,北部,R7-4409-21,4409大分県北部,21,8,宇佐高田医師会病院,宇佐市
R7,44,大分県,4409,北部,R7-4409-22,4409大分県北部,22,9,和田病院,宇佐市
R7,44,大分県,4409,北部,R7-4409-23,4409大分県北部,23,10,梶原病院,中津市
R7,44,大分県,4409,北部,R7-4409-24,4409大分県北部,24,11,酒井病院,中津市
R7,44,大分県,4409,北部,R7-4409-25,4409大分県北部,25,12,中津脳神経外科病院,中津市
R7,44,大分県,4409,北部,R7-4409-26,4409大分県北部,26,13,小野内科病院,宇佐市
R7,44,大分県,4409,北部,R7-4409-27,4409大分県北部,27,14,宇佐中央内科病院,宇佐市
R7,44,大分県,4409,北部,R7-4409-28,4409大分県北部,28,15,玄々堂高田病院,豊後高田市
R7,44,大分県,4409,北部,R7-4409-29,4409大分県北部,29,16,松永循環器病院,中津市
R7,44,大分県,4409,北部,R7-4409-30,4409大分県北部,30,17,つくし園,中津市
R7,44,大分県,4409,北部,R7-4409-31,4409大分県北部,31,18,医療法人興仁会桑尾病院,宇佐市
R7,44,大分県,4409,北部,R7-4409-32,4409大分県北部,32,19,里見医院,中津市
R7,44,大分県,4409,北部,R7-4409-33,4409大分県北部,33,20,高椋クリニック,中津市
R7,44,大分県,4409,北部,R7-4409-34,4409大分県北部,34,21,医療法人誠雅会 松元整形外科医院,中津市
R7,44,大分県,4409,北部,R7-4409-35,4409大分県北部,35,22,医療法人社団内尾整形外科医院,中津市
R7,44,大分県,4409,北部,R7-4409-36,4409大分県北部,36,23,まつざきクリニック,中津市
R7,44,大分県,4409,北部,R7-4409-37,4409大分県北部,37,24,佐藤レディースクリニック,宇佐市
R7,44,大分県,4409,北部,R7-4409-38,4409大分県北部,38,25,宗像医院,宇佐市
R7,44,大分県,4409,北部,R7-4409-39,4409大分県北部,39,26,医療法人藤心会 黒田整形外科,宇佐市
R7,44,大分県,4409,北部,R7-4409-40,4409大分県北部,40,27,玄々堂泌尿器科,宇佐市
R7,44,大分県,4409,北部,R7-4409-41,4409大分県北部,41,28,時枝内科医院,宇佐市
R7,44,大分県,4409,北部,R7-4409-42,4409大分県北部,42,29,いしだ内科,宇佐市
R7,44,大分県,4409,北部,R7-4409-43,4409大分県北部,43,30,玄々堂整形外科,宇佐市
R7,44,大分県,4409,北部,R7-4409-44,4409大分県北部,44,31,安心院中央医院,宇佐市
R7,44,大分県,4409,北部,R7-4409-45,4409大分県北部,45,32,小路内科医院,中津市
R7,44,大分県,4409,北部,R7-4409-46,4409大分県北部,46,33,農業協同組合立下郷診療所,中津市
R7,44,大分県,4409,北部,R7-4409-47,4409大分県北部,47,34,渡辺医院,宇佐市
R7,44,大分県,4409,北部,R7-4409-48,4409大分県北部,48,35,藤吉産婦人科,中津市
R7,44,大分県,4409,北部,R7-4409-49,4409大分県北部,49,36,賀来内科医院,宇佐市
R7,44,大分県,4409,北部,R7-4409-50,4409大分県北部,50,37,植山循環器科内科クリニック,宇佐市
R7,44,大分県,4409,北部,R7-4409-51,4409大分県北部,51,38,宇佐リハビリ診療所,宇佐市
R7,44,大分県,4409,北部,R7-4409-52,4409大分県北部,52,39,中津眼科,中津市
R7,44,大分県,4409,北部,R7-4409-53,4409大分県北部,53,40,宇佐レディースクリニック,宇佐市
R7,44,大分県,4409,北部,R7-4409-54,4409大分県北部,54,41,クリニックオアシス,宇佐市
R7,44,大分県,4409,北部,R7-4409-55,4409大分県北部,55,42,桐田眼科医院,宇佐市
R7,44,大分県,4409,北部,R7-4409-56,4409大分県北部,56,43,はたで眼科,宇佐市
R7,45,宮崎県,4501,宮崎東諸県,R7-4501-14,4501宮崎県宮崎東諸県,14,1,宮崎大学医学部附属病院,宮崎市
R7,45,宮崎県,4501,宮崎東諸県,R7-4501-15,4501宮崎県宮崎東諸県,15,2,県立宮崎病院,宮崎市
R7,45,宮崎県,4501,宮崎東諸県,R7-4501-16,4501宮崎県宮崎東諸県,16,3,潤和会記念病院,宮崎市
R7,45,宮崎県,4501,宮崎東諸県,R7-4501-17,4501宮崎県宮崎東諸県,17,4,宮崎医療センター病院,宮崎市
R7,45,宮崎県,4501,宮崎東諸県,R7-4501-18,4501宮崎県宮崎東諸県,18,5,古賀総合病院,宮崎市
R7,45,宮崎県,4501,宮崎東諸県,R7-4501-19,4501宮崎県宮崎東諸県,19,6,独立行政法人地域医療機能推進機構 宮崎江南病院,宮崎市
R7,45,宮崎県,4501,宮崎東諸県,R7-4501-20,4501宮崎県宮崎東諸県,20,7,宮崎市郡医師会病院,宮崎市
R7,45,宮崎県,4501,宮崎東諸県,R7-4501-21,4501宮崎県宮崎東諸県,21,8,宮崎善仁会病院,宮崎市
R7,45,宮崎県,4501,宮崎東諸県,R7-4501-22,4501宮崎県宮崎東諸県,22,9,独立行政法人国立病院機構宮崎東病院,宮崎市
R7,45,宮崎県,4501,宮崎東諸県,R7-4501-23,4501宮崎県宮崎東諸県,23,10,金丸脳神経外科病院,宮崎市
R7,45,宮崎県,4501,宮崎東諸県,R7-4501-24,4501宮崎県宮崎東諸県,24,11,宮崎生協病院,宮崎市
R7,45,宮崎県,4501,宮崎東諸県,R7-4501-25,4501宮崎県宮崎東諸県,25,12,医療法人財団志清会阿波岐ケ原病院,宮崎市
R7,45,宮崎県,4501,宮崎東諸県,R7-4501-26,4501宮崎県宮崎東諸県,26,13,迫田病院,宮崎市
R7,45,宮崎県,4501,宮崎東諸県,R7-4501-27,4501宮崎県宮崎東諸県,27,14,慈英病院,宮崎市
R7,45,宮崎県,4501,宮崎東諸県,R7-4501-28,4501宮崎県宮崎東諸県,28,15,一般財団法人弘潤会 野崎東病院,宮崎市
R7,45,宮崎県,4501,宮崎東諸県,R7-4501-29,4501宮崎県宮崎東諸県,29,16,海老原病院,国富町
R7,45,宮崎県,4501,宮崎東諸県,R7-4501-30,4501宮崎県宮崎東諸県,30,17,医療法人社団紘和会 平和台病院,宮崎市
R7,45,宮崎県,4501,宮崎東諸県,R7-4501-31,4501宮崎県宮崎東諸県,31,18,医療法人社団誠和会 藤木病院,宮崎市
R7,45,宮崎県,4501,宮崎東諸県,R7-4501-32,4501宮崎県宮崎東諸県,32,19,南部病院,宮崎市
R7,45,宮崎県,4501,宮崎東諸県,R7-4501-33,4501宮崎県宮崎東諸県,33,20,医療法人社団仁和会 竹内病院,宮崎市
R7,45,宮崎県,4501,宮崎東諸県,R7-4501-34,4501宮崎県宮崎東諸県,34,21,大江整形外科病院,宮崎市
R7,45,宮崎県,4501,宮崎東諸県,R7-4501-35,4501宮崎県宮崎東諸県,35,22,一般財団法人弘潤会 野崎病院,宮崎市
R7,45,宮崎県,4501,宮崎東諸県,R7-4501-36,4501宮崎県宮崎東諸県,36,23,医療法人陽明会 増田病院,宮崎市
R7,45,宮崎県,4501,宮崎東諸県,R7-4501-37,4501宮崎県宮崎東諸県,37,24,宮崎県立こども療育センター,宮崎市
R7,45,宮崎県,4501,宮崎東諸県,R7-4501-38,4501宮崎県宮崎東諸県,38,25,医療法人社団尚成会 近間病院,宮崎市
R7,45,宮崎県,4501,宮崎東諸県,R7-4501-39,4501宮崎県宮崎東諸県,39,26,社会医療法人慶明会けいめい記念病院,国富町
R7,45,宮崎県,4501,宮崎東諸県,R7-4501-40,4501宮崎県宮崎東諸県,40,27,宮崎市立田野病院,宮崎市
R7,45,宮崎県,4501,宮崎東諸県,R7-4501-41,4501宮崎県宮崎東諸県,41,28,辰元病院,宮崎市
R7,45,宮崎県,4501,宮崎東諸県,R7-4501-42,4501宮崎県宮崎東諸県,42,29,獅子目整形外科病院,宮崎市
R7,45,宮崎県,4501,宮崎東諸県,R7-4501-43,4501宮崎県宮崎東諸県,43,30,さがら病院宮崎,宮崎市
R7,45,宮崎県,4501,宮崎東諸県,R7-4501-44,4501宮崎県宮崎東諸県,44,31,医療法人社団城山病院,宮崎市
R7,45,宮崎県,4501,宮崎東諸県,R7-4501-45,4501宮崎県宮崎東諸県,45,32,社会医療法人慶明会　宮崎中央眼科病院,宮崎市
R7,45,宮崎県,4501,宮崎東諸県,R7-4501-46,4501宮崎県宮崎東諸県,46,33,医療法人博愛社佐土原病院,宮崎市
R7,45,宮崎県,4501,宮崎東諸県,R7-4501-47,4501宮崎県宮崎東諸県,47,34,医療法人社団健友会 岡本整形外科,宮崎市
R7,45,宮崎県,4501,宮崎東諸県,R7-4501-48,4501宮崎県宮崎東諸県,48,35,医療法人財団シロアム会 新城眼科医院,宮崎市
R7,45,宮崎県,4501,宮崎東諸県,R7-4501-49,4501宮崎県宮崎東諸県,49,36,医療法人芳明会 早稲田クリニック,宮崎市
R7,45,宮崎県,4501,宮崎東諸県,R7-4501-50,4501宮崎県宮崎東諸県,50,37,上田脳神経外科,宮崎市
R7,45,宮崎県,4501,宮崎東諸県,R7-4501-51,4501宮崎県宮崎東諸県,51,38,医療法人清涼会 いきめ大腸・肛門外科内科,宮崎市
R7,45,宮崎県,4501,宮崎東諸県,R7-4501-52,4501宮崎県宮崎東諸県,52,39,岡田整形外科医院,宮崎市
R7,45,宮崎県,4501,宮崎東諸県,R7-4501-53,4501宮崎県宮崎東諸県,53,40,滝口内科医院,宮崎市
R7,45,宮崎県,4501,宮崎東諸県,R7-4501-54,4501宮崎県宮崎東諸県,54,41,医療法人社団栄整形外科,宮崎市
R7,45,宮崎県,4501,宮崎東諸県,R7-4501-55,4501宮崎県宮崎東諸県,55,42,医療法人将優会 クリニックうしたに,宮崎市
R7,45,宮崎県,4501,宮崎東諸県,R7-4501-56,4501宮崎県宮崎東諸県,56,43,宮元整形外科,宮崎市
R7,45,宮崎県,4501,宮崎東諸県,R7-4501-57,4501宮崎県宮崎東諸県,57,44,まつばし川野整形外科,宮崎市
R7,45,宮崎県,4501,宮崎東諸県,R7-4501-58,4501宮崎県宮崎東諸県,58,45,巴外科内科,宮崎市
R7,45,宮崎県,4501,宮崎東諸県,R7-4501-59,4501宮崎県宮崎東諸県,59,46,なかしま外科・内科,宮崎市
R7,45,宮崎県,4501,宮崎東諸県,R7-4501-60,4501宮崎県宮崎東諸県,60,47,医療法人整和会 あかえ整形外科医院,宮崎市
R7,45,宮崎県,4501,宮崎東諸県,R7-4501-61,4501宮崎県宮崎東諸県,61,48,医療法人社団康仁会 　猪島医院,宮崎市
R7,45,宮崎県,4501,宮崎東諸県,R7-4501-62,4501宮崎県宮崎東諸県,62,49,はながしま診療所,宮崎市
R7,45,宮崎県,4501,宮崎東諸県,R7-4501-63,4501宮崎県宮崎東諸県,63,50,医療法人雅会 河野整形外科,宮崎市
R7,45,宮崎県,4501,宮崎東諸県,R7-4501-64,4501宮崎県宮崎東諸県,64,51,医療法人社団明仁会 定永耳鼻咽喉科医院,宮崎市
R7,45,宮崎県,4501,宮崎東諸県,R7-4501-65,4501宮崎県宮崎東諸県,65,52,医療法人益治論会産婦人科いきめの杜クリニック,宮崎市
R7,45,宮崎県,4501,宮崎東諸県,R7-4501-66,4501宮崎県宮崎東諸県,66,53,駒柵脳神経外科,宮崎市
R7,45,宮崎県,4501,宮崎東諸県,R7-4501-67,4501宮崎県宮崎東諸県,67,54,押川整形外科医院,宮崎市
R7,45,宮崎県,4501,宮崎東諸県,R7-4501-68,4501宮崎県宮崎東諸県,68,55,医療法人常伸会 亀山記念クリニック,宮崎市
R7,45,宮崎県,4501,宮崎東諸県,R7-4501-69,4501宮崎県宮崎東諸県,69,56,神尊産婦人科,宮崎市
R7,45,宮崎県,4501,宮崎東諸県,R7-4501-70,4501宮崎県宮崎東諸県,70,57,田中外科内科医院,国富町
R7,45,宮崎県,4501,宮崎東諸県,R7-4501-71,4501宮崎県宮崎東諸県,71,58,医療法人山笑会はるやま医院,宮崎市
R7,45,宮崎県,4501,宮崎東諸県,R7-4501-72,4501宮崎県宮崎東諸県,72,59,産科・婦人科クリニックおおつか,宮崎市
R7,45,宮崎県,4501,宮崎東諸県,R7-4501-73,4501宮崎県宮崎東諸県,73,60,下村産婦人科医院,宮崎市
R7,45,宮崎県,4501,宮崎東諸県,R7-4501-74,4501宮崎県宮崎東諸県,74,61,山下医院,国富町
R7,45,宮崎県,4501,宮崎東諸県,R7-4501-75,4501宮崎県宮崎東諸県,75,62,ふくだ泌尿器科,宮崎市
R7,45,宮崎県,4501,宮崎東諸県,R7-4501-76,4501宮崎県宮崎東諸県,76,63,小池レディスクリニック,宮崎市
R7,45,宮崎県,4501,宮崎東諸県,R7-4501-77,4501宮崎県宮崎東諸県,77,64,医療法人寧静会 産科・婦人科 大渕クリニック,宮崎市
R7,45,宮崎県,4501,宮崎東諸県,R7-4501-78,4501宮崎県宮崎東諸県,78,65,佐々木眼科医院,宮崎市
R7,45,宮崎県,4501,宮崎東諸県,R7-4501-79,4501宮崎県宮崎東諸県,79,66,医療法人社団学而会 はた産婦人科医院,宮崎市
R7,45,宮崎県,4501,宮崎東諸県,R7-4501-80,4501宮崎県宮崎東諸県,80,67,南宮崎ヤマモト腎泌尿器科,宮崎市
R7,45,宮崎県,4501,宮崎東諸県,R7-4501-81,4501宮崎県宮崎東諸県,81,68,まつうら眼科,宮崎市
R7,45,宮崎県,4501,宮崎東諸県,R7-4501-82,4501宮崎県宮崎東諸県,82,69,柴田眼科,宮崎市
R7,45,宮崎県,4501,宮崎東諸県,R7-4501-83,4501宮崎県宮崎東諸県,83,70,星井眼科医院,宮崎市
R7,45,宮崎県,4501,宮崎東諸県,R7-4501-84,4501宮崎県宮崎東諸県,84,71,稲倉医院,宮崎市
R7,45,宮崎県,4501,宮崎東諸県,R7-4501-85,4501宮崎県宮崎東諸県,85,72,医療法人社団Ms 宮永ＥＮＴクリニック,宮崎市
R7,45,宮崎県,4501,宮崎東諸県,R7-4501-86,4501宮崎県宮崎東諸県,86,73,医療法人聖美会青島リゾートクリニック,宮崎市
R7,45,宮崎県,4501,宮崎東諸県,R7-4501-87,4501宮崎県宮崎東諸県,87,74,うえやま貴子クリニック,宮崎市
R7,45,宮崎県,4501,宮崎東諸県,R7-4501-88,4501宮崎県宮崎東諸県,88,75,ひろしま通りウィミンズクリニック,宮崎市
R7,45,宮崎県,4502,都城北諸県,R7-4502-14,4502宮崎県都城北諸県,14,1,藤元総合病院,都城市
R7,45,宮崎県,4502,都城北諸県,R7-4502-15,4502宮崎県都城北諸県,15,2,独立行政法人国立病院機構都城医療センター,都城市
R7,45,宮崎県,4502,都城北諸県,R7-4502-16,4502宮崎県都城北諸県,16,3,都城市郡医師会病院,都城市
R7,45,宮崎県,4502,都城北諸県,R7-4502-17,4502宮崎県都城北諸県,17,4,メディカルシティ東部病院,都城市
R7,45,宮崎県,4502,都城北諸県,R7-4502-18,4502宮崎県都城北諸県,18,5,吉見病院,都城市
R7,45,宮崎県,4502,都城北諸県,R7-4502-19,4502宮崎県都城北諸県,19,6,宗正病院,都城市
R7,45,宮崎県,4502,都城北諸県,R7-4502-20,4502宮崎県都城北諸県,20,7,橘病院,都城市
R7,45,宮崎県,4502,都城北諸県,R7-4502-21,4502宮崎県都城北諸県,21,8,宮永病院,都城市
R7,45,宮崎県,4502,都城北諸県,R7-4502-22,4502宮崎県都城北諸県,22,9,藤元上町病院,都城市
R7,45,宮崎県,4502,都城北諸県,R7-4502-23,4502宮崎県都城北諸県,23,10,医療法人明和会宮田眼科病院,都城市
R7,45,宮崎県,4502,都城北諸県,R7-4502-24,4502宮崎県都城北諸県,24,11,医療法人倫生会 三州病院,都城市
R7,45,宮崎県,4502,都城北諸県,R7-4502-25,4502宮崎県都城北諸県,25,12,ベテスダ・クリニック,都城市
R7,45,宮崎県,4502,都城北諸県,R7-4502-26,4502宮崎県都城北諸県,26,13,医療法人三省会 倉内整形外科病院,都城市
R7,45,宮崎県,4502,都城北諸県,R7-4502-27,4502宮崎県都城北諸県,27,14,医療法人社団牧会 小牧病院,都城市
R7,45,宮崎県,4502,都城北諸県,R7-4502-28,4502宮崎県都城北諸県,28,15,医療法人明成会 吉松病院,都城市
R7,45,宮崎県,4502,都城北諸県,R7-4502-29,4502宮崎県都城北諸県,29,16,柳田病院,都城市
R7,45,宮崎県,4502,都城北諸県,R7-4502-30,4502宮崎県都城北諸県,30,17,西浦病院,都城市
R7,45,宮崎県,4502,都城北諸県,R7-4502-31,4502宮崎県都城北諸県,31,18,医療法人清陵会隅病院,都城市
R7,45,宮崎県,4502,都城北諸県,R7-4502-32,4502宮崎県都城北諸県,32,19,医療法人仁愛会 横山病院,都城市
R7,45,宮崎県,4502,都城北諸県,R7-4502-33,4502宮崎県都城北諸県,33,20,都城明生病院,都城市
R7,45,宮崎県,4502,都城北諸県,R7-4502-34,4502宮崎県都城北諸県,34,21,医療法人幸仁会 飯田病院,都城市
R7,45,宮崎県,4502,都城北諸県,R7-4502-35,4502宮崎県都城北諸県,35,22,医療法人（社団）豊徳会 丸田病院,都城市
R7,45,宮崎県,4502,都城北諸県,R7-4502-36,4502宮崎県都城北諸県,36,23,すみ産婦人科医院,都城市
R7,45,宮崎県,4502,都城北諸県,R7-4502-37,4502宮崎県都城北諸県,37,24,とまり内科外科胃腸科医院,三股町
R7,45,宮崎県,4502,都城北諸県,R7-4502-38,4502宮崎県都城北諸県,38,25,ライフクリニック,都城市
R7,45,宮崎県,4502,都城北諸県,R7-4502-39,4502宮崎県都城北諸県,39,26,医療法人 玉扇会 大岐医院,都城市
R7,45,宮崎県,4502,都城北諸県,R7-4502-40,4502宮崎県都城北諸県,40,27,医療法人海誠会 庄内医院,都城市
R7,45,宮崎県,4502,都城北諸県,R7-4502-41,4502宮崎県都城北諸県,41,28,医療法人社団恵心会 坂元医院,都城市
R7,45,宮崎県,4502,都城北諸県,R7-4502-42,4502宮崎県都城北諸県,42,29,医療法人社団健成会 原田医院,都城市
R7,45,宮崎県,4502,都城北諸県,R7-4502-43,4502宮崎県都城北諸県,43,30,医療法人社団森山内科・脳神経外科,都城市
R7,45,宮崎県,4502,都城北諸県,R7-4502-44,4502宮崎県都城北諸県,44,31,医療法人社団晴和会 西元眼科医院,都城市
R7,45,宮崎県,4502,都城北諸県,R7-4502-45,4502宮崎県都城北諸県,45,32,医療法人社団清風会 清風会クリニック,都城市
R7,45,宮崎県,4502,都城北諸県,R7-4502-46,4502宮崎県都城北諸県,46,33,医療法人社団中山産婦人科医院,都城市
R7,45,宮崎県,4502,都城北諸県,R7-4502-47,4502宮崎県都城北諸県,47,34,医療法人社団田中会 久保原田中医院,都城市
R7,45,宮崎県,4502,都城北諸県,R7-4502-48,4502宮崎県都城北諸県,48,35,福島外科胃腸科整形外科医院,都城市
R7,45,宮崎県,4502,都城北諸県,R7-4502-49,4502宮崎県都城北諸県,49,36,医療法人清和会 共立医院,都城市
R7,45,宮崎県,4502,都城北諸県,R7-4502-50,4502宮崎県都城北諸県,50,37,海老原内科,都城市
R7,45,宮崎県,4502,都城北諸県,R7-4502-51,4502宮崎県都城北諸県,51,38,教山内科医院,都城市
R7,45,宮崎県,4502,都城北諸県,R7-4502-52,4502宮崎県都城北諸県,52,39,佐々木医院,都城市
R7,45,宮崎県,4502,都城北諸県,R7-4502-53,4502宮崎県都城北諸県,53,40,志々目医院,都城市
R7,45,宮崎県,4502,都城北諸県,R7-4502-54,4502宮崎県都城北諸県,54,41,速見泌尿器科医院,都城市
R7,45,宮崎県,4502,都城北諸県,R7-4502-55,4502宮崎県都城北諸県,55,42,池之上整形外科,都城市
R7,45,宮崎県,4502,都城北諸県,R7-4502-56,4502宮崎県都城北諸県,56,43,飯田整形外科クリニック,都城市
R7,45,宮崎県,4502,都城北諸県,R7-4502-57,4502宮崎県都城北諸県,57,44,北原医院,都城市
R7,45,宮崎県,4502,都城北諸県,R7-4502-58,4502宮崎県都城北諸県,58,45,野口脳神経外科,都城市
R7,45,宮崎県,4502,都城北諸県,R7-4502-59,4502宮崎県都城北諸県,59,46,有川呼吸器内科医院,都城市
R7,45,宮崎県,4502,都城北諸県,R7-4502-60,4502宮崎県都城北諸県,60,47,野田医院,都城市
R7,45,宮崎県,4502,都城北諸県,R7-4502-61,4502宮崎県都城北諸県,61,48,政所医院,都城市
R7,45,宮崎県,4502,都城北諸県,R7-4502-62,4502宮崎県都城北諸県,62,49,仮屋医院,都城市
R7,45,宮崎県,4502,都城北諸県,R7-4502-63,4502宮崎県都城北諸県,63,50,永吉眼科医院,都城市
R7,45,宮崎県,4502,都城北諸県,R7-4502-64,4502宮崎県都城北諸県,64,51,ふたみ眼科,都城市
R7,45,宮崎県,4502,都城北諸県,R7-4502-65,4502宮崎県都城北諸県,65,52,くぼた眼科,都城市
R7,45,宮崎県,4503,延岡西臼杵,R7-4503-14,4503宮崎県延岡西臼杵,14,1,宮崎県立延岡病院,延岡市
R7,45,宮崎県,4503,延岡西臼杵,R7-4503-15,4503宮崎県延岡西臼杵,15,2,医療法人伸和会延岡共立病院,延岡市
R7,45,宮崎県,4503,延岡西臼杵,R7-4503-16,4503宮崎県延岡西臼杵,16,3,医療法人久康会 平田東九州病院,延岡市
R7,45,宮崎県,4503,延岡西臼杵,R7-4503-17,4503宮崎県延岡西臼杵,17,4,高千穂町国民健康保険病院,高千穂町
R7,45,宮崎県,4503,延岡西臼杵,R7-4503-18,4503宮崎県延岡西臼杵,18,5,延岡市医師会病院,延岡市
R7,45,宮崎県,4503,延岡西臼杵,R7-4503-19,4503宮崎県延岡西臼杵,19,6,早田病院,延岡市
R7,45,宮崎県,4503,延岡西臼杵,R7-4503-20,4503宮崎県延岡西臼杵,20,7,延岡リハビリテーション病院,延岡市
R7,45,宮崎県,4503,延岡西臼杵,R7-4503-21,4503宮崎県延岡西臼杵,21,8,黒木病院,延岡市
R7,45,宮崎県,4503,延岡西臼杵,R7-4503-22,4503宮崎県延岡西臼杵,22,9,医療法人中心会 野村病院,延岡市
R7,45,宮崎県,4503,延岡西臼杵,R7-4503-23,4503宮崎県延岡西臼杵,23,10,岡村病院,延岡市
R7,45,宮崎県,4503,延岡西臼杵,R7-4503-24,4503宮崎県延岡西臼杵,24,11,谷村病院,延岡市
R7,45,宮崎県,4503,延岡西臼杵,R7-4503-25,4503宮崎県延岡西臼杵,25,12,日之影町国民健康保険病院,日之影町
R7,45,宮崎県,4503,延岡西臼杵,R7-4503-26,4503宮崎県延岡西臼杵,26,13,黒瀬病院,延岡市
R7,45,宮崎県,4503,延岡西臼杵,R7-4503-27,4503宮崎県延岡西臼杵,27,14,田原病院,延岡市
R7,45,宮崎県,4503,延岡西臼杵,R7-4503-28,4503宮崎県延岡西臼杵,28,15,五ケ瀬町国民健康保険病院,五ヶ瀬町
R7,45,宮崎県,4503,延岡西臼杵,R7-4503-29,4503宮崎県延岡西臼杵,29,16,杉本病院,延岡市
R7,45,宮崎県,4503,延岡西臼杵,R7-4503-30,4503宮崎県延岡西臼杵,30,17,井上病院,延岡市
R7,45,宮崎県,4503,延岡西臼杵,R7-4503-31,4503宮崎県延岡西臼杵,31,18,医療法人九州千雅 西階クリニック,延岡市
R7,45,宮崎県,4503,延岡西臼杵,R7-4503-32,4503宮崎県延岡西臼杵,32,19,医療法人 芳清会 大崎整形外科,延岡市
R7,45,宮崎県,4503,延岡西臼杵,R7-4503-33,4503宮崎県延岡西臼杵,33,20,タカオ眼科,延岡市
R7,45,宮崎県,4503,延岡西臼杵,R7-4503-34,4503宮崎県延岡西臼杵,34,21,あたご整形外科,延岡市
R7,45,宮崎県,4503,延岡西臼杵,R7-4503-35,4503宮崎県延岡西臼杵,35,22,林田眼科医院,延岡市
R7,45,宮崎県,4503,延岡西臼杵,R7-4503-36,4503宮崎県延岡西臼杵,36,23,おがわクリニック,延岡市
R7,45,宮崎県,4503,延岡西臼杵,R7-4503-37,4503宮崎県延岡西臼杵,37,24,医療法人社団健生会 大重産婦人科医院,延岡市
R7,45,宮崎県,4503,延岡西臼杵,R7-4503-38,4503宮崎県延岡西臼杵,38,25,医療法人ソフィア会 みやた内科医院,延岡市
R7,45,宮崎県,4503,延岡西臼杵,R7-4503-39,4503宮崎県延岡西臼杵,39,26,延岡クリニック,延岡市
R7,45,宮崎県,4503,延岡西臼杵,R7-4503-40,4503宮崎県延岡西臼杵,40,27,中元寺産婦人科医院,延岡市
R7,45,宮崎県,4503,延岡西臼杵,R7-4503-41,4503宮崎県延岡西臼杵,41,28,山中産婦人科医院,延岡市
R7,45,宮崎県,4503,延岡西臼杵,R7-4503-42,4503宮崎県延岡西臼杵,42,29,医療法人緑の風長沼医院,延岡市
R7,45,宮崎県,4504,日南串間,R7-4504-14,4504宮崎県日南串間,14,1,県立日南病院,日南市
R7,45,宮崎県,4504,日南串間,R7-4504-15,4504宮崎県日南串間,15,2,愛泉会日南病院,日南市
R7,45,宮崎県,4504,日南串間,R7-4504-16,4504宮崎県日南串間,16,3,春光会記念病院,日南市
R7,45,宮崎県,4504,日南串間,R7-4504-17,4504宮崎県日南串間,17,4,串間市民病院,串間市
R7,45,宮崎県,4504,日南串間,R7-4504-18,4504宮崎県日南串間,18,5,日南市立中部病院,日南市
R7,45,宮崎県,4504,日南串間,R7-4504-19,4504宮崎県日南串間,19,6,なんごう病院,日南市
R7,45,宮崎県,4504,日南串間,R7-4504-20,4504宮崎県日南串間,20,7,医療法人慶明会 おび中央病院,日南市
R7,45,宮崎県,4504,日南串間,R7-4504-21,4504宮崎県日南串間,21,8,医療法人十善会 県南病院,串間市
R7,45,宮崎県,4504,日南串間,R7-4504-22,4504宮崎県日南串間,22,9,医療法人慶心会 川越整形外科,日南市
R7,45,宮崎県,4504,日南串間,R7-4504-23,4504宮崎県日南串間,23,10,河野医院,日南市
R7,45,宮崎県,4504,日南串間,R7-4504-24,4504宮崎県日南串間,24,11,北村胃腸科眼科,日南市
R7,45,宮崎県,4504,日南串間,R7-4504-25,4504宮崎県日南串間,25,12,産婦人科たなかクリニック,日南市
R7,45,宮崎県,4505,西諸,R7-4505-14,4505宮崎県西諸,14,1,小林市立病院,小林市
R7,45,宮崎県,4505,西諸,R7-4505-15,4505宮崎県西諸,15,2,池田病院,小林市
R7,45,宮崎県,4505,西諸,R7-4505-16,4505宮崎県西諸,16,3,医療法人東陽会整形外科前原病院,小林市
R7,45,宮崎県,4505,西諸,R7-4505-17,4505宮崎県西諸,17,4,医療法人友愛会野尻中央病院,小林市
R7,45,宮崎県,4505,西諸,R7-4505-18,4505宮崎県西諸,18,5,医療法人養気会池井病院,小林市
R7,45,宮崎県,4505,西諸,R7-4505-19,4505宮崎県西諸,19,6,医療法人友光会 整形外科押領司病院,小林市
R7,45,宮崎県,4505,西諸,R7-4505-20,4505宮崎県西諸,20,7,国民健康保険高原病院,高原町
R7,45,宮崎県,4505,西諸,R7-4505-21,4505宮崎県西諸,21,8,医療法人 けんゆう会 園田病院,小林市
R7,45,宮崎県,4505,西諸,R7-4505-22,4505宮崎県西諸,22,9,えびの市立病院,えびの市
R7,45,宮崎県,4505,西諸,R7-4505-23,4505宮崎県西諸,23,10,医療法人興生会 押川病院,小林市
R7,45,宮崎県,4505,西諸,R7-4505-24,4505宮崎県西諸,24,11,医療法人黎明会 えびの共立病院,えびの市
R7,45,宮崎県,4505,西諸,R7-4505-25,4505宮崎県西諸,25,12,槇内視鏡内科医院,小林市
R7,45,宮崎県,4505,西諸,R7-4505-26,4505宮崎県西諸,26,13,医療法人連理会 和田クリニック,小林市
R7,45,宮崎県,4505,西諸,R7-4505-27,4505宮崎県西諸,27,14,小林中央眼科,小林市
R7,45,宮崎県,4505,西諸,R7-4505-28,4505宮崎県西諸,28,15,京町温泉クリニック,えびの市
R7,45,宮崎県,4505,西諸,R7-4505-29,4505宮崎県西諸,29,16,医療法人えびのセントロクリニック,えびの市
R7,45,宮崎県,4505,西諸,R7-4505-30,4505宮崎県西諸,30,17,医療法人芳徳会京町共立クリニック,えびの市
R7,45,宮崎県,4505,西諸,R7-4505-31,4505宮崎県西諸,31,18,小林泌尿器科クリニック,小林市
R7,45,宮崎県,4505,西諸,R7-4505-32,4505宮崎県西諸,32,19,ほりファミリークリニック,小林市
R7,45,宮崎県,4505,西諸,R7-4505-33,4505宮崎県西諸,33,20,医療法人社団公佑会 丹医院,えびの市
R7,45,宮崎県,4505,西諸,R7-4505-34,4505宮崎県西諸,34,21,川井田医院,高原町
R7,45,宮崎県,4505,西諸,R7-4505-35,4505宮崎県西諸,35,22,医療法人相愛会 桑原記念病院,
R7,45,宮崎県,4506,西都児湯,R7-4506-14,4506宮崎県西都児湯,14,1,隆徳会 鶴田病院,西都市
R7,45,宮崎県,4506,西都児湯,R7-4506-15,4506宮崎県西都児湯,15,2,海老原総合病院,高鍋町
R7,45,宮崎県,4506,西都児湯,R7-4506-16,4506宮崎県西都児湯,16,3,独立行政法人国立病院機構宮崎病院,川南町
R7,45,宮崎県,4506,西都児湯,R7-4506-17,4506宮崎県西都児湯,17,4,医療法人社団聖山会川南病院,川南町
R7,45,宮崎県,4506,西都児湯,R7-4506-18,4506宮崎県西都児湯,18,5,地方独立行政法人西都児湯医療センター,西都市
R7,45,宮崎県,4506,西都児湯,R7-4506-19,4506宮崎県西都児湯,19,6,都農町国民健康保険病院,都農町
R7,45,宮崎県,4506,西都児湯,R7-4506-20,4506宮崎県西都児湯,20,7,大塚病院,西都市
R7,45,宮崎県,4506,西都児湯,R7-4506-21,4506宮崎県西都児湯,21,8,坂田病院,高鍋町
R7,45,宮崎県,4506,西都児湯,R7-4506-22,4506宮崎県西都児湯,22,9,医療法人恵喜会 西都病院,西都市
R7,45,宮崎県,4506,西都児湯,R7-4506-23,4506宮崎県西都児湯,23,10,医療法人昇山会 上山医院,西都市
R7,45,宮崎県,4506,西都児湯,R7-4506-24,4506宮崎県西都児湯,24,11,東米良診療所,西都市
R7,45,宮崎県,4506,西都児湯,R7-4506-25,4506宮崎県西都児湯,25,12,医療法人山仁会 山口整形外科,高鍋町
R7,45,宮崎県,4506,西都児湯,R7-4506-26,4506宮崎県西都児湯,26,13,三財診療所,西都市
R7,45,宮崎県,4506,西都児湯,R7-4506-27,4506宮崎県西都児湯,27,14,河野産科婦人科医院,高鍋町
R7,45,宮崎県,4506,西都児湯,R7-4506-28,4506宮崎県西都児湯,28,15,国民健康保険 西米良診療所,西米良村
R7,45,宮崎県,4506,西都児湯,R7-4506-29,4506宮崎県西都児湯,29,16,上野医院,西都市
R7,45,宮崎県,4507,日向入郷,R7-4507-14,4507宮崎県日向入郷,14,1,宮崎県済生会日向病院,門川町
R7,45,宮崎県,4507,日向入郷,R7-4507-15,4507宮崎県日向入郷,15,2,社会医療法人泉和会千代田病院,日向市
R7,45,宮崎県,4507,日向入郷,R7-4507-16,4507宮崎県日向入郷,16,3,医療法人 誠和会和田病院,日向市
R7,45,宮崎県,4507,日向入郷,R7-4507-17,4507宮崎県日向入郷,17,4,医療法人杏林会三股病院,日向市
R7,45,宮崎県,4507,日向入郷,R7-4507-18,4507宮崎県日向入郷,18,5,椎葉村国民健康保険病院,椎葉村
R7,45,宮崎県,4507,日向入郷,R7-4507-19,4507宮崎県日向入郷,19,6,美郷町国民健康保険西郷病院,美郷町
R7,45,宮崎県,4507,日向入郷,R7-4507-20,4507宮崎県日向入郷,20,7,白石病院,門川町
R7,45,宮崎県,4507,日向入郷,R7-4507-21,4507宮崎県日向入郷,21,8,大平整形外科内科医院,日向市
R7,45,宮崎県,4507,日向入郷,R7-4507-22,4507宮崎県日向入郷,22,9,日向診療所 尾﨑眼科,日向市
R7,45,宮崎県,4507,日向入郷,R7-4507-23,4507宮崎県日向入郷,23,10,稲原眼科医院,日向市
R7,45,宮崎県,4507,日向入郷,R7-4507-24,4507宮崎県日向入郷,24,11,国民健康保険諸塚診療所,諸塚村
R7,45,宮崎県,4507,日向入郷,R7-4507-25,4507宮崎県日向入郷,25,12,医療法人仁徳会渡辺産婦人科,日向市
R7,45,宮崎県,4507,日向入郷,R7-4507-26,4507宮崎県日向入郷,26,13,医療法人天生堂 天生堂医院,日向市
R7,45,宮崎県,4507,日向入郷,R7-4507-27,4507宮崎県日向入郷,27,14,古賀内科胃腸科,日向市
R7,45,宮崎県,4507,日向入郷,R7-4507-28,4507宮崎県日向入郷,28,15,医療法人洋承会 今給黎医院,日向市
R7,45,宮崎県,4507,日向入郷,R7-4507-29,4507宮崎県日向入郷,29,16,浦上内科外科医院,日向市
R7,45,宮崎県,4507,日向入郷,R7-4507-30,4507宮崎県日向入郷,30,17,医療法人浩洋会田中病院,門川町
R7,45,宮崎県,4507,日向入郷,R7-4507-31,4507宮崎県日向入郷,31,18,美郷町国民健康保険南郷診療所,美郷町
R7,45,宮崎県,4507,日向入郷,R7-4507-32,4507宮崎県日向入郷,32,19,医療法人社団慶城会 瀧井病院,
R7,46,鹿児島県,4601,鹿児島,R7-4601-14,4601鹿児島県鹿児島,14,1,鹿児島大学病院,鹿児島市
R7,46,鹿児島県,4601,鹿児島,R7-4601-15,4601鹿児島県鹿児島,15,2,鹿児島市立病院,鹿児島市
R7,46,鹿児島県,4601,鹿児島,R7-4601-16,4601鹿児島県鹿児島,16,3,米盛病院,鹿児島市
R7,46,鹿児島県,4601,鹿児島,R7-4601-17,4601鹿児島県鹿児島,17,4,独立行政法人国立病院機構鹿児島医療センター,鹿児島市
R7,46,鹿児島県,4601,鹿児島,R7-4601-18,4601鹿児島県鹿児島,18,5,今村総合病院,鹿児島市
R7,46,鹿児島県,4601,鹿児島,R7-4601-19,4601鹿児島県鹿児島,19,6,いまきいれ総合病院,鹿児島市
R7,46,鹿児島県,4601,鹿児島,R7-4601-20,4601鹿児島県鹿児島,20,7,公益社団法人鹿児島共済会 南風病院,鹿児島市
R7,46,鹿児島県,4601,鹿児島,R7-4601-21,4601鹿児島県鹿児島,21,8,大勝病院,鹿児島市
R7,46,鹿児島県,4601,鹿児島,R7-4601-22,4601鹿児島県鹿児島,22,9,鹿児島徳洲会病院,鹿児島市
R7,46,鹿児島県,4601,鹿児島,R7-4601-23,4601鹿児島県鹿児島,23,10,総合病院鹿児島生協病院,鹿児島市
R7,46,鹿児島県,4601,鹿児島,R7-4601-24,4601鹿児島県鹿児島,24,11,中央病院,鹿児島市
R7,46,鹿児島県,4601,鹿児島,R7-4601-25,4601鹿児島県鹿児島,25,12,みらいリハビリテーション病院,鹿児島市
R7,46,鹿児島県,4601,鹿児島,R7-4601-26,4601鹿児島県鹿児島,26,13,やまびこ医療福祉センター,鹿児島市
R7,46,鹿児島県,4601,鹿児島,R7-4601-27,4601鹿児島県鹿児島,27,14,キラメキテラスヘルスケアホスピタル,鹿児島市
R7,46,鹿児島県,4601,鹿児島,R7-4601-28,4601鹿児島県鹿児島,28,15,鹿児島市医師会病院,鹿児島市
R7,46,鹿児島県,4601,鹿児島,R7-4601-29,4601鹿児島県鹿児島,29,16,鹿児島厚生連病院,鹿児島市
R7,46,鹿児島県,4601,鹿児島,R7-4601-30,4601鹿児島県鹿児島,30,17,馬場病院,日置市
R7,46,鹿児島県,4601,鹿児島,R7-4601-31,4601鹿児島県鹿児島,31,18,三宅病院,鹿児島市
R7,46,鹿児島県,4601,鹿児島,R7-4601-32,4601鹿児島県鹿児島,32,19,八反丸リハビリテーション病院,鹿児島市
R7,46,鹿児島県,4601,鹿児島,R7-4601-33,4601鹿児島県鹿児島,33,20,三船病院,鹿児島市
R7,46,鹿児島県,4601,鹿児島,R7-4601-34,4601鹿児島県鹿児島,34,21,仁愛会病院,鹿児島市
R7,46,鹿児島県,4601,鹿児島,R7-4601-35,4601鹿児島県鹿児島,35,22,本庄病院,日置市
R7,46,鹿児島県,4601,鹿児島,R7-4601-36,4601鹿児島県鹿児島,36,23,前原総合医療病院,日置市
R7,46,鹿児島県,4601,鹿児島,R7-4601-37,4601鹿児島県鹿児島,37,24,白石病院,鹿児島市
R7,46,鹿児島県,4601,鹿児島,R7-4601-38,4601鹿児島県鹿児島,38,25,鹿児島赤十字病院,鹿児島市
R7,46,鹿児島県,4601,鹿児島,R7-4601-39,4601鹿児島県鹿児島,39,26,いづろ今村病院,鹿児島市
R7,46,鹿児島県,4601,鹿児島,R7-4601-40,4601鹿児島県鹿児島,40,27,三愛病院,鹿児島市
R7,46,鹿児島県,4601,鹿児島,R7-4601-41,4601鹿児島県鹿児島,41,28,湯田内科病院,日置市
R7,46,鹿児島県,4601,鹿児島,R7-4601-42,4601鹿児島県鹿児島,42,29,パールランド病院,鹿児島市
R7,46,鹿児島県,4601,鹿児島,R7-4601-43,4601鹿児島県鹿児島,43,30,上町いまきいれ病院,鹿児島市
R7,46,鹿児島県,4601,鹿児島,R7-4601-44,4601鹿児島県鹿児島,44,31,日高病院,鹿児島市
R7,46,鹿児島県,4601,鹿児島,R7-4601-45,4601鹿児島県鹿児島,45,32,植村病院(社会医療法人愛仁会),鹿児島市
R7,46,鹿児島県,4601,鹿児島,R7-4601-46,4601鹿児島県鹿児島,46,33,共立病院,鹿児島市
R7,46,鹿児島県,4601,鹿児島,R7-4601-47,4601鹿児島県鹿児島,47,34,中江病院,鹿児島市
R7,46,鹿児島県,4601,鹿児島,R7-4601-48,4601鹿児島県鹿児島,48,35,岩尾病院,鹿児島市
R7,46,鹿児島県,4601,鹿児島,R7-4601-49,4601鹿児島県鹿児島,49,36,前田病院,鹿児島市
R7,46,鹿児島県,4601,鹿児島,R7-4601-50,4601鹿児島県鹿児島,50,37,相良病院,鹿児島市
R7,46,鹿児島県,4601,鹿児島,R7-4601-51,4601鹿児島県鹿児島,51,38,南鹿児島さくら病院,鹿児島市
R7,46,鹿児島県,4601,鹿児島,R7-4601-52,4601鹿児島県鹿児島,52,39,林内科胃腸科病院,鹿児島市
R7,46,鹿児島県,4601,鹿児島,R7-4601-53,4601鹿児島県鹿児島,53,40,済生会鹿児島病院,鹿児島市
R7,46,鹿児島県,4601,鹿児島,R7-4601-54,4601鹿児島県鹿児島,54,41,玉水会病院,鹿児島市
R7,46,鹿児島県,4601,鹿児島,R7-4601-55,4601鹿児島県鹿児島,55,42,南洲整形外科病院,いちき串木野市
R7,46,鹿児島県,4601,鹿児島,R7-4601-56,4601鹿児島県鹿児島,56,43,守屋病院,日置市
R7,46,鹿児島県,4601,鹿児島,R7-4601-57,4601鹿児島県鹿児島,57,44,新成病院,鹿児島市
R7,46,鹿児島県,4601,鹿児島,R7-4601-58,4601鹿児島県鹿児島,58,45,愛育病院,鹿児島市
R7,46,鹿児島県,4601,鹿児島,R7-4601-59,4601鹿児島県鹿児島,59,46,いちき串木野市医師会立脳神経外科センター,いちき串木野市
R7,46,鹿児島県,4601,鹿児島,R7-4601-60,4601鹿児島県鹿児島,60,47,野上病院,鹿児島市
R7,46,鹿児島県,4601,鹿児島,R7-4601-61,4601鹿児島県鹿児島,61,48,アクラス中央病院,鹿児島市
R7,46,鹿児島県,4601,鹿児島,R7-4601-62,4601鹿児島県鹿児島,62,49,豊島病院,鹿児島市
R7,46,鹿児島県,4601,鹿児島,R7-4601-63,4601鹿児島県鹿児島,63,50,厚地脳神経外科病院,鹿児島市
R7,46,鹿児島県,4601,鹿児島,R7-4601-64,4601鹿児島県鹿児島,64,51,鮫島病院,鹿児島市
R7,46,鹿児島県,4601,鹿児島,R7-4601-65,4601鹿児島県鹿児島,65,52,新村病院,鹿児島市
R7,46,鹿児島県,4601,鹿児島,R7-4601-66,4601鹿児島県鹿児島,66,53,植村病院(医療法人康成会),鹿児島市
R7,46,鹿児島県,4601,鹿児島,R7-4601-67,4601鹿児島県鹿児島,67,54,隆成会病院,鹿児島市
R7,46,鹿児島県,4601,鹿児島,R7-4601-68,4601鹿児島県鹿児島,68,55,健翔会病院,鹿児島市
R7,46,鹿児島県,4601,鹿児島,R7-4601-69,4601鹿児島県鹿児島,69,56,あんびる病院,鹿児島市
R7,46,鹿児島県,4601,鹿児島,R7-4601-70,4601鹿児島県鹿児島,70,57,厚地リハビリテーション病院,鹿児島市
R7,46,鹿児島県,4601,鹿児島,R7-4601-71,4601鹿児島県鹿児島,71,58,小田代病院,鹿児島市
R7,46,鹿児島県,4601,鹿児島,R7-4601-72,4601鹿児島県鹿児島,72,59,丸田病院,いちき串木野市
R7,46,鹿児島県,4601,鹿児島,R7-4601-73,4601鹿児島県鹿児島,73,60,西田橋小田原病院,鹿児島市
R7,46,鹿児島県,4601,鹿児島,R7-4601-74,4601鹿児島県鹿児島,74,61,吉田記念病院,鹿児島市
R7,46,鹿児島県,4601,鹿児島,R7-4601-75,4601鹿児島県鹿児島,75,62,内科柴田病院,鹿児島市
R7,46,鹿児島県,4601,鹿児島,R7-4601-76,4601鹿児島県鹿児島,76,63,小田原病院,鹿児島市
R7,46,鹿児島県,4601,鹿児島,R7-4601-77,4601鹿児島県鹿児島,77,64,金子病院,いちき串木野市
R7,46,鹿児島県,4601,鹿児島,R7-4601-78,4601鹿児島県鹿児島,78,65,うすき整形・外科・内科病院,鹿児島市
R7,46,鹿児島県,4601,鹿児島,R7-4601-79,4601鹿児島県鹿児島,79,66,上山病院,鹿児島市
R7,46,鹿児島県,4601,鹿児島,R7-4601-80,4601鹿児島県鹿児島,80,67,﨑元病院,鹿児島市
R7,46,鹿児島県,4601,鹿児島,R7-4601-81,4601鹿児島県鹿児島,81,68,川島病院,鹿児島市
R7,46,鹿児島県,4601,鹿児島,R7-4601-82,4601鹿児島県鹿児島,82,69,整形外科はやしだ病院,日置市
R7,46,鹿児島県,4601,鹿児島,R7-4601-83,4601鹿児島県鹿児島,83,70,花牟禮病院,いちき串木野市
R7,46,鹿児島県,4601,鹿児島,R7-4601-84,4601鹿児島県鹿児島,84,71,天辰病院,鹿児島市
R7,46,鹿児島県,4601,鹿児島,R7-4601-85,4601鹿児島県鹿児島,85,72,増田整形外科病院,鹿児島市
R7,46,鹿児島県,4601,鹿児島,R7-4601-86,4601鹿児島県鹿児島,86,73,桜島病院,鹿児島市
R7,46,鹿児島県,4601,鹿児島,R7-4601-87,4601鹿児島県鹿児島,87,74,医療法人藤和会 米沢病院,鹿児島市
R7,46,鹿児島県,4601,鹿児島,R7-4601-88,4601鹿児島県鹿児島,88,75,納病院,鹿児島市
R7,46,鹿児島県,4601,鹿児島,R7-4601-89,4601鹿児島県鹿児島,89,76,かごしま高岡病院,鹿児島市
R7,46,鹿児島県,4601,鹿児島,R7-4601-90,4601鹿児島県鹿児島,90,77,産科婦人科のぼり病院,鹿児島市
R7,46,鹿児島県,4601,鹿児島,R7-4601-91,4601鹿児島県鹿児島,91,78,博悠会温泉病院,日置市
R7,46,鹿児島県,4601,鹿児島,R7-4601-92,4601鹿児島県鹿児島,92,79,鹿児島こども病院,日置市
R7,46,鹿児島県,4601,鹿児島,R7-4601-93,4601鹿児島県鹿児島,93,80,沖野循環器科病院,鹿児島市
R7,46,鹿児島県,4601,鹿児島,R7-4601-94,4601鹿児島県鹿児島,94,81,池田病院,鹿児島市
R7,46,鹿児島県,4601,鹿児島,R7-4601-95,4601鹿児島県鹿児島,95,82,土橋病院,鹿児島市
R7,46,鹿児島県,4601,鹿児島,R7-4601-96,4601鹿児島県鹿児島,96,83,伊敷病院,鹿児島市
R7,46,鹿児島県,4601,鹿児島,R7-4601-97,4601鹿児島県鹿児島,97,84,徳田・馬場クリニック,鹿児島市
R7,46,鹿児島県,4601,鹿児島,R7-4601-98,4601鹿児島県鹿児島,98,85,有馬・藤島内科クリニック,鹿児島市
R7,46,鹿児島県,4601,鹿児島,R7-4601-99,4601鹿児島県鹿児島,99,86,うえはらクリニック,鹿児島市
R7,46,鹿児島県,4601,鹿児島,R7-4601-100,4601鹿児島県鹿児島,100,87,安松整形外科,鹿児島市
R7,46,鹿児島県,4601,鹿児島,R7-4601-101,4601鹿児島県鹿児島,101,88,岡田・石堂クリニック,鹿児島市
R7,46,鹿児島県,4601,鹿児島,R7-4601-102,4601鹿児島県鹿児島,102,89,中江産婦人科,鹿児島市
R7,46,鹿児島県,4601,鹿児島,R7-4601-103,4601鹿児島県鹿児島,103,90,藤善整形外科,鹿児島市
R7,46,鹿児島県,4601,鹿児島,R7-4601-104,4601鹿児島県鹿児島,104,91,河井脳神経外科,鹿児島市
R7,46,鹿児島県,4601,鹿児島,R7-4601-105,4601鹿児島県鹿児島,105,92,かわはら脳神経外科クリニック,鹿児島市
R7,46,鹿児島県,4601,鹿児島,R7-4601-106,4601鹿児島県鹿児島,106,93,いまむら脳神経クリニック,鹿児島市
R7,46,鹿児島県,4601,鹿児島,R7-4601-107,4601鹿児島県鹿児島,107,94,放射線科田之畑クリニック,鹿児島市
R7,46,鹿児島県,4601,鹿児島,R7-4601-108,4601鹿児島県鹿児島,108,95,木村外科内科,鹿児島市
R7,46,鹿児島県,4601,鹿児島,R7-4601-109,4601鹿児島県鹿児島,109,96,わきだ整形外科,鹿児島市
R7,46,鹿児島県,4601,鹿児島,R7-4601-110,4601鹿児島県鹿児島,110,97,かねこクリニック,鹿児島市
R7,46,鹿児島県,4601,鹿児島,R7-4601-111,4601鹿児島県鹿児島,111,98,前田内科クリニック,鹿児島市
R7,46,鹿児島県,4601,鹿児島,R7-4601-112,4601鹿児島県鹿児島,112,99,整形外科吉野台クリニック,鹿児島市
R7,46,鹿児島県,4601,鹿児島,R7-4601-113,4601鹿児島県鹿児島,113,100,中野脳神経外科,鹿児島市
R7,46,鹿児島県,4601,鹿児島,R7-4601-114,4601鹿児島県鹿児島,114,101,川畑隼夫眼科医院,鹿児島市
R7,46,鹿児島県,4601,鹿児島,R7-4601-115,4601鹿児島県鹿児島,115,102,明輝会クリニック,鹿児島市
R7,46,鹿児島県,4601,鹿児島,R7-4601-116,4601鹿児島県鹿児島,116,103,平野エンゼルクリニック,鹿児島市
R7,46,鹿児島県,4601,鹿児島,R7-4601-117,4601鹿児島県鹿児島,117,104,平川外科内科医院,鹿児島市
R7,46,鹿児島県,4601,鹿児島,R7-4601-118,4601鹿児島県鹿児島,118,105,貴島整形外科,鹿児島市
R7,46,鹿児島県,4601,鹿児島,R7-4601-119,4601鹿児島県鹿児島,119,106,橋口整形外科,鹿児島市
R7,46,鹿児島県,4601,鹿児島,R7-4601-120,4601鹿児島県鹿児島,120,107,八木クリニック,鹿児島市
R7,46,鹿児島県,4601,鹿児島,R7-4601-121,4601鹿児島県鹿児島,121,108,久保クリニック,鹿児島市
R7,46,鹿児島県,4601,鹿児島,R7-4601-122,4601鹿児島県鹿児島,122,109,上片平産婦人科・内科,鹿児島市
R7,46,鹿児島県,4601,鹿児島,R7-4601-123,4601鹿児島県鹿児島,123,110,かめざわ整形外科,鹿児島市
R7,46,鹿児島県,4601,鹿児島,R7-4601-124,4601鹿児島県鹿児島,124,111,医療法人恵信会 丸山整形外科,鹿児島市
R7,46,鹿児島県,4601,鹿児島,R7-4601-125,4601鹿児島県鹿児島,125,112,三成会クリニック,鹿児島市
R7,46,鹿児島県,4601,鹿児島,R7-4601-126,4601鹿児島県鹿児島,126,113,井後眼科,鹿児島市
R7,46,鹿児島県,4601,鹿児島,R7-4601-127,4601鹿児島県鹿児島,127,114,医療法人徳洲会 中山クリニック,鹿児島市
R7,46,鹿児島県,4601,鹿児島,R7-4601-128,4601鹿児島県鹿児島,128,115,たけのはし大山医院,鹿児島市
R7,46,鹿児島県,4601,鹿児島,R7-4601-129,4601鹿児島県鹿児島,129,116,内科甲南クリニック,鹿児島市
R7,46,鹿児島県,4601,鹿児島,R7-4601-130,4601鹿児島県鹿児島,130,117,中村レディースクリニック,鹿児島市
R7,46,鹿児島県,4601,鹿児島,R7-4601-131,4601鹿児島県鹿児島,131,118,天保山内科,鹿児島市
R7,46,鹿児島県,4601,鹿児島,R7-4601-132,4601鹿児島県鹿児島,132,119,いいだクリニック,鹿児島市
R7,46,鹿児島県,4601,鹿児島,R7-4601-133,4601鹿児島県鹿児島,133,120,田中整形外科クリニック,鹿児島市
R7,46,鹿児島県,4601,鹿児島,R7-4601-134,4601鹿児島県鹿児島,134,121,上原クリニック,鹿児島市
R7,46,鹿児島県,4601,鹿児島,R7-4601-135,4601鹿児島県鹿児島,135,122,かわもと記念クリニック,鹿児島市
R7,46,鹿児島県,4601,鹿児島,R7-4601-136,4601鹿児島県鹿児島,136,123,東内科医院,鹿児島市
R7,46,鹿児島県,4601,鹿児島,R7-4601-137,4601鹿児島県鹿児島,137,124,松岡内科,鹿児島市
R7,46,鹿児島県,4601,鹿児島,R7-4601-138,4601鹿児島県鹿児島,138,125,児玉整形外科クリニック,鹿児島市
R7,46,鹿児島県,4601,鹿児島,R7-4601-139,4601鹿児島県鹿児島,139,126,きいれセントラルクリニック,鹿児島市
R7,46,鹿児島県,4601,鹿児島,R7-4601-140,4601鹿児島県鹿児島,140,127,ちゅうざん整形外科・内科・胃腸内科,鹿児島市
R7,46,鹿児島県,4601,鹿児島,R7-4601-141,4601鹿児島県鹿児島,141,128,石原山下整形外科内科医院,鹿児島市
R7,46,鹿児島県,4601,鹿児島,R7-4601-142,4601鹿児島県鹿児島,142,129,じんごあん整形外科内科クリニック,日置市
R7,46,鹿児島県,4601,鹿児島,R7-4601-143,4601鹿児島県鹿児島,143,130,いじゅういん脳神経外科,日置市
R7,46,鹿児島県,4601,鹿児島,R7-4601-144,4601鹿児島県鹿児島,144,131,ふくもと整形外科・内科クリニック,いちき串木野市
R7,46,鹿児島県,4601,鹿児島,R7-4601-145,4601鹿児島県鹿児島,145,132,まきのせ泌尿器科,いちき串木野市
R7,46,鹿児島県,4601,鹿児島,R7-4601-146,4601鹿児島県鹿児島,146,133,串木野内科循環器科,いちき串木野市
R7,46,鹿児島県,4601,鹿児島,R7-4601-147,4601鹿児島県鹿児島,147,134,えんでん内科クリニック,いちき串木野市
R7,46,鹿児島県,4601,鹿児島,R7-4601-148,4601鹿児島県鹿児島,148,135,産科・婦人科久米クリニック,いちき串木野市
R7,46,鹿児島県,4601,鹿児島,R7-4601-149,4601鹿児島県鹿児島,149,136,徳永産婦人科,鹿児島市
R7,46,鹿児島県,4601,鹿児島,R7-4601-150,4601鹿児島県鹿児島,150,137,伊集院産婦人科,鹿児島市
R7,46,鹿児島県,4601,鹿児島,R7-4601-151,4601鹿児島県鹿児島,151,138,春田クリニック,いちき串木野市
R7,46,鹿児島県,4601,鹿児島,R7-4601-152,4601鹿児島県鹿児島,152,139,柿木産婦人科,鹿児島市
R7,46,鹿児島県,4601,鹿児島,R7-4601-153,4601鹿児島県鹿児島,153,140,坂之上病院,鹿児島市
R7,46,鹿児島県,4601,鹿児島,R7-4601-154,4601鹿児島県鹿児島,154,141,野口内科,鹿児島市
R7,46,鹿児島県,4601,鹿児島,R7-4601-155,4601鹿児島県鹿児島,155,142,さがらパース通りクリニック,鹿児島市
R7,46,鹿児島県,4601,鹿児島,R7-4601-156,4601鹿児島県鹿児島,156,143,医療法人偕行会 大山クリニック,鹿児島市
R7,46,鹿児島県,4601,鹿児島,R7-4601-157,4601鹿児島県鹿児島,157,144,宮田内科消化器科,鹿児島市
R7,46,鹿児島県,4601,鹿児島,R7-4601-158,4601鹿児島県鹿児島,158,145,大石医院,日置市
R7,46,鹿児島県,4601,鹿児島,R7-4601-159,4601鹿児島県鹿児島,159,146,久保内科,日置市
R7,46,鹿児島県,4601,鹿児島,R7-4601-160,4601鹿児島県鹿児島,160,147,川原泌尿器科,鹿児島市
R7,46,鹿児島県,4601,鹿児島,R7-4601-161,4601鹿児島県鹿児島,161,148,うるた内科,鹿児島市
R7,46,鹿児島県,4601,鹿児島,R7-4601-162,4601鹿児島県鹿児島,162,149,寺口クリニック,鹿児島市
R7,46,鹿児島県,4601,鹿児島,R7-4601-163,4601鹿児島県鹿児島,163,150,海江田外科,鹿児島市
R7,46,鹿児島県,4601,鹿児島,R7-4601-164,4601鹿児島県鹿児島,164,151,松崎内科ひふ科,日置市
R7,46,鹿児島県,4601,鹿児島,R7-4601-165,4601鹿児島県鹿児島,165,152,橋野循環器科内科,鹿児島市
R7,46,鹿児島県,4601,鹿児島,R7-4601-166,4601鹿児島県鹿児島,166,153,きいれ浜田クリニック,鹿児島市
R7,46,鹿児島県,4601,鹿児島,R7-4601-167,4601鹿児島県鹿児島,167,154,たびらウイメンズクリニック,鹿児島市
R7,46,鹿児島県,4601,鹿児島,R7-4601-168,4601鹿児島県鹿児島,168,155,今村泌尿器科,鹿児島市
R7,46,鹿児島県,4601,鹿児島,R7-4601-169,4601鹿児島県鹿児島,169,156,たけクリニック,鹿児島市
R7,46,鹿児島県,4601,鹿児島,R7-4601-170,4601鹿児島県鹿児島,170,157,医療法人石塚レディースクリニック,鹿児島市
R7,46,鹿児島県,4601,鹿児島,R7-4601-171,4601鹿児島県鹿児島,171,158,マミィクリニック伊集院,鹿児島市
R7,46,鹿児島県,4601,鹿児島,R7-4601-172,4601鹿児島県鹿児島,172,159,生駒泌尿器科,鹿児島市
R7,46,鹿児島県,4601,鹿児島,R7-4601-173,4601鹿児島県鹿児島,173,160,くすもと産婦人科,日置市
R7,46,鹿児島県,4601,鹿児島,R7-4601-174,4601鹿児島県鹿児島,174,161,医療法人さんクリニック竹ノ下,鹿児島市
R7,46,鹿児島県,4601,鹿児島,R7-4601-175,4601鹿児島県鹿児島,175,162,敬愛クリニック,鹿児島市
R7,46,鹿児島県,4601,鹿児島,R7-4601-176,4601鹿児島県鹿児島,176,163,鹿児島みなみ眼科,鹿児島市
R7,46,鹿児島県,4601,鹿児島,R7-4601-177,4601鹿児島県鹿児島,177,164,中洲整形外科,鹿児島市
R7,46,鹿児島県,4601,鹿児島,R7-4601-178,4601鹿児島県鹿児島,178,165,中村（哲）産婦人科・内科,鹿児島市
R7,46,鹿児島県,4601,鹿児島,R7-4601-179,4601鹿児島県鹿児島,179,166,江川内科消化器科,鹿児島市
R7,46,鹿児島県,4601,鹿児島,R7-4601-180,4601鹿児島県鹿児島,180,167,光輪会鹿児島クリニック,鹿児島市
R7,46,鹿児島県,4601,鹿児島,R7-4601-181,4601鹿児島県鹿児島,181,168,大塚クリニック,鹿児島市
R7,46,鹿児島県,4601,鹿児島,R7-4601-182,4601鹿児島県鹿児島,182,169,外山内科クリニック,鹿児島市
R7,46,鹿児島県,4601,鹿児島,R7-4601-183,4601鹿児島県鹿児島,183,170,大山眼科医院,鹿児島市
R7,46,鹿児島県,4601,鹿児島,R7-4601-184,4601鹿児島県鹿児島,184,171,うちやま眼科クリニック,日置市
R7,46,鹿児島県,4601,鹿児島,R7-4601-185,4601鹿児島県鹿児島,185,172,市来内科・ひふ科,いちき串木野市
R7,46,鹿児島県,4601,鹿児島,R7-4601-186,4601鹿児島県鹿児島,186,173,うのき眼科,鹿児島市
R7,46,鹿児島県,4601,鹿児島,R7-4601-187,4601鹿児島県鹿児島,187,174,藤井クリニック,いちき串木野市
R7,46,鹿児島県,4601,鹿児島,R7-4601-188,4601鹿児島県鹿児島,188,175,上山クリニック,鹿児島市
R7,46,鹿児島県,4601,鹿児島,R7-4601-189,4601鹿児島県鹿児島,189,176,竹元クリニック,鹿児島市
R7,46,鹿児島県,4601,鹿児島,R7-4601-190,4601鹿児島県鹿児島,190,177,片瀬クリニック,鹿児島市
R7,46,鹿児島県,4601,鹿児島,R7-4601-191,4601鹿児島県鹿児島,191,178,菅田眼科クリニック,鹿児島市
R7,46,鹿児島県,4601,鹿児島,R7-4601-192,4601鹿児島県鹿児島,192,179,じげんじ久保クリニック,鹿児島市
R7,46,鹿児島県,4601,鹿児島,R7-4601-193,4601鹿児島県鹿児島,193,180,古川・石原クリニック,鹿児島市
R7,46,鹿児島県,4601,鹿児島,R7-4601-194,4601鹿児島県鹿児島,194,181,さめしま小児科,鹿児島市
R7,46,鹿児島県,4601,鹿児島,R7-4601-195,4601鹿児島県鹿児島,195,182,おおにし産婦人科,鹿児島市
R7,46,鹿児島県,4603,南薩,R7-4603-14,4603鹿児島県南薩,14,1,独立行政法人国立病院機構指宿医療センター,指宿市
R7,46,鹿児島県,4603,南薩,R7-4603-15,4603鹿児島県南薩,15,2,菊野病院,南九州市
R7,46,鹿児島県,4603,南薩,R7-4603-16,4603鹿児島県南薩,16,3,県立薩南病院,南さつま市
R7,46,鹿児島県,4603,南薩,R7-4603-17,4603鹿児島県南薩,17,4,指宿浩然会病院,指宿市
R7,46,鹿児島県,4603,南薩,R7-4603-18,4603鹿児島県南薩,18,5,サザン・リージョン病院,枕崎市
R7,46,鹿児島県,4603,南薩,R7-4603-19,4603鹿児島県南薩,19,6,小原病院,枕崎市
R7,46,鹿児島県,4603,南薩,R7-4603-20,4603鹿児島県南薩,20,7,中村温泉病院,南九州市
R7,46,鹿児島県,4603,南薩,R7-4603-21,4603鹿児島県南薩,21,8,今林整形外科病院,指宿市
R7,46,鹿児島県,4603,南薩,R7-4603-22,4603鹿児島県南薩,22,9,南薩ケアほすぴたる,南九州市
R7,46,鹿児島県,4603,南薩,R7-4603-23,4603鹿児島県南薩,23,10,指宿さがら病院,指宿市
R7,46,鹿児島県,4603,南薩,R7-4603-24,4603鹿児島県南薩,24,11,山川病院,指宿市
R7,46,鹿児島県,4603,南薩,R7-4603-25,4603鹿児島県南薩,25,12,有馬病院,南さつま市
R7,46,鹿児島県,4603,南薩,R7-4603-26,4603鹿児島県南薩,26,13,立神リハビリテーション温泉病院,枕崎市
R7,46,鹿児島県,4603,南薩,R7-4603-27,4603鹿児島県南薩,27,14,加世田病院,南さつま市
R7,46,鹿児島県,4603,南薩,R7-4603-28,4603鹿児島県南薩,28,15,枕崎市立病院,枕崎市
R7,46,鹿児島県,4603,南薩,R7-4603-29,4603鹿児島県南薩,29,16,久木田整形外科病院,枕崎市
R7,46,鹿児島県,4603,南薩,R7-4603-30,4603鹿児島県南薩,30,17,伊藤記念病院,指宿市
R7,46,鹿児島県,4603,南薩,R7-4603-31,4603鹿児島県南薩,31,18,尾辻病院,枕崎市
R7,46,鹿児島県,4603,南薩,R7-4603-32,4603鹿児島県南薩,32,19,南さつま中央病院,南さつま市
R7,46,鹿児島県,4603,南薩,R7-4603-33,4603鹿児島県南薩,33,20,園田病院,枕崎市
R7,46,鹿児島県,4603,南薩,R7-4603-34,4603鹿児島県南薩,34,21,南さつま市立坊津病院,南さつま市
R7,46,鹿児島県,4603,南薩,R7-4603-35,4603鹿児島県南薩,35,22,生駒外科医院,指宿市
R7,46,鹿児島県,4603,南薩,R7-4603-36,4603鹿児島県南薩,36,23,上村内科クリニック,指宿市
R7,46,鹿児島県,4603,南薩,R7-4603-37,4603鹿児島県南薩,37,24,肥後内科クリニック,指宿市
R7,46,鹿児島県,4603,南薩,R7-4603-38,4603鹿児島県南薩,38,25,メディポリス国際陽子線治療センター,指宿市
R7,46,鹿児島県,4603,南薩,R7-4603-39,4603鹿児島県南薩,39,26,木之下クリニック,指宿市
R7,46,鹿児島県,4603,南薩,R7-4603-40,4603鹿児島県南薩,40,27,指宿脳神経外科,指宿市
R7,46,鹿児島県,4603,南薩,R7-4603-41,4603鹿児島県南薩,41,28,医療法人　徳洲会　開聞クリニック,指宿市
R7,46,鹿児島県,4603,南薩,R7-4603-42,4603鹿児島県南薩,42,29,小山クリニック,南さつま市
R7,46,鹿児島県,4603,南薩,R7-4603-43,4603鹿児島県南薩,43,30,徳久整形外科,南さつま市
R7,46,鹿児島県,4603,南薩,R7-4603-44,4603鹿児島県南薩,44,31,宮内クリニック,南さつま市
R7,46,鹿児島県,4603,南薩,R7-4603-45,4603鹿児島県南薩,45,32,加世田シティー内匠眼科,南さつま市
R7,46,鹿児島県,4603,南薩,R7-4603-46,4603鹿児島県南薩,46,33,唐仁原内科クリニック,南さつま市
R7,46,鹿児島県,4603,南薩,R7-4603-47,4603鹿児島県南薩,47,34,金子医院,南さつま市
R7,46,鹿児島県,4603,南薩,R7-4603-48,4603鹿児島県南薩,48,35,アルテンハイムリハビリテーションクリニック本町,南さつま市
R7,46,鹿児島県,4603,南薩,R7-4603-49,4603鹿児島県南薩,49,36,笹川医院,南九州市
R7,46,鹿児島県,4603,南薩,R7-4603-50,4603鹿児島県南薩,50,37,友松内科クリニック,南さつま市
R7,46,鹿児島県,4603,南薩,R7-4603-51,4603鹿児島県南薩,51,38,青木医院,南九州市
R7,46,鹿児島県,4603,南薩,R7-4603-52,4603鹿児島県南薩,52,39,岩下眼科医院,指宿市
R7,46,鹿児島県,4603,南薩,R7-4603-53,4603鹿児島県南薩,53,40,北薗産婦人科クリニック,指宿市
R7,46,鹿児島県,4603,南薩,R7-4603-54,4603鹿児島県南薩,54,41,松岡救急クリニック,南九州市
R7,46,鹿児島県,4603,南薩,R7-4603-55,4603鹿児島県南薩,55,42,眼科安田クリニック,南さつま市
R7,46,鹿児島県,4603,南薩,R7-4603-56,4603鹿児島県南薩,56,43,真愛病院,
R7,46,鹿児島県,4605,川薩,R7-4605-14,4605鹿児島県川薩,14,1,済生会川内病院,薩摩川内市
R7,46,鹿児島県,4605,川薩,R7-4605-15,4605鹿児島県川薩,15,2,川内市医師会立市民病院,薩摩川内市
R7,46,鹿児島県,4605,川薩,R7-4605-16,4605鹿児島県川薩,16,3,卓翔会記念病院,薩摩川内市
R7,46,鹿児島県,4605,川薩,R7-4605-17,4605鹿児島県川薩,17,4,クオラリハビリテーション病院,さつま町
R7,46,鹿児島県,4605,川薩,R7-4605-18,4605鹿児島県川薩,18,5,薩摩郡医師会病院,さつま町
R7,46,鹿児島県,4605,川薩,R7-4605-19,4605鹿児島県川薩,19,6,高江記念病院,薩摩川内市
R7,46,鹿児島県,4605,川薩,R7-4605-20,4605鹿児島県川薩,20,7,森園病院,薩摩川内市
R7,46,鹿児島県,4605,川薩,R7-4605-21,4605鹿児島県川薩,21,8,若松記念病院,薩摩川内市
R7,46,鹿児島県,4605,川薩,R7-4605-22,4605鹿児島県川薩,22,9,伊逹病院,薩摩川内市
R7,46,鹿児島県,4605,川薩,R7-4605-23,4605鹿児島県川薩,23,10,医療法人恵愛会上村病院,薩摩川内市
R7,46,鹿児島県,4605,川薩,R7-4605-24,4605鹿児島県川薩,24,11,稲津内科病院,さつま町
R7,46,鹿児島県,4605,川薩,R7-4605-25,4605鹿児島県川薩,25,12,永井病院,薩摩川内市
R7,46,鹿児島県,4605,川薩,R7-4605-26,4605鹿児島県川薩,26,13,愛甲医院,薩摩川内市
R7,46,鹿児島県,4605,川薩,R7-4605-27,4605鹿児島県川薩,27,14,新門リハビリテーションクリニック,薩摩川内市
R7,46,鹿児島県,4605,川薩,R7-4605-28,4605鹿児島県川薩,28,15,村永医院,薩摩川内市
R7,46,鹿児島県,4605,川薩,R7-4605-29,4605鹿児島県川薩,29,16,田島産婦人科,薩摩川内市
R7,46,鹿児島県,4605,川薩,R7-4605-30,4605鹿児島県川薩,30,17,新門整形外科,薩摩川内市
R7,46,鹿児島県,4605,川薩,R7-4605-31,4605鹿児島県川薩,31,18,市比野温泉医院,薩摩川内市
R7,46,鹿児島県,4605,川薩,R7-4605-32,4605鹿児島県川薩,32,19,おやまクリニック,薩摩川内市
R7,46,鹿児島県,4605,川薩,R7-4605-33,4605鹿児島県川薩,33,20,薩摩川内市下甑手打診療所,薩摩川内市
R7,46,鹿児島県,4605,川薩,R7-4605-34,4605鹿児島県川薩,34,21,小緑内科,さつま町
R7,46,鹿児島県,4605,川薩,R7-4605-35,4605鹿児島県川薩,35,22,海江田医院,さつま町
R7,46,鹿児島県,4605,川薩,R7-4605-36,4605鹿児島県川薩,36,23,薩摩川内市上甑診療所,薩摩川内市
R7,46,鹿児島県,4605,川薩,R7-4605-37,4605鹿児島県川薩,37,24,山下医院,薩摩川内市
R7,46,鹿児島県,4605,川薩,R7-4605-38,4605鹿児島県川薩,38,25,川野眼科,薩摩川内市
R7,46,鹿児島県,4605,川薩,R7-4605-39,4605鹿児島県川薩,39,26,河村医院,薩摩川内市
R7,46,鹿児島県,4605,川薩,R7-4605-40,4605鹿児島県川薩,40,27,薩摩川内市鹿島診療所,薩摩川内市
R7,46,鹿児島県,4605,川薩,R7-4605-41,4605鹿児島県川薩,41,28,福山内科,薩摩川内市
R7,46,鹿児島県,4605,川薩,R7-4605-42,4605鹿児島県川薩,42,29,医療法人若葉会岩切眼科,薩摩川内市
R7,46,鹿児島県,4605,川薩,R7-4605-43,4605鹿児島県川薩,43,30,薩摩川内市下甑長浜診療所,薩摩川内市
R7,46,鹿児島県,4605,川薩,R7-4605-44,4605鹿児島県川薩,44,31,関小児科医院,薩摩川内市
R7,46,鹿児島県,4605,川薩,R7-4605-45,4605鹿児島県川薩,45,32,うかり眼科,さつま町
R7,46,鹿児島県,4606,出水,R7-4606-14,4606鹿児島県出水,14,1,出水総合医療センター,出水市
R7,46,鹿児島県,4606,出水,R7-4606-15,4606鹿児島県出水,15,2,出水郡医師会広域医療センター,阿久根市
R7,46,鹿児島県,4606,出水,R7-4606-16,4606鹿児島県出水,16,3,内山病院,阿久根市
R7,46,鹿児島県,4606,出水,R7-4606-17,4606鹿児島県出水,17,4,吉井整形外科内科中央病院,出水市
R7,46,鹿児島県,4606,出水,R7-4606-18,4606鹿児島県出水,18,5,出水郡医師会立第二病院,出水市
R7,46,鹿児島県,4606,出水,R7-4606-19,4606鹿児島県出水,19,6,林泌尿器科クリニック,出水市
R7,46,鹿児島県,4606,出水,R7-4606-20,4606鹿児島県出水,20,7,よしだ泌尿器科クリニック,出水市
R7,46,鹿児島県,4606,出水,R7-4606-21,4606鹿児島県出水,21,8,福元医院,出水市
R7,46,鹿児島県,4606,出水,R7-4606-22,4606鹿児島県出水,22,9,広瀬産婦人科医院,出水市
R7,46,鹿児島県,4606,出水,R7-4606-23,4606鹿児島県出水,23,10,東医院,出水市
R7,46,鹿児島県,4606,出水,R7-4606-24,4606鹿児島県出水,24,11,出水総合医療センター高尾野診療所,出水市
R7,46,鹿児島県,4606,出水,R7-4606-25,4606鹿児島県出水,25,12,境田医院,出水市
R7,46,鹿児島県,4606,出水,R7-4606-26,4606鹿児島県出水,26,13,かじわら内科クリニック,出水市
R7,46,鹿児島県,4606,出水,R7-4606-27,4606鹿児島県出水,27,14,長島町国民健康保険鷹巣診療所,長島町
R7,46,鹿児島県,4606,出水,R7-4606-28,4606鹿児島県出水,28,15,高野医院,長島町
R7,46,鹿児島県,4606,出水,R7-4606-29,4606鹿児島県出水,29,16,北国医院,阿久根市
R7,46,鹿児島県,4606,出水,R7-4606-30,4606鹿児島県出水,30,17,医療法人　来仙医院,出水市
R7,46,鹿児島県,4606,出水,R7-4606-31,4606鹿児島県出水,31,18,阿久根眼科,阿久根市
R7,46,鹿児島県,4607,姶良・伊佐,R7-4607-14,4607鹿児島県姶良・伊佐,14,1,独立行政法人国立病院機構南九州病院,姶良市
R7,46,鹿児島県,4607,姶良・伊佐,R7-4607-15,4607鹿児島県姶良・伊佐,15,2,加治木温泉病院,姶良市
R7,46,鹿児島県,4607,姶良・伊佐,R7-4607-16,4607鹿児島県姶良・伊佐,16,3,霧島市立医師会医療センター,霧島市
R7,46,鹿児島県,4607,姶良・伊佐,R7-4607-17,4607鹿児島県姶良・伊佐,17,4,医療福祉センターオレンジ学園,霧島市
R7,46,鹿児島県,4607,姶良・伊佐,R7-4607-18,4607鹿児島県姶良・伊佐,18,5,霧島記念病院,霧島市
R7,46,鹿児島県,4607,姶良・伊佐,R7-4607-19,4607鹿児島県姶良・伊佐,19,6,青雲会病院,姶良市
R7,46,鹿児島県,4607,姶良・伊佐,R7-4607-20,4607鹿児島県姶良・伊佐,20,7,国分中央病院,霧島市
R7,46,鹿児島県,4607,姶良・伊佐,R7-4607-21,4607鹿児島県姶良・伊佐,21,8,国分生協病院,霧島市
R7,46,鹿児島県,4607,姶良・伊佐,R7-4607-22,4607鹿児島県姶良・伊佐,22,9,隼人温泉病院,霧島市
R7,46,鹿児島県,4607,姶良・伊佐,R7-4607-23,4607鹿児島県姶良・伊佐,23,10,大井病院,姶良市
R7,46,鹿児島県,4607,姶良・伊佐,R7-4607-24,4607鹿児島県姶良・伊佐,24,11,霧島杉安病院,霧島市
R7,46,鹿児島県,4607,姶良・伊佐,R7-4607-25,4607鹿児島県姶良・伊佐,25,12,県立北薩病院,伊佐市
R7,46,鹿児島県,4607,姶良・伊佐,R7-4607-26,4607鹿児島県姶良・伊佐,26,13,大口温泉リハビリテーション病院,伊佐市
R7,46,鹿児島県,4607,姶良・伊佐,R7-4607-27,4607鹿児島県姶良・伊佐,27,14,クオラリハビリテーション病院あいら,姶良市
R7,46,鹿児島県,4607,姶良・伊佐,R7-4607-28,4607鹿児島県姶良・伊佐,28,15,希望ケ丘病院,姶良市
R7,46,鹿児島県,4607,姶良・伊佐,R7-4607-29,4607鹿児島県姶良・伊佐,29,16,寺田病院,伊佐市
R7,46,鹿児島県,4607,姶良・伊佐,R7-4607-30,4607鹿児島県姶良・伊佐,30,17,ザ王病院,姶良市
R7,46,鹿児島県,4607,姶良・伊佐,R7-4607-31,4607鹿児島県姶良・伊佐,31,18,協愛病院,霧島市
R7,46,鹿児島県,4607,姶良・伊佐,R7-4607-32,4607鹿児島県姶良・伊佐,32,19,整形外科松元病院,伊佐市
R7,46,鹿児島県,4607,姶良・伊佐,R7-4607-33,4607鹿児島県姶良・伊佐,33,20,霧島整形外科病院,霧島市
R7,46,鹿児島県,4607,姶良・伊佐,R7-4607-34,4607鹿児島県姶良・伊佐,34,21,隼人小田原病院,霧島市
R7,46,鹿児島県,4607,姶良・伊佐,R7-4607-35,4607鹿児島県姶良・伊佐,35,22,加治木整形外科病院,姶良市
R7,46,鹿児島県,4607,姶良・伊佐,R7-4607-36,4607鹿児島県姶良・伊佐,36,23,松下病院,霧島市
R7,46,鹿児島県,4607,姶良・伊佐,R7-4607-37,4607鹿児島県姶良・伊佐,37,24,霧島桜ケ丘病院,霧島市
R7,46,鹿児島県,4607,姶良・伊佐,R7-4607-38,4607鹿児島県姶良・伊佐,38,25,水間病院,伊佐市
R7,46,鹿児島県,4607,姶良・伊佐,R7-4607-39,4607鹿児島県姶良・伊佐,39,26,国分脳神経外科病院,霧島市
R7,46,鹿児島県,4607,姶良・伊佐,R7-4607-40,4607鹿児島県姶良・伊佐,40,27,フィオーレ第一病院,姶良市
R7,46,鹿児島県,4607,姶良・伊佐,R7-4607-41,4607鹿児島県姶良・伊佐,41,28,あいらの森ホスピタル,湧水町
R7,46,鹿児島県,4607,姶良・伊佐,R7-4607-42,4607鹿児島県姶良・伊佐,42,29,医療法人仁心会　福山病院,霧島市
R7,46,鹿児島県,4607,姶良・伊佐,R7-4607-43,4607鹿児島県姶良・伊佐,43,30,中川整形外科,霧島市
R7,46,鹿児島県,4607,姶良・伊佐,R7-4607-44,4607鹿児島県姶良・伊佐,44,31,原口外科,霧島市
R7,46,鹿児島県,4607,姶良・伊佐,R7-4607-45,4607鹿児島県姶良・伊佐,45,32,みつお産婦人科,霧島市
R7,46,鹿児島県,4607,姶良・伊佐,R7-4607-46,4607鹿児島県姶良・伊佐,46,33,国分外科胃腸科,霧島市
R7,46,鹿児島県,4607,姶良・伊佐,R7-4607-47,4607鹿児島県姶良・伊佐,47,34,はやと整形外科,霧島市
R7,46,鹿児島県,4607,姶良・伊佐,R7-4607-48,4607鹿児島県姶良・伊佐,48,35,鵜木医院,霧島市
R7,46,鹿児島県,4607,姶良・伊佐,R7-4607-49,4607鹿児島県姶良・伊佐,49,36,医療法人 育栄会 梶原内科,霧島市
R7,46,鹿児島県,4607,姶良・伊佐,R7-4607-50,4607鹿児島県姶良・伊佐,50,37,前田産婦人科クリニック,霧島市
R7,46,鹿児島県,4607,姶良・伊佐,R7-4607-51,4607鹿児島県姶良・伊佐,51,38,浜崎医院,霧島市
R7,46,鹿児島県,4607,姶良・伊佐,R7-4607-52,4607鹿児島県姶良・伊佐,52,39,清水整形外科医院,霧島市
R7,46,鹿児島県,4607,姶良・伊佐,R7-4607-53,4607鹿児島県姶良・伊佐,53,40,大保川添クリニック,伊佐市
R7,46,鹿児島県,4607,姶良・伊佐,R7-4607-54,4607鹿児島県姶良・伊佐,54,41,坂元内科,伊佐市
R7,46,鹿児島県,4607,姶良・伊佐,R7-4607-55,4607鹿児島県姶良・伊佐,55,42,日高内科,伊佐市
R7,46,鹿児島県,4607,姶良・伊佐,R7-4607-56,4607鹿児島県姶良・伊佐,56,43,吉留クリニック,姶良市
R7,46,鹿児島県,4607,姶良・伊佐,R7-4607-57,4607鹿児島県姶良・伊佐,57,44,錦江クリニック,姶良市
R7,46,鹿児島県,4607,姶良・伊佐,R7-4607-58,4607鹿児島県姶良・伊佐,58,45,やなせ整形外科,姶良市
R7,46,鹿児島県,4607,姶良・伊佐,R7-4607-59,4607鹿児島県姶良・伊佐,59,46,尾田内科胃腸科,姶良市
R7,46,鹿児島県,4607,姶良・伊佐,R7-4607-60,4607鹿児島県姶良・伊佐,60,47,たけうちクリニック,姶良市
R7,46,鹿児島県,4607,姶良・伊佐,R7-4607-61,4607鹿児島県姶良・伊佐,61,48,山下わたる内科,姶良市
R7,46,鹿児島県,4607,姶良・伊佐,R7-4607-62,4607鹿児島県姶良・伊佐,62,49,竹内レディースクリニック,姶良市
R7,46,鹿児島県,4607,姶良・伊佐,R7-4607-63,4607鹿児島県姶良・伊佐,63,50,内倉医院,姶良市
R7,46,鹿児島県,4607,姶良・伊佐,R7-4607-64,4607鹿児島県姶良・伊佐,64,51,ひらしまクリニック,湧水町
R7,46,鹿児島県,4607,姶良・伊佐,R7-4607-65,4607鹿児島県姶良・伊佐,65,52,林内科医院,湧水町
R7,46,鹿児島県,4607,姶良・伊佐,R7-4607-66,4607鹿児島県姶良・伊佐,66,53,国分なかむらクリニック,霧島市
R7,46,鹿児島県,4607,姶良・伊佐,R7-4607-67,4607鹿児島県姶良・伊佐,67,54,うえぞの内科クリニック,霧島市
R7,46,鹿児島県,4607,姶良・伊佐,R7-4607-68,4607鹿児島県姶良・伊佐,68,55,医療法人鳥神会寺師医院,伊佐市
R7,46,鹿児島県,4607,姶良・伊佐,R7-4607-69,4607鹿児島県姶良・伊佐,69,56,川原泌尿器科クリニック,姶良市
R7,46,鹿児島県,4607,姶良・伊佐,R7-4607-70,4607鹿児島県姶良・伊佐,70,57,島田泌尿器科医院,霧島市
R7,46,鹿児島県,4607,姶良・伊佐,R7-4607-71,4607鹿児島県姶良・伊佐,71,58,井料クリニック,霧島市
R7,46,鹿児島県,4607,姶良・伊佐,R7-4607-72,4607鹿児島県姶良・伊佐,72,59,久永医院,姶良市
R7,46,鹿児島県,4607,姶良・伊佐,R7-4607-73,4607鹿児島県姶良・伊佐,73,60,たまいクリニック,霧島市
R7,46,鹿児島県,4607,姶良・伊佐,R7-4607-74,4607鹿児島県姶良・伊佐,74,61,佐藤医院,霧島市
R7,46,鹿児島県,4607,姶良・伊佐,R7-4607-75,4607鹿児島県姶良・伊佐,75,62,清水内科,霧島市
R7,46,鹿児島県,4607,姶良・伊佐,R7-4607-76,4607鹿児島県姶良・伊佐,76,63,霧島眼科,霧島市
R7,46,鹿児島県,4607,姶良・伊佐,R7-4607-77,4607鹿児島県姶良・伊佐,77,64,なかむら産婦人科,伊佐市
R7,46,鹿児島県,4607,姶良・伊佐,R7-4607-78,4607鹿児島県姶良・伊佐,78,65,伊地知医院,姶良市
R7,46,鹿児島県,4607,姶良・伊佐,R7-4607-79,4607鹿児島県姶良・伊佐,79,66,原田内科,姶良市
R7,46,鹿児島県,4607,姶良・伊佐,R7-4607-80,4607鹿児島県姶良・伊佐,80,67,高倉眼科,霧島市
R7,46,鹿児島県,4607,姶良・伊佐,R7-4607-81,4607鹿児島県姶良・伊佐,81,68,貴嶋眼科,伊佐市
R7,46,鹿児島県,4607,姶良・伊佐,R7-4607-82,4607鹿児島県姶良・伊佐,82,69,いぢち眼科,霧島市
R7,46,鹿児島県,4607,姶良・伊佐,R7-4607-83,4607鹿児島県姶良・伊佐,83,70,椎原眼科医院,霧島市
R7,46,鹿児島県,4607,姶良・伊佐,R7-4607-84,4607鹿児島県姶良・伊佐,84,71,むらたクリニック,伊佐市
R7,46,鹿児島県,4607,姶良・伊佐,R7-4607-85,4607鹿児島県姶良・伊佐,85,72,菱刈中央医院,伊佐市
R7,46,鹿児島県,4609,曽於,R7-4609-14,4609鹿児島県曽於,14,1,昭南病院,曽於市
R7,46,鹿児島県,4609,曽於,R7-4609-15,4609鹿児島県曽於,15,2,曽於医師会立病院,曽於市
R7,46,鹿児島県,4609,曽於,R7-4609-16,4609鹿児島県曽於,16,3,大山病院,志布志市
R7,46,鹿児島県,4609,曽於,R7-4609-17,4609鹿児島県曽於,17,4,高原病院,曽於市
R7,46,鹿児島県,4609,曽於,R7-4609-18,4609鹿児島県曽於,18,5,医療法人共生会 びろうの樹,志布志市
R7,46,鹿児島県,4609,曽於,R7-4609-19,4609鹿児島県曽於,19,6,中島病院,曽於市
R7,46,鹿児島県,4609,曽於,R7-4609-20,4609鹿児島県曽於,20,7,財部記念病院,曽於市
R7,46,鹿児島県,4609,曽於,R7-4609-21,4609鹿児島県曽於,21,8,塩川医院,曽於市
R7,46,鹿児島県,4609,曽於,R7-4609-22,4609鹿児島県曽於,22,9,藤後クリニック,志布志市
R7,46,鹿児島県,4609,曽於,R7-4609-23,4609鹿児島県曽於,23,10,志布志中央クリニック,志布志市
R7,46,鹿児島県,4609,曽於,R7-4609-24,4609鹿児島県曽於,24,11,はるびゅうクリニック,大崎町
R7,46,鹿児島県,4609,曽於,R7-4609-25,4609鹿児島県曽於,25,12,松岡救急クリニック分院,曽於市
R7,46,鹿児島県,4610,肝属,R7-4610-14,4610鹿児島県肝属,14,1,大隅鹿屋病院,鹿屋市
R7,46,鹿児島県,4610,肝属,R7-4610-15,4610鹿児島県肝属,15,2,恒心会おぐら病院,鹿屋市
R7,46,鹿児島県,4610,肝属,R7-4610-16,4610鹿児島県肝属,16,3,池田病院,鹿屋市
R7,46,鹿児島県,4610,肝属,R7-4610-17,4610鹿児島県肝属,17,4,県民健康プラザ鹿屋医療センター,鹿屋市
R7,46,鹿児島県,4610,肝属,R7-4610-18,4610鹿児島県肝属,18,5,肝属郡医師会立病院,錦江町
R7,46,鹿児島県,4610,肝属,R7-4610-19,4610鹿児島県肝属,19,6,垂水市立医療センター垂水中央病院,垂水市
R7,46,鹿児島県,4610,肝属,R7-4610-20,4610鹿児島県肝属,20,7,春陽会中央病院,肝付町
R7,46,鹿児島県,4610,肝属,R7-4610-21,4610鹿児島県肝属,21,8,徳田脳神経外科病院,鹿屋市
R7,46,鹿児島県,4610,肝属,R7-4610-22,4610鹿児島県肝属,22,9,国立療養所星塚敬愛園,鹿屋市
R7,46,鹿児島県,4610,肝属,R7-4610-23,4610鹿児島県肝属,23,10,井ノ上病院,鹿屋市
R7,46,鹿児島県,4610,肝属,R7-4610-24,4610鹿児島県肝属,24,11,肝付町立病院,肝付町
R7,46,鹿児島県,4610,肝属,R7-4610-25,4610鹿児島県肝属,25,12,かのや東病院,鹿屋市
R7,46,鹿児島県,4610,肝属,R7-4610-26,4610鹿児島県肝属,26,13,鹿屋ひ尿器科,鹿屋市
R7,46,鹿児島県,4610,肝属,R7-4610-27,4610鹿児島県肝属,27,14,鮫島整形外科医院,鹿屋市
R7,46,鹿児島県,4610,肝属,R7-4610-28,4610鹿児島県肝属,28,15,寿レディースクリニック,鹿屋市
R7,46,鹿児島県,4610,肝属,R7-4610-29,4610鹿児島県肝属,29,16,そえじまクリニック,鹿屋市
R7,46,鹿児島県,4610,肝属,R7-4610-30,4610鹿児島県肝属,30,17,桑波田産婦人科,鹿屋市
R7,46,鹿児島県,4610,肝属,R7-4610-31,4610鹿児島県肝属,31,18,村上整形外科医院,鹿屋市
R7,46,鹿児島県,4610,肝属,R7-4610-32,4610鹿児島県肝属,32,19,王産婦人科医院,鹿屋市
R7,46,鹿児島県,4610,肝属,R7-4610-33,4610鹿児島県肝属,33,20,大手町クリニック,鹿屋市
R7,46,鹿児島県,4610,肝属,R7-4610-34,4610鹿児島県肝属,34,21,鹿屋ハートセンター,鹿屋市
R7,46,鹿児島県,4610,肝属,R7-4610-35,4610鹿児島県肝属,35,22,黎明脳神経外科医院,鹿屋市
R7,46,鹿児島県,4610,肝属,R7-4610-36,4610鹿児島県肝属,36,23,相良整形外科,垂水市
R7,46,鹿児島県,4610,肝属,R7-4610-37,4610鹿児島県肝属,37,24,池田温泉クリニック,垂水市
R7,46,鹿児島県,4610,肝属,R7-4610-38,4610鹿児島県肝属,38,25,東内科小児科クリニック,垂水市
R7,46,鹿児島県,4610,肝属,R7-4610-39,4610鹿児島県肝属,39,26,高山胃腸科・外科,肝付町
R7,46,鹿児島県,4610,肝属,R7-4610-40,4610鹿児島県肝属,40,27,検見崎クリニック,鹿屋市
R7,46,鹿児島県,4610,肝属,R7-4610-41,4610鹿児島県肝属,41,28,吉川医院,肝付町
R7,46,鹿児島県,4610,肝属,R7-4610-42,4610鹿児島県肝属,42,29,内村産婦人科,鹿屋市
R7,46,鹿児島県,4610,肝属,R7-4610-43,4610鹿児島県肝属,43,30,前田内科,鹿屋市
R7,46,鹿児島県,4610,肝属,R7-4610-44,4610鹿児島県肝属,44,31,おばま医院,鹿屋市
R7,46,鹿児島県,4610,肝属,R7-4610-45,4610鹿児島県肝属,45,32,いまがま眼科医院,鹿屋市
R7,46,鹿児島県,4610,肝属,R7-4610-46,4610鹿児島県肝属,46,33,医療法人　中塩医院,鹿屋市
R7,46,鹿児島県,4610,肝属,R7-4610-47,4610鹿児島県肝属,47,34,いしかわ耳鼻咽喉科,鹿屋市
R7,46,鹿児島県,4610,肝属,R7-4610-48,4610鹿児島県肝属,48,35,桜ヶ丘病院,鹿屋市
R7,46,鹿児島県,4611,熊毛,R7-4611-14,4611鹿児島県熊毛,14,1,社会医療法人義順顕彰会 種子島医療センター,西之表市
R7,46,鹿児島県,4611,熊毛,R7-4611-15,4611鹿児島県熊毛,15,2,屋久島徳洲会病院,屋久島町
R7,46,鹿児島県,4611,熊毛,R7-4611-16,4611鹿児島県熊毛,16,3,公立種子島病院,南種子町
R7,46,鹿児島県,4611,熊毛,R7-4611-17,4611鹿児島県熊毛,17,4,医療法人徳洲会　中種子クリニック,中種子町
R7,46,鹿児島県,4611,熊毛,R7-4611-18,4611鹿児島県熊毛,18,5,種子島産婦人科医院,西之表市
R7,46,鹿児島県,4612,奄美,R7-4612-14,4612鹿児島県奄美,14,1,鹿児島県立大島病院,奄美市
R7,46,鹿児島県,4612,奄美,R7-4612-15,4612鹿児島県奄美,15,2,名瀬徳洲会病院,奄美市
R7,46,鹿児島県,4612,奄美,R7-4612-16,4612鹿児島県奄美,16,3,医療法人徳洲会　徳之島徳洲会病院,徳之島町
R7,46,鹿児島県,4612,奄美,R7-4612-17,4612鹿児島県奄美,17,4,大島郡医師会病院,奄美市
R7,46,鹿児島県,4612,奄美,R7-4612-18,4612鹿児島県奄美,18,5,沖永良部徳洲会病院,知名町
R7,46,鹿児島県,4612,奄美,R7-4612-19,4612鹿児島県奄美,19,6,国立療養所奄美和光園,奄美市
R7,46,鹿児島県,4612,奄美,R7-4612-20,4612鹿児島県奄美,20,7,奄美中央病院,奄美市
R7,46,鹿児島県,4612,奄美,R7-4612-21,4612鹿児島県奄美,21,8,笠利病院,奄美市
R7,46,鹿児島県,4612,奄美,R7-4612-22,4612鹿児島県奄美,22,9,喜界徳洲会病院,喜界町
R7,46,鹿児島県,4612,奄美,R7-4612-23,4612鹿児島県奄美,23,10,与論徳洲会病院,与論町
R7,46,鹿児島県,4612,奄美,R7-4612-24,4612鹿児島県奄美,24,11,瀬戸内徳洲会病院,瀬戸内町
R7,46,鹿児島県,4612,奄美,R7-4612-25,4612鹿児島県奄美,25,12,宮上病院,徳之島町
R7,46,鹿児島県,4612,奄美,R7-4612-26,4612鹿児島県奄美,26,13,医療法人奎英会　むかいクリニック,奄美市
R7,46,鹿児島県,4612,奄美,R7-4612-27,4612鹿児島県奄美,27,14,奄美市笠利国民健康保険診療所,奄美市
R7,46,鹿児島県,4612,奄美,R7-4612-28,4612鹿児島県奄美,28,15,瀬戸内町へき地診療所,瀬戸内町
R7,46,鹿児島県,4612,奄美,R7-4612-29,4612鹿児島県奄美,29,16,喜界町国民健康保険診療所,喜界町
R7,46,鹿児島県,4612,奄美,R7-4612-30,4612鹿児島県奄美,30,17,医療法人徳洲会　伊仙クリニック,伊仙町
R7,46,鹿児島県,4612,奄美,R7-4612-31,4612鹿児島県奄美,31,18,朝戸医院,和泊町
R7,46,鹿児島県,4612,奄美,R7-4612-32,4612鹿児島県奄美,32,19,本部医院,知名町
R7,46,鹿児島県,4612,奄美,R7-4612-33,4612鹿児島県奄美,33,20,朝沼クリニック,奄美市
R7,46,鹿児島県,4612,奄美,R7-4612-34,4612鹿児島県奄美,34,21,大蔵医院,知名町
R7,46,鹿児島県,4612,奄美,R7-4612-35,4612鹿児島県奄美,35,22,龍美クリニック,与論町
R7,46,鹿児島県,4612,奄美,R7-4612-36,4612鹿児島県奄美,36,23,国民健康保険大和診療所,大和村
R7,47,沖縄県,4701,北部,R7-4701-14,4701沖縄県北部,14,1,国立療養所 沖縄愛楽園,名護市
R7,47,沖縄県,4701,北部,R7-4701-15,4701沖縄県北部,15,2,公益社団法人 北部地区医師会 北部地区医師会病院,名護市
R7,47,沖縄県,4701,北部,R7-4701-16,4701沖縄県北部,16,3,沖縄県立北部病院,名護市
R7,47,沖縄県,4701,北部,R7-4701-17,4701沖縄県北部,17,4,医療法人琉心会 勝山病院,名護市
R7,47,沖縄県,4701,北部,R7-4701-18,4701沖縄県北部,18,5,医療法人野毛会 もとぶ野毛病院,本部町
R7,47,沖縄県,4701,北部,R7-4701-19,4701沖縄県北部,19,6,名護療育医療センター,名護市
R7,47,沖縄県,4701,北部,R7-4701-20,4701沖縄県北部,20,7,医療法人タピック宮里病院,名護市
R7,47,沖縄県,4701,北部,R7-4701-21,4701沖縄県北部,21,8,医療法人光風会 北山病院,今帰仁村
R7,47,沖縄県,4701,北部,R7-4701-22,4701沖縄県北部,22,9,医療法人美ら海ハシイ産婦人科,名護市
R7,47,沖縄県,4702,中部,R7-4702-14,4702沖縄県中部,14,1,琉球大学病院,宜野湾市
R7,47,沖縄県,4702,中部,R7-4702-15,4702沖縄県中部,15,2,沖縄県立中部病院,うるま市
R7,47,沖縄県,4702,中部,R7-4702-16,4702沖縄県中部,16,3,医療法人　徳洲会　中部徳洲会病院,北中城村
R7,47,沖縄県,4702,中部,R7-4702-17,4702沖縄県中部,17,4,社会医療法人 敬愛会 中頭病院,沖縄市
R7,47,沖縄県,4702,中部,R7-4702-18,4702沖縄県中部,18,5,社会医療法人かりゆし会 ハートライフ病院,中城村
R7,47,沖縄県,4702,中部,R7-4702-19,4702沖縄県中部,19,6,独立行政法人国立病院機構沖縄病院,宜野湾市
R7,47,沖縄県,4702,中部,R7-4702-20,4702沖縄県中部,20,7,屋宜原病院,北中城村
R7,47,沖縄県,4702,中部,R7-4702-21,4702沖縄県中部,21,8,医療法人ちゅうざん会 ちゅうざん病院,沖縄市
R7,47,沖縄県,4702,中部,R7-4702-22,4702沖縄県中部,22,9,医療法人タピック 沖縄リハビリテーションセンター病院,沖縄市
R7,47,沖縄県,4702,中部,R7-4702-23,4702沖縄県中部,23,10,宜野湾記念病院,宜野湾市
R7,47,沖縄県,4702,中部,R7-4702-24,4702沖縄県中部,24,11,医療法人 球陽会 海邦病院,宜野湾市
R7,47,沖縄県,4702,中部,R7-4702-25,4702沖縄県中部,25,12,中部協同病院,沖縄市
R7,47,沖縄県,4702,中部,R7-4702-26,4702沖縄県中部,26,13,医療法人アガペ会 北中城若松病院,北中城村
R7,47,沖縄県,4702,中部,R7-4702-27,4702沖縄県中部,27,14,医療法人 沖縄寿光会 与勝病院,うるま市
R7,47,沖縄県,4702,中部,R7-4702-28,4702沖縄県中部,28,15,医療法人仁誠会 名嘉病院,嘉手納町
R7,47,沖縄県,4702,中部,R7-4702-29,4702沖縄県中部,29,16,北上中央病院,北谷町
R7,47,沖縄県,4702,中部,R7-4702-30,4702沖縄県中部,30,17,医療法人ユカリア沖縄 かんな病院,宜野座村
R7,47,沖縄県,4702,中部,R7-4702-31,4702沖縄県中部,31,18,医療法人心和会 潮平病院,沖縄市
R7,47,沖縄県,4702,中部,R7-4702-32,4702沖縄県中部,32,19,なかがみ西病院,沖縄市
R7,47,沖縄県,4702,中部,R7-4702-33,4702沖縄県中部,33,20,社会医療法人敬愛会翔南病院,沖縄市
R7,47,沖縄県,4702,中部,R7-4702-34,4702沖縄県中部,34,21,独立行政法人国立病院機構琉球病院,金武町
R7,47,沖縄県,4702,中部,R7-4702-35,4702沖縄県中部,35,22,沖縄中部療育医療センター,沖縄市
R7,47,沖縄県,4702,中部,R7-4702-36,4702沖縄県中部,36,23,医療法人海秀会うえむら病院,中城村
R7,47,沖縄県,4702,中部,R7-4702-37,4702沖縄県中部,37,24,北谷病院,北谷町
R7,47,沖縄県,4702,中部,R7-4702-38,4702沖縄県中部,38,25,名城病院,うるま市
R7,47,沖縄県,4702,中部,R7-4702-39,4702沖縄県中部,39,26,中部産婦人科医院,沖縄市
R7,47,沖縄県,4702,中部,R7-4702-40,4702沖縄県中部,40,27,やびく産婦人科小児科　医療法人彩の会,北谷町
R7,47,沖縄県,4702,中部,R7-4702-41,4702沖縄県中部,41,28,敬和医院,沖縄市
R7,47,沖縄県,4702,中部,R7-4702-42,4702沖縄県中部,42,29,医療法人高徳会 松永眼科医院,沖縄市
R7,47,沖縄県,4702,中部,R7-4702-43,4702沖縄県中部,43,30,医療法人恵哲会 中部眼科,沖縄市
R7,47,沖縄県,4702,中部,R7-4702-44,4702沖縄県中部,44,31,ゆいクリニック,沖縄市
R7,47,沖縄県,4702,中部,R7-4702-45,4702沖縄県中部,45,32,古堅ウィメンズクリニック,宜野湾市
R7,47,沖縄県,4702,中部,R7-4702-46,4702沖縄県中部,46,33,美里女性クリニック,沖縄市
R7,47,沖縄県,4702,中部,R7-4702-47,4702沖縄県中部,47,34,医療法人藤真会プラザクリニック,
R7,47,沖縄県,4703,南部,R7-4703-14,4703沖縄県南部,14,1,地方独立行政法人那覇市立病院,那覇市
R7,47,沖縄県,4703,南部,R7-4703-15,4703沖縄県南部,15,2,沖縄県立南部医療センター・こども医療センター,南風原町
R7,47,沖縄県,4703,南部,R7-4703-16,4703沖縄県南部,16,3,社会医療法人 友愛会 友愛医療センター,豊見城市
R7,47,沖縄県,4703,南部,R7-4703-17,4703沖縄県南部,17,4,医療法人徳洲会 南部徳洲会病院,八重瀬町
R7,47,沖縄県,4703,南部,R7-4703-18,4703沖縄県南部,18,5,社会医療法人仁愛会 浦添総合病院,浦添市
R7,47,沖縄県,4703,南部,R7-4703-19,4703沖縄県南部,19,6,沖縄赤十字病院,那覇市
R7,47,沖縄県,4703,南部,R7-4703-20,4703沖縄県南部,20,7,沖縄協同病院,那覇市
R7,47,沖縄県,4703,南部,R7-4703-21,4703沖縄県南部,21,8,社会医療法人 友愛会 豊見城中央病院,豊見城市
R7,47,沖縄県,4703,南部,R7-4703-22,4703沖縄県南部,22,9,医療法人陽心会 大道中央病院,那覇市
R7,47,沖縄県,4703,南部,R7-4703-23,4703沖縄県南部,23,10,医療法人おもと会 大浜第一病院,那覇市
R7,47,沖縄県,4703,南部,R7-4703-24,4703沖縄県南部,24,11,与那原中央病院,与那原町
R7,47,沖縄県,4703,南部,R7-4703-25,4703沖縄県南部,25,12,西崎病院,糸満市
R7,47,沖縄県,4703,南部,R7-4703-26,4703沖縄県南部,26,13,医療法人信和会　沖縄第一病院,南風原町
R7,47,沖縄県,4703,南部,R7-4703-27,4703沖縄県南部,27,14,医療法人真徳会 沖縄メディカル病院,南城市
R7,47,沖縄県,4703,南部,R7-4703-28,4703沖縄県南部,28,15,医療法人おもと会 大浜第二病院,豊見城市
R7,47,沖縄県,4703,南部,R7-4703-29,4703沖縄県南部,29,16,医療法人大平会嶺井第二病院まちなと,浦添市
R7,47,沖縄県,4703,南部,R7-4703-30,4703沖縄県南部,30,17,おもろまちメディカルセンター,那覇市
R7,47,沖縄県,4703,南部,R7-4703-31,4703沖縄県南部,31,18,医療法人八重瀬会 同仁病院,浦添市
R7,47,沖縄県,4703,南部,R7-4703-32,4703沖縄県南部,32,19,沖縄南部療育医療センター,那覇市
R7,47,沖縄県,4703,南部,R7-4703-33,4703沖縄県南部,33,20,とよみ生協病院,豊見城市
R7,47,沖縄県,4703,南部,R7-4703-34,4703沖縄県南部,34,21,医療法人寿仁会 沖縄セントラル病院,那覇市
R7,47,沖縄県,4703,南部,R7-4703-35,4703沖縄県南部,35,22,社会医療法人葦の会　オリブ山病院,那覇市
R7,47,沖縄県,4703,南部,R7-4703-36,4703沖縄県南部,36,23,医療法人 社団かびら会 川平病院,那覇市
R7,47,沖縄県,4703,南部,R7-4703-37,4703沖縄県南部,37,24,嶺井第一病院,浦添市
R7,47,沖縄県,4703,南部,R7-4703-38,4703沖縄県南部,38,25,沖縄療育園,浦添市
R7,47,沖縄県,4703,南部,R7-4703-39,4703沖縄県南部,39,26,牧港中央病院,浦添市
R7,47,沖縄県,4703,南部,R7-4703-40,4703沖縄県南部,40,27,医療法人はごろも会那覇ゆい病院,那覇市
R7,47,沖縄県,4703,南部,R7-4703-41,4703沖縄県南部,41,28,琉生病院,那覇市
R7,47,沖縄県,4703,南部,R7-4703-42,4703沖縄県南部,42,29,平安病院,浦添市
R7,47,沖縄県,4703,南部,R7-4703-43,4703沖縄県南部,43,30,医療法人 禄寿会 小禄病院,那覇市
R7,47,沖縄県,4703,南部,R7-4703-44,4703沖縄県南部,44,31,医療法人以和貴会ウェルネス西崎病院,糸満市
R7,47,沖縄県,4703,南部,R7-4703-45,4703沖縄県南部,45,32,医療法人陽心会　メディカルプラザ大道中央病院,那覇市
R7,47,沖縄県,4703,南部,R7-4703-46,4703沖縄県南部,46,33,アドベンチスト メディカルセンター,西原町
R7,47,沖縄県,4703,南部,R7-4703-47,4703沖縄県南部,47,34,公立久米島病院,久米島町
R7,47,沖縄県,4703,南部,R7-4703-48,4703沖縄県南部,48,35,糸数病院,那覇市
R7,47,沖縄県,4703,南部,R7-4703-49,4703沖縄県南部,49,36,医療法人 社団 輔仁会 嬉野が丘サマリヤ人病院,南風原町
R7,47,沖縄県,4703,南部,R7-4703-50,4703沖縄県南部,50,37,友寄クリニック,那覇市
R7,47,沖縄県,4703,南部,R7-4703-51,4703沖縄県南部,51,38,医療法人銀河 Ａｚクリニック,那覇市
R7,47,沖縄県,4703,南部,R7-4703-52,4703沖縄県南部,52,39,友利産婦人科,那覇市
R7,47,沖縄県,4703,南部,R7-4703-53,4703沖縄県南部,53,40,医療法人社団はなの会　たから産婦人科,那覇市
R7,47,沖縄県,4703,南部,R7-4703-54,4703沖縄県南部,54,41,仲地レディースクリニック,那覇市
R7,47,沖縄県,4703,南部,R7-4703-55,4703沖縄県南部,55,42,安里眼科おもろまち駅前,那覇市
R7,47,沖縄県,4703,南部,R7-4703-56,4703沖縄県南部,56,43,医療法人豊誠会 牧港クリニック,浦添市
R7,47,沖縄県,4703,南部,R7-4703-57,4703沖縄県南部,57,44,かみや母と子のクリニック,糸満市
R7,47,沖縄県,4703,南部,R7-4703-58,4703沖縄県南部,58,45,空の森クリニック,八重瀬町
R7,47,沖縄県,4703,南部,R7-4703-59,4703沖縄県南部,59,46,那覇西クリニック,那覇市
R7,47,沖縄県,4703,南部,R7-4703-60,4703沖縄県南部,60,47,とうま内科,西原町
R7,47,沖縄県,4703,南部,R7-4703-61,4703沖縄県南部,61,48,医療法人 新田クリニック,那覇市
R7,47,沖縄県,4703,南部,R7-4703-62,4703沖縄県南部,62,49,安座間産婦人科,那覇市
R7,47,沖縄県,4703,南部,R7-4703-63,4703沖縄県南部,63,50,比嘉眼科,浦添市
R7,47,沖縄県,4703,南部,R7-4703-64,4703沖縄県南部,64,51,嶺井医院,那覇市
R7,47,沖縄県,4703,南部,R7-4703-65,4703沖縄県南部,65,52,末吉内科外科胃腸科医院,浦添市
R7,47,沖縄県,4703,南部,R7-4703-66,4703沖縄県南部,66,53,バークレーレディースクリニック,浦添市
R7,47,沖縄県,4703,南部,R7-4703-67,4703沖縄県南部,67,54,前田胃腸科医院,那覇市
R7,47,沖縄県,4703,南部,R7-4703-68,4703沖縄県南部,68,55,医療法人水晶会 安里眼科,糸満市
R7,47,沖縄県,4703,南部,R7-4703-69,4703沖縄県南部,69,56,仲里眼科,那覇市
R7,47,沖縄県,4703,南部,R7-4703-70,4703沖縄県南部,70,57,医療法人財団光輪会 光輪会沖縄クリニック,那覇市
R7,47,沖縄県,4703,南部,R7-4703-71,4703沖縄県南部,71,58,医療法人HSR　名嘉村クリニック,浦添市
R7,47,沖縄県,4703,南部,R7-4703-72,4703沖縄県南部,72,59,Kukuruきっずクリニック,那覇市
R7,47,沖縄県,4703,南部,R7-4703-73,4703沖縄県南部,73,60,医療法人めぐみ いしかわ眼科クリニック,豊見城市
R7,47,沖縄県,4703,南部,R7-4703-74,4703沖縄県南部,74,61,はえばる耳鼻咽喉科,南風原町
R7,47,沖縄県,4703,南部,R7-4703-75,4703沖縄県南部,75,62,当山美容形成外科ANNEX,那覇市
R7,47,沖縄県,4703,南部,R7-4703-76,4703沖縄県南部,76,63,乳腺・甲状腺クリニックうらそえ,
R7,47,沖縄県,4704,宮古,R7-4704-14,4704沖縄県宮古,14,1,沖縄県立宮古病院,宮古島市
R7,47,沖縄県,4704,宮古,R7-4704-15,4704沖縄県宮古,15,2,医療法人左右会　宮古島リハビリ温泉病院,宮古島市
R7,47,沖縄県,4704,宮古,R7-4704-16,4704沖縄県宮古,16,3,宮古島徳洲会病院,宮古島市
R7,47,沖縄県,4704,宮古,R7-4704-17,4704沖縄県宮古,17,4,いけむら外科・胃腸科・肛門科,宮古島市
R7,47,沖縄県,4704,宮古,R7-4704-18,4704沖縄県宮古,18,5,城辺中央クリニック,宮古島市
R7,47,沖縄県,4704,宮古,R7-4704-19,4704沖縄県宮古,19,6,国立療養所宮古南静園,宮古島市
R7,47,沖縄県,4704,宮古,R7-4704-20,4704沖縄県宮古,20,7,奥平産婦人科医院,宮古島市
R7,47,沖縄県,4704,宮古,R7-4704-21,4704沖縄県宮古,21,8,真壁眼科,宮古島市
R7,47,沖縄県,4704,宮古,R7-4704-22,4704沖縄県宮古,22,9,羽地歯科口腔外科医院,宮古島市
R7,47,沖縄県,4704,宮古,R7-4704-23,4704沖縄県宮古,23,10,みやこ母子クリニック,
R7,47,沖縄県,4705,八重山,R7-4705-14,4705沖縄県八重山,14,1,沖縄県立八重山病院,石垣市
R7,47,沖縄県,4705,八重山,R7-4705-15,4705沖縄県八重山,15,2,かりゆし病院,石垣市
R7,47,沖縄県,4705,八重山,R7-4705-16,4705沖縄県八重山,16,3,石垣島徳洲会病院,石垣市
R7,47,沖縄県,4705,八重山,R7-4705-17,4705沖縄県八重山,17,4,下地第２脳神経外科,石垣市
R7,47,沖縄県,4705,八重山,R7-4705-18,4705沖縄県八重山,18,5,宮良眼科医院,石垣市
R7,47,沖縄県,4705,八重山,R7-4705-19,4705沖縄県八重山,19,6,与那国町診療所,与那国町
