published_fy,pref_code,pref_name,area_code,area_name,record_id,function_name,source_literal
R7,01,北海道,0101,南渡島,R7-0101-14,地域支援,地
R7,01,北海道,0101,南渡島,R7-0101-14,三次救急,三次
R7,01,北海道,0101,南渡島,R7-0101-14,二次救急,二次
R7,01,北海道,0101,南渡島,R7-0101-15,二次救急,二次
R7,01,北海道,0101,南渡島,R7-0101-16,二次救急,二次
R7,01,北海道,0101,南渡島,R7-0101-17,二次救急,二次
R7,01,北海道,0101,南渡島,R7-0101-18,二次救急,二次
R7,01,北海道,0101,南渡島,R7-0101-20,地域支援,地
R7,01,北海道,0101,南渡島,R7-0101-20,二次救急,二次
R7,01,北海道,0101,南渡島,R7-0101-21,在宅療養支援,在支
R7,01,北海道,0101,南渡島,R7-0101-22,在宅療養支援,在支
R7,01,北海道,0101,南渡島,R7-0101-24,二次救急,二次
R7,01,北海道,0101,南渡島,R7-0101-25,二次救急,二次
R7,01,北海道,0101,南渡島,R7-0101-25,在宅療養支援,在支
R7,01,北海道,0101,南渡島,R7-0101-26,二次救急,二次
R7,01,北海道,0101,南渡島,R7-0101-27,二次救急,二次
R7,01,北海道,0101,南渡島,R7-0101-28,在宅療養支援,在支
R7,01,北海道,0101,南渡島,R7-0101-30,在宅療養支援,在支
R7,01,北海道,0101,南渡島,R7-0101-31,二次救急,二次
R7,01,北海道,0101,南渡島,R7-0101-31,在宅療養支援,在支
R7,01,北海道,0101,南渡島,R7-0101-34,二次救急,二次
R7,01,北海道,0101,南渡島,R7-0101-36,二次救急,二次
R7,01,北海道,0101,南渡島,R7-0101-37,在宅療養支援,在支
R7,01,北海道,0101,南渡島,R7-0101-38,二次救急,二次
R7,01,北海道,0101,南渡島,R7-0101-38,在宅療養支援,在支
R7,01,北海道,0101,南渡島,R7-0101-44,在宅療養支援,在支
R7,01,北海道,0101,南渡島,R7-0101-56,在宅療養支援,在支
R7,01,北海道,0102,南檜山,R7-0102-14,二次救急,二次
R7,01,北海道,0102,南檜山,R7-0102-16,二次救急,二次
R7,01,北海道,0102,南檜山,R7-0102-17,在宅療養支援,在支
R7,01,北海道,0102,南檜山,R7-0102-18,二次救急,二次
R7,01,北海道,0103,北渡島檜山,R7-0103-14,二次救急,二次
R7,01,北海道,0103,北渡島檜山,R7-0103-16,二次救急,二次
R7,01,北海道,0103,北渡島檜山,R7-0103-18,二次救急,二次
R7,01,北海道,0103,北渡島檜山,R7-0103-19,二次救急,二次
R7,01,北海道,0103,北渡島檜山,R7-0103-19,在宅療養支援,在支
R7,01,北海道,0104,札幌,R7-0104-14,特定機能,特
R7,01,北海道,0104,札幌,R7-0104-14,三次救急,三次
R7,01,北海道,0104,札幌,R7-0104-15,特定機能,特
R7,01,北海道,0104,札幌,R7-0104-15,三次救急,三次
R7,01,北海道,0104,札幌,R7-0104-15,二次救急,二次
R7,01,北海道,0104,札幌,R7-0104-16,地域支援,地
R7,01,北海道,0104,札幌,R7-0104-16,三次救急,三次
R7,01,北海道,0104,札幌,R7-0104-16,二次救急,二次
R7,01,北海道,0104,札幌,R7-0104-17,地域支援,地
R7,01,北海道,0104,札幌,R7-0104-17,三次救急,三次
R7,01,北海道,0104,札幌,R7-0104-17,二次救急,二次
R7,01,北海道,0104,札幌,R7-0104-19,地域支援,地
R7,01,北海道,0104,札幌,R7-0104-19,三次救急,三次
R7,01,北海道,0104,札幌,R7-0104-19,二次救急,二次
R7,01,北海道,0104,札幌,R7-0104-20,地域支援,地
R7,01,北海道,0104,札幌,R7-0104-20,二次救急,二次
R7,01,北海道,0104,札幌,R7-0104-21,二次救急,二次
R7,01,北海道,0104,札幌,R7-0104-23,二次救急,二次
R7,01,北海道,0104,札幌,R7-0104-25,地域支援,地
R7,01,北海道,0104,札幌,R7-0104-25,二次救急,二次
R7,01,北海道,0104,札幌,R7-0104-30,二次救急,二次
R7,01,北海道,0104,札幌,R7-0104-32,二次救急,二次
R7,01,北海道,0104,札幌,R7-0104-33,二次救急,二次
R7,01,北海道,0104,札幌,R7-0104-34,地域支援,地
R7,01,北海道,0104,札幌,R7-0104-34,二次救急,二次
R7,01,北海道,0104,札幌,R7-0104-35,二次救急,二次
R7,01,北海道,0104,札幌,R7-0104-36,二次救急,二次
R7,01,北海道,0104,札幌,R7-0104-39,地域支援,地
R7,01,北海道,0104,札幌,R7-0104-39,二次救急,二次
R7,01,北海道,0104,札幌,R7-0104-40,二次救急,二次
R7,01,北海道,0104,札幌,R7-0104-41,在宅療養支援,在支
R7,01,北海道,0104,札幌,R7-0104-42,在宅療養支援,在支
R7,01,北海道,0104,札幌,R7-0104-43,二次救急,二次
R7,01,北海道,0104,札幌,R7-0104-44,地域支援,地
R7,01,北海道,0104,札幌,R7-0104-44,二次救急,二次
R7,01,北海道,0104,札幌,R7-0104-46,二次救急,二次
R7,01,北海道,0104,札幌,R7-0104-47,二次救急,二次
R7,01,北海道,0104,札幌,R7-0104-49,二次救急,二次
R7,01,北海道,0104,札幌,R7-0104-51,二次救急,二次
R7,01,北海道,0104,札幌,R7-0104-57,二次救急,二次
R7,01,北海道,0104,札幌,R7-0104-58,二次救急,二次
R7,01,北海道,0104,札幌,R7-0104-65,二次救急,二次
R7,01,北海道,0104,札幌,R7-0104-66,二次救急,二次
R7,01,北海道,0104,札幌,R7-0104-67,二次救急,二次
R7,01,北海道,0104,札幌,R7-0104-67,在宅療養支援,在支
R7,01,北海道,0104,札幌,R7-0104-68,二次救急,二次
R7,01,北海道,0104,札幌,R7-0104-68,在宅療養支援,在支
R7,01,北海道,0104,札幌,R7-0104-69,二次救急,二次
R7,01,北海道,0104,札幌,R7-0104-70,二次救急,二次
R7,01,北海道,0104,札幌,R7-0104-70,在宅療養支援,在支
R7,01,北海道,0104,札幌,R7-0104-74,二次救急,二次
R7,01,北海道,0104,札幌,R7-0104-75,在宅療養支援,在支
R7,01,北海道,0104,札幌,R7-0104-76,二次救急,二次
R7,01,北海道,0104,札幌,R7-0104-76,在宅療養支援,在支
R7,01,北海道,0104,札幌,R7-0104-78,在宅療養支援,在支
R7,01,北海道,0104,札幌,R7-0104-79,二次救急,二次
R7,01,北海道,0104,札幌,R7-0104-80,二次救急,二次
R7,01,北海道,0104,札幌,R7-0104-81,二次救急,二次
R7,01,北海道,0104,札幌,R7-0104-82,二次救急,二次
R7,01,北海道,0104,札幌,R7-0104-83,在宅療養支援,在支
R7,01,北海道,0104,札幌,R7-0104-84,在宅療養支援,在支
R7,01,北海道,0104,札幌,R7-0104-87,二次救急,二次
R7,01,北海道,0104,札幌,R7-0104-92,二次救急,二次
R7,01,北海道,0104,札幌,R7-0104-95,在宅療養支援,在支
R7,01,北海道,0104,札幌,R7-0104-96,二次救急,二次
R7,01,北海道,0104,札幌,R7-0104-97,在宅療養支援,在支
R7,01,北海道,0104,札幌,R7-0104-98,在宅療養支援,在支
R7,01,北海道,0104,札幌,R7-0104-99,二次救急,二次
R7,01,北海道,0104,札幌,R7-0104-99,在宅療養支援,在支
R7,01,北海道,0104,札幌,R7-0104-100,二次救急,二次
R7,01,北海道,0104,札幌,R7-0104-100,在宅療養支援,在支
R7,01,北海道,0104,札幌,R7-0104-101,二次救急,二次
R7,01,北海道,0104,札幌,R7-0104-101,在宅療養支援,在支
R7,01,北海道,0104,札幌,R7-0104-102,二次救急,二次
R7,01,北海道,0104,札幌,R7-0104-103,二次救急,二次
R7,01,北海道,0104,札幌,R7-0104-103,在宅療養支援,在支
R7,01,北海道,0104,札幌,R7-0104-104,二次救急,二次
R7,01,北海道,0104,札幌,R7-0104-104,在宅療養支援,在支
R7,01,北海道,0104,札幌,R7-0104-107,二次救急,二次
R7,01,北海道,0104,札幌,R7-0104-108,二次救急,二次
R7,01,北海道,0104,札幌,R7-0104-108,在宅療養支援,在支
R7,01,北海道,0104,札幌,R7-0104-109,在宅療養支援,在支
R7,01,北海道,0104,札幌,R7-0104-110,二次救急,二次
R7,01,北海道,0104,札幌,R7-0104-111,二次救急,二次
R7,01,北海道,0104,札幌,R7-0104-112,二次救急,二次
R7,01,北海道,0104,札幌,R7-0104-116,在宅療養支援,在支
R7,01,北海道,0104,札幌,R7-0104-117,在宅療養支援,在支
R7,01,北海道,0104,札幌,R7-0104-121,在宅療養支援,在支
R7,01,北海道,0104,札幌,R7-0104-122,二次救急,二次
R7,01,北海道,0104,札幌,R7-0104-122,在宅療養支援,在支
R7,01,北海道,0104,札幌,R7-0104-125,二次救急,二次
R7,01,北海道,0104,札幌,R7-0104-125,在宅療養支援,在支
R7,01,北海道,0104,札幌,R7-0104-127,二次救急,二次
R7,01,北海道,0104,札幌,R7-0104-130,二次救急,二次
R7,01,北海道,0104,札幌,R7-0104-132,二次救急,二次
R7,01,北海道,0104,札幌,R7-0104-134,二次救急,二次
R7,01,北海道,0104,札幌,R7-0104-135,在宅療養支援,在支
R7,01,北海道,0104,札幌,R7-0104-136,二次救急,二次
R7,01,北海道,0104,札幌,R7-0104-138,二次救急,二次
R7,01,北海道,0104,札幌,R7-0104-139,二次救急,二次
R7,01,北海道,0104,札幌,R7-0104-140,二次救急,二次
R7,01,北海道,0104,札幌,R7-0104-140,在宅療養支援,在支
R7,01,北海道,0104,札幌,R7-0104-141,二次救急,二次
R7,01,北海道,0104,札幌,R7-0104-141,在宅療養支援,在支
R7,01,北海道,0104,札幌,R7-0104-142,二次救急,二次
R7,01,北海道,0104,札幌,R7-0104-144,二次救急,二次
R7,01,北海道,0104,札幌,R7-0104-147,在宅療養支援,在支
R7,01,北海道,0104,札幌,R7-0104-148,二次救急,二次
R7,01,北海道,0104,札幌,R7-0104-150,二次救急,二次
R7,01,北海道,0104,札幌,R7-0104-152,二次救急,二次
R7,01,北海道,0104,札幌,R7-0104-154,在宅療養支援,在支
R7,01,北海道,0104,札幌,R7-0104-156,在宅療養支援,在支
R7,01,北海道,0104,札幌,R7-0104-161,二次救急,二次
R7,01,北海道,0104,札幌,R7-0104-163,在宅療養支援,在支
R7,01,北海道,0104,札幌,R7-0104-165,二次救急,二次
R7,01,北海道,0104,札幌,R7-0104-166,在宅療養支援,在支
R7,01,北海道,0104,札幌,R7-0104-170,二次救急,二次
R7,01,北海道,0104,札幌,R7-0104-173,二次救急,二次
R7,01,北海道,0104,札幌,R7-0104-178,二次救急,二次
R7,01,北海道,0104,札幌,R7-0104-179,二次救急,二次
R7,01,北海道,0104,札幌,R7-0104-181,二次救急,二次
R7,01,北海道,0104,札幌,R7-0104-184,二次救急,二次
R7,01,北海道,0104,札幌,R7-0104-199,二次救急,二次
R7,01,北海道,0104,札幌,R7-0104-199,在宅療養支援,在支
R7,01,北海道,0104,札幌,R7-0104-201,二次救急,二次
R7,01,北海道,0104,札幌,R7-0104-213,在宅療養支援,在支
R7,01,北海道,0104,札幌,R7-0104-216,在宅療養支援,在支
R7,01,北海道,0104,札幌,R7-0104-235,在宅療養支援,在支
R7,01,北海道,0104,札幌,R7-0104-236,在宅療養支援,在支
R7,01,北海道,0104,札幌,R7-0104-254,在宅療養支援,在支
R7,01,北海道,0104,札幌,R7-0104-260,在宅療養支援,在支
R7,01,北海道,0104,札幌,R7-0104-263,在宅療養支援,在支
R7,01,北海道,0104,札幌,R7-0104-267,在宅療養支援,在支
R7,01,北海道,0104,札幌,R7-0104-269,在宅療養支援,在支
R7,01,北海道,0104,札幌,R7-0104-273,在宅療養支援,在支
R7,01,北海道,0104,札幌,R7-0104-321,在宅療養支援,在支
R7,01,北海道,0105,後志,R7-0105-14,二次救急,二次
R7,01,北海道,0105,後志,R7-0105-15,地域支援,地
R7,01,北海道,0105,後志,R7-0105-15,二次救急,二次
R7,01,北海道,0105,後志,R7-0105-16,二次救急,二次
R7,01,北海道,0105,後志,R7-0105-17,二次救急,二次
R7,01,北海道,0105,後志,R7-0105-18,二次救急,二次
R7,01,北海道,0105,後志,R7-0105-18,在宅療養支援,在支
R7,01,北海道,0105,後志,R7-0105-19,二次救急,二次
R7,01,北海道,0105,後志,R7-0105-20,二次救急,二次
R7,01,北海道,0105,後志,R7-0105-24,二次救急,二次
R7,01,北海道,0105,後志,R7-0105-25,二次救急,二次
R7,01,北海道,0105,後志,R7-0105-28,在宅療養支援,在支
R7,01,北海道,0105,後志,R7-0105-29,在宅療養支援,在支
R7,01,北海道,0105,後志,R7-0105-32,在宅療養支援,在支
R7,01,北海道,0105,後志,R7-0105-33,在宅療養支援,在支
R7,01,北海道,0105,後志,R7-0105-36,在宅療養支援,在支
R7,01,北海道,0106,南空知,R7-0106-14,二次救急,二次
R7,01,北海道,0106,南空知,R7-0106-15,二次救急,二次
R7,01,北海道,0106,南空知,R7-0106-15,在宅療養支援,在支
R7,01,北海道,0106,南空知,R7-0106-18,二次救急,二次
R7,01,北海道,0106,南空知,R7-0106-20,二次救急,二次
R7,01,北海道,0106,南空知,R7-0106-21,二次救急,二次
R7,01,北海道,0106,南空知,R7-0106-21,在宅療養支援,在支
R7,01,北海道,0106,南空知,R7-0106-22,二次救急,二次
R7,01,北海道,0106,南空知,R7-0106-23,二次救急,二次
R7,01,北海道,0106,南空知,R7-0106-23,在宅療養支援,在支
R7,01,北海道,0106,南空知,R7-0106-24,二次救急,二次
R7,01,北海道,0106,南空知,R7-0106-24,在宅療養支援,在支
R7,01,北海道,0106,南空知,R7-0106-26,二次救急,二次
R7,01,北海道,0106,南空知,R7-0106-27,二次救急,二次
R7,01,北海道,0106,南空知,R7-0106-28,在宅療養支援,在支
R7,01,北海道,0106,南空知,R7-0106-35,在宅療養支援,在支
R7,01,北海道,0106,南空知,R7-0106-36,在宅療養支援,在支
R7,01,北海道,0106,南空知,R7-0106-38,在宅療養支援,在支
R7,01,北海道,0106,南空知,R7-0106-39,在宅療養支援,在支
R7,01,北海道,0107,中空知,R7-0107-14,三次救急,三次
R7,01,北海道,0107,中空知,R7-0107-14,二次救急,二次
R7,01,北海道,0107,中空知,R7-0107-15,二次救急,二次
R7,01,北海道,0107,中空知,R7-0107-18,二次救急,二次
R7,01,北海道,0107,中空知,R7-0107-20,二次救急,二次
R7,01,北海道,0107,中空知,R7-0107-21,二次救急,二次
R7,01,北海道,0107,中空知,R7-0107-23,二次救急,二次
R7,01,北海道,0107,中空知,R7-0107-30,在宅療養支援,在支
R7,01,北海道,0108,北空知,R7-0108-15,二次救急,二次
R7,01,北海道,0109,西胆振,R7-0109-14,二次救急,二次
R7,01,北海道,0109,西胆振,R7-0109-15,二次救急,二次
R7,01,北海道,0109,西胆振,R7-0109-16,二次救急,二次
R7,01,北海道,0109,西胆振,R7-0109-18,二次救急,二次
R7,01,北海道,0109,西胆振,R7-0109-20,二次救急,二次
R7,01,北海道,0109,西胆振,R7-0109-21,二次救急,二次
R7,01,北海道,0109,西胆振,R7-0109-26,二次救急,二次
R7,01,北海道,0109,西胆振,R7-0109-28,二次救急,二次
R7,01,北海道,0110,東胆振,R7-0110-14,地域支援,地
R7,01,北海道,0110,東胆振,R7-0110-14,二次救急,二次
R7,01,北海道,0110,東胆振,R7-0110-15,二次救急,二次
R7,01,北海道,0110,東胆振,R7-0110-17,在宅療養支援,在支
R7,01,北海道,0110,東胆振,R7-0110-18,二次救急,二次
R7,01,北海道,0110,東胆振,R7-0110-19,在宅療養支援,在支
R7,01,北海道,0110,東胆振,R7-0110-23,二次救急,二次
R7,01,北海道,0110,東胆振,R7-0110-23,在宅療養支援,在支
R7,01,北海道,0110,東胆振,R7-0110-24,二次救急,二次
R7,01,北海道,0110,東胆振,R7-0110-30,在宅療養支援,在支
R7,01,北海道,0111,日高,R7-0111-14,二次救急,二次
R7,01,北海道,0111,日高,R7-0111-15,二次救急,二次
R7,01,北海道,0111,日高,R7-0111-18,二次救急,二次
R7,01,北海道,0111,日高,R7-0111-19,二次救急,二次
R7,01,北海道,0111,日高,R7-0111-19,在宅療養支援,在支
R7,01,北海道,0112,上川中部,R7-0112-14,特定機能,特
R7,01,北海道,0112,上川中部,R7-0112-14,三次救急,三次
R7,01,北海道,0112,上川中部,R7-0112-14,二次救急,二次
R7,01,北海道,0112,上川中部,R7-0112-15,地域支援,地
R7,01,北海道,0112,上川中部,R7-0112-15,三次救急,三次
R7,01,北海道,0112,上川中部,R7-0112-15,二次救急,二次
R7,01,北海道,0112,上川中部,R7-0112-16,地域支援,地
R7,01,北海道,0112,上川中部,R7-0112-16,二次救急,二次
R7,01,北海道,0112,上川中部,R7-0112-17,二次救急,二次
R7,01,北海道,0112,上川中部,R7-0112-20,地域支援,地
R7,01,北海道,0112,上川中部,R7-0112-20,二次救急,二次
R7,01,北海道,0112,上川中部,R7-0112-21,二次救急,二次
R7,01,北海道,0112,上川中部,R7-0112-23,二次救急,二次
R7,01,北海道,0112,上川中部,R7-0112-25,二次救急,二次
R7,01,北海道,0112,上川中部,R7-0112-25,在宅療養支援,在支
R7,01,北海道,0112,上川中部,R7-0112-26,二次救急,二次
R7,01,北海道,0112,上川中部,R7-0112-26,在宅療養支援,在支
R7,01,北海道,0112,上川中部,R7-0112-27,在宅療養支援,在支
R7,01,北海道,0112,上川中部,R7-0112-28,在宅療養支援,在支
R7,01,北海道,0112,上川中部,R7-0112-30,二次救急,二次
R7,01,北海道,0112,上川中部,R7-0112-31,二次救急,二次
R7,01,北海道,0112,上川中部,R7-0112-35,二次救急,二次
R7,01,北海道,0112,上川中部,R7-0112-36,二次救急,二次
R7,01,北海道,0112,上川中部,R7-0112-36,在宅療養支援,在支
R7,01,北海道,0112,上川中部,R7-0112-37,二次救急,二次
R7,01,北海道,0112,上川中部,R7-0112-38,二次救急,二次
R7,01,北海道,0112,上川中部,R7-0112-42,在宅療養支援,在支
R7,01,北海道,0112,上川中部,R7-0112-44,在宅療養支援,在支
R7,01,北海道,0112,上川中部,R7-0112-46,在宅療養支援,在支
R7,01,北海道,0112,上川中部,R7-0112-47,在宅療養支援,在支
R7,01,北海道,0112,上川中部,R7-0112-48,在宅療養支援,在支
R7,01,北海道,0112,上川中部,R7-0112-49,在宅療養支援,在支
R7,01,北海道,0112,上川中部,R7-0112-55,在宅療養支援,在支
R7,01,北海道,0112,上川中部,R7-0112-56,在宅療養支援,在支
R7,01,北海道,0112,上川中部,R7-0112-59,在宅療養支援,在支
R7,01,北海道,0112,上川中部,R7-0112-68,在宅療養支援,在支
R7,01,北海道,0113,上川北部,R7-0113-14,三次救急,三次
R7,01,北海道,0113,上川北部,R7-0113-14,二次救急,二次
R7,01,北海道,0113,上川北部,R7-0113-15,二次救急,二次
R7,01,北海道,0113,上川北部,R7-0113-18,二次救急,二次
R7,01,北海道,0113,上川北部,R7-0113-19,在宅療養支援,在支
R7,01,北海道,0113,上川北部,R7-0113-20,二次救急,二次
R7,01,北海道,0113,上川北部,R7-0113-22,在宅療養支援,在支
R7,01,北海道,0114,富良野,R7-0114-14,二次救急,二次
R7,01,北海道,0114,富良野,R7-0114-17,在宅療養支援,在支
R7,01,北海道,0115,留萌,R7-0115-15,二次救急,二次
R7,01,北海道,0115,留萌,R7-0115-16,二次救急,二次
R7,01,北海道,0115,留萌,R7-0115-17,二次救急,二次
R7,01,北海道,0115,留萌,R7-0115-18,在宅療養支援,在支
R7,01,北海道,0116,宗谷,R7-0116-14,二次救急,二次
R7,01,北海道,0116,宗谷,R7-0116-17,二次救急,二次
R7,01,北海道,0116,宗谷,R7-0116-19,二次救急,二次
R7,01,北海道,0116,宗谷,R7-0116-24,在宅療養支援,在支
R7,01,北海道,0117,北網,R7-0117-14,地域支援,地
R7,01,北海道,0117,北網,R7-0117-14,三次救急,三次
R7,01,北海道,0117,北網,R7-0117-14,二次救急,二次
R7,01,北海道,0117,北網,R7-0117-15,二次救急,二次
R7,01,北海道,0117,北網,R7-0117-16,二次救急,二次
R7,01,北海道,0117,北網,R7-0117-17,二次救急,二次
R7,01,北海道,0117,北網,R7-0117-18,二次救急,二次
R7,01,北海道,0117,北網,R7-0117-20,二次救急,二次
R7,01,北海道,0117,北網,R7-0117-21,二次救急,二次
R7,01,北海道,0117,北網,R7-0117-22,二次救急,二次
R7,01,北海道,0117,北網,R7-0117-24,二次救急,二次
R7,01,北海道,0117,北網,R7-0117-24,在宅療養支援,在支
R7,01,北海道,0117,北網,R7-0117-25,二次救急,二次
R7,01,北海道,0117,北網,R7-0117-25,在宅療養支援,在支
R7,01,北海道,0117,北網,R7-0117-26,二次救急,二次
R7,01,北海道,0117,北網,R7-0117-29,二次救急,二次
R7,01,北海道,0117,北網,R7-0117-29,在宅療養支援,在支
R7,01,北海道,0117,北網,R7-0117-31,二次救急,二次
R7,01,北海道,0117,北網,R7-0117-31,在宅療養支援,在支
R7,01,北海道,0117,北網,R7-0117-34,二次救急,二次
R7,01,北海道,0117,北網,R7-0117-36,在宅療養支援,在支
R7,01,北海道,0118,遠紋,R7-0118-14,二次救急,二次
R7,01,北海道,0118,遠紋,R7-0118-15,二次救急,二次
R7,01,北海道,0118,遠紋,R7-0118-15,在宅療養支援,在支
R7,01,北海道,0118,遠紋,R7-0118-16,在宅療養支援,在支
R7,01,北海道,0118,遠紋,R7-0118-18,二次救急,二次
R7,01,北海道,0118,遠紋,R7-0118-19,二次救急,二次
R7,01,北海道,0119,十勝,R7-0119-14,地域支援,地
R7,01,北海道,0119,十勝,R7-0119-14,三次救急,三次
R7,01,北海道,0119,十勝,R7-0119-14,二次救急,二次
R7,01,北海道,0119,十勝,R7-0119-15,二次救急,二次
R7,01,北海道,0119,十勝,R7-0119-16,地域支援,地
R7,01,北海道,0119,十勝,R7-0119-16,二次救急,二次
R7,01,北海道,0119,十勝,R7-0119-17,二次救急,二次
R7,01,北海道,0119,十勝,R7-0119-17,在宅療養支援,在支
R7,01,北海道,0119,十勝,R7-0119-19,二次救急,二次
R7,01,北海道,0119,十勝,R7-0119-19,在宅療養支援,在支
R7,01,北海道,0119,十勝,R7-0119-20,二次救急,二次
R7,01,北海道,0119,十勝,R7-0119-20,在宅療養支援,在支
R7,01,北海道,0119,十勝,R7-0119-21,在宅療養支援,在支
R7,01,北海道,0119,十勝,R7-0119-22,二次救急,二次
R7,01,北海道,0119,十勝,R7-0119-23,在宅療養支援,在支
R7,01,北海道,0119,十勝,R7-0119-24,二次救急,二次
R7,01,北海道,0119,十勝,R7-0119-24,在宅療養支援,在支
R7,01,北海道,0119,十勝,R7-0119-26,二次救急,二次
R7,01,北海道,0119,十勝,R7-0119-26,在宅療養支援,在支
R7,01,北海道,0119,十勝,R7-0119-27,在宅療養支援,在支
R7,01,北海道,0119,十勝,R7-0119-30,二次救急,二次
R7,01,北海道,0119,十勝,R7-0119-30,在宅療養支援,在支
R7,01,北海道,0119,十勝,R7-0119-32,在宅療養支援,在支
R7,01,北海道,0119,十勝,R7-0119-33,二次救急,二次
R7,01,北海道,0119,十勝,R7-0119-34,二次救急,二次
R7,01,北海道,0119,十勝,R7-0119-34,在宅療養支援,在支
R7,01,北海道,0119,十勝,R7-0119-36,在宅療養支援,在支
R7,01,北海道,0119,十勝,R7-0119-42,在宅療養支援,在支
R7,01,北海道,0119,十勝,R7-0119-44,在宅療養支援,在支
R7,01,北海道,0119,十勝,R7-0119-45,在宅療養支援,在支
R7,01,北海道,0119,十勝,R7-0119-46,在宅療養支援,在支
R7,01,北海道,0119,十勝,R7-0119-54,在宅療養支援,在支
R7,01,北海道,0120,釧路,R7-0120-14,地域支援,地
R7,01,北海道,0120,釧路,R7-0120-14,三次救急,三次
R7,01,北海道,0120,釧路,R7-0120-14,二次救急,二次
R7,01,北海道,0120,釧路,R7-0120-15,二次救急,二次
R7,01,北海道,0120,釧路,R7-0120-16,地域支援,地
R7,01,北海道,0120,釧路,R7-0120-16,二次救急,二次
R7,01,北海道,0120,釧路,R7-0120-18,二次救急,二次
R7,01,北海道,0120,釧路,R7-0120-19,二次救急,二次
R7,01,北海道,0120,釧路,R7-0120-19,在宅療養支援,在支
R7,01,北海道,0120,釧路,R7-0120-22,二次救急,二次
R7,01,北海道,0120,釧路,R7-0120-23,在宅療養支援,在支
R7,01,北海道,0120,釧路,R7-0120-26,在宅療養支援,在支
R7,01,北海道,0120,釧路,R7-0120-27,二次救急,二次
R7,01,北海道,0120,釧路,R7-0120-29,二次救急,二次
R7,01,北海道,0121,根室,R7-0121-14,二次救急,二次
R7,01,北海道,0121,根室,R7-0121-14,在宅療養支援,在支
R7,01,北海道,0121,根室,R7-0121-15,二次救急,二次
R7,01,北海道,0121,根室,R7-0121-15,在宅療養支援,在支
R7,01,北海道,0121,根室,R7-0121-16,二次救急,二次
R7,01,北海道,0121,根室,R7-0121-18,二次救急,二次
R7,02,青森県,0201,津軽地域,R7-0201-14,特定機能,特
R7,02,青森県,0201,津軽地域,R7-0201-14,三次救急,三次
R7,02,青森県,0201,津軽地域,R7-0201-14,二次救急,二次
R7,02,青森県,0201,津軽地域,R7-0201-15,地域支援,地
R7,02,青森県,0201,津軽地域,R7-0201-15,二次救急,二次
R7,02,青森県,0201,津軽地域,R7-0201-16,二次救急,二次
R7,02,青森県,0201,津軽地域,R7-0201-19,二次救急,二次
R7,02,青森県,0201,津軽地域,R7-0201-22,二次救急,二次
R7,02,青森県,0201,津軽地域,R7-0201-22,在宅療養支援,在支
R7,02,青森県,0201,津軽地域,R7-0201-23,二次救急,二次
R7,02,青森県,0201,津軽地域,R7-0201-26,二次救急,二次
R7,02,青森県,0201,津軽地域,R7-0201-27,二次救急,二次
R7,02,青森県,0201,津軽地域,R7-0201-27,在宅療養支援,在支
R7,02,青森県,0201,津軽地域,R7-0201-28,二次救急,二次
R7,02,青森県,0201,津軽地域,R7-0201-28,在宅療養支援,在支
R7,02,青森県,0201,津軽地域,R7-0201-30,在宅療養支援,在支
R7,02,青森県,0201,津軽地域,R7-0201-31,在宅療養支援,在支
R7,02,青森県,0201,津軽地域,R7-0201-36,在宅療養支援,在支
R7,02,青森県,0201,津軽地域,R7-0201-37,在宅療養支援,在支
R7,02,青森県,0201,津軽地域,R7-0201-41,在宅療養支援,在支
R7,02,青森県,0201,津軽地域,R7-0201-42,在宅療養支援,在支
R7,02,青森県,0201,津軽地域,R7-0201-48,在宅療養支援,在支
R7,02,青森県,0201,津軽地域,R7-0201-58,在宅療養支援,在支
R7,02,青森県,0202,八戸地域,R7-0202-14,地域支援,地
R7,02,青森県,0202,八戸地域,R7-0202-14,三次救急,三次
R7,02,青森県,0202,八戸地域,R7-0202-14,二次救急,二次
R7,02,青森県,0202,八戸地域,R7-0202-15,地域支援,地
R7,02,青森県,0202,八戸地域,R7-0202-15,二次救急,二次
R7,02,青森県,0202,八戸地域,R7-0202-16,地域支援,地
R7,02,青森県,0202,八戸地域,R7-0202-16,二次救急,二次
R7,02,青森県,0202,八戸地域,R7-0202-17,二次救急,二次
R7,02,青森県,0202,八戸地域,R7-0202-17,在宅療養支援,在支
R7,02,青森県,0202,八戸地域,R7-0202-21,二次救急,二次
R7,02,青森県,0202,八戸地域,R7-0202-23,二次救急,二次
R7,02,青森県,0202,八戸地域,R7-0202-23,在宅療養支援,在支
R7,02,青森県,0202,八戸地域,R7-0202-25,二次救急,二次
R7,02,青森県,0202,八戸地域,R7-0202-28,二次救急,二次
R7,02,青森県,0202,八戸地域,R7-0202-29,二次救急,二次
R7,02,青森県,0202,八戸地域,R7-0202-29,在宅療養支援,在支
R7,02,青森県,0202,八戸地域,R7-0202-31,在宅療養支援,在支
R7,02,青森県,0202,八戸地域,R7-0202-35,在宅療養支援,在支
R7,02,青森県,0202,八戸地域,R7-0202-53,在宅療養支援,在支
R7,02,青森県,0203,青森地域,R7-0203-14,地域支援,地
R7,02,青森県,0203,青森地域,R7-0203-14,三次救急,三次
R7,02,青森県,0203,青森地域,R7-0203-14,二次救急,二次
R7,02,青森県,0203,青森地域,R7-0203-15,地域支援,地
R7,02,青森県,0203,青森地域,R7-0203-15,二次救急,二次
R7,02,青森県,0203,青森地域,R7-0203-17,二次救急,二次
R7,02,青森県,0203,青森地域,R7-0203-18,二次救急,二次
R7,02,青森県,0203,青森地域,R7-0203-20,二次救急,二次
R7,02,青森県,0203,青森地域,R7-0203-21,二次救急,二次
R7,02,青森県,0203,青森地域,R7-0203-21,在宅療養支援,在支
R7,02,青森県,0203,青森地域,R7-0203-23,二次救急,二次
R7,02,青森県,0203,青森地域,R7-0203-23,在宅療養支援,在支
R7,02,青森県,0203,青森地域,R7-0203-24,在宅療養支援,在支
R7,02,青森県,0203,青森地域,R7-0203-25,在宅療養支援,在支
R7,02,青森県,0203,青森地域,R7-0203-29,二次救急,二次
R7,02,青森県,0203,青森地域,R7-0203-29,在宅療養支援,在支
R7,02,青森県,0203,青森地域,R7-0203-30,在宅療養支援,在支
R7,02,青森県,0203,青森地域,R7-0203-31,在宅療養支援,在支
R7,02,青森県,0203,青森地域,R7-0203-32,在宅療養支援,在支
R7,02,青森県,0203,青森地域,R7-0203-45,在宅療養支援,在支
R7,02,青森県,0203,青森地域,R7-0203-46,在宅療養支援,在支
R7,02,青森県,0203,青森地域,R7-0203-53,在宅療養支援,在支
R7,02,青森県,0204,西北五地域,R7-0204-14,二次救急,二次
R7,02,青森県,0204,西北五地域,R7-0204-16,二次救急,二次
R7,02,青森県,0204,西北五地域,R7-0204-16,在宅療養支援,在支
R7,02,青森県,0204,西北五地域,R7-0204-17,二次救急,二次
R7,02,青森県,0204,西北五地域,R7-0204-17,在宅療養支援,在支
R7,02,青森県,0205,上十三地域,R7-0205-14,地域支援,地
R7,02,青森県,0205,上十三地域,R7-0205-14,二次救急,二次
R7,02,青森県,0205,上十三地域,R7-0205-15,二次救急,二次
R7,02,青森県,0205,上十三地域,R7-0205-15,在宅療養支援,在支
R7,02,青森県,0205,上十三地域,R7-0205-16,二次救急,二次
R7,02,青森県,0205,上十三地域,R7-0205-16,在宅療養支援,在支
R7,02,青森県,0205,上十三地域,R7-0205-19,二次救急,二次
R7,02,青森県,0205,上十三地域,R7-0205-20,二次救急,二次
R7,02,青森県,0205,上十三地域,R7-0205-25,在宅療養支援,在支
R7,02,青森県,0205,上十三地域,R7-0205-33,在宅療養支援,在支
R7,02,青森県,0206,下北地域,R7-0206-14,二次救急,二次
R7,02,青森県,0206,下北地域,R7-0206-16,二次救急,二次
R7,02,青森県,0206,下北地域,R7-0206-16,在宅療養支援,在支
R7,02,青森県,0206,下北地域,R7-0206-18,在宅療養支援,在支
R7,03,岩手県,0301,盛岡,R7-0301-14,特定機能,特
R7,03,岩手県,0301,盛岡,R7-0301-14,三次救急,三次
R7,03,岩手県,0301,盛岡,R7-0301-14,二次救急,二次
R7,03,岩手県,0301,盛岡,R7-0301-15,地域支援,地
R7,03,岩手県,0301,盛岡,R7-0301-15,三次救急,三次
R7,03,岩手県,0301,盛岡,R7-0301-15,二次救急,二次
R7,03,岩手県,0301,盛岡,R7-0301-16,二次救急,二次
R7,03,岩手県,0301,盛岡,R7-0301-17,地域支援,地
R7,03,岩手県,0301,盛岡,R7-0301-17,二次救急,二次
R7,03,岩手県,0301,盛岡,R7-0301-18,二次救急,二次
R7,03,岩手県,0301,盛岡,R7-0301-19,二次救急,二次
R7,03,岩手県,0301,盛岡,R7-0301-22,二次救急,二次
R7,03,岩手県,0301,盛岡,R7-0301-22,在宅療養支援,在支
R7,03,岩手県,0301,盛岡,R7-0301-24,二次救急,二次
R7,03,岩手県,0301,盛岡,R7-0301-26,二次救急,二次
R7,03,岩手県,0301,盛岡,R7-0301-26,在宅療養支援,在支
R7,03,岩手県,0301,盛岡,R7-0301-29,二次救急,二次
R7,03,岩手県,0301,盛岡,R7-0301-29,在宅療養支援,在支
R7,03,岩手県,0301,盛岡,R7-0301-30,二次救急,二次
R7,03,岩手県,0301,盛岡,R7-0301-31,二次救急,二次
R7,03,岩手県,0301,盛岡,R7-0301-31,在宅療養支援,在支
R7,03,岩手県,0301,盛岡,R7-0301-32,在宅療養支援,在支
R7,03,岩手県,0301,盛岡,R7-0301-33,二次救急,二次
R7,03,岩手県,0301,盛岡,R7-0301-33,在宅療養支援,在支
R7,03,岩手県,0301,盛岡,R7-0301-34,在宅療養支援,在支
R7,03,岩手県,0301,盛岡,R7-0301-35,二次救急,二次
R7,03,岩手県,0301,盛岡,R7-0301-35,在宅療養支援,在支
R7,03,岩手県,0301,盛岡,R7-0301-37,在宅療養支援,在支
R7,03,岩手県,0301,盛岡,R7-0301-38,在宅療養支援,在支
R7,03,岩手県,0301,盛岡,R7-0301-40,二次救急,二次
R7,03,岩手県,0301,盛岡,R7-0301-42,二次救急,二次
R7,03,岩手県,0301,盛岡,R7-0301-42,在宅療養支援,在支
R7,03,岩手県,0301,盛岡,R7-0301-46,在宅療養支援,在支
R7,03,岩手県,0301,盛岡,R7-0301-49,在宅療養支援,在支
R7,03,岩手県,0301,盛岡,R7-0301-56,在宅療養支援,在支
R7,03,岩手県,0302,岩手中部,R7-0302-14,地域支援,地
R7,03,岩手県,0302,岩手中部,R7-0302-14,二次救急,二次
R7,03,岩手県,0302,岩手中部,R7-0302-15,二次救急,二次
R7,03,岩手県,0302,岩手中部,R7-0302-15,在宅療養支援,在支
R7,03,岩手県,0302,岩手中部,R7-0302-17,二次救急,二次
R7,03,岩手県,0302,岩手中部,R7-0302-19,二次救急,二次
R7,03,岩手県,0302,岩手中部,R7-0302-19,在宅療養支援,在支
R7,03,岩手県,0302,岩手中部,R7-0302-20,在宅療養支援,在支
R7,03,岩手県,0302,岩手中部,R7-0302-22,二次救急,二次
R7,03,岩手県,0302,岩手中部,R7-0302-22,在宅療養支援,在支
R7,03,岩手県,0302,岩手中部,R7-0302-23,在宅療養支援,在支
R7,03,岩手県,0302,岩手中部,R7-0302-25,在宅療養支援,在支
R7,03,岩手県,0303,胆江,R7-0303-14,地域支援,地
R7,03,岩手県,0303,胆江,R7-0303-14,二次救急,二次
R7,03,岩手県,0303,胆江,R7-0303-17,二次救急,二次
R7,03,岩手県,0303,胆江,R7-0303-18,二次救急,二次
R7,03,岩手県,0303,胆江,R7-0303-19,二次救急,二次
R7,03,岩手県,0303,胆江,R7-0303-19,在宅療養支援,在支
R7,03,岩手県,0303,胆江,R7-0303-20,二次救急,二次
R7,03,岩手県,0303,胆江,R7-0303-20,在宅療養支援,在支
R7,03,岩手県,0304,両磐,R7-0304-14,地域支援,地
R7,03,岩手県,0304,両磐,R7-0304-14,二次救急,二次
R7,03,岩手県,0304,両磐,R7-0304-15,二次救急,二次
R7,03,岩手県,0304,両磐,R7-0304-16,二次救急,二次
R7,03,岩手県,0304,両磐,R7-0304-16,在宅療養支援,在支
R7,03,岩手県,0304,両磐,R7-0304-17,二次救急,二次
R7,03,岩手県,0304,両磐,R7-0304-17,在宅療養支援,在支
R7,03,岩手県,0304,両磐,R7-0304-18,二次救急,二次
R7,03,岩手県,0304,両磐,R7-0304-18,在宅療養支援,在支
R7,03,岩手県,0304,両磐,R7-0304-19,二次救急,二次
R7,03,岩手県,0304,両磐,R7-0304-19,在宅療養支援,在支
R7,03,岩手県,0304,両磐,R7-0304-20,在宅療養支援,在支
R7,03,岩手県,0304,両磐,R7-0304-22,在宅療養支援,在支
R7,03,岩手県,0305,気仙,R7-0305-14,三次救急,三次
R7,03,岩手県,0305,気仙,R7-0305-14,二次救急,二次
R7,03,岩手県,0305,気仙,R7-0305-16,在宅療養支援,在支
R7,03,岩手県,0306,釜石,R7-0306-14,二次救急,二次
R7,03,岩手県,0306,釜石,R7-0306-14,在宅療養支援,在支
R7,03,岩手県,0306,釜石,R7-0306-18,在宅療養支援,在支
R7,03,岩手県,0306,釜石,R7-0306-19,在宅療養支援,在支
R7,03,岩手県,0307,宮古,R7-0307-14,地域支援,地
R7,03,岩手県,0307,宮古,R7-0307-14,二次救急,二次
R7,03,岩手県,0307,宮古,R7-0307-16,二次救急,二次
R7,03,岩手県,0307,宮古,R7-0307-18,在宅療養支援,在支
R7,03,岩手県,0308,久慈,R7-0308-14,三次救急,三次
R7,03,岩手県,0308,久慈,R7-0308-14,二次救急,二次
R7,03,岩手県,0308,久慈,R7-0308-16,二次救急,二次
R7,03,岩手県,0308,久慈,R7-0308-19,在宅療養支援,在支
R7,03,岩手県,0309,二戸,R7-0309-14,二次救急,二次
R7,03,岩手県,0309,二戸,R7-0309-15,二次救急,二次
R7,03,岩手県,0309,二戸,R7-0309-15,在宅療養支援,在支
R7,03,岩手県,0309,二戸,R7-0309-16,二次救急,二次
R7,03,岩手県,0309,二戸,R7-0309-16,在宅療養支援,在支
R7,04,宮城県,0401,仙南,R7-0401-14,地域支援,地
R7,04,宮城県,0401,仙南,R7-0401-14,三次救急,三次
R7,04,宮城県,0401,仙南,R7-0401-14,二次救急,二次
R7,04,宮城県,0401,仙南,R7-0401-15,二次救急,二次
R7,04,宮城県,0401,仙南,R7-0401-15,在宅療養支援,在支
R7,04,宮城県,0401,仙南,R7-0401-16,二次救急,二次
R7,04,宮城県,0401,仙南,R7-0401-17,在宅療養支援,在支
R7,04,宮城県,0401,仙南,R7-0401-18,在宅療養支援,在支
R7,04,宮城県,0401,仙南,R7-0401-19,二次救急,二次
R7,04,宮城県,0401,仙南,R7-0401-19,在宅療養支援,在支
R7,04,宮城県,0401,仙南,R7-0401-20,二次救急,二次
R7,04,宮城県,0401,仙南,R7-0401-22,在宅療養支援,在支
R7,04,宮城県,0401,仙南,R7-0401-23,二次救急,二次
R7,04,宮城県,0401,仙南,R7-0401-24,在宅療養支援,在支
R7,04,宮城県,0403,仙台,R7-0403-14,特定機能,特
R7,04,宮城県,0403,仙台,R7-0403-14,三次救急,三次
R7,04,宮城県,0403,仙台,R7-0403-15,地域支援,地
R7,04,宮城県,0403,仙台,R7-0403-15,三次救急,三次
R7,04,宮城県,0403,仙台,R7-0403-15,二次救急,二次
R7,04,宮城県,0403,仙台,R7-0403-16,地域支援,地
R7,04,宮城県,0403,仙台,R7-0403-16,二次救急,二次
R7,04,宮城県,0403,仙台,R7-0403-17,地域支援,地
R7,04,宮城県,0403,仙台,R7-0403-17,二次救急,二次
R7,04,宮城県,0403,仙台,R7-0403-18,地域支援,地
R7,04,宮城県,0403,仙台,R7-0403-18,三次救急,三次
R7,04,宮城県,0403,仙台,R7-0403-18,二次救急,二次
R7,04,宮城県,0403,仙台,R7-0403-20,地域支援,地
R7,04,宮城県,0403,仙台,R7-0403-20,二次救急,二次
R7,04,宮城県,0403,仙台,R7-0403-21,地域支援,地
R7,04,宮城県,0403,仙台,R7-0403-21,二次救急,二次
R7,04,宮城県,0403,仙台,R7-0403-22,地域支援,地
R7,04,宮城県,0403,仙台,R7-0403-22,二次救急,二次
R7,04,宮城県,0403,仙台,R7-0403-23,地域支援,地
R7,04,宮城県,0403,仙台,R7-0403-23,二次救急,二次
R7,04,宮城県,0403,仙台,R7-0403-25,地域支援,地
R7,04,宮城県,0403,仙台,R7-0403-25,二次救急,二次
R7,04,宮城県,0403,仙台,R7-0403-26,二次救急,二次
R7,04,宮城県,0403,仙台,R7-0403-28,地域支援,地
R7,04,宮城県,0403,仙台,R7-0403-28,二次救急,二次
R7,04,宮城県,0403,仙台,R7-0403-29,二次救急,二次
R7,04,宮城県,0403,仙台,R7-0403-30,二次救急,二次
R7,04,宮城県,0403,仙台,R7-0403-31,地域支援,地
R7,04,宮城県,0403,仙台,R7-0403-31,二次救急,二次
R7,04,宮城県,0403,仙台,R7-0403-32,二次救急,二次
R7,04,宮城県,0403,仙台,R7-0403-33,二次救急,二次
R7,04,宮城県,0403,仙台,R7-0403-34,二次救急,二次
R7,04,宮城県,0403,仙台,R7-0403-34,在宅療養支援,在支
R7,04,宮城県,0403,仙台,R7-0403-35,二次救急,二次
R7,04,宮城県,0403,仙台,R7-0403-35,在宅療養支援,在支
R7,04,宮城県,0403,仙台,R7-0403-37,二次救急,二次
R7,04,宮城県,0403,仙台,R7-0403-37,在宅療養支援,在支
R7,04,宮城県,0403,仙台,R7-0403-39,二次救急,二次
R7,04,宮城県,0403,仙台,R7-0403-39,在宅療養支援,在支
R7,04,宮城県,0403,仙台,R7-0403-40,二次救急,二次
R7,04,宮城県,0403,仙台,R7-0403-40,在宅療養支援,在支
R7,04,宮城県,0403,仙台,R7-0403-42,二次救急,二次
R7,04,宮城県,0403,仙台,R7-0403-42,在宅療養支援,在支
R7,04,宮城県,0403,仙台,R7-0403-44,在宅療養支援,在支
R7,04,宮城県,0403,仙台,R7-0403-45,二次救急,二次
R7,04,宮城県,0403,仙台,R7-0403-46,二次救急,二次
R7,04,宮城県,0403,仙台,R7-0403-47,二次救急,二次
R7,04,宮城県,0403,仙台,R7-0403-47,在宅療養支援,在支
R7,04,宮城県,0403,仙台,R7-0403-50,二次救急,二次
R7,04,宮城県,0403,仙台,R7-0403-51,二次救急,二次
R7,04,宮城県,0403,仙台,R7-0403-51,在宅療養支援,在支
R7,04,宮城県,0403,仙台,R7-0403-53,二次救急,二次
R7,04,宮城県,0403,仙台,R7-0403-54,二次救急,二次
R7,04,宮城県,0403,仙台,R7-0403-56,在宅療養支援,在支
R7,04,宮城県,0403,仙台,R7-0403-57,二次救急,二次
R7,04,宮城県,0403,仙台,R7-0403-59,二次救急,二次
R7,04,宮城県,0403,仙台,R7-0403-59,在宅療養支援,在支
R7,04,宮城県,0403,仙台,R7-0403-63,在宅療養支援,在支
R7,04,宮城県,0403,仙台,R7-0403-65,二次救急,二次
R7,04,宮城県,0403,仙台,R7-0403-66,二次救急,二次
R7,04,宮城県,0403,仙台,R7-0403-69,二次救急,二次
R7,04,宮城県,0403,仙台,R7-0403-71,二次救急,二次
R7,04,宮城県,0403,仙台,R7-0403-79,在宅療養支援,在支
R7,04,宮城県,0403,仙台,R7-0403-82,在宅療養支援,在支
R7,04,宮城県,0403,仙台,R7-0403-85,在宅療養支援,在支
R7,04,宮城県,0403,仙台,R7-0403-94,在宅療養支援,在支
R7,04,宮城県,0403,仙台,R7-0403-99,在宅療養支援,在支
R7,04,宮城県,0403,仙台,R7-0403-102,在宅療養支援,在支
R7,04,宮城県,0406,大崎・栗原,R7-0406-14,地域支援,地
R7,04,宮城県,0406,大崎・栗原,R7-0406-14,三次救急,三次
R7,04,宮城県,0406,大崎・栗原,R7-0406-14,二次救急,二次
R7,04,宮城県,0406,大崎・栗原,R7-0406-16,二次救急,二次
R7,04,宮城県,0406,大崎・栗原,R7-0406-17,二次救急,二次
R7,04,宮城県,0406,大崎・栗原,R7-0406-17,在宅療養支援,在支
R7,04,宮城県,0406,大崎・栗原,R7-0406-18,二次救急,二次
R7,04,宮城県,0406,大崎・栗原,R7-0406-19,二次救急,二次
R7,04,宮城県,0406,大崎・栗原,R7-0406-20,二次救急,二次
R7,04,宮城県,0406,大崎・栗原,R7-0406-21,二次救急,二次
R7,04,宮城県,0406,大崎・栗原,R7-0406-21,在宅療養支援,在支
R7,04,宮城県,0406,大崎・栗原,R7-0406-22,二次救急,二次
R7,04,宮城県,0406,大崎・栗原,R7-0406-22,在宅療養支援,在支
R7,04,宮城県,0406,大崎・栗原,R7-0406-23,二次救急,二次
R7,04,宮城県,0406,大崎・栗原,R7-0406-24,二次救急,二次
R7,04,宮城県,0406,大崎・栗原,R7-0406-24,在宅療養支援,在支
R7,04,宮城県,0406,大崎・栗原,R7-0406-26,二次救急,二次
R7,04,宮城県,0406,大崎・栗原,R7-0406-26,在宅療養支援,在支
R7,04,宮城県,0406,大崎・栗原,R7-0406-28,二次救急,二次
R7,04,宮城県,0406,大崎・栗原,R7-0406-28,在宅療養支援,在支
R7,04,宮城県,0406,大崎・栗原,R7-0406-29,二次救急,二次
R7,04,宮城県,0406,大崎・栗原,R7-0406-30,二次救急,二次
R7,04,宮城県,0406,大崎・栗原,R7-0406-31,二次救急,二次
R7,04,宮城県,0406,大崎・栗原,R7-0406-32,二次救急,二次
R7,04,宮城県,0406,大崎・栗原,R7-0406-32,在宅療養支援,在支
R7,04,宮城県,0406,大崎・栗原,R7-0406-33,二次救急,二次
R7,04,宮城県,0406,大崎・栗原,R7-0406-33,在宅療養支援,在支
R7,04,宮城県,0406,大崎・栗原,R7-0406-34,二次救急,二次
R7,04,宮城県,0406,大崎・栗原,R7-0406-35,在宅療養支援,在支
R7,04,宮城県,0409,石巻・登米・気仙沼,R7-0409-14,地域支援,地
R7,04,宮城県,0409,石巻・登米・気仙沼,R7-0409-14,三次救急,三次
R7,04,宮城県,0409,石巻・登米・気仙沼,R7-0409-14,二次救急,二次
R7,04,宮城県,0409,石巻・登米・気仙沼,R7-0409-15,二次救急,二次
R7,04,宮城県,0409,石巻・登米・気仙沼,R7-0409-17,二次救急,二次
R7,04,宮城県,0409,石巻・登米・気仙沼,R7-0409-19,二次救急,二次
R7,04,宮城県,0409,石巻・登米・気仙沼,R7-0409-19,在宅療養支援,在支
R7,04,宮城県,0409,石巻・登米・気仙沼,R7-0409-20,二次救急,二次
R7,04,宮城県,0409,石巻・登米・気仙沼,R7-0409-22,二次救急,二次
R7,04,宮城県,0409,石巻・登米・気仙沼,R7-0409-22,在宅療養支援,在支
R7,04,宮城県,0409,石巻・登米・気仙沼,R7-0409-23,二次救急,二次
R7,04,宮城県,0409,石巻・登米・気仙沼,R7-0409-24,二次救急,二次
R7,04,宮城県,0409,石巻・登米・気仙沼,R7-0409-25,二次救急,二次
R7,04,宮城県,0409,石巻・登米・気仙沼,R7-0409-26,二次救急,二次
R7,04,宮城県,0409,石巻・登米・気仙沼,R7-0409-26,在宅療養支援,在支
R7,04,宮城県,0409,石巻・登米・気仙沼,R7-0409-27,二次救急,二次
R7,04,宮城県,0409,石巻・登米・気仙沼,R7-0409-28,在宅療養支援,在支
R7,04,宮城県,0409,石巻・登米・気仙沼,R7-0409-32,在宅療養支援,在支
R7,04,宮城県,0409,石巻・登米・気仙沼,R7-0409-35,在宅療養支援,在支
R7,05,秋田県,0501,大館・鹿角,R7-0501-14,二次救急,二次
R7,05,秋田県,0501,大館・鹿角,R7-0501-16,二次救急,二次
R7,05,秋田県,0501,大館・鹿角,R7-0501-17,在宅療養支援,在支
R7,05,秋田県,0501,大館・鹿角,R7-0501-20,在宅療養支援,在支
R7,05,秋田県,0501,大館・鹿角,R7-0501-22,在宅療養支援,在支
R7,05,秋田県,0502,北秋田,R7-0502-14,二次救急,二次
R7,05,秋田県,0503,能代・山本,R7-0503-14,二次救急,二次
R7,05,秋田県,0503,能代・山本,R7-0503-15,地域支援,地
R7,05,秋田県,0503,能代・山本,R7-0503-15,二次救急,二次
R7,05,秋田県,0503,能代・山本,R7-0503-15,在宅療養支援,在支
R7,05,秋田県,0503,能代・山本,R7-0503-16,二次救急,二次
R7,05,秋田県,0504,秋田周辺,R7-0504-14,特定機能,特
R7,05,秋田県,0504,秋田周辺,R7-0504-14,三次救急,三次
R7,05,秋田県,0504,秋田周辺,R7-0504-14,二次救急,二次
R7,05,秋田県,0504,秋田周辺,R7-0504-15,二次救急,二次
R7,05,秋田県,0504,秋田周辺,R7-0504-16,地域支援,地
R7,05,秋田県,0504,秋田周辺,R7-0504-16,三次救急,三次
R7,05,秋田県,0504,秋田周辺,R7-0504-16,二次救急,二次
R7,05,秋田県,0504,秋田周辺,R7-0504-17,二次救急,二次
R7,05,秋田県,0504,秋田周辺,R7-0504-18,二次救急,二次
R7,05,秋田県,0504,秋田周辺,R7-0504-21,三次救急,三次
R7,05,秋田県,0504,秋田周辺,R7-0504-21,二次救急,二次
R7,05,秋田県,0504,秋田周辺,R7-0504-21,在宅療養支援,在支
R7,05,秋田県,0504,秋田周辺,R7-0504-22,在宅療養支援,在支
R7,05,秋田県,0504,秋田周辺,R7-0504-24,二次救急,二次
R7,05,秋田県,0504,秋田周辺,R7-0504-24,在宅療養支援,在支
R7,05,秋田県,0504,秋田周辺,R7-0504-25,在宅療養支援,在支
R7,05,秋田県,0504,秋田周辺,R7-0504-26,二次救急,二次
R7,05,秋田県,0504,秋田周辺,R7-0504-26,在宅療養支援,在支
R7,05,秋田県,0504,秋田周辺,R7-0504-27,在宅療養支援,在支
R7,05,秋田県,0504,秋田周辺,R7-0504-29,在宅療養支援,在支
R7,05,秋田県,0504,秋田周辺,R7-0504-30,在宅療養支援,在支
R7,05,秋田県,0504,秋田周辺,R7-0504-31,在宅療養支援,在支
R7,05,秋田県,0504,秋田周辺,R7-0504-32,在宅療養支援,在支
R7,05,秋田県,0504,秋田周辺,R7-0504-35,在宅療養支援,在支
R7,05,秋田県,0504,秋田周辺,R7-0504-38,在宅療養支援,在支
R7,05,秋田県,0504,秋田周辺,R7-0504-48,在宅療養支援,在支
R7,05,秋田県,0505,由利本荘・にかほ,R7-0505-14,二次救急,二次
R7,05,秋田県,0505,由利本荘・にかほ,R7-0505-16,二次救急,二次
R7,05,秋田県,0505,由利本荘・にかほ,R7-0505-16,在宅療養支援,在支
R7,05,秋田県,0505,由利本荘・にかほ,R7-0505-17,二次救急,二次
R7,05,秋田県,0505,由利本荘・にかほ,R7-0505-18,在宅療養支援,在支
R7,05,秋田県,0506,大仙・仙北,R7-0506-14,二次救急,二次
R7,05,秋田県,0506,大仙・仙北,R7-0506-15,二次救急,二次
R7,05,秋田県,0506,大仙・仙北,R7-0506-16,二次救急,二次
R7,05,秋田県,0506,大仙・仙北,R7-0506-16,在宅療養支援,在支
R7,05,秋田県,0507,横手,R7-0507-14,二次救急,二次
R7,05,秋田県,0507,横手,R7-0507-15,二次救急,二次
R7,05,秋田県,0507,横手,R7-0507-16,二次救急,二次
R7,05,秋田県,0507,横手,R7-0507-16,在宅療養支援,在支
R7,05,秋田県,0508,湯沢・雄勝,R7-0508-14,二次救急,二次
R7,05,秋田県,0508,湯沢・雄勝,R7-0508-15,二次救急,二次
R7,05,秋田県,0508,湯沢・雄勝,R7-0508-19,在宅療養支援,在支
R7,06,山形県,0601,村山,R7-0601-14,地域支援,地
R7,06,山形県,0601,村山,R7-0601-14,三次救急,三次
R7,06,山形県,0601,村山,R7-0601-14,二次救急,二次
R7,06,山形県,0601,村山,R7-0601-15,特定機能,特
R7,06,山形県,0601,村山,R7-0601-15,三次救急,三次
R7,06,山形県,0601,村山,R7-0601-15,二次救急,二次
R7,06,山形県,0601,村山,R7-0601-16,地域支援,地
R7,06,山形県,0601,村山,R7-0601-16,二次救急,二次
R7,06,山形県,0601,村山,R7-0601-17,地域支援,地
R7,06,山形県,0601,村山,R7-0601-17,二次救急,二次
R7,06,山形県,0601,村山,R7-0601-18,二次救急,二次
R7,06,山形県,0601,村山,R7-0601-21,二次救急,二次
R7,06,山形県,0601,村山,R7-0601-22,二次救急,二次
R7,06,山形県,0601,村山,R7-0601-23,二次救急,二次
R7,06,山形県,0601,村山,R7-0601-24,二次救急,二次
R7,06,山形県,0601,村山,R7-0601-25,二次救急,二次
R7,06,山形県,0601,村山,R7-0601-25,在宅療養支援,在支
R7,06,山形県,0601,村山,R7-0601-26,二次救急,二次
R7,06,山形県,0601,村山,R7-0601-27,在宅療養支援,在支
R7,06,山形県,0601,村山,R7-0601-29,二次救急,二次
R7,06,山形県,0601,村山,R7-0601-30,二次救急,二次
R7,06,山形県,0601,村山,R7-0601-30,在宅療養支援,在支
R7,06,山形県,0601,村山,R7-0601-32,二次救急,二次
R7,06,山形県,0601,村山,R7-0601-32,在宅療養支援,在支
R7,06,山形県,0601,村山,R7-0601-34,二次救急,二次
R7,06,山形県,0601,村山,R7-0601-34,在宅療養支援,在支
R7,06,山形県,0601,村山,R7-0601-36,在宅療養支援,在支
R7,06,山形県,0601,村山,R7-0601-46,在宅療養支援,在支
R7,06,山形県,0601,村山,R7-0601-53,在宅療養支援,在支
R7,06,山形県,0602,最上,R7-0602-14,三次救急,三次
R7,06,山形県,0602,最上,R7-0602-15,二次救急,二次
R7,06,山形県,0602,最上,R7-0602-16,二次救急,二次
R7,06,山形県,0602,最上,R7-0602-17,二次救急,二次
R7,06,山形県,0603,置賜,R7-0603-14,地域支援,地
R7,06,山形県,0603,置賜,R7-0603-14,三次救急,三次
R7,06,山形県,0603,置賜,R7-0603-14,二次救急,二次
R7,06,山形県,0603,置賜,R7-0603-15,地域支援,地
R7,06,山形県,0603,置賜,R7-0603-15,二次救急,二次
R7,06,山形県,0603,置賜,R7-0603-17,在宅療養支援,在支
R7,06,山形県,0603,置賜,R7-0603-18,二次救急,二次
R7,06,山形県,0603,置賜,R7-0603-18,在宅療養支援,在支
R7,06,山形県,0603,置賜,R7-0603-19,在宅療養支援,在支
R7,06,山形県,0603,置賜,R7-0603-21,二次救急,二次
R7,06,山形県,0603,置賜,R7-0603-21,在宅療養支援,在支
R7,06,山形県,0603,置賜,R7-0603-22,在宅療養支援,在支
R7,06,山形県,0603,置賜,R7-0603-23,在宅療養支援,在支
R7,06,山形県,0604,庄内,R7-0604-14,地域支援,地
R7,06,山形県,0604,庄内,R7-0604-14,三次救急,三次
R7,06,山形県,0604,庄内,R7-0604-14,二次救急,二次
R7,06,山形県,0604,庄内,R7-0604-15,地域支援,地
R7,06,山形県,0604,庄内,R7-0604-15,二次救急,二次
R7,06,山形県,0604,庄内,R7-0604-16,二次救急,二次
R7,06,山形県,0604,庄内,R7-0604-17,二次救急,二次
R7,06,山形県,0604,庄内,R7-0604-17,在宅療養支援,在支
R7,06,山形県,0604,庄内,R7-0604-19,二次救急,二次
R7,06,山形県,0604,庄内,R7-0604-19,在宅療養支援,在支
R7,06,山形県,0604,庄内,R7-0604-25,在宅療養支援,在支
R7,06,山形県,0604,庄内,R7-0604-26,在宅療養支援,在支
R7,06,山形県,0604,庄内,R7-0604-30,在宅療養支援,在支
R7,06,山形県,0604,庄内,R7-0604-31,在宅療養支援,在支
R7,07,福島県,0701,県北,R7-0701-14,特定機能,特
R7,07,福島県,0701,県北,R7-0701-14,三次救急,三次
R7,07,福島県,0701,県北,R7-0701-14,二次救急,二次
R7,07,福島県,0701,県北,R7-0701-15,地域支援,地
R7,07,福島県,0701,県北,R7-0701-15,二次救急,二次
R7,07,福島県,0701,県北,R7-0701-16,二次救急,二次
R7,07,福島県,0701,県北,R7-0701-17,地域支援,地
R7,07,福島県,0701,県北,R7-0701-17,二次救急,二次
R7,07,福島県,0701,県北,R7-0701-18,二次救急,二次
R7,07,福島県,0701,県北,R7-0701-19,地域支援,地
R7,07,福島県,0701,県北,R7-0701-19,二次救急,二次
R7,07,福島県,0701,県北,R7-0701-20,二次救急,二次
R7,07,福島県,0701,県北,R7-0701-21,二次救急,二次
R7,07,福島県,0701,県北,R7-0701-22,二次救急,二次
R7,07,福島県,0701,県北,R7-0701-23,二次救急,二次
R7,07,福島県,0701,県北,R7-0701-23,在宅療養支援,在支
R7,07,福島県,0701,県北,R7-0701-24,二次救急,二次
R7,07,福島県,0701,県北,R7-0701-25,二次救急,二次
R7,07,福島県,0701,県北,R7-0701-25,在宅療養支援,在支
R7,07,福島県,0701,県北,R7-0701-26,二次救急,二次
R7,07,福島県,0701,県北,R7-0701-28,二次救急,二次
R7,07,福島県,0701,県北,R7-0701-28,在宅療養支援,在支
R7,07,福島県,0701,県北,R7-0701-29,二次救急,二次
R7,07,福島県,0701,県北,R7-0701-29,在宅療養支援,在支
R7,07,福島県,0701,県北,R7-0701-30,二次救急,二次
R7,07,福島県,0701,県北,R7-0701-31,二次救急,二次
R7,07,福島県,0701,県北,R7-0701-32,在宅療養支援,在支
R7,07,福島県,0701,県北,R7-0701-33,二次救急,二次
R7,07,福島県,0701,県北,R7-0701-43,在宅療養支援,在支
R7,07,福島県,0702,県中,R7-0702-14,三次救急,三次
R7,07,福島県,0702,県中,R7-0702-14,二次救急,二次
R7,07,福島県,0702,県中,R7-0702-15,地域支援,地
R7,07,福島県,0702,県中,R7-0702-15,二次救急,二次
R7,07,福島県,0702,県中,R7-0702-16,地域支援,地
R7,07,福島県,0702,県中,R7-0702-16,二次救急,二次
R7,07,福島県,0702,県中,R7-0702-17,二次救急,二次
R7,07,福島県,0702,県中,R7-0702-17,在宅療養支援,在支
R7,07,福島県,0702,県中,R7-0702-18,二次救急,二次
R7,07,福島県,0702,県中,R7-0702-19,地域支援,地
R7,07,福島県,0702,県中,R7-0702-19,二次救急,二次
R7,07,福島県,0702,県中,R7-0702-21,在宅療養支援,在支
R7,07,福島県,0702,県中,R7-0702-22,二次救急,二次
R7,07,福島県,0702,県中,R7-0702-23,二次救急,二次
R7,07,福島県,0702,県中,R7-0702-25,二次救急,二次
R7,07,福島県,0702,県中,R7-0702-25,在宅療養支援,在支
R7,07,福島県,0702,県中,R7-0702-26,二次救急,二次
R7,07,福島県,0702,県中,R7-0702-26,在宅療養支援,在支
R7,07,福島県,0702,県中,R7-0702-28,在宅療養支援,在支
R7,07,福島県,0702,県中,R7-0702-29,二次救急,二次
R7,07,福島県,0702,県中,R7-0702-30,二次救急,二次
R7,07,福島県,0702,県中,R7-0702-30,在宅療養支援,在支
R7,07,福島県,0702,県中,R7-0702-32,在宅療養支援,在支
R7,07,福島県,0702,県中,R7-0702-50,在宅療養支援,在支
R7,07,福島県,0703,県南,R7-0703-14,二次救急,二次
R7,07,福島県,0703,県南,R7-0703-15,二次救急,二次
R7,07,福島県,0703,県南,R7-0703-16,二次救急,二次
R7,07,福島県,0703,県南,R7-0703-17,二次救急,二次
R7,07,福島県,0703,県南,R7-0703-19,在宅療養支援,在支
R7,07,福島県,0706,相双,R7-0706-14,二次救急,二次
R7,07,福島県,0706,相双,R7-0706-15,二次救急,二次
R7,07,福島県,0706,相双,R7-0706-16,二次救急,二次
R7,07,福島県,0706,相双,R7-0706-17,二次救急,二次
R7,07,福島県,0706,相双,R7-0706-17,在宅療養支援,在支
R7,07,福島県,0706,相双,R7-0706-18,二次救急,二次
R7,07,福島県,0706,相双,R7-0706-19,二次救急,二次
R7,07,福島県,0706,相双,R7-0706-19,在宅療養支援,在支
R7,07,福島県,0706,相双,R7-0706-20,二次救急,二次
R7,07,福島県,0706,相双,R7-0706-20,在宅療養支援,在支
R7,07,福島県,0706,相双,R7-0706-22,二次救急,二次
R7,07,福島県,0707,いわき,R7-0707-14,地域支援,地
R7,07,福島県,0707,いわき,R7-0707-14,三次救急,三次
R7,07,福島県,0707,いわき,R7-0707-14,二次救急,二次
R7,07,福島県,0707,いわき,R7-0707-15,地域支援,地
R7,07,福島県,0707,いわき,R7-0707-15,二次救急,二次
R7,07,福島県,0707,いわき,R7-0707-16,二次救急,二次
R7,07,福島県,0707,いわき,R7-0707-17,二次救急,二次
R7,07,福島県,0707,いわき,R7-0707-18,二次救急,二次
R7,07,福島県,0707,いわき,R7-0707-19,二次救急,二次
R7,07,福島県,0707,いわき,R7-0707-19,在宅療養支援,在支
R7,07,福島県,0707,いわき,R7-0707-20,二次救急,二次
R7,07,福島県,0707,いわき,R7-0707-20,在宅療養支援,在支
R7,07,福島県,0707,いわき,R7-0707-22,二次救急,二次
R7,07,福島県,0707,いわき,R7-0707-24,二次救急,二次
R7,07,福島県,0707,いわき,R7-0707-24,在宅療養支援,在支
R7,07,福島県,0707,いわき,R7-0707-25,二次救急,二次
R7,07,福島県,0707,いわき,R7-0707-25,在宅療養支援,在支
R7,07,福島県,0707,いわき,R7-0707-26,二次救急,二次
R7,07,福島県,0707,いわき,R7-0707-28,二次救急,二次
R7,07,福島県,0707,いわき,R7-0707-28,在宅療養支援,在支
R7,07,福島県,0707,いわき,R7-0707-30,二次救急,二次
R7,07,福島県,0707,いわき,R7-0707-33,在宅療養支援,在支
R7,07,福島県,0708,会津・南会津,R7-0708-14,三次救急,三次
R7,07,福島県,0708,会津・南会津,R7-0708-14,二次救急,二次
R7,07,福島県,0708,会津・南会津,R7-0708-15,地域支援,地
R7,07,福島県,0708,会津・南会津,R7-0708-15,二次救急,二次
R7,07,福島県,0708,会津・南会津,R7-0708-16,二次救急,二次
R7,07,福島県,0708,会津・南会津,R7-0708-17,二次救急,二次
R7,07,福島県,0708,会津・南会津,R7-0708-18,二次救急,二次
R7,07,福島県,0708,会津・南会津,R7-0708-19,二次救急,二次
R7,07,福島県,0708,会津・南会津,R7-0708-22,二次救急,二次
R7,07,福島県,0708,会津・南会津,R7-0708-27,二次救急,二次
R7,07,福島県,0708,会津・南会津,R7-0708-27,在宅療養支援,在支
R7,07,福島県,0708,会津・南会津,R7-0708-29,在宅療養支援,在支
R7,07,福島県,0708,会津・南会津,R7-0708-30,在宅療養支援,在支
R7,07,福島県,0708,会津・南会津,R7-0708-31,在宅療養支援,在支
R7,07,福島県,0708,会津・南会津,R7-0708-35,在宅療養支援,在支
R7,08,茨城県,0801,水戸,R7-0801-14,地域支援,地
R7,08,茨城県,0801,水戸,R7-0801-14,三次救急,三次
R7,08,茨城県,0801,水戸,R7-0801-14,二次救急,二次
R7,08,茨城県,0801,水戸,R7-0801-15,地域支援,地
R7,08,茨城県,0801,水戸,R7-0801-15,二次救急,二次
R7,08,茨城県,0801,水戸,R7-0801-16,地域支援,地
R7,08,茨城県,0801,水戸,R7-0801-16,三次救急,三次
R7,08,茨城県,0801,水戸,R7-0801-16,二次救急,二次
R7,08,茨城県,0801,水戸,R7-0801-17,地域支援,地
R7,08,茨城県,0801,水戸,R7-0801-17,二次救急,二次
R7,08,茨城県,0801,水戸,R7-0801-18,地域支援,地
R7,08,茨城県,0801,水戸,R7-0801-18,二次救急,二次
R7,08,茨城県,0801,水戸,R7-0801-19,二次救急,二次
R7,08,茨城県,0801,水戸,R7-0801-20,二次救急,二次
R7,08,茨城県,0801,水戸,R7-0801-21,二次救急,二次
R7,08,茨城県,0801,水戸,R7-0801-22,在宅療養支援,在支
R7,08,茨城県,0801,水戸,R7-0801-24,在宅療養支援,在支
R7,08,茨城県,0801,水戸,R7-0801-25,二次救急,二次
R7,08,茨城県,0801,水戸,R7-0801-26,地域支援,地
R7,08,茨城県,0801,水戸,R7-0801-27,在宅療養支援,在支
R7,08,茨城県,0801,水戸,R7-0801-29,在宅療養支援,在支
R7,08,茨城県,0801,水戸,R7-0801-30,在宅療養支援,在支
R7,08,茨城県,0801,水戸,R7-0801-32,二次救急,二次
R7,08,茨城県,0801,水戸,R7-0801-33,二次救急,二次
R7,08,茨城県,0801,水戸,R7-0801-34,二次救急,二次
R7,08,茨城県,0801,水戸,R7-0801-35,在宅療養支援,在支
R7,08,茨城県,0801,水戸,R7-0801-36,在宅療養支援,在支
R7,08,茨城県,0801,水戸,R7-0801-37,在宅療養支援,在支
R7,08,茨城県,0801,水戸,R7-0801-43,二次救急,二次
R7,08,茨城県,0801,水戸,R7-0801-48,在宅療養支援,在支
R7,08,茨城県,0801,水戸,R7-0801-53,在宅療養支援,在支
R7,08,茨城県,0801,水戸,R7-0801-59,在宅療養支援,在支
R7,08,茨城県,0802,日立,R7-0802-14,地域支援,地
R7,08,茨城県,0802,日立,R7-0802-14,三次救急,三次
R7,08,茨城県,0802,日立,R7-0802-14,二次救急,二次
R7,08,茨城県,0802,日立,R7-0802-15,二次救急,二次
R7,08,茨城県,0802,日立,R7-0802-16,二次救急,二次
R7,08,茨城県,0802,日立,R7-0802-18,二次救急,二次
R7,08,茨城県,0802,日立,R7-0802-20,在宅療養支援,在支
R7,08,茨城県,0802,日立,R7-0802-23,二次救急,二次
R7,08,茨城県,0803,常陸太田・ひたちなか,R7-0803-14,地域支援,地
R7,08,茨城県,0803,常陸太田・ひたちなか,R7-0803-14,二次救急,二次
R7,08,茨城県,0803,常陸太田・ひたちなか,R7-0803-15,地域支援,地
R7,08,茨城県,0803,常陸太田・ひたちなか,R7-0803-15,二次救急,二次
R7,08,茨城県,0803,常陸太田・ひたちなか,R7-0803-17,在宅療養支援,在支
R7,08,茨城県,0803,常陸太田・ひたちなか,R7-0803-18,二次救急,二次
R7,08,茨城県,0803,常陸太田・ひたちなか,R7-0803-18,在宅療養支援,在支
R7,08,茨城県,0803,常陸太田・ひたちなか,R7-0803-21,在宅療養支援,在支
R7,08,茨城県,0803,常陸太田・ひたちなか,R7-0803-22,二次救急,二次
R7,08,茨城県,0803,常陸太田・ひたちなか,R7-0803-22,在宅療養支援,在支
R7,08,茨城県,0803,常陸太田・ひたちなか,R7-0803-26,二次救急,二次
R7,08,茨城県,0803,常陸太田・ひたちなか,R7-0803-26,在宅療養支援,在支
R7,08,茨城県,0803,常陸太田・ひたちなか,R7-0803-27,二次救急,二次
R7,08,茨城県,0803,常陸太田・ひたちなか,R7-0803-27,在宅療養支援,在支
R7,08,茨城県,0803,常陸太田・ひたちなか,R7-0803-31,在宅療養支援,在支
R7,08,茨城県,0803,常陸太田・ひたちなか,R7-0803-32,在宅療養支援,在支
R7,08,茨城県,0803,常陸太田・ひたちなか,R7-0803-38,在宅療養支援,在支
R7,08,茨城県,0803,常陸太田・ひたちなか,R7-0803-39,在宅療養支援,在支
R7,08,茨城県,0803,常陸太田・ひたちなか,R7-0803-40,在宅療養支援,在支
R7,08,茨城県,0803,常陸太田・ひたちなか,R7-0803-42,在宅療養支援,在支
R7,08,茨城県,0803,常陸太田・ひたちなか,R7-0803-43,在宅療養支援,在支
R7,08,茨城県,0803,常陸太田・ひたちなか,R7-0803-46,在宅療養支援,在支
R7,08,茨城県,0803,常陸太田・ひたちなか,R7-0803-48,在宅療養支援,在支
R7,08,茨城県,0804,鹿行,R7-0804-14,二次救急,二次
R7,08,茨城県,0804,鹿行,R7-0804-15,二次救急,二次
R7,08,茨城県,0804,鹿行,R7-0804-17,二次救急,二次
R7,08,茨城県,0804,鹿行,R7-0804-17,在宅療養支援,在支
R7,08,茨城県,0804,鹿行,R7-0804-22,二次救急,二次
R7,08,茨城県,0804,鹿行,R7-0804-23,二次救急,二次
R7,08,茨城県,0804,鹿行,R7-0804-26,在宅療養支援,在支
R7,08,茨城県,0804,鹿行,R7-0804-30,在宅療養支援,在支
R7,08,茨城県,0805,土浦,R7-0805-14,地域支援,地
R7,08,茨城県,0805,土浦,R7-0805-14,三次救急,三次
R7,08,茨城県,0805,土浦,R7-0805-14,二次救急,二次
R7,08,茨城県,0805,土浦,R7-0805-15,地域支援,地
R7,08,茨城県,0805,土浦,R7-0805-15,二次救急,二次
R7,08,茨城県,0805,土浦,R7-0805-16,二次救急,二次
R7,08,茨城県,0805,土浦,R7-0805-16,在宅療養支援,在支
R7,08,茨城県,0805,土浦,R7-0805-17,在宅療養支援,在支
R7,08,茨城県,0805,土浦,R7-0805-18,二次救急,二次
R7,08,茨城県,0805,土浦,R7-0805-18,在宅療養支援,在支
R7,08,茨城県,0805,土浦,R7-0805-23,在宅療養支援,在支
R7,08,茨城県,0805,土浦,R7-0805-25,在宅療養支援,在支
R7,08,茨城県,0805,土浦,R7-0805-26,在宅療養支援,在支
R7,08,茨城県,0805,土浦,R7-0805-27,在宅療養支援,在支
R7,08,茨城県,0806,つくば,R7-0806-14,特定機能,特
R7,08,茨城県,0806,つくば,R7-0806-14,三次救急,三次
R7,08,茨城県,0806,つくば,R7-0806-15,地域支援,地
R7,08,茨城県,0806,つくば,R7-0806-15,二次救急,二次
R7,08,茨城県,0806,つくば,R7-0806-16,地域支援,地
R7,08,茨城県,0806,つくば,R7-0806-16,三次救急,三次
R7,08,茨城県,0806,つくば,R7-0806-16,二次救急,二次
R7,08,茨城県,0806,つくば,R7-0806-18,二次救急,二次
R7,08,茨城県,0806,つくば,R7-0806-19,二次救急,二次
R7,08,茨城県,0806,つくば,R7-0806-21,二次救急,二次
R7,08,茨城県,0806,つくば,R7-0806-21,在宅療養支援,在支
R7,08,茨城県,0806,つくば,R7-0806-22,二次救急,二次
R7,08,茨城県,0806,つくば,R7-0806-25,二次救急,二次
R7,08,茨城県,0806,つくば,R7-0806-25,在宅療養支援,在支
R7,08,茨城県,0806,つくば,R7-0806-26,在宅療養支援,在支
R7,08,茨城県,0806,つくば,R7-0806-28,在宅療養支援,在支
R7,08,茨城県,0807,取手・竜ヶ崎,R7-0807-14,地域支援,地
R7,08,茨城県,0807,取手・竜ヶ崎,R7-0807-14,二次救急,二次
R7,08,茨城県,0807,取手・竜ヶ崎,R7-0807-15,二次救急,二次
R7,08,茨城県,0807,取手・竜ヶ崎,R7-0807-16,地域支援,地
R7,08,茨城県,0807,取手・竜ヶ崎,R7-0807-16,二次救急,二次
R7,08,茨城県,0807,取手・竜ヶ崎,R7-0807-17,地域支援,地
R7,08,茨城県,0807,取手・竜ヶ崎,R7-0807-17,二次救急,二次
R7,08,茨城県,0807,取手・竜ヶ崎,R7-0807-18,地域支援,地
R7,08,茨城県,0807,取手・竜ヶ崎,R7-0807-18,二次救急,二次
R7,08,茨城県,0807,取手・竜ヶ崎,R7-0807-19,二次救急,二次
R7,08,茨城県,0807,取手・竜ヶ崎,R7-0807-20,二次救急,二次
R7,08,茨城県,0807,取手・竜ヶ崎,R7-0807-22,二次救急,二次
R7,08,茨城県,0807,取手・竜ヶ崎,R7-0807-22,在宅療養支援,在支
R7,08,茨城県,0807,取手・竜ヶ崎,R7-0807-23,地域支援,地
R7,08,茨城県,0807,取手・竜ヶ崎,R7-0807-23,二次救急,二次
R7,08,茨城県,0807,取手・竜ヶ崎,R7-0807-26,在宅療養支援,在支
R7,08,茨城県,0807,取手・竜ヶ崎,R7-0807-27,二次救急,二次
R7,08,茨城県,0807,取手・竜ヶ崎,R7-0807-27,在宅療養支援,在支
R7,08,茨城県,0807,取手・竜ヶ崎,R7-0807-28,在宅療養支援,在支
R7,08,茨城県,0807,取手・竜ヶ崎,R7-0807-30,在宅療養支援,在支
R7,08,茨城県,0807,取手・竜ヶ崎,R7-0807-32,在宅療養支援,在支
R7,08,茨城県,0807,取手・竜ヶ崎,R7-0807-33,在宅療養支援,在支
R7,08,茨城県,0808,筑西・下妻,R7-0808-14,二次救急,二次
R7,08,茨城県,0808,筑西・下妻,R7-0808-15,地域支援,地
R7,08,茨城県,0808,筑西・下妻,R7-0808-15,二次救急,二次
R7,08,茨城県,0808,筑西・下妻,R7-0808-18,二次救急,二次
R7,08,茨城県,0808,筑西・下妻,R7-0808-19,二次救急,二次
R7,08,茨城県,0808,筑西・下妻,R7-0808-20,在宅療養支援,在支
R7,08,茨城県,0808,筑西・下妻,R7-0808-21,二次救急,二次
R7,08,茨城県,0808,筑西・下妻,R7-0808-23,二次救急,二次
R7,08,茨城県,0808,筑西・下妻,R7-0808-23,在宅療養支援,在支
R7,08,茨城県,0808,筑西・下妻,R7-0808-24,在宅療養支援,在支
R7,08,茨城県,0808,筑西・下妻,R7-0808-25,在宅療養支援,在支
R7,08,茨城県,0808,筑西・下妻,R7-0808-28,在宅療養支援,在支
R7,08,茨城県,0808,筑西・下妻,R7-0808-29,在宅療養支援,在支
R7,08,茨城県,0809,古河・坂東,R7-0809-14,地域支援,地
R7,08,茨城県,0809,古河・坂東,R7-0809-14,三次救急,三次
R7,08,茨城県,0809,古河・坂東,R7-0809-15,地域支援,地
R7,08,茨城県,0809,古河・坂東,R7-0809-15,二次救急,二次
R7,08,茨城県,0809,古河・坂東,R7-0809-16,二次救急,二次
R7,08,茨城県,0809,古河・坂東,R7-0809-17,地域支援,地
R7,08,茨城県,0809,古河・坂東,R7-0809-17,二次救急,二次
R7,08,茨城県,0809,古河・坂東,R7-0809-19,三次救急,三次
R7,08,茨城県,0809,古河・坂東,R7-0809-19,二次救急,二次
R7,08,茨城県,0809,古河・坂東,R7-0809-19,在宅療養支援,在支
R7,08,茨城県,0809,古河・坂東,R7-0809-22,二次救急,二次
R7,08,茨城県,0809,古河・坂東,R7-0809-25,在宅療養支援,在支
R7,09,栃木県,0901,県北,R7-0901-14,地域支援,地
R7,09,栃木県,0901,県北,R7-0901-14,三次救急,三次
R7,09,栃木県,0901,県北,R7-0901-14,二次救急,二次
R7,09,栃木県,0901,県北,R7-0901-15,二次救急,二次
R7,09,栃木県,0901,県北,R7-0901-16,二次救急,二次
R7,09,栃木県,0901,県北,R7-0901-17,二次救急,二次
R7,09,栃木県,0901,県北,R7-0901-19,二次救急,二次
R7,09,栃木県,0901,県北,R7-0901-19,在宅療養支援,在支
R7,09,栃木県,0901,県北,R7-0901-20,二次救急,二次
R7,09,栃木県,0901,県北,R7-0901-20,在宅療養支援,在支
R7,09,栃木県,0901,県北,R7-0901-21,二次救急,二次
R7,09,栃木県,0901,県北,R7-0901-30,在宅療養支援,在支
R7,09,栃木県,0901,県北,R7-0901-32,在宅療養支援,在支
R7,09,栃木県,0901,県北,R7-0901-34,在宅療養支援,在支
R7,09,栃木県,0901,県北,R7-0901-41,在宅療養支援,在支
R7,09,栃木県,0902,県西,R7-0902-14,二次救急,二次
R7,09,栃木県,0902,県西,R7-0902-15,二次救急,二次
R7,09,栃木県,0902,県西,R7-0902-16,地域支援,地
R7,09,栃木県,0902,県西,R7-0902-16,二次救急,二次
R7,09,栃木県,0902,県西,R7-0902-17,二次救急,二次
R7,09,栃木県,0902,県西,R7-0902-17,在宅療養支援,在支
R7,09,栃木県,0902,県西,R7-0902-19,二次救急,二次
R7,09,栃木県,0902,県西,R7-0902-19,在宅療養支援,在支
R7,09,栃木県,0903,宇都宮,R7-0903-14,地域支援,地
R7,09,栃木県,0903,宇都宮,R7-0903-14,三次救急,三次
R7,09,栃木県,0903,宇都宮,R7-0903-14,二次救急,二次
R7,09,栃木県,0903,宇都宮,R7-0903-15,地域支援,地
R7,09,栃木県,0903,宇都宮,R7-0903-15,二次救急,二次
R7,09,栃木県,0903,宇都宮,R7-0903-16,地域支援,地
R7,09,栃木県,0903,宇都宮,R7-0903-16,二次救急,二次
R7,09,栃木県,0903,宇都宮,R7-0903-19,二次救急,二次
R7,09,栃木県,0903,宇都宮,R7-0903-21,二次救急,二次
R7,09,栃木県,0903,宇都宮,R7-0903-23,在宅療養支援,在支
R7,09,栃木県,0903,宇都宮,R7-0903-26,二次救急,二次
R7,09,栃木県,0903,宇都宮,R7-0903-28,在宅療養支援,在支
R7,09,栃木県,0903,宇都宮,R7-0903-40,在宅療養支援,在支
R7,09,栃木県,0903,宇都宮,R7-0903-46,在宅療養支援,在支
R7,09,栃木県,0903,宇都宮,R7-0903-55,在宅療養支援,在支
R7,09,栃木県,0904,県東,R7-0904-14,地域支援,地
R7,09,栃木県,0904,県東,R7-0904-14,二次救急,二次
R7,09,栃木県,0904,県東,R7-0904-17,二次救急,二次
R7,09,栃木県,0904,県東,R7-0904-17,在宅療養支援,在支
R7,09,栃木県,0904,県東,R7-0904-19,在宅療養支援,在支
R7,09,栃木県,0905,県南,R7-0905-14,特定機能,特
R7,09,栃木県,0905,県南,R7-0905-14,三次救急,三次
R7,09,栃木県,0905,県南,R7-0905-14,二次救急,二次
R7,09,栃木県,0905,県南,R7-0905-15,特定機能,特
R7,09,栃木県,0905,県南,R7-0905-15,三次救急,三次
R7,09,栃木県,0905,県南,R7-0905-15,二次救急,二次
R7,09,栃木県,0905,県南,R7-0905-16,地域支援,地
R7,09,栃木県,0905,県南,R7-0905-16,二次救急,二次
R7,09,栃木県,0905,県南,R7-0905-17,地域支援,地
R7,09,栃木県,0905,県南,R7-0905-17,二次救急,二次
R7,09,栃木県,0905,県南,R7-0905-20,二次救急,二次
R7,09,栃木県,0905,県南,R7-0905-20,在宅療養支援,在支
R7,09,栃木県,0905,県南,R7-0905-22,二次救急,二次
R7,09,栃木県,0905,県南,R7-0905-23,二次救急,二次
R7,09,栃木県,0905,県南,R7-0905-23,在宅療養支援,在支
R7,09,栃木県,0905,県南,R7-0905-26,二次救急,二次
R7,09,栃木県,0905,県南,R7-0905-26,在宅療養支援,在支
R7,09,栃木県,0905,県南,R7-0905-31,在宅療養支援,在支
R7,09,栃木県,0905,県南,R7-0905-48,在宅療養支援,在支
R7,09,栃木県,0906,両毛,R7-0906-14,地域支援,地
R7,09,栃木県,0906,両毛,R7-0906-14,三次救急,三次
R7,09,栃木県,0906,両毛,R7-0906-14,二次救急,二次
R7,09,栃木県,0906,両毛,R7-0906-15,地域支援,地
R7,09,栃木県,0906,両毛,R7-0906-15,二次救急,二次
R7,09,栃木県,0906,両毛,R7-0906-16,二次救急,二次
R7,09,栃木県,0906,両毛,R7-0906-19,在宅療養支援,在支
R7,09,栃木県,0906,両毛,R7-0906-20,在宅療養支援,在支
R7,09,栃木県,0906,両毛,R7-0906-23,二次救急,二次
R7,09,栃木県,0906,両毛,R7-0906-23,在宅療養支援,在支
R7,09,栃木県,0906,両毛,R7-0906-30,在宅療養支援,在支
R7,09,栃木県,0906,両毛,R7-0906-35,在宅療養支援,在支
R7,10,群馬県,1001,前橋,R7-1001-14,特定機能,特
R7,10,群馬県,1001,前橋,R7-1001-14,三次救急,三次
R7,10,群馬県,1001,前橋,R7-1001-14,二次救急,二次
R7,10,群馬県,1001,前橋,R7-1001-15,地域支援,地
R7,10,群馬県,1001,前橋,R7-1001-15,三次救急,三次
R7,10,群馬県,1001,前橋,R7-1001-15,二次救急,二次
R7,10,群馬県,1001,前橋,R7-1001-16,地域支援,地
R7,10,群馬県,1001,前橋,R7-1001-16,二次救急,二次
R7,10,群馬県,1001,前橋,R7-1001-17,地域支援,地
R7,10,群馬県,1001,前橋,R7-1001-17,二次救急,二次
R7,10,群馬県,1001,前橋,R7-1001-18,二次救急,二次
R7,10,群馬県,1001,前橋,R7-1001-19,二次救急,二次
R7,10,群馬県,1001,前橋,R7-1001-19,在宅療養支援,在支
R7,10,群馬県,1001,前橋,R7-1001-20,地域支援,地
R7,10,群馬県,1001,前橋,R7-1001-20,二次救急,二次
R7,10,群馬県,1001,前橋,R7-1001-21,二次救急,二次
R7,10,群馬県,1001,前橋,R7-1001-21,在宅療養支援,在支
R7,10,群馬県,1001,前橋,R7-1001-23,二次救急,二次
R7,10,群馬県,1001,前橋,R7-1001-25,在宅療養支援,在支
R7,10,群馬県,1001,前橋,R7-1001-27,在宅療養支援,在支
R7,10,群馬県,1001,前橋,R7-1001-29,在宅療養支援,在支
R7,10,群馬県,1001,前橋,R7-1001-36,在宅療養支援,在支
R7,10,群馬県,1001,前橋,R7-1001-38,在宅療養支援,在支
R7,10,群馬県,1001,前橋,R7-1001-44,在宅療養支援,在支
R7,10,群馬県,1002,渋川,R7-1002-14,地域支援,地
R7,10,群馬県,1002,渋川,R7-1002-14,二次救急,二次
R7,10,群馬県,1002,渋川,R7-1002-15,二次救急,二次
R7,10,群馬県,1002,渋川,R7-1002-16,二次救急,二次
R7,10,群馬県,1002,渋川,R7-1002-16,在宅療養支援,在支
R7,10,群馬県,1002,渋川,R7-1002-18,二次救急,二次
R7,10,群馬県,1002,渋川,R7-1002-20,二次救急,二次
R7,10,群馬県,1002,渋川,R7-1002-20,在宅療養支援,在支
R7,10,群馬県,1003,伊勢崎,R7-1003-14,地域支援,地
R7,10,群馬県,1003,伊勢崎,R7-1003-14,二次救急,二次
R7,10,群馬県,1003,伊勢崎,R7-1003-15,二次救急,二次
R7,10,群馬県,1003,伊勢崎,R7-1003-16,地域支援,地
R7,10,群馬県,1003,伊勢崎,R7-1003-16,二次救急,二次
R7,10,群馬県,1003,伊勢崎,R7-1003-17,二次救急,二次
R7,10,群馬県,1003,伊勢崎,R7-1003-18,二次救急,二次
R7,10,群馬県,1003,伊勢崎,R7-1003-18,在宅療養支援,在支
R7,10,群馬県,1003,伊勢崎,R7-1003-19,二次救急,二次
R7,10,群馬県,1003,伊勢崎,R7-1003-20,二次救急,二次
R7,10,群馬県,1003,伊勢崎,R7-1003-22,二次救急,二次
R7,10,群馬県,1004,高崎・安中,R7-1004-14,地域支援,地
R7,10,群馬県,1004,高崎・安中,R7-1004-14,三次救急,三次
R7,10,群馬県,1004,高崎・安中,R7-1004-14,二次救急,二次
R7,10,群馬県,1004,高崎・安中,R7-1004-15,地域支援,地
R7,10,群馬県,1004,高崎・安中,R7-1004-15,二次救急,二次
R7,10,群馬県,1004,高崎・安中,R7-1004-16,二次救急,二次
R7,10,群馬県,1004,高崎・安中,R7-1004-17,二次救急,二次
R7,10,群馬県,1004,高崎・安中,R7-1004-17,在宅療養支援,在支
R7,10,群馬県,1004,高崎・安中,R7-1004-18,二次救急,二次
R7,10,群馬県,1004,高崎・安中,R7-1004-19,二次救急,二次
R7,10,群馬県,1004,高崎・安中,R7-1004-20,二次救急,二次
R7,10,群馬県,1004,高崎・安中,R7-1004-20,在宅療養支援,在支
R7,10,群馬県,1004,高崎・安中,R7-1004-21,二次救急,二次
R7,10,群馬県,1004,高崎・安中,R7-1004-21,在宅療養支援,在支
R7,10,群馬県,1004,高崎・安中,R7-1004-22,二次救急,二次
R7,10,群馬県,1004,高崎・安中,R7-1004-22,在宅療養支援,在支
R7,10,群馬県,1004,高崎・安中,R7-1004-25,二次救急,二次
R7,10,群馬県,1004,高崎・安中,R7-1004-25,在宅療養支援,在支
R7,10,群馬県,1004,高崎・安中,R7-1004-26,二次救急,二次
R7,10,群馬県,1004,高崎・安中,R7-1004-26,在宅療養支援,在支
R7,10,群馬県,1004,高崎・安中,R7-1004-28,二次救急,二次
R7,10,群馬県,1004,高崎・安中,R7-1004-28,在宅療養支援,在支
R7,10,群馬県,1004,高崎・安中,R7-1004-29,二次救急,二次
R7,10,群馬県,1004,高崎・安中,R7-1004-31,在宅療養支援,在支
R7,10,群馬県,1004,高崎・安中,R7-1004-32,在宅療養支援,在支
R7,10,群馬県,1004,高崎・安中,R7-1004-33,二次救急,二次
R7,10,群馬県,1004,高崎・安中,R7-1004-33,在宅療養支援,在支
R7,10,群馬県,1004,高崎・安中,R7-1004-34,二次救急,二次
R7,10,群馬県,1004,高崎・安中,R7-1004-35,二次救急,二次
R7,10,群馬県,1004,高崎・安中,R7-1004-35,在宅療養支援,在支
R7,10,群馬県,1004,高崎・安中,R7-1004-38,二次救急,二次
R7,10,群馬県,1004,高崎・安中,R7-1004-38,在宅療養支援,在支
R7,10,群馬県,1004,高崎・安中,R7-1004-40,在宅療養支援,在支
R7,10,群馬県,1004,高崎・安中,R7-1004-41,在宅療養支援,在支
R7,10,群馬県,1004,高崎・安中,R7-1004-43,在宅療養支援,在支
R7,10,群馬県,1004,高崎・安中,R7-1004-45,在宅療養支援,在支
R7,10,群馬県,1004,高崎・安中,R7-1004-48,在宅療養支援,在支
R7,10,群馬県,1005,藤岡,R7-1005-14,地域支援,地
R7,10,群馬県,1005,藤岡,R7-1005-14,二次救急,二次
R7,10,群馬県,1005,藤岡,R7-1005-15,二次救急,二次
R7,10,群馬県,1005,藤岡,R7-1005-16,二次救急,二次
R7,10,群馬県,1005,藤岡,R7-1005-17,二次救急,二次
R7,10,群馬県,1005,藤岡,R7-1005-17,在宅療養支援,在支
R7,10,群馬県,1005,藤岡,R7-1005-18,二次救急,二次
R7,10,群馬県,1005,藤岡,R7-1005-18,在宅療養支援,在支
R7,10,群馬県,1006,富岡,R7-1006-14,二次救急,二次
R7,10,群馬県,1006,富岡,R7-1006-15,在宅療養支援,在支
R7,10,群馬県,1006,富岡,R7-1006-17,二次救急,二次
R7,10,群馬県,1006,富岡,R7-1006-17,在宅療養支援,在支
R7,10,群馬県,1007,吾妻,R7-1007-15,二次救急,二次
R7,10,群馬県,1007,吾妻,R7-1007-15,在宅療養支援,在支
R7,10,群馬県,1007,吾妻,R7-1007-17,二次救急,二次
R7,10,群馬県,1007,吾妻,R7-1007-18,二次救急,二次
R7,10,群馬県,1007,吾妻,R7-1007-18,在宅療養支援,在支
R7,10,群馬県,1007,吾妻,R7-1007-19,二次救急,二次
R7,10,群馬県,1007,吾妻,R7-1007-19,在宅療養支援,在支
R7,10,群馬県,1007,吾妻,R7-1007-20,二次救急,二次
R7,10,群馬県,1007,吾妻,R7-1007-20,在宅療養支援,在支
R7,10,群馬県,1008,沼田,R7-1008-14,二次救急,二次
R7,10,群馬県,1008,沼田,R7-1008-15,二次救急,二次
R7,10,群馬県,1008,沼田,R7-1008-15,在宅療養支援,在支
R7,10,群馬県,1008,沼田,R7-1008-16,二次救急,二次
R7,10,群馬県,1008,沼田,R7-1008-16,在宅療養支援,在支
R7,10,群馬県,1008,沼田,R7-1008-17,二次救急,二次
R7,10,群馬県,1008,沼田,R7-1008-17,在宅療養支援,在支
R7,10,群馬県,1008,沼田,R7-1008-18,二次救急,二次
R7,10,群馬県,1008,沼田,R7-1008-18,在宅療養支援,在支
R7,10,群馬県,1008,沼田,R7-1008-19,二次救急,二次
R7,10,群馬県,1008,沼田,R7-1008-19,在宅療養支援,在支
R7,10,群馬県,1008,沼田,R7-1008-20,二次救急,二次
R7,10,群馬県,1009,桐生,R7-1009-14,二次救急,二次
R7,10,群馬県,1009,桐生,R7-1009-15,地域支援,地
R7,10,群馬県,1009,桐生,R7-1009-15,二次救急,二次
R7,10,群馬県,1009,桐生,R7-1009-16,二次救急,二次
R7,10,群馬県,1009,桐生,R7-1009-22,二次救急,二次
R7,10,群馬県,1009,桐生,R7-1009-25,在宅療養支援,在支
R7,10,群馬県,1009,桐生,R7-1009-26,在宅療養支援,在支
R7,10,群馬県,1010,太田・館林,R7-1010-14,地域支援,地
R7,10,群馬県,1010,太田・館林,R7-1010-14,三次救急,三次
R7,10,群馬県,1010,太田・館林,R7-1010-14,二次救急,二次
R7,10,群馬県,1010,太田・館林,R7-1010-15,二次救急,二次
R7,10,群馬県,1010,太田・館林,R7-1010-16,地域支援,地
R7,10,群馬県,1010,太田・館林,R7-1010-16,二次救急,二次
R7,10,群馬県,1010,太田・館林,R7-1010-18,二次救急,二次
R7,10,群馬県,1010,太田・館林,R7-1010-19,二次救急,二次
R7,10,群馬県,1010,太田・館林,R7-1010-20,二次救急,二次
R7,10,群馬県,1010,太田・館林,R7-1010-21,二次救急,二次
R7,10,群馬県,1010,太田・館林,R7-1010-22,二次救急,二次
R7,10,群馬県,1010,太田・館林,R7-1010-22,在宅療養支援,在支
R7,10,群馬県,1010,太田・館林,R7-1010-23,在宅療養支援,在支
R7,10,群馬県,1010,太田・館林,R7-1010-25,二次救急,二次
R7,10,群馬県,1010,太田・館林,R7-1010-28,在宅療養支援,在支
R7,11,埼玉県,1101,南部,R7-1101-14,地域支援,地
R7,11,埼玉県,1101,南部,R7-1101-14,二次救急,二次
R7,11,埼玉県,1101,南部,R7-1101-15,地域支援,地
R7,11,埼玉県,1101,南部,R7-1101-15,三次救急,三次
R7,11,埼玉県,1101,南部,R7-1101-16,地域支援,地
R7,11,埼玉県,1101,南部,R7-1101-16,二次救急,二次
R7,11,埼玉県,1101,南部,R7-1101-17,二次救急,二次
R7,11,埼玉県,1101,南部,R7-1101-18,二次救急,二次
R7,11,埼玉県,1101,南部,R7-1101-18,在宅療養支援,在支
R7,11,埼玉県,1101,南部,R7-1101-19,二次救急,二次
R7,11,埼玉県,1101,南部,R7-1101-19,在宅療養支援,在支
R7,11,埼玉県,1101,南部,R7-1101-20,二次救急,二次
R7,11,埼玉県,1101,南部,R7-1101-22,二次救急,二次
R7,11,埼玉県,1101,南部,R7-1101-22,在宅療養支援,在支
R7,11,埼玉県,1101,南部,R7-1101-24,二次救急,二次
R7,11,埼玉県,1101,南部,R7-1101-25,二次救急,二次
R7,11,埼玉県,1101,南部,R7-1101-26,二次救急,二次
R7,11,埼玉県,1101,南部,R7-1101-27,二次救急,二次
R7,11,埼玉県,1101,南部,R7-1101-27,在宅療養支援,在支
R7,11,埼玉県,1101,南部,R7-1101-28,二次救急,二次
R7,11,埼玉県,1101,南部,R7-1101-29,二次救急,二次
R7,11,埼玉県,1101,南部,R7-1101-30,二次救急,二次
R7,11,埼玉県,1101,南部,R7-1101-30,在宅療養支援,在支
R7,11,埼玉県,1101,南部,R7-1101-31,二次救急,二次
R7,11,埼玉県,1101,南部,R7-1101-32,二次救急,二次
R7,11,埼玉県,1101,南部,R7-1101-32,在宅療養支援,在支
R7,11,埼玉県,1101,南部,R7-1101-34,二次救急,二次
R7,11,埼玉県,1101,南部,R7-1101-34,在宅療養支援,在支
R7,11,埼玉県,1101,南部,R7-1101-35,二次救急,二次
R7,11,埼玉県,1101,南部,R7-1101-36,二次救急,二次
R7,11,埼玉県,1101,南部,R7-1101-37,在宅療養支援,在支
R7,11,埼玉県,1101,南部,R7-1101-40,二次救急,二次
R7,11,埼玉県,1101,南部,R7-1101-40,在宅療養支援,在支
R7,11,埼玉県,1101,南部,R7-1101-41,二次救急,二次
R7,11,埼玉県,1101,南部,R7-1101-44,在宅療養支援,在支
R7,11,埼玉県,1101,南部,R7-1101-45,在宅療養支援,在支
R7,11,埼玉県,1101,南部,R7-1101-50,在宅療養支援,在支
R7,11,埼玉県,1102,南西部,R7-1102-14,地域支援,地
R7,11,埼玉県,1102,南西部,R7-1102-14,三次救急,三次
R7,11,埼玉県,1102,南西部,R7-1102-14,二次救急,二次
R7,11,埼玉県,1102,南西部,R7-1102-15,二次救急,二次
R7,11,埼玉県,1102,南西部,R7-1102-16,二次救急,二次
R7,11,埼玉県,1102,南西部,R7-1102-17,二次救急,二次
R7,11,埼玉県,1102,南西部,R7-1102-18,二次救急,二次
R7,11,埼玉県,1102,南西部,R7-1102-19,二次救急,二次
R7,11,埼玉県,1102,南西部,R7-1102-20,二次救急,二次
R7,11,埼玉県,1102,南西部,R7-1102-22,在宅療養支援,在支
R7,11,埼玉県,1102,南西部,R7-1102-23,二次救急,二次
R7,11,埼玉県,1102,南西部,R7-1102-23,在宅療養支援,在支
R7,11,埼玉県,1102,南西部,R7-1102-25,二次救急,二次
R7,11,埼玉県,1102,南西部,R7-1102-25,在宅療養支援,在支
R7,11,埼玉県,1102,南西部,R7-1102-28,二次救急,二次
R7,11,埼玉県,1102,南西部,R7-1102-29,二次救急,二次
R7,11,埼玉県,1102,南西部,R7-1102-29,在宅療養支援,在支
R7,11,埼玉県,1102,南西部,R7-1102-30,二次救急,二次
R7,11,埼玉県,1102,南西部,R7-1102-30,在宅療養支援,在支
R7,11,埼玉県,1102,南西部,R7-1102-32,二次救急,二次
R7,11,埼玉県,1102,南西部,R7-1102-32,在宅療養支援,在支
R7,11,埼玉県,1102,南西部,R7-1102-35,二次救急,二次
R7,11,埼玉県,1102,南西部,R7-1102-35,在宅療養支援,在支
R7,11,埼玉県,1102,南西部,R7-1102-36,二次救急,二次
R7,11,埼玉県,1102,南西部,R7-1102-36,在宅療養支援,在支
R7,11,埼玉県,1102,南西部,R7-1102-37,二次救急,二次
R7,11,埼玉県,1102,南西部,R7-1102-37,在宅療養支援,在支
R7,11,埼玉県,1102,南西部,R7-1102-38,二次救急,二次
R7,11,埼玉県,1102,南西部,R7-1102-39,二次救急,二次
R7,11,埼玉県,1102,南西部,R7-1102-40,二次救急,二次
R7,11,埼玉県,1102,南西部,R7-1102-40,在宅療養支援,在支
R7,11,埼玉県,1103,東部,R7-1103-14,地域支援,地
R7,11,埼玉県,1103,東部,R7-1103-14,三次救急,三次
R7,11,埼玉県,1103,東部,R7-1103-14,二次救急,二次
R7,11,埼玉県,1103,東部,R7-1103-15,二次救急,二次
R7,11,埼玉県,1103,東部,R7-1103-16,二次救急,二次
R7,11,埼玉県,1103,東部,R7-1103-17,二次救急,二次
R7,11,埼玉県,1103,東部,R7-1103-18,二次救急,二次
R7,11,埼玉県,1103,東部,R7-1103-19,二次救急,二次
R7,11,埼玉県,1103,東部,R7-1103-21,二次救急,二次
R7,11,埼玉県,1103,東部,R7-1103-22,二次救急,二次
R7,11,埼玉県,1103,東部,R7-1103-23,二次救急,二次
R7,11,埼玉県,1103,東部,R7-1103-24,二次救急,二次
R7,11,埼玉県,1103,東部,R7-1103-25,二次救急,二次
R7,11,埼玉県,1103,東部,R7-1103-26,二次救急,二次
R7,11,埼玉県,1103,東部,R7-1103-27,二次救急,二次
R7,11,埼玉県,1103,東部,R7-1103-27,在宅療養支援,在支
R7,11,埼玉県,1103,東部,R7-1103-29,二次救急,二次
R7,11,埼玉県,1103,東部,R7-1103-30,二次救急,二次
R7,11,埼玉県,1103,東部,R7-1103-34,在宅療養支援,在支
R7,11,埼玉県,1103,東部,R7-1103-36,在宅療養支援,在支
R7,11,埼玉県,1103,東部,R7-1103-37,二次救急,二次
R7,11,埼玉県,1103,東部,R7-1103-37,在宅療養支援,在支
R7,11,埼玉県,1103,東部,R7-1103-39,二次救急,二次
R7,11,埼玉県,1103,東部,R7-1103-39,在宅療養支援,在支
R7,11,埼玉県,1103,東部,R7-1103-41,二次救急,二次
R7,11,埼玉県,1103,東部,R7-1103-43,二次救急,二次
R7,11,埼玉県,1103,東部,R7-1103-45,在宅療養支援,在支
R7,11,埼玉県,1103,東部,R7-1103-46,在宅療養支援,在支
R7,11,埼玉県,1103,東部,R7-1103-49,二次救急,二次
R7,11,埼玉県,1103,東部,R7-1103-50,在宅療養支援,在支
R7,11,埼玉県,1103,東部,R7-1103-51,在宅療養支援,在支
R7,11,埼玉県,1103,東部,R7-1103-55,二次救急,二次
R7,11,埼玉県,1103,東部,R7-1103-60,在宅療養支援,在支
R7,11,埼玉県,1103,東部,R7-1103-67,在宅療養支援,在支
R7,11,埼玉県,1103,東部,R7-1103-74,在宅療養支援,在支
R7,11,埼玉県,1104,さいたま,R7-1104-14,地域支援,地
R7,11,埼玉県,1104,さいたま,R7-1104-14,三次救急,三次
R7,11,埼玉県,1104,さいたま,R7-1104-15,地域支援,地
R7,11,埼玉県,1104,さいたま,R7-1104-15,三次救急,三次
R7,11,埼玉県,1104,さいたま,R7-1104-15,二次救急,二次
R7,11,埼玉県,1104,さいたま,R7-1104-16,地域支援,地
R7,11,埼玉県,1104,さいたま,R7-1104-16,三次救急,三次
R7,11,埼玉県,1104,さいたま,R7-1104-16,二次救急,二次
R7,11,埼玉県,1104,さいたま,R7-1104-17,地域支援,地
R7,11,埼玉県,1104,さいたま,R7-1104-17,二次救急,二次
R7,11,埼玉県,1104,さいたま,R7-1104-18,地域支援,地
R7,11,埼玉県,1104,さいたま,R7-1104-18,二次救急,二次
R7,11,埼玉県,1104,さいたま,R7-1104-19,二次救急,二次
R7,11,埼玉県,1104,さいたま,R7-1104-20,地域支援,地
R7,11,埼玉県,1104,さいたま,R7-1104-21,二次救急,二次
R7,11,埼玉県,1104,さいたま,R7-1104-22,二次救急,二次
R7,11,埼玉県,1104,さいたま,R7-1104-23,二次救急,二次
R7,11,埼玉県,1104,さいたま,R7-1104-26,二次救急,二次
R7,11,埼玉県,1104,さいたま,R7-1104-27,二次救急,二次
R7,11,埼玉県,1104,さいたま,R7-1104-28,二次救急,二次
R7,11,埼玉県,1104,さいたま,R7-1104-28,在宅療養支援,在支
R7,11,埼玉県,1104,さいたま,R7-1104-29,二次救急,二次
R7,11,埼玉県,1104,さいたま,R7-1104-31,二次救急,二次
R7,11,埼玉県,1104,さいたま,R7-1104-31,在宅療養支援,在支
R7,11,埼玉県,1104,さいたま,R7-1104-33,二次救急,二次
R7,11,埼玉県,1104,さいたま,R7-1104-33,在宅療養支援,在支
R7,11,埼玉県,1104,さいたま,R7-1104-37,二次救急,二次
R7,11,埼玉県,1104,さいたま,R7-1104-37,在宅療養支援,在支
R7,11,埼玉県,1104,さいたま,R7-1104-38,二次救急,二次
R7,11,埼玉県,1104,さいたま,R7-1104-39,二次救急,二次
R7,11,埼玉県,1104,さいたま,R7-1104-42,二次救急,二次
R7,11,埼玉県,1104,さいたま,R7-1104-42,在宅療養支援,在支
R7,11,埼玉県,1104,さいたま,R7-1104-44,三次救急,三次
R7,11,埼玉県,1104,さいたま,R7-1104-44,二次救急,二次
R7,11,埼玉県,1104,さいたま,R7-1104-45,二次救急,二次
R7,11,埼玉県,1104,さいたま,R7-1104-45,在宅療養支援,在支
R7,11,埼玉県,1104,さいたま,R7-1104-46,在宅療養支援,在支
R7,11,埼玉県,1104,さいたま,R7-1104-47,在宅療養支援,在支
R7,11,埼玉県,1105,県央,R7-1105-14,地域支援,地
R7,11,埼玉県,1105,県央,R7-1105-14,二次救急,二次
R7,11,埼玉県,1105,県央,R7-1105-16,地域支援,地
R7,11,埼玉県,1105,県央,R7-1105-16,二次救急,二次
R7,11,埼玉県,1105,県央,R7-1105-17,二次救急,二次
R7,11,埼玉県,1105,県央,R7-1105-18,二次救急,二次
R7,11,埼玉県,1105,県央,R7-1105-18,在宅療養支援,在支
R7,11,埼玉県,1105,県央,R7-1105-20,二次救急,二次
R7,11,埼玉県,1105,県央,R7-1105-20,在宅療養支援,在支
R7,11,埼玉県,1105,県央,R7-1105-21,二次救急,二次
R7,11,埼玉県,1105,県央,R7-1105-23,二次救急,二次
R7,11,埼玉県,1105,県央,R7-1105-23,在宅療養支援,在支
R7,11,埼玉県,1105,県央,R7-1105-25,二次救急,二次
R7,11,埼玉県,1105,県央,R7-1105-25,在宅療養支援,在支
R7,11,埼玉県,1105,県央,R7-1105-26,二次救急,二次
R7,11,埼玉県,1105,県央,R7-1105-26,在宅療養支援,在支
R7,11,埼玉県,1105,県央,R7-1105-31,在宅療養支援,在支
R7,11,埼玉県,1105,県央,R7-1105-36,在宅療養支援,在支
R7,11,埼玉県,1105,県央,R7-1105-38,在宅療養支援,在支
R7,11,埼玉県,1105,県央,R7-1105-45,在宅療養支援,在支
R7,11,埼玉県,1106,川越比企,R7-1106-14,地域支援,地
R7,11,埼玉県,1106,川越比企,R7-1106-14,三次救急,三次
R7,11,埼玉県,1106,川越比企,R7-1106-14,二次救急,二次
R7,11,埼玉県,1106,川越比企,R7-1106-15,特定機能,特
R7,11,埼玉県,1106,川越比企,R7-1106-15,二次救急,二次
R7,11,埼玉県,1106,川越比企,R7-1106-18,地域支援,地
R7,11,埼玉県,1106,川越比企,R7-1106-18,二次救急,二次
R7,11,埼玉県,1106,川越比企,R7-1106-20,二次救急,二次
R7,11,埼玉県,1106,川越比企,R7-1106-22,地域支援,地
R7,11,埼玉県,1106,川越比企,R7-1106-22,二次救急,二次
R7,11,埼玉県,1106,川越比企,R7-1106-24,二次救急,二次
R7,11,埼玉県,1106,川越比企,R7-1106-24,在宅療養支援,在支
R7,11,埼玉県,1106,川越比企,R7-1106-25,二次救急,二次
R7,11,埼玉県,1106,川越比企,R7-1106-26,二次救急,二次
R7,11,埼玉県,1106,川越比企,R7-1106-26,在宅療養支援,在支
R7,11,埼玉県,1106,川越比企,R7-1106-27,二次救急,二次
R7,11,埼玉県,1106,川越比企,R7-1106-28,二次救急,二次
R7,11,埼玉県,1106,川越比企,R7-1106-30,二次救急,二次
R7,11,埼玉県,1106,川越比企,R7-1106-30,在宅療養支援,在支
R7,11,埼玉県,1106,川越比企,R7-1106-31,二次救急,二次
R7,11,埼玉県,1106,川越比企,R7-1106-32,二次救急,二次
R7,11,埼玉県,1106,川越比企,R7-1106-32,在宅療養支援,在支
R7,11,埼玉県,1106,川越比企,R7-1106-37,二次救急,二次
R7,11,埼玉県,1106,川越比企,R7-1106-37,在宅療養支援,在支
R7,11,埼玉県,1106,川越比企,R7-1106-41,二次救急,二次
R7,11,埼玉県,1106,川越比企,R7-1106-41,在宅療養支援,在支
R7,11,埼玉県,1106,川越比企,R7-1106-42,二次救急,二次
R7,11,埼玉県,1106,川越比企,R7-1106-46,二次救急,二次
R7,11,埼玉県,1106,川越比企,R7-1106-46,在宅療養支援,在支
R7,11,埼玉県,1106,川越比企,R7-1106-50,二次救急,二次
R7,11,埼玉県,1106,川越比企,R7-1106-50,在宅療養支援,在支
R7,11,埼玉県,1106,川越比企,R7-1106-53,在宅療養支援,在支
R7,11,埼玉県,1106,川越比企,R7-1106-54,在宅療養支援,在支
R7,11,埼玉県,1106,川越比企,R7-1106-55,在宅療養支援,在支
R7,11,埼玉県,1106,川越比企,R7-1106-56,在宅療養支援,在支
R7,11,埼玉県,1107,西部,R7-1107-14,地域支援,地
R7,11,埼玉県,1107,西部,R7-1107-14,三次救急,三次
R7,11,埼玉県,1107,西部,R7-1107-15,特定機能,特
R7,11,埼玉県,1107,西部,R7-1107-15,三次救急,三次
R7,11,埼玉県,1107,西部,R7-1107-16,地域支援,地
R7,11,埼玉県,1107,西部,R7-1107-16,二次救急,二次
R7,11,埼玉県,1107,西部,R7-1107-19,地域支援,地
R7,11,埼玉県,1107,西部,R7-1107-19,二次救急,二次
R7,11,埼玉県,1107,西部,R7-1107-21,二次救急,二次
R7,11,埼玉県,1107,西部,R7-1107-23,二次救急,二次
R7,11,埼玉県,1107,西部,R7-1107-23,在宅療養支援,在支
R7,11,埼玉県,1107,西部,R7-1107-24,二次救急,二次
R7,11,埼玉県,1107,西部,R7-1107-24,在宅療養支援,在支
R7,11,埼玉県,1107,西部,R7-1107-25,二次救急,二次
R7,11,埼玉県,1107,西部,R7-1107-27,在宅療養支援,在支
R7,11,埼玉県,1107,西部,R7-1107-28,二次救急,二次
R7,11,埼玉県,1107,西部,R7-1107-32,二次救急,二次
R7,11,埼玉県,1107,西部,R7-1107-32,在宅療養支援,在支
R7,11,埼玉県,1107,西部,R7-1107-34,在宅療養支援,在支
R7,11,埼玉県,1107,西部,R7-1107-36,二次救急,二次
R7,11,埼玉県,1107,西部,R7-1107-37,二次救急,二次
R7,11,埼玉県,1107,西部,R7-1107-38,二次救急,二次
R7,11,埼玉県,1107,西部,R7-1107-38,在宅療養支援,在支
R7,11,埼玉県,1107,西部,R7-1107-39,二次救急,二次
R7,11,埼玉県,1107,西部,R7-1107-40,二次救急,二次
R7,11,埼玉県,1107,西部,R7-1107-41,二次救急,二次
R7,11,埼玉県,1107,西部,R7-1107-42,二次救急,二次
R7,11,埼玉県,1107,西部,R7-1107-42,在宅療養支援,在支
R7,11,埼玉県,1107,西部,R7-1107-43,在宅療養支援,在支
R7,11,埼玉県,1107,西部,R7-1107-45,二次救急,二次
R7,11,埼玉県,1107,西部,R7-1107-47,二次救急,二次
R7,11,埼玉県,1107,西部,R7-1107-49,二次救急,二次
R7,11,埼玉県,1107,西部,R7-1107-50,二次救急,二次
R7,11,埼玉県,1107,西部,R7-1107-50,在宅療養支援,在支
R7,11,埼玉県,1107,西部,R7-1107-51,二次救急,二次
R7,11,埼玉県,1107,西部,R7-1107-53,二次救急,二次
R7,11,埼玉県,1107,西部,R7-1107-53,在宅療養支援,在支
R7,11,埼玉県,1107,西部,R7-1107-56,二次救急,二次
R7,11,埼玉県,1107,西部,R7-1107-63,在宅療養支援,在支
R7,11,埼玉県,1107,西部,R7-1107-66,在宅療養支援,在支
R7,11,埼玉県,1107,西部,R7-1107-73,在宅療養支援,在支
R7,11,埼玉県,1108,利根,R7-1108-14,地域支援,地
R7,11,埼玉県,1108,利根,R7-1108-14,二次救急,二次
R7,11,埼玉県,1108,利根,R7-1108-16,二次救急,二次
R7,11,埼玉県,1108,利根,R7-1108-17,地域支援,地
R7,11,埼玉県,1108,利根,R7-1108-17,二次救急,二次
R7,11,埼玉県,1108,利根,R7-1108-18,二次救急,二次
R7,11,埼玉県,1108,利根,R7-1108-19,地域支援,地
R7,11,埼玉県,1108,利根,R7-1108-19,三次救急,三次
R7,11,埼玉県,1108,利根,R7-1108-19,二次救急,二次
R7,11,埼玉県,1108,利根,R7-1108-20,二次救急,二次
R7,11,埼玉県,1108,利根,R7-1108-21,在宅療養支援,在支
R7,11,埼玉県,1108,利根,R7-1108-22,二次救急,二次
R7,11,埼玉県,1108,利根,R7-1108-22,在宅療養支援,在支
R7,11,埼玉県,1108,利根,R7-1108-23,二次救急,二次
R7,11,埼玉県,1108,利根,R7-1108-23,在宅療養支援,在支
R7,11,埼玉県,1108,利根,R7-1108-24,二次救急,二次
R7,11,埼玉県,1108,利根,R7-1108-24,在宅療養支援,在支
R7,11,埼玉県,1108,利根,R7-1108-25,二次救急,二次
R7,11,埼玉県,1108,利根,R7-1108-28,二次救急,二次
R7,11,埼玉県,1108,利根,R7-1108-31,在宅療養支援,在支
R7,11,埼玉県,1108,利根,R7-1108-33,二次救急,二次
R7,11,埼玉県,1108,利根,R7-1108-33,在宅療養支援,在支
R7,11,埼玉県,1108,利根,R7-1108-35,二次救急,二次
R7,11,埼玉県,1108,利根,R7-1108-37,在宅療養支援,在支
R7,11,埼玉県,1108,利根,R7-1108-40,在宅療養支援,在支
R7,11,埼玉県,1108,利根,R7-1108-43,在宅療養支援,在支
R7,11,埼玉県,1108,利根,R7-1108-44,在宅療養支援,在支
R7,11,埼玉県,1108,利根,R7-1108-45,在宅療養支援,在支
R7,11,埼玉県,1108,利根,R7-1108-50,在宅療養支援,在支
R7,11,埼玉県,1109,北部,R7-1109-14,地域支援,地
R7,11,埼玉県,1109,北部,R7-1109-14,三次救急,三次
R7,11,埼玉県,1109,北部,R7-1109-14,二次救急,二次
R7,11,埼玉県,1109,北部,R7-1109-15,在宅療養支援,在支
R7,11,埼玉県,1109,北部,R7-1109-16,地域支援,地
R7,11,埼玉県,1109,北部,R7-1109-16,二次救急,二次
R7,11,埼玉県,1109,北部,R7-1109-17,二次救急,二次
R7,11,埼玉県,1109,北部,R7-1109-18,地域支援,地
R7,11,埼玉県,1109,北部,R7-1109-19,二次救急,二次
R7,11,埼玉県,1109,北部,R7-1109-20,二次救急,二次
R7,11,埼玉県,1109,北部,R7-1109-21,二次救急,二次
R7,11,埼玉県,1109,北部,R7-1109-21,在宅療養支援,在支
R7,11,埼玉県,1109,北部,R7-1109-22,二次救急,二次
R7,11,埼玉県,1109,北部,R7-1109-23,二次救急,二次
R7,11,埼玉県,1109,北部,R7-1109-23,在宅療養支援,在支
R7,11,埼玉県,1109,北部,R7-1109-24,二次救急,二次
R7,11,埼玉県,1109,北部,R7-1109-25,在宅療養支援,在支
R7,11,埼玉県,1109,北部,R7-1109-26,在宅療養支援,在支
R7,11,埼玉県,1109,北部,R7-1109-32,二次救急,二次
R7,11,埼玉県,1109,北部,R7-1109-34,二次救急,二次
R7,11,埼玉県,1109,北部,R7-1109-38,二次救急,二次
R7,11,埼玉県,1109,北部,R7-1109-38,在宅療養支援,在支
R7,11,埼玉県,1109,北部,R7-1109-39,二次救急,二次
R7,11,埼玉県,1109,北部,R7-1109-39,在宅療養支援,在支
R7,11,埼玉県,1109,北部,R7-1109-40,二次救急,二次
R7,11,埼玉県,1109,北部,R7-1109-40,在宅療養支援,在支
R7,11,埼玉県,1109,北部,R7-1109-41,在宅療養支援,在支
R7,11,埼玉県,1109,北部,R7-1109-44,在宅療養支援,在支
R7,11,埼玉県,1109,北部,R7-1109-45,在宅療養支援,在支
R7,11,埼玉県,1109,北部,R7-1109-46,在宅療養支援,在支
R7,11,埼玉県,1109,北部,R7-1109-49,在宅療養支援,在支
R7,11,埼玉県,1109,北部,R7-1109-53,在宅療養支援,在支
R7,11,埼玉県,1109,北部,R7-1109-57,二次救急,二次
R7,11,埼玉県,1109,北部,R7-1109-60,在宅療養支援,在支
R7,11,埼玉県,1110,秩父,R7-1110-14,二次救急,二次
R7,11,埼玉県,1110,秩父,R7-1110-14,在宅療養支援,在支
R7,11,埼玉県,1110,秩父,R7-1110-15,二次救急,二次
R7,11,埼玉県,1110,秩父,R7-1110-15,在宅療養支援,在支
R7,11,埼玉県,1110,秩父,R7-1110-17,在宅療養支援,在支
R7,11,埼玉県,1110,秩父,R7-1110-18,在宅療養支援,在支
R7,11,埼玉県,1110,秩父,R7-1110-19,在宅療養支援,在支
R7,11,埼玉県,1110,秩父,R7-1110-20,二次救急,二次
R7,12,千葉県,1201,千葉,R7-1201-14,特定機能,特
R7,12,千葉県,1201,千葉,R7-1201-14,三次救急,三次
R7,12,千葉県,1201,千葉,R7-1201-14,二次救急,二次
R7,12,千葉県,1201,千葉,R7-1201-16,地域支援,地
R7,12,千葉県,1201,千葉,R7-1201-16,二次救急,二次
R7,12,千葉県,1201,千葉,R7-1201-17,地域支援,地
R7,12,千葉県,1201,千葉,R7-1201-17,二次救急,二次
R7,12,千葉県,1201,千葉,R7-1201-18,地域支援,地
R7,12,千葉県,1201,千葉,R7-1201-18,二次救急,二次
R7,12,千葉県,1201,千葉,R7-1201-19,地域支援,地
R7,12,千葉県,1201,千葉,R7-1201-19,二次救急,二次
R7,12,千葉県,1201,千葉,R7-1201-21,二次救急,二次
R7,12,千葉県,1201,千葉,R7-1201-22,二次救急,二次
R7,12,千葉県,1201,千葉,R7-1201-23,二次救急,二次
R7,12,千葉県,1201,千葉,R7-1201-26,地域支援,地
R7,12,千葉県,1201,千葉,R7-1201-26,二次救急,二次
R7,12,千葉県,1201,千葉,R7-1201-28,二次救急,二次
R7,12,千葉県,1201,千葉,R7-1201-28,在宅療養支援,在支
R7,12,千葉県,1201,千葉,R7-1201-29,在宅療養支援,在支
R7,12,千葉県,1201,千葉,R7-1201-30,二次救急,二次
R7,12,千葉県,1201,千葉,R7-1201-31,二次救急,二次
R7,12,千葉県,1201,千葉,R7-1201-33,二次救急,二次
R7,12,千葉県,1201,千葉,R7-1201-33,在宅療養支援,在支
R7,12,千葉県,1201,千葉,R7-1201-34,二次救急,二次
R7,12,千葉県,1201,千葉,R7-1201-34,在宅療養支援,在支
R7,12,千葉県,1201,千葉,R7-1201-35,二次救急,二次
R7,12,千葉県,1201,千葉,R7-1201-36,二次救急,二次
R7,12,千葉県,1201,千葉,R7-1201-36,在宅療養支援,在支
R7,12,千葉県,1201,千葉,R7-1201-37,二次救急,二次
R7,12,千葉県,1201,千葉,R7-1201-37,在宅療養支援,在支
R7,12,千葉県,1201,千葉,R7-1201-38,二次救急,二次
R7,12,千葉県,1201,千葉,R7-1201-38,在宅療養支援,在支
R7,12,千葉県,1201,千葉,R7-1201-40,在宅療養支援,在支
R7,12,千葉県,1201,千葉,R7-1201-42,三次救急,三次
R7,12,千葉県,1201,千葉,R7-1201-43,二次救急,二次
R7,12,千葉県,1201,千葉,R7-1201-44,二次救急,二次
R7,12,千葉県,1201,千葉,R7-1201-45,二次救急,二次
R7,12,千葉県,1201,千葉,R7-1201-45,在宅療養支援,在支
R7,12,千葉県,1201,千葉,R7-1201-46,二次救急,二次
R7,12,千葉県,1201,千葉,R7-1201-46,在宅療養支援,在支
R7,12,千葉県,1201,千葉,R7-1201-47,在宅療養支援,在支
R7,12,千葉県,1201,千葉,R7-1201-48,二次救急,二次
R7,12,千葉県,1201,千葉,R7-1201-48,在宅療養支援,在支
R7,12,千葉県,1201,千葉,R7-1201-54,在宅療養支援,在支
R7,12,千葉県,1201,千葉,R7-1201-55,在宅療養支援,在支
R7,12,千葉県,1201,千葉,R7-1201-58,在宅療養支援,在支
R7,12,千葉県,1201,千葉,R7-1201-60,在宅療養支援,在支
R7,12,千葉県,1201,千葉,R7-1201-72,在宅療養支援,在支
R7,12,千葉県,1202,東葛南部,R7-1202-14,地域支援,地
R7,12,千葉県,1202,東葛南部,R7-1202-14,三次救急,三次
R7,12,千葉県,1202,東葛南部,R7-1202-14,二次救急,二次
R7,12,千葉県,1202,東葛南部,R7-1202-15,地域支援,地
R7,12,千葉県,1202,東葛南部,R7-1202-15,二次救急,二次
R7,12,千葉県,1202,東葛南部,R7-1202-16,地域支援,地
R7,12,千葉県,1202,東葛南部,R7-1202-16,三次救急,三次
R7,12,千葉県,1202,東葛南部,R7-1202-16,二次救急,二次
R7,12,千葉県,1202,東葛南部,R7-1202-17,地域支援,地
R7,12,千葉県,1202,東葛南部,R7-1202-17,三次救急,三次
R7,12,千葉県,1202,東葛南部,R7-1202-18,二次救急,二次
R7,12,千葉県,1202,東葛南部,R7-1202-19,地域支援,地
R7,12,千葉県,1202,東葛南部,R7-1202-19,二次救急,二次
R7,12,千葉県,1202,東葛南部,R7-1202-20,二次救急,二次
R7,12,千葉県,1202,東葛南部,R7-1202-21,地域支援,地
R7,12,千葉県,1202,東葛南部,R7-1202-21,三次救急,三次
R7,12,千葉県,1202,東葛南部,R7-1202-22,二次救急,二次
R7,12,千葉県,1202,東葛南部,R7-1202-24,二次救急,二次
R7,12,千葉県,1202,東葛南部,R7-1202-25,二次救急,二次
R7,12,千葉県,1202,東葛南部,R7-1202-26,二次救急,二次
R7,12,千葉県,1202,東葛南部,R7-1202-28,二次救急,二次
R7,12,千葉県,1202,東葛南部,R7-1202-29,地域支援,地
R7,12,千葉県,1202,東葛南部,R7-1202-29,二次救急,二次
R7,12,千葉県,1202,東葛南部,R7-1202-30,二次救急,二次
R7,12,千葉県,1202,東葛南部,R7-1202-31,二次救急,二次
R7,12,千葉県,1202,東葛南部,R7-1202-32,二次救急,二次
R7,12,千葉県,1202,東葛南部,R7-1202-33,二次救急,二次
R7,12,千葉県,1202,東葛南部,R7-1202-35,二次救急,二次
R7,12,千葉県,1202,東葛南部,R7-1202-37,二次救急,二次
R7,12,千葉県,1202,東葛南部,R7-1202-38,在宅療養支援,在支
R7,12,千葉県,1202,東葛南部,R7-1202-39,二次救急,二次
R7,12,千葉県,1202,東葛南部,R7-1202-39,在宅療養支援,在支
R7,12,千葉県,1202,東葛南部,R7-1202-40,二次救急,二次
R7,12,千葉県,1202,東葛南部,R7-1202-42,二次救急,二次
R7,12,千葉県,1202,東葛南部,R7-1202-43,二次救急,二次
R7,12,千葉県,1202,東葛南部,R7-1202-43,在宅療養支援,在支
R7,12,千葉県,1202,東葛南部,R7-1202-44,二次救急,二次
R7,12,千葉県,1202,東葛南部,R7-1202-45,二次救急,二次
R7,12,千葉県,1202,東葛南部,R7-1202-46,二次救急,二次
R7,12,千葉県,1202,東葛南部,R7-1202-46,在宅療養支援,在支
R7,12,千葉県,1202,東葛南部,R7-1202-51,在宅療養支援,在支
R7,12,千葉県,1202,東葛南部,R7-1202-52,二次救急,二次
R7,12,千葉県,1202,東葛南部,R7-1202-52,在宅療養支援,在支
R7,12,千葉県,1202,東葛南部,R7-1202-53,在宅療養支援,在支
R7,12,千葉県,1202,東葛南部,R7-1202-54,二次救急,二次
R7,12,千葉県,1202,東葛南部,R7-1202-56,在宅療養支援,在支
R7,12,千葉県,1202,東葛南部,R7-1202-59,二次救急,二次
R7,12,千葉県,1202,東葛南部,R7-1202-59,在宅療養支援,在支
R7,12,千葉県,1202,東葛南部,R7-1202-60,二次救急,二次
R7,12,千葉県,1202,東葛南部,R7-1202-60,在宅療養支援,在支
R7,12,千葉県,1202,東葛南部,R7-1202-61,在宅療養支援,在支
R7,12,千葉県,1202,東葛南部,R7-1202-62,二次救急,二次
R7,12,千葉県,1202,東葛南部,R7-1202-65,在宅療養支援,在支
R7,12,千葉県,1202,東葛南部,R7-1202-78,在宅療養支援,在支
R7,12,千葉県,1202,東葛南部,R7-1202-86,在宅療養支援,在支
R7,12,千葉県,1203,東葛北部,R7-1203-14,地域支援,地
R7,12,千葉県,1203,東葛北部,R7-1203-14,二次救急,二次
R7,12,千葉県,1203,東葛北部,R7-1203-15,地域支援,地
R7,12,千葉県,1203,東葛北部,R7-1203-15,三次救急,三次
R7,12,千葉県,1203,東葛北部,R7-1203-15,二次救急,二次
R7,12,千葉県,1203,東葛北部,R7-1203-16,地域支援,地
R7,12,千葉県,1203,東葛北部,R7-1203-16,三次救急,三次
R7,12,千葉県,1203,東葛北部,R7-1203-16,二次救急,二次
R7,12,千葉県,1203,東葛北部,R7-1203-17,二次救急,二次
R7,12,千葉県,1203,東葛北部,R7-1203-18,二次救急,二次
R7,12,千葉県,1203,東葛北部,R7-1203-19,特定機能,特
R7,12,千葉県,1203,東葛北部,R7-1203-20,二次救急,二次
R7,12,千葉県,1203,東葛北部,R7-1203-21,二次救急,二次
R7,12,千葉県,1203,東葛北部,R7-1203-22,二次救急,二次
R7,12,千葉県,1203,東葛北部,R7-1203-23,二次救急,二次
R7,12,千葉県,1203,東葛北部,R7-1203-25,二次救急,二次
R7,12,千葉県,1203,東葛北部,R7-1203-26,二次救急,二次
R7,12,千葉県,1203,東葛北部,R7-1203-27,二次救急,二次
R7,12,千葉県,1203,東葛北部,R7-1203-29,二次救急,二次
R7,12,千葉県,1203,東葛北部,R7-1203-30,二次救急,二次
R7,12,千葉県,1203,東葛北部,R7-1203-30,在宅療養支援,在支
R7,12,千葉県,1203,東葛北部,R7-1203-31,二次救急,二次
R7,12,千葉県,1203,東葛北部,R7-1203-31,在宅療養支援,在支
R7,12,千葉県,1203,東葛北部,R7-1203-34,二次救急,二次
R7,12,千葉県,1203,東葛北部,R7-1203-35,二次救急,二次
R7,12,千葉県,1203,東葛北部,R7-1203-40,二次救急,二次
R7,12,千葉県,1203,東葛北部,R7-1203-42,二次救急,二次
R7,12,千葉県,1203,東葛北部,R7-1203-42,在宅療養支援,在支
R7,12,千葉県,1203,東葛北部,R7-1203-44,二次救急,二次
R7,12,千葉県,1203,東葛北部,R7-1203-46,二次救急,二次
R7,12,千葉県,1203,東葛北部,R7-1203-47,在宅療養支援,在支
R7,12,千葉県,1203,東葛北部,R7-1203-48,在宅療養支援,在支
R7,12,千葉県,1203,東葛北部,R7-1203-50,二次救急,二次
R7,12,千葉県,1203,東葛北部,R7-1203-55,二次救急,二次
R7,12,千葉県,1203,東葛北部,R7-1203-55,在宅療養支援,在支
R7,12,千葉県,1203,東葛北部,R7-1203-58,在宅療養支援,在支
R7,12,千葉県,1203,東葛北部,R7-1203-59,在宅療養支援,在支
R7,12,千葉県,1203,東葛北部,R7-1203-65,二次救急,二次
R7,12,千葉県,1203,東葛北部,R7-1203-66,二次救急,二次
R7,12,千葉県,1203,東葛北部,R7-1203-67,在宅療養支援,在支
R7,12,千葉県,1203,東葛北部,R7-1203-68,在宅療養支援,在支
R7,12,千葉県,1203,東葛北部,R7-1203-69,在宅療養支援,在支
R7,12,千葉県,1204,印旛,R7-1204-14,二次救急,二次
R7,12,千葉県,1204,印旛,R7-1204-15,地域支援,地
R7,12,千葉県,1204,印旛,R7-1204-15,三次救急,三次
R7,12,千葉県,1204,印旛,R7-1204-16,地域支援,地
R7,12,千葉県,1204,印旛,R7-1204-16,三次救急,三次
R7,12,千葉県,1204,印旛,R7-1204-16,二次救急,二次
R7,12,千葉県,1204,印旛,R7-1204-17,二次救急,二次
R7,12,千葉県,1204,印旛,R7-1204-18,二次救急,二次
R7,12,千葉県,1204,印旛,R7-1204-19,地域支援,地
R7,12,千葉県,1204,印旛,R7-1204-19,二次救急,二次
R7,12,千葉県,1204,印旛,R7-1204-20,二次救急,二次
R7,12,千葉県,1204,印旛,R7-1204-21,二次救急,二次
R7,12,千葉県,1204,印旛,R7-1204-23,二次救急,二次
R7,12,千葉県,1204,印旛,R7-1204-24,二次救急,二次
R7,12,千葉県,1204,印旛,R7-1204-25,二次救急,二次
R7,12,千葉県,1204,印旛,R7-1204-25,在宅療養支援,在支
R7,12,千葉県,1204,印旛,R7-1204-27,二次救急,二次
R7,12,千葉県,1204,印旛,R7-1204-27,在宅療養支援,在支
R7,12,千葉県,1204,印旛,R7-1204-28,二次救急,二次
R7,12,千葉県,1204,印旛,R7-1204-32,二次救急,二次
R7,12,千葉県,1204,印旛,R7-1204-33,二次救急,二次
R7,12,千葉県,1204,印旛,R7-1204-33,在宅療養支援,在支
R7,12,千葉県,1204,印旛,R7-1204-34,在宅療養支援,在支
R7,12,千葉県,1204,印旛,R7-1204-35,二次救急,二次
R7,12,千葉県,1204,印旛,R7-1204-36,二次救急,二次
R7,12,千葉県,1204,印旛,R7-1204-36,在宅療養支援,在支
R7,12,千葉県,1204,印旛,R7-1204-38,在宅療養支援,在支
R7,12,千葉県,1204,印旛,R7-1204-39,二次救急,二次
R7,12,千葉県,1204,印旛,R7-1204-40,二次救急,二次
R7,12,千葉県,1204,印旛,R7-1204-53,在宅療養支援,在支
R7,12,千葉県,1205,香取海匝,R7-1205-14,地域支援,地
R7,12,千葉県,1205,香取海匝,R7-1205-14,三次救急,三次
R7,12,千葉県,1205,香取海匝,R7-1205-14,二次救急,二次
R7,12,千葉県,1205,香取海匝,R7-1205-16,二次救急,二次
R7,12,千葉県,1205,香取海匝,R7-1205-16,在宅療養支援,在支
R7,12,千葉県,1205,香取海匝,R7-1205-19,在宅療養支援,在支
R7,12,千葉県,1205,香取海匝,R7-1205-20,二次救急,二次
R7,12,千葉県,1205,香取海匝,R7-1205-21,二次救急,二次
R7,12,千葉県,1205,香取海匝,R7-1205-22,二次救急,二次
R7,12,千葉県,1205,香取海匝,R7-1205-22,在宅療養支援,在支
R7,12,千葉県,1205,香取海匝,R7-1205-23,二次救急,二次
R7,12,千葉県,1205,香取海匝,R7-1205-23,在宅療養支援,在支
R7,12,千葉県,1205,香取海匝,R7-1205-24,二次救急,二次
R7,12,千葉県,1205,香取海匝,R7-1205-29,二次救急,二次
R7,12,千葉県,1206,山武長生夷隅,R7-1206-14,地域支援,地
R7,12,千葉県,1206,山武長生夷隅,R7-1206-14,三次救急,三次
R7,12,千葉県,1206,山武長生夷隅,R7-1206-14,二次救急,二次
R7,12,千葉県,1206,山武長生夷隅,R7-1206-15,二次救急,二次
R7,12,千葉県,1206,山武長生夷隅,R7-1206-17,二次救急,二次
R7,12,千葉県,1206,山武長生夷隅,R7-1206-17,在宅療養支援,在支
R7,12,千葉県,1206,山武長生夷隅,R7-1206-18,二次救急,二次
R7,12,千葉県,1206,山武長生夷隅,R7-1206-18,在宅療養支援,在支
R7,12,千葉県,1206,山武長生夷隅,R7-1206-20,二次救急,二次
R7,12,千葉県,1206,山武長生夷隅,R7-1206-20,在宅療養支援,在支
R7,12,千葉県,1206,山武長生夷隅,R7-1206-21,二次救急,二次
R7,12,千葉県,1206,山武長生夷隅,R7-1206-22,二次救急,二次
R7,12,千葉県,1206,山武長生夷隅,R7-1206-23,二次救急,二次
R7,12,千葉県,1206,山武長生夷隅,R7-1206-25,二次救急,二次
R7,12,千葉県,1206,山武長生夷隅,R7-1206-26,二次救急,二次
R7,12,千葉県,1206,山武長生夷隅,R7-1206-26,在宅療養支援,在支
R7,12,千葉県,1206,山武長生夷隅,R7-1206-27,二次救急,二次
R7,12,千葉県,1206,山武長生夷隅,R7-1206-28,二次救急,二次
R7,12,千葉県,1206,山武長生夷隅,R7-1206-28,在宅療養支援,在支
R7,12,千葉県,1206,山武長生夷隅,R7-1206-29,二次救急,二次
R7,12,千葉県,1206,山武長生夷隅,R7-1206-30,二次救急,二次
R7,12,千葉県,1206,山武長生夷隅,R7-1206-31,二次救急,二次
R7,12,千葉県,1206,山武長生夷隅,R7-1206-31,在宅療養支援,在支
R7,12,千葉県,1206,山武長生夷隅,R7-1206-33,二次救急,二次
R7,12,千葉県,1206,山武長生夷隅,R7-1206-35,在宅療養支援,在支
R7,12,千葉県,1206,山武長生夷隅,R7-1206-42,在宅療養支援,在支
R7,12,千葉県,1207,安房,R7-1207-14,地域支援,地
R7,12,千葉県,1207,安房,R7-1207-14,三次救急,三次
R7,12,千葉県,1207,安房,R7-1207-15,二次救急,二次
R7,12,千葉県,1207,安房,R7-1207-16,二次救急,二次
R7,12,千葉県,1207,安房,R7-1207-16,在宅療養支援,在支
R7,12,千葉県,1207,安房,R7-1207-18,在宅療養支援,在支
R7,12,千葉県,1207,安房,R7-1207-19,二次救急,二次
R7,12,千葉県,1207,安房,R7-1207-19,在宅療養支援,在支
R7,12,千葉県,1207,安房,R7-1207-20,二次救急,二次
R7,12,千葉県,1207,安房,R7-1207-20,在宅療養支援,在支
R7,12,千葉県,1207,安房,R7-1207-22,二次救急,二次
R7,12,千葉県,1207,安房,R7-1207-22,在宅療養支援,在支
R7,12,千葉県,1207,安房,R7-1207-24,二次救急,二次
R7,12,千葉県,1207,安房,R7-1207-24,在宅療養支援,在支
R7,12,千葉県,1207,安房,R7-1207-26,二次救急,二次
R7,12,千葉県,1207,安房,R7-1207-28,在宅療養支援,在支
R7,12,千葉県,1207,安房,R7-1207-30,在宅療養支援,在支
R7,12,千葉県,1208,君津,R7-1208-14,地域支援,地
R7,12,千葉県,1208,君津,R7-1208-14,三次救急,三次
R7,12,千葉県,1208,君津,R7-1208-16,二次救急,二次
R7,12,千葉県,1208,君津,R7-1208-17,二次救急,二次
R7,12,千葉県,1208,君津,R7-1208-20,二次救急,二次
R7,12,千葉県,1208,君津,R7-1208-22,二次救急,二次
R7,12,千葉県,1208,君津,R7-1208-23,二次救急,二次
R7,12,千葉県,1208,君津,R7-1208-24,在宅療養支援,在支
R7,12,千葉県,1208,君津,R7-1208-25,二次救急,二次
R7,12,千葉県,1208,君津,R7-1208-27,二次救急,二次
R7,12,千葉県,1208,君津,R7-1208-27,在宅療養支援,在支
R7,12,千葉県,1208,君津,R7-1208-29,二次救急,二次
R7,12,千葉県,1208,君津,R7-1208-29,在宅療養支援,在支
R7,12,千葉県,1208,君津,R7-1208-30,在宅療養支援,在支
R7,12,千葉県,1208,君津,R7-1208-34,在宅療養支援,在支
R7,12,千葉県,1208,君津,R7-1208-41,在宅療養支援,在支
R7,12,千葉県,1209,市原,R7-1209-14,地域支援,地
R7,12,千葉県,1209,市原,R7-1209-14,三次救急,三次
R7,12,千葉県,1209,市原,R7-1209-14,二次救急,二次
R7,12,千葉県,1209,市原,R7-1209-15,地域支援,地
R7,12,千葉県,1209,市原,R7-1209-15,二次救急,二次
R7,12,千葉県,1209,市原,R7-1209-16,三次救急,三次
R7,12,千葉県,1209,市原,R7-1209-16,二次救急,二次
R7,12,千葉県,1209,市原,R7-1209-16,在宅療養支援,在支
R7,12,千葉県,1209,市原,R7-1209-17,二次救急,二次
R7,12,千葉県,1209,市原,R7-1209-18,二次救急,二次
R7,12,千葉県,1209,市原,R7-1209-18,在宅療養支援,在支
R7,12,千葉県,1209,市原,R7-1209-22,二次救急,二次
R7,12,千葉県,1209,市原,R7-1209-24,二次救急,二次
R7,12,千葉県,1209,市原,R7-1209-31,在宅療養支援,在支
R7,13,東京都,1301,区中央部,R7-1301-14,特定機能,特
R7,13,東京都,1301,区中央部,R7-1301-14,三次救急,三次
R7,13,東京都,1301,区中央部,R7-1301-15,特定機能,特
R7,13,東京都,1301,区中央部,R7-1301-15,二次救急,二次
R7,13,東京都,1301,区中央部,R7-1301-16,特定機能,特
R7,13,東京都,1301,区中央部,R7-1301-16,三次救急,三次
R7,13,東京都,1301,区中央部,R7-1301-16,二次救急,二次
R7,13,東京都,1301,区中央部,R7-1301-17,特定機能,特
R7,13,東京都,1301,区中央部,R7-1301-17,三次救急,三次
R7,13,東京都,1301,区中央部,R7-1301-17,二次救急,二次
R7,13,東京都,1301,区中央部,R7-1301-18,地域支援,地
R7,13,東京都,1301,区中央部,R7-1301-18,二次救急,二次
R7,13,東京都,1301,区中央部,R7-1301-19,二次救急,二次
R7,13,東京都,1301,区中央部,R7-1301-20,特定機能,特
R7,13,東京都,1301,区中央部,R7-1301-20,三次救急,三次
R7,13,東京都,1301,区中央部,R7-1301-20,二次救急,二次
R7,13,東京都,1301,区中央部,R7-1301-21,特定機能,特
R7,13,東京都,1301,区中央部,R7-1301-22,地域支援,地
R7,13,東京都,1301,区中央部,R7-1301-22,三次救急,三次
R7,13,東京都,1301,区中央部,R7-1301-22,二次救急,二次
R7,13,東京都,1301,区中央部,R7-1301-23,特定機能,特
R7,13,東京都,1301,区中央部,R7-1301-23,三次救急,三次
R7,13,東京都,1301,区中央部,R7-1301-23,二次救急,二次
R7,13,東京都,1301,区中央部,R7-1301-24,地域支援,地
R7,13,東京都,1301,区中央部,R7-1301-24,二次救急,二次
R7,13,東京都,1301,区中央部,R7-1301-25,二次救急,二次
R7,13,東京都,1301,区中央部,R7-1301-26,地域支援,地
R7,13,東京都,1301,区中央部,R7-1301-26,二次救急,二次
R7,13,東京都,1301,区中央部,R7-1301-27,三次救急,三次
R7,13,東京都,1301,区中央部,R7-1301-27,二次救急,二次
R7,13,東京都,1301,区中央部,R7-1301-28,二次救急,二次
R7,13,東京都,1301,区中央部,R7-1301-29,二次救急,二次
R7,13,東京都,1301,区中央部,R7-1301-31,二次救急,二次
R7,13,東京都,1301,区中央部,R7-1301-32,二次救急,二次
R7,13,東京都,1301,区中央部,R7-1301-33,在宅療養支援,在支
R7,13,東京都,1301,区中央部,R7-1301-34,二次救急,二次
R7,13,東京都,1301,区中央部,R7-1301-35,二次救急,二次
R7,13,東京都,1301,区中央部,R7-1301-35,在宅療養支援,在支
R7,13,東京都,1301,区中央部,R7-1301-37,在宅療養支援,在支
R7,13,東京都,1301,区中央部,R7-1301-39,在宅療養支援,在支
R7,13,東京都,1301,区中央部,R7-1301-40,在宅療養支援,在支
R7,13,東京都,1301,区中央部,R7-1301-41,在宅療養支援,在支
R7,13,東京都,1301,区中央部,R7-1301-44,二次救急,二次
R7,13,東京都,1301,区中央部,R7-1301-48,在宅療養支援,在支
R7,13,東京都,1301,区中央部,R7-1301-49,在宅療養支援,在支
R7,13,東京都,1301,区中央部,R7-1301-50,在宅療養支援,在支
R7,13,東京都,1301,区中央部,R7-1301-53,在宅療養支援,在支
R7,13,東京都,1301,区中央部,R7-1301-69,在宅療養支援,在支
R7,13,東京都,1302,区南部,R7-1302-14,特定機能,特
R7,13,東京都,1302,区南部,R7-1302-14,三次救急,三次
R7,13,東京都,1302,区南部,R7-1302-14,二次救急,二次
R7,13,東京都,1302,区南部,R7-1302-15,特定機能,特
R7,13,東京都,1302,区南部,R7-1302-15,三次救急,三次
R7,13,東京都,1302,区南部,R7-1302-15,二次救急,二次
R7,13,東京都,1302,区南部,R7-1302-16,地域支援,地
R7,13,東京都,1302,区南部,R7-1302-16,二次救急,二次
R7,13,東京都,1302,区南部,R7-1302-17,二次救急,二次
R7,13,東京都,1302,区南部,R7-1302-18,地域支援,地
R7,13,東京都,1302,区南部,R7-1302-18,二次救急,二次
R7,13,東京都,1302,区南部,R7-1302-19,地域支援,地
R7,13,東京都,1302,区南部,R7-1302-19,二次救急,二次
R7,13,東京都,1302,区南部,R7-1302-20,二次救急,二次
R7,13,東京都,1302,区南部,R7-1302-21,地域支援,地
R7,13,東京都,1302,区南部,R7-1302-21,二次救急,二次
R7,13,東京都,1302,区南部,R7-1302-22,地域支援,地
R7,13,東京都,1302,区南部,R7-1302-22,二次救急,二次
R7,13,東京都,1302,区南部,R7-1302-24,二次救急,二次
R7,13,東京都,1302,区南部,R7-1302-26,二次救急,二次
R7,13,東京都,1302,区南部,R7-1302-26,在宅療養支援,在支
R7,13,東京都,1302,区南部,R7-1302-27,二次救急,二次
R7,13,東京都,1302,区南部,R7-1302-27,在宅療養支援,在支
R7,13,東京都,1302,区南部,R7-1302-28,在宅療養支援,在支
R7,13,東京都,1302,区南部,R7-1302-30,二次救急,二次
R7,13,東京都,1302,区南部,R7-1302-30,在宅療養支援,在支
R7,13,東京都,1302,区南部,R7-1302-31,二次救急,二次
R7,13,東京都,1302,区南部,R7-1302-31,在宅療養支援,在支
R7,13,東京都,1302,区南部,R7-1302-33,二次救急,二次
R7,13,東京都,1302,区南部,R7-1302-34,二次救急,二次
R7,13,東京都,1302,区南部,R7-1302-34,在宅療養支援,在支
R7,13,東京都,1302,区南部,R7-1302-36,二次救急,二次
R7,13,東京都,1302,区南部,R7-1302-42,在宅療養支援,在支
R7,13,東京都,1302,区南部,R7-1302-43,二次救急,二次
R7,13,東京都,1302,区南部,R7-1302-43,在宅療養支援,在支
R7,13,東京都,1302,区南部,R7-1302-45,在宅療養支援,在支
R7,13,東京都,1302,区南部,R7-1302-46,二次救急,二次
R7,13,東京都,1302,区南部,R7-1302-46,在宅療養支援,在支
R7,13,東京都,1302,区南部,R7-1302-47,在宅療養支援,在支
R7,13,東京都,1302,区南部,R7-1302-51,在宅療養支援,在支
R7,13,東京都,1303,区西南部,R7-1303-14,地域支援,地
R7,13,東京都,1303,区西南部,R7-1303-14,三次救急,三次
R7,13,東京都,1303,区西南部,R7-1303-14,二次救急,二次
R7,13,東京都,1303,区西南部,R7-1303-15,地域支援,地
R7,13,東京都,1303,区西南部,R7-1303-15,三次救急,三次
R7,13,東京都,1303,区西南部,R7-1303-15,二次救急,二次
R7,13,東京都,1303,区西南部,R7-1303-16,地域支援,地
R7,13,東京都,1303,区西南部,R7-1303-16,三次救急,三次
R7,13,東京都,1303,区西南部,R7-1303-16,二次救急,二次
R7,13,東京都,1303,区西南部,R7-1303-17,二次救急,二次
R7,13,東京都,1303,区西南部,R7-1303-18,二次救急,二次
R7,13,東京都,1303,区西南部,R7-1303-19,地域支援,地
R7,13,東京都,1303,区西南部,R7-1303-19,三次救急,三次
R7,13,東京都,1303,区西南部,R7-1303-19,二次救急,二次
R7,13,東京都,1303,区西南部,R7-1303-20,地域支援,地
R7,13,東京都,1303,区西南部,R7-1303-20,二次救急,二次
R7,13,東京都,1303,区西南部,R7-1303-21,二次救急,二次
R7,13,東京都,1303,区西南部,R7-1303-22,地域支援,地
R7,13,東京都,1303,区西南部,R7-1303-22,二次救急,二次
R7,13,東京都,1303,区西南部,R7-1303-24,地域支援,地
R7,13,東京都,1303,区西南部,R7-1303-24,二次救急,二次
R7,13,東京都,1303,区西南部,R7-1303-25,二次救急,二次
R7,13,東京都,1303,区西南部,R7-1303-26,二次救急,二次
R7,13,東京都,1303,区西南部,R7-1303-28,二次救急,二次
R7,13,東京都,1303,区西南部,R7-1303-30,二次救急,二次
R7,13,東京都,1303,区西南部,R7-1303-31,在宅療養支援,在支
R7,13,東京都,1303,区西南部,R7-1303-36,在宅療養支援,在支
R7,13,東京都,1303,区西南部,R7-1303-38,二次救急,二次
R7,13,東京都,1303,区西南部,R7-1303-41,二次救急,二次
R7,13,東京都,1303,区西南部,R7-1303-41,在宅療養支援,在支
R7,13,東京都,1303,区西南部,R7-1303-42,二次救急,二次
R7,13,東京都,1303,区西南部,R7-1303-42,在宅療養支援,在支
R7,13,東京都,1303,区西南部,R7-1303-44,在宅療養支援,在支
R7,13,東京都,1303,区西南部,R7-1303-46,二次救急,二次
R7,13,東京都,1303,区西南部,R7-1303-46,在宅療養支援,在支
R7,13,東京都,1303,区西南部,R7-1303-49,在宅療養支援,在支
R7,13,東京都,1303,区西南部,R7-1303-50,二次救急,二次
R7,13,東京都,1303,区西南部,R7-1303-51,在宅療養支援,在支
R7,13,東京都,1303,区西南部,R7-1303-52,二次救急,二次
R7,13,東京都,1303,区西南部,R7-1303-56,在宅療養支援,在支
R7,13,東京都,1303,区西南部,R7-1303-59,二次救急,二次
R7,13,東京都,1303,区西南部,R7-1303-61,二次救急,二次
R7,13,東京都,1303,区西南部,R7-1303-61,在宅療養支援,在支
R7,13,東京都,1303,区西南部,R7-1303-63,在宅療養支援,在支
R7,13,東京都,1303,区西南部,R7-1303-67,在宅療養支援,在支
R7,13,東京都,1303,区西南部,R7-1303-73,在宅療養支援,在支
R7,13,東京都,1303,区西南部,R7-1303-83,在宅療養支援,在支
R7,13,東京都,1303,区西南部,R7-1303-84,在宅療養支援,在支
R7,13,東京都,1303,区西南部,R7-1303-88,在宅療養支援,在支
R7,13,東京都,1304,区西部,R7-1304-14,三次救急,三次
R7,13,東京都,1304,区西部,R7-1304-14,二次救急,二次
R7,13,東京都,1304,区西部,R7-1304-15,特定機能,特
R7,13,東京都,1304,区西部,R7-1304-15,二次救急,二次
R7,13,東京都,1304,区西部,R7-1304-16,特定機能,特
R7,13,東京都,1304,区西部,R7-1304-16,三次救急,三次
R7,13,東京都,1304,区西部,R7-1304-16,二次救急,二次
R7,13,東京都,1304,区西部,R7-1304-17,特定機能,特
R7,13,東京都,1304,区西部,R7-1304-17,三次救急,三次
R7,13,東京都,1304,区西部,R7-1304-17,二次救急,二次
R7,13,東京都,1304,区西部,R7-1304-18,地域支援,地
R7,13,東京都,1304,区西部,R7-1304-18,二次救急,二次
R7,13,東京都,1304,区西部,R7-1304-19,地域支援,地
R7,13,東京都,1304,区西部,R7-1304-19,二次救急,二次
R7,13,東京都,1304,区西部,R7-1304-20,二次救急,二次
R7,13,東京都,1304,区西部,R7-1304-21,地域支援,地
R7,13,東京都,1304,区西部,R7-1304-21,二次救急,二次
R7,13,東京都,1304,区西部,R7-1304-22,地域支援,地
R7,13,東京都,1304,区西部,R7-1304-22,三次救急,三次
R7,13,東京都,1304,区西部,R7-1304-23,二次救急,二次
R7,13,東京都,1304,区西部,R7-1304-24,地域支援,地
R7,13,東京都,1304,区西部,R7-1304-24,二次救急,二次
R7,13,東京都,1304,区西部,R7-1304-25,二次救急,二次
R7,13,東京都,1304,区西部,R7-1304-26,地域支援,地
R7,13,東京都,1304,区西部,R7-1304-26,二次救急,二次
R7,13,東京都,1304,区西部,R7-1304-27,在宅療養支援,在支
R7,13,東京都,1304,区西部,R7-1304-28,在宅療養支援,在支
R7,13,東京都,1304,区西部,R7-1304-30,二次救急,二次
R7,13,東京都,1304,区西部,R7-1304-30,在宅療養支援,在支
R7,13,東京都,1304,区西部,R7-1304-31,二次救急,二次
R7,13,東京都,1304,区西部,R7-1304-32,二次救急,二次
R7,13,東京都,1304,区西部,R7-1304-34,在宅療養支援,在支
R7,13,東京都,1304,区西部,R7-1304-35,在宅療養支援,在支
R7,13,東京都,1304,区西部,R7-1304-37,二次救急,二次
R7,13,東京都,1304,区西部,R7-1304-37,在宅療養支援,在支
R7,13,東京都,1304,区西部,R7-1304-39,二次救急,二次
R7,13,東京都,1304,区西部,R7-1304-40,二次救急,二次
R7,13,東京都,1304,区西部,R7-1304-40,在宅療養支援,在支
R7,13,東京都,1304,区西部,R7-1304-41,在宅療養支援,在支
R7,13,東京都,1304,区西部,R7-1304-43,在宅療養支援,在支
R7,13,東京都,1304,区西部,R7-1304-45,二次救急,二次
R7,13,東京都,1304,区西部,R7-1304-46,二次救急,二次
R7,13,東京都,1304,区西部,R7-1304-46,在宅療養支援,在支
R7,13,東京都,1304,区西部,R7-1304-47,在宅療養支援,在支
R7,13,東京都,1304,区西部,R7-1304-50,二次救急,二次
R7,13,東京都,1304,区西部,R7-1304-53,在宅療養支援,在支
R7,13,東京都,1304,区西部,R7-1304-58,在宅療養支援,在支
R7,13,東京都,1304,区西部,R7-1304-59,在宅療養支援,在支
R7,13,東京都,1304,区西部,R7-1304-69,在宅療養支援,在支
R7,13,東京都,1304,区西部,R7-1304-72,在宅療養支援,在支
R7,13,東京都,1304,区西部,R7-1304-76,在宅療養支援,在支
R7,13,東京都,1304,区西部,R7-1304-78,在宅療養支援,在支
R7,13,東京都,1305,区西北部,R7-1305-14,特定機能,特
R7,13,東京都,1305,区西北部,R7-1305-14,三次救急,三次
R7,13,東京都,1305,区西北部,R7-1305-14,二次救急,二次
R7,13,東京都,1305,区西北部,R7-1305-15,特定機能,特
R7,13,東京都,1305,区西北部,R7-1305-15,三次救急,三次
R7,13,東京都,1305,区西北部,R7-1305-15,二次救急,二次
R7,13,東京都,1305,区西北部,R7-1305-16,二次救急,二次
R7,13,東京都,1305,区西北部,R7-1305-17,地域支援,地
R7,13,東京都,1305,区西北部,R7-1305-17,二次救急,二次
R7,13,東京都,1305,区西北部,R7-1305-18,地域支援,地
R7,13,東京都,1305,区西北部,R7-1305-18,三次救急,三次
R7,13,東京都,1305,区西北部,R7-1305-18,二次救急,二次
R7,13,東京都,1305,区西北部,R7-1305-19,地域支援,地
R7,13,東京都,1305,区西北部,R7-1305-19,二次救急,二次
R7,13,東京都,1305,区西北部,R7-1305-20,地域支援,地
R7,13,東京都,1305,区西北部,R7-1305-20,二次救急,二次
R7,13,東京都,1305,区西北部,R7-1305-21,地域支援,地
R7,13,東京都,1305,区西北部,R7-1305-21,二次救急,二次
R7,13,東京都,1305,区西北部,R7-1305-22,地域支援,地
R7,13,東京都,1305,区西北部,R7-1305-22,二次救急,二次
R7,13,東京都,1305,区西北部,R7-1305-23,二次救急,二次
R7,13,東京都,1305,区西北部,R7-1305-27,二次救急,二次
R7,13,東京都,1305,区西北部,R7-1305-28,二次救急,二次
R7,13,東京都,1305,区西北部,R7-1305-29,二次救急,二次
R7,13,東京都,1305,区西北部,R7-1305-31,二次救急,二次
R7,13,東京都,1305,区西北部,R7-1305-32,二次救急,二次
R7,13,東京都,1305,区西北部,R7-1305-32,在宅療養支援,在支
R7,13,東京都,1305,区西北部,R7-1305-34,二次救急,二次
R7,13,東京都,1305,区西北部,R7-1305-34,在宅療養支援,在支
R7,13,東京都,1305,区西北部,R7-1305-37,在宅療養支援,在支
R7,13,東京都,1305,区西北部,R7-1305-39,二次救急,二次
R7,13,東京都,1305,区西北部,R7-1305-39,在宅療養支援,在支
R7,13,東京都,1305,区西北部,R7-1305-43,在宅療養支援,在支
R7,13,東京都,1305,区西北部,R7-1305-48,在宅療養支援,在支
R7,13,東京都,1305,区西北部,R7-1305-49,在宅療養支援,在支
R7,13,東京都,1305,区西北部,R7-1305-52,在宅療養支援,在支
R7,13,東京都,1305,区西北部,R7-1305-53,在宅療養支援,在支
R7,13,東京都,1305,区西北部,R7-1305-54,二次救急,二次
R7,13,東京都,1305,区西北部,R7-1305-54,在宅療養支援,在支
R7,13,東京都,1305,区西北部,R7-1305-57,在宅療養支援,在支
R7,13,東京都,1305,区西北部,R7-1305-59,二次救急,二次
R7,13,東京都,1305,区西北部,R7-1305-61,在宅療養支援,在支
R7,13,東京都,1305,区西北部,R7-1305-62,在宅療養支援,在支
R7,13,東京都,1305,区西北部,R7-1305-68,二次救急,二次
R7,13,東京都,1305,区西北部,R7-1305-68,在宅療養支援,在支
R7,13,東京都,1305,区西北部,R7-1305-69,二次救急,二次
R7,13,東京都,1305,区西北部,R7-1305-69,在宅療養支援,在支
R7,13,東京都,1305,区西北部,R7-1305-70,二次救急,二次
R7,13,東京都,1305,区西北部,R7-1305-72,二次救急,二次
R7,13,東京都,1305,区西北部,R7-1305-72,在宅療養支援,在支
R7,13,東京都,1305,区西北部,R7-1305-75,二次救急,二次
R7,13,東京都,1305,区西北部,R7-1305-80,在宅療養支援,在支
R7,13,東京都,1305,区西北部,R7-1305-82,二次救急,二次
R7,13,東京都,1305,区西北部,R7-1305-82,在宅療養支援,在支
R7,13,東京都,1305,区西北部,R7-1305-85,在宅療養支援,在支
R7,13,東京都,1305,区西北部,R7-1305-86,在宅療養支援,在支
R7,13,東京都,1305,区西北部,R7-1305-89,二次救急,二次
R7,13,東京都,1305,区西北部,R7-1305-90,在宅療養支援,在支
R7,13,東京都,1305,区西北部,R7-1305-91,在宅療養支援,在支
R7,13,東京都,1305,区西北部,R7-1305-92,二次救急,二次
R7,13,東京都,1305,区西北部,R7-1305-93,在宅療養支援,在支
R7,13,東京都,1305,区西北部,R7-1305-97,二次救急,二次
R7,13,東京都,1305,区西北部,R7-1305-99,在宅療養支援,在支
R7,13,東京都,1305,区西北部,R7-1305-101,在宅療養支援,在支
R7,13,東京都,1305,区西北部,R7-1305-102,在宅療養支援,在支
R7,13,東京都,1305,区西北部,R7-1305-103,在宅療養支援,在支
R7,13,東京都,1305,区西北部,R7-1305-116,在宅療養支援,在支
R7,13,東京都,1305,区西北部,R7-1305-117,在宅療養支援,在支
R7,13,東京都,1305,区西北部,R7-1305-126,在宅療養支援,在支
R7,13,東京都,1305,区西北部,R7-1305-128,在宅療養支援,在支
R7,13,東京都,1306,区東北部,R7-1306-14,地域支援,地
R7,13,東京都,1306,区東北部,R7-1306-14,三次救急,三次
R7,13,東京都,1306,区東北部,R7-1306-14,二次救急,二次
R7,13,東京都,1306,区東北部,R7-1306-15,二次救急,二次
R7,13,東京都,1306,区東北部,R7-1306-16,地域支援,地
R7,13,東京都,1306,区東北部,R7-1306-16,二次救急,二次
R7,13,東京都,1306,区東北部,R7-1306-18,地域支援,地
R7,13,東京都,1306,区東北部,R7-1306-18,二次救急,二次
R7,13,東京都,1306,区東北部,R7-1306-19,二次救急,二次
R7,13,東京都,1306,区東北部,R7-1306-21,二次救急,二次
R7,13,東京都,1306,区東北部,R7-1306-22,二次救急,二次
R7,13,東京都,1306,区東北部,R7-1306-23,二次救急,二次
R7,13,東京都,1306,区東北部,R7-1306-25,二次救急,二次
R7,13,東京都,1306,区東北部,R7-1306-25,在宅療養支援,在支
R7,13,東京都,1306,区東北部,R7-1306-26,二次救急,二次
R7,13,東京都,1306,区東北部,R7-1306-26,在宅療養支援,在支
R7,13,東京都,1306,区東北部,R7-1306-28,在宅療養支援,在支
R7,13,東京都,1306,区東北部,R7-1306-29,在宅療養支援,在支
R7,13,東京都,1306,区東北部,R7-1306-30,在宅療養支援,在支
R7,13,東京都,1306,区東北部,R7-1306-32,在宅療養支援,在支
R7,13,東京都,1306,区東北部,R7-1306-33,二次救急,二次
R7,13,東京都,1306,区東北部,R7-1306-33,在宅療養支援,在支
R7,13,東京都,1306,区東北部,R7-1306-35,二次救急,二次
R7,13,東京都,1306,区東北部,R7-1306-35,在宅療養支援,在支
R7,13,東京都,1306,区東北部,R7-1306-36,二次救急,二次
R7,13,東京都,1306,区東北部,R7-1306-36,在宅療養支援,在支
R7,13,東京都,1306,区東北部,R7-1306-38,二次救急,二次
R7,13,東京都,1306,区東北部,R7-1306-38,在宅療養支援,在支
R7,13,東京都,1306,区東北部,R7-1306-39,二次救急,二次
R7,13,東京都,1306,区東北部,R7-1306-40,在宅療養支援,在支
R7,13,東京都,1306,区東北部,R7-1306-41,二次救急,二次
R7,13,東京都,1306,区東北部,R7-1306-41,在宅療養支援,在支
R7,13,東京都,1306,区東北部,R7-1306-42,在宅療養支援,在支
R7,13,東京都,1306,区東北部,R7-1306-43,二次救急,二次
R7,13,東京都,1306,区東北部,R7-1306-43,在宅療養支援,在支
R7,13,東京都,1306,区東北部,R7-1306-45,二次救急,二次
R7,13,東京都,1306,区東北部,R7-1306-48,在宅療養支援,在支
R7,13,東京都,1306,区東北部,R7-1306-49,在宅療養支援,在支
R7,13,東京都,1306,区東北部,R7-1306-53,二次救急,二次
R7,13,東京都,1306,区東北部,R7-1306-53,在宅療養支援,在支
R7,13,東京都,1306,区東北部,R7-1306-54,二次救急,二次
R7,13,東京都,1306,区東北部,R7-1306-54,在宅療養支援,在支
R7,13,東京都,1306,区東北部,R7-1306-55,在宅療養支援,在支
R7,13,東京都,1306,区東北部,R7-1306-56,二次救急,二次
R7,13,東京都,1306,区東北部,R7-1306-56,在宅療養支援,在支
R7,13,東京都,1306,区東北部,R7-1306-57,在宅療養支援,在支
R7,13,東京都,1306,区東北部,R7-1306-59,在宅療養支援,在支
R7,13,東京都,1306,区東北部,R7-1306-60,二次救急,二次
R7,13,東京都,1306,区東北部,R7-1306-60,在宅療養支援,在支
R7,13,東京都,1306,区東北部,R7-1306-61,二次救急,二次
R7,13,東京都,1306,区東北部,R7-1306-61,在宅療養支援,在支
R7,13,東京都,1306,区東北部,R7-1306-62,在宅療養支援,在支
R7,13,東京都,1306,区東北部,R7-1306-66,二次救急,二次
R7,13,東京都,1306,区東北部,R7-1306-66,在宅療養支援,在支
R7,13,東京都,1306,区東北部,R7-1306-71,二次救急,二次
R7,13,東京都,1306,区東北部,R7-1306-73,在宅療養支援,在支
R7,13,東京都,1306,区東北部,R7-1306-76,在宅療養支援,在支
R7,13,東京都,1306,区東北部,R7-1306-77,在宅療養支援,在支
R7,13,東京都,1306,区東北部,R7-1306-79,在宅療養支援,在支
R7,13,東京都,1306,区東北部,R7-1306-81,二次救急,二次
R7,13,東京都,1306,区東北部,R7-1306-81,在宅療養支援,在支
R7,13,東京都,1306,区東北部,R7-1306-83,在宅療養支援,在支
R7,13,東京都,1306,区東北部,R7-1306-89,二次救急,二次
R7,13,東京都,1306,区東北部,R7-1306-90,在宅療養支援,在支
R7,13,東京都,1306,区東北部,R7-1306-96,在宅療養支援,在支
R7,13,東京都,1306,区東北部,R7-1306-100,在宅療養支援,在支
R7,13,東京都,1306,区東北部,R7-1306-101,在宅療養支援,在支
R7,13,東京都,1306,区東北部,R7-1306-105,在宅療養支援,在支
R7,13,東京都,1306,区東北部,R7-1306-106,在宅療養支援,在支
R7,13,東京都,1306,区東北部,R7-1306-108,在宅療養支援,在支
R7,13,東京都,1306,区東北部,R7-1306-120,在宅療養支援,在支
R7,13,東京都,1306,区東北部,R7-1306-121,在宅療養支援,在支
R7,13,東京都,1307,区東部,R7-1307-14,地域支援,地
R7,13,東京都,1307,区東部,R7-1307-14,三次救急,三次
R7,13,東京都,1307,区東部,R7-1307-14,二次救急,二次
R7,13,東京都,1307,区東部,R7-1307-15,特定機能,特
R7,13,東京都,1307,区東部,R7-1307-15,二次救急,二次
R7,13,東京都,1307,区東部,R7-1307-16,地域支援,地
R7,13,東京都,1307,区東部,R7-1307-16,二次救急,二次
R7,13,東京都,1307,区東部,R7-1307-17,地域支援,地
R7,13,東京都,1307,区東部,R7-1307-17,二次救急,二次
R7,13,東京都,1307,区東部,R7-1307-18,地域支援,地
R7,13,東京都,1307,区東部,R7-1307-18,二次救急,二次
R7,13,東京都,1307,区東部,R7-1307-20,地域支援,地
R7,13,東京都,1307,区東部,R7-1307-20,二次救急,二次
R7,13,東京都,1307,区東部,R7-1307-21,二次救急,二次
R7,13,東京都,1307,区東部,R7-1307-22,二次救急,二次
R7,13,東京都,1307,区東部,R7-1307-24,二次救急,二次
R7,13,東京都,1307,区東部,R7-1307-25,二次救急,二次
R7,13,東京都,1307,区東部,R7-1307-26,二次救急,二次
R7,13,東京都,1307,区東部,R7-1307-27,二次救急,二次
R7,13,東京都,1307,区東部,R7-1307-27,在宅療養支援,在支
R7,13,東京都,1307,区東部,R7-1307-28,二次救急,二次
R7,13,東京都,1307,区東部,R7-1307-28,在宅療養支援,在支
R7,13,東京都,1307,区東部,R7-1307-32,二次救急,二次
R7,13,東京都,1307,区東部,R7-1307-33,二次救急,二次
R7,13,東京都,1307,区東部,R7-1307-33,在宅療養支援,在支
R7,13,東京都,1307,区東部,R7-1307-34,二次救急,二次
R7,13,東京都,1307,区東部,R7-1307-35,二次救急,二次
R7,13,東京都,1307,区東部,R7-1307-38,在宅療養支援,在支
R7,13,東京都,1307,区東部,R7-1307-39,在宅療養支援,在支
R7,13,東京都,1307,区東部,R7-1307-41,二次救急,二次
R7,13,東京都,1307,区東部,R7-1307-41,在宅療養支援,在支
R7,13,東京都,1307,区東部,R7-1307-42,二次救急,二次
R7,13,東京都,1307,区東部,R7-1307-42,在宅療養支援,在支
R7,13,東京都,1307,区東部,R7-1307-43,在宅療養支援,在支
R7,13,東京都,1307,区東部,R7-1307-44,二次救急,二次
R7,13,東京都,1307,区東部,R7-1307-44,在宅療養支援,在支
R7,13,東京都,1307,区東部,R7-1307-47,二次救急,二次
R7,13,東京都,1307,区東部,R7-1307-47,在宅療養支援,在支
R7,13,東京都,1307,区東部,R7-1307-49,二次救急,二次
R7,13,東京都,1307,区東部,R7-1307-49,在宅療養支援,在支
R7,13,東京都,1307,区東部,R7-1307-50,在宅療養支援,在支
R7,13,東京都,1307,区東部,R7-1307-51,在宅療養支援,在支
R7,13,東京都,1307,区東部,R7-1307-52,二次救急,二次
R7,13,東京都,1307,区東部,R7-1307-53,二次救急,二次
R7,13,東京都,1307,区東部,R7-1307-55,二次救急,二次
R7,13,東京都,1307,区東部,R7-1307-58,二次救急,二次
R7,13,東京都,1307,区東部,R7-1307-58,在宅療養支援,在支
R7,13,東京都,1307,区東部,R7-1307-59,在宅療養支援,在支
R7,13,東京都,1307,区東部,R7-1307-60,二次救急,二次
R7,13,東京都,1307,区東部,R7-1307-71,在宅療養支援,在支
R7,13,東京都,1307,区東部,R7-1307-87,在宅療養支援,在支
R7,13,東京都,1307,区東部,R7-1307-90,在宅療養支援,在支
R7,13,東京都,1307,区東部,R7-1307-94,在宅療養支援,在支
R7,13,東京都,1308,西多摩,R7-1308-14,地域支援,地
R7,13,東京都,1308,西多摩,R7-1308-14,三次救急,三次
R7,13,東京都,1308,西多摩,R7-1308-14,二次救急,二次
R7,13,東京都,1308,西多摩,R7-1308-17,二次救急,二次
R7,13,東京都,1308,西多摩,R7-1308-18,二次救急,二次
R7,13,東京都,1308,西多摩,R7-1308-19,在宅療養支援,在支
R7,13,東京都,1308,西多摩,R7-1308-20,二次救急,二次
R7,13,東京都,1308,西多摩,R7-1308-20,在宅療養支援,在支
R7,13,東京都,1308,西多摩,R7-1308-21,二次救急,二次
R7,13,東京都,1308,西多摩,R7-1308-25,二次救急,二次
R7,13,東京都,1308,西多摩,R7-1308-25,在宅療養支援,在支
R7,13,東京都,1308,西多摩,R7-1308-26,在宅療養支援,在支
R7,13,東京都,1308,西多摩,R7-1308-28,在宅療養支援,在支
R7,13,東京都,1308,西多摩,R7-1308-29,在宅療養支援,在支
R7,13,東京都,1308,西多摩,R7-1308-34,二次救急,二次
R7,13,東京都,1308,西多摩,R7-1308-34,在宅療養支援,在支
R7,13,東京都,1308,西多摩,R7-1308-38,在宅療養支援,在支
R7,13,東京都,1308,西多摩,R7-1308-40,在宅療養支援,在支
R7,13,東京都,1309,南多摩,R7-1309-14,地域支援,地
R7,13,東京都,1309,南多摩,R7-1309-14,三次救急,三次
R7,13,東京都,1309,南多摩,R7-1309-14,二次救急,二次
R7,13,東京都,1309,南多摩,R7-1309-15,地域支援,地
R7,13,東京都,1309,南多摩,R7-1309-15,二次救急,二次
R7,13,東京都,1309,南多摩,R7-1309-16,地域支援,地
R7,13,東京都,1309,南多摩,R7-1309-16,二次救急,二次
R7,13,東京都,1309,南多摩,R7-1309-17,地域支援,地
R7,13,東京都,1309,南多摩,R7-1309-17,三次救急,三次
R7,13,東京都,1309,南多摩,R7-1309-17,二次救急,二次
R7,13,東京都,1309,南多摩,R7-1309-20,地域支援,地
R7,13,東京都,1309,南多摩,R7-1309-20,二次救急,二次
R7,13,東京都,1309,南多摩,R7-1309-21,二次救急,二次
R7,13,東京都,1309,南多摩,R7-1309-22,地域支援,地
R7,13,東京都,1309,南多摩,R7-1309-22,二次救急,二次
R7,13,東京都,1309,南多摩,R7-1309-25,二次救急,二次
R7,13,東京都,1309,南多摩,R7-1309-25,在宅療養支援,在支
R7,13,東京都,1309,南多摩,R7-1309-28,二次救急,二次
R7,13,東京都,1309,南多摩,R7-1309-30,二次救急,二次
R7,13,東京都,1309,南多摩,R7-1309-30,在宅療養支援,在支
R7,13,東京都,1309,南多摩,R7-1309-31,二次救急,二次
R7,13,東京都,1309,南多摩,R7-1309-33,在宅療養支援,在支
R7,13,東京都,1309,南多摩,R7-1309-34,在宅療養支援,在支
R7,13,東京都,1309,南多摩,R7-1309-35,二次救急,二次
R7,13,東京都,1309,南多摩,R7-1309-35,在宅療養支援,在支
R7,13,東京都,1309,南多摩,R7-1309-36,二次救急,二次
R7,13,東京都,1309,南多摩,R7-1309-36,在宅療養支援,在支
R7,13,東京都,1309,南多摩,R7-1309-38,在宅療養支援,在支
R7,13,東京都,1309,南多摩,R7-1309-39,二次救急,二次
R7,13,東京都,1309,南多摩,R7-1309-40,二次救急,二次
R7,13,東京都,1309,南多摩,R7-1309-40,在宅療養支援,在支
R7,13,東京都,1309,南多摩,R7-1309-42,二次救急,二次
R7,13,東京都,1309,南多摩,R7-1309-42,在宅療養支援,在支
R7,13,東京都,1309,南多摩,R7-1309-45,二次救急,二次
R7,13,東京都,1309,南多摩,R7-1309-45,在宅療養支援,在支
R7,13,東京都,1309,南多摩,R7-1309-50,在宅療養支援,在支
R7,13,東京都,1309,南多摩,R7-1309-51,在宅療養支援,在支
R7,13,東京都,1309,南多摩,R7-1309-54,二次救急,二次
R7,13,東京都,1309,南多摩,R7-1309-54,在宅療養支援,在支
R7,13,東京都,1309,南多摩,R7-1309-56,二次救急,二次
R7,13,東京都,1309,南多摩,R7-1309-57,在宅療養支援,在支
R7,13,東京都,1309,南多摩,R7-1309-60,二次救急,二次
R7,13,東京都,1309,南多摩,R7-1309-60,在宅療養支援,在支
R7,13,東京都,1309,南多摩,R7-1309-61,在宅療養支援,在支
R7,13,東京都,1309,南多摩,R7-1309-63,二次救急,二次
R7,13,東京都,1309,南多摩,R7-1309-71,二次救急,二次
R7,13,東京都,1309,南多摩,R7-1309-80,在宅療養支援,在支
R7,13,東京都,1309,南多摩,R7-1309-92,在宅療養支援,在支
R7,13,東京都,1309,南多摩,R7-1309-97,在宅療養支援,在支
R7,13,東京都,1309,南多摩,R7-1309-98,在宅療養支援,在支
R7,13,東京都,1309,南多摩,R7-1309-101,在宅療養支援,在支
R7,13,東京都,1309,南多摩,R7-1309-102,在宅療養支援,在支
R7,13,東京都,1310,北多摩西部,R7-1310-14,二次救急,二次
R7,13,東京都,1310,北多摩西部,R7-1310-15,地域支援,地
R7,13,東京都,1310,北多摩西部,R7-1310-15,三次救急,三次
R7,13,東京都,1310,北多摩西部,R7-1310-15,二次救急,二次
R7,13,東京都,1310,北多摩西部,R7-1310-16,地域支援,地
R7,13,東京都,1310,北多摩西部,R7-1310-16,二次救急,二次
R7,13,東京都,1310,北多摩西部,R7-1310-18,二次救急,二次
R7,13,東京都,1310,北多摩西部,R7-1310-19,地域支援,地
R7,13,東京都,1310,北多摩西部,R7-1310-19,二次救急,二次
R7,13,東京都,1310,北多摩西部,R7-1310-20,地域支援,地
R7,13,東京都,1310,北多摩西部,R7-1310-20,二次救急,二次
R7,13,東京都,1310,北多摩西部,R7-1310-21,二次救急,二次
R7,13,東京都,1310,北多摩西部,R7-1310-22,在宅療養支援,在支
R7,13,東京都,1310,北多摩西部,R7-1310-25,在宅療養支援,在支
R7,13,東京都,1310,北多摩西部,R7-1310-26,在宅療養支援,在支
R7,13,東京都,1310,北多摩西部,R7-1310-27,二次救急,二次
R7,13,東京都,1310,北多摩西部,R7-1310-31,在宅療養支援,在支
R7,13,東京都,1310,北多摩西部,R7-1310-32,二次救急,二次
R7,13,東京都,1310,北多摩西部,R7-1310-32,在宅療養支援,在支
R7,13,東京都,1310,北多摩西部,R7-1310-33,在宅療養支援,在支
R7,13,東京都,1310,北多摩西部,R7-1310-36,二次救急,二次
R7,13,東京都,1311,北多摩南部,R7-1311-14,特定機能,特
R7,13,東京都,1311,北多摩南部,R7-1311-14,三次救急,三次
R7,13,東京都,1311,北多摩南部,R7-1311-14,二次救急,二次
R7,13,東京都,1311,北多摩南部,R7-1311-15,地域支援,地
R7,13,東京都,1311,北多摩南部,R7-1311-15,三次救急,三次
R7,13,東京都,1311,北多摩南部,R7-1311-15,二次救急,二次
R7,13,東京都,1311,北多摩南部,R7-1311-16,地域支援,地
R7,13,東京都,1311,北多摩南部,R7-1311-16,三次救急,三次
R7,13,東京都,1311,北多摩南部,R7-1311-16,二次救急,二次
R7,13,東京都,1311,北多摩南部,R7-1311-17,地域支援,地
R7,13,東京都,1311,北多摩南部,R7-1311-17,二次救急,二次
R7,13,東京都,1311,北多摩南部,R7-1311-18,二次救急,二次
R7,13,東京都,1311,北多摩南部,R7-1311-20,地域支援,地
R7,13,東京都,1311,北多摩南部,R7-1311-20,二次救急,二次
R7,13,東京都,1311,北多摩南部,R7-1311-24,地域支援,地
R7,13,東京都,1311,北多摩南部,R7-1311-24,二次救急,二次
R7,13,東京都,1311,北多摩南部,R7-1311-25,在宅療養支援,在支
R7,13,東京都,1311,北多摩南部,R7-1311-26,在宅療養支援,在支
R7,13,東京都,1311,北多摩南部,R7-1311-27,二次救急,二次
R7,13,東京都,1311,北多摩南部,R7-1311-28,二次救急,二次
R7,13,東京都,1311,北多摩南部,R7-1311-28,在宅療養支援,在支
R7,13,東京都,1311,北多摩南部,R7-1311-29,二次救急,二次
R7,13,東京都,1311,北多摩南部,R7-1311-29,在宅療養支援,在支
R7,13,東京都,1311,北多摩南部,R7-1311-30,在宅療養支援,在支
R7,13,東京都,1311,北多摩南部,R7-1311-32,在宅療養支援,在支
R7,13,東京都,1311,北多摩南部,R7-1311-33,二次救急,二次
R7,13,東京都,1311,北多摩南部,R7-1311-33,在宅療養支援,在支
R7,13,東京都,1311,北多摩南部,R7-1311-34,二次救急,二次
R7,13,東京都,1311,北多摩南部,R7-1311-34,在宅療養支援,在支
R7,13,東京都,1311,北多摩南部,R7-1311-37,二次救急,二次
R7,13,東京都,1311,北多摩南部,R7-1311-37,在宅療養支援,在支
R7,13,東京都,1311,北多摩南部,R7-1311-40,二次救急,二次
R7,13,東京都,1311,北多摩南部,R7-1311-41,在宅療養支援,在支
R7,13,東京都,1311,北多摩南部,R7-1311-44,在宅療養支援,在支
R7,13,東京都,1311,北多摩南部,R7-1311-46,二次救急,二次
R7,13,東京都,1311,北多摩南部,R7-1311-52,在宅療養支援,在支
R7,13,東京都,1312,北多摩北部,R7-1312-14,地域支援,地
R7,13,東京都,1312,北多摩北部,R7-1312-14,三次救急,三次
R7,13,東京都,1312,北多摩北部,R7-1312-14,二次救急,二次
R7,13,東京都,1312,北多摩北部,R7-1312-15,地域支援,地
R7,13,東京都,1312,北多摩北部,R7-1312-15,二次救急,二次
R7,13,東京都,1312,北多摩北部,R7-1312-17,地域支援,地
R7,13,東京都,1312,北多摩北部,R7-1312-17,二次救急,二次
R7,13,東京都,1312,北多摩北部,R7-1312-18,三次救急,三次
R7,13,東京都,1312,北多摩北部,R7-1312-18,二次救急,二次
R7,13,東京都,1312,北多摩北部,R7-1312-20,地域支援,地
R7,13,東京都,1312,北多摩北部,R7-1312-20,二次救急,二次
R7,13,東京都,1312,北多摩北部,R7-1312-21,二次救急,二次
R7,13,東京都,1312,北多摩北部,R7-1312-22,二次救急,二次
R7,13,東京都,1312,北多摩北部,R7-1312-25,在宅療養支援,在支
R7,13,東京都,1312,北多摩北部,R7-1312-26,二次救急,二次
R7,13,東京都,1312,北多摩北部,R7-1312-26,在宅療養支援,在支
R7,13,東京都,1312,北多摩北部,R7-1312-27,二次救急,二次
R7,13,東京都,1312,北多摩北部,R7-1312-29,二次救急,二次
R7,13,東京都,1312,北多摩北部,R7-1312-29,在宅療養支援,在支
R7,13,東京都,1312,北多摩北部,R7-1312-31,在宅療養支援,在支
R7,13,東京都,1312,北多摩北部,R7-1312-32,二次救急,二次
R7,13,東京都,1312,北多摩北部,R7-1312-33,在宅療養支援,在支
R7,13,東京都,1312,北多摩北部,R7-1312-34,在宅療養支援,在支
R7,13,東京都,1312,北多摩北部,R7-1312-38,二次救急,二次
R7,13,東京都,1312,北多摩北部,R7-1312-38,在宅療養支援,在支
R7,13,東京都,1312,北多摩北部,R7-1312-40,在宅療養支援,在支
R7,13,東京都,1312,北多摩北部,R7-1312-42,在宅療養支援,在支
R7,13,東京都,1312,北多摩北部,R7-1312-46,二次救急,二次
R7,13,東京都,1312,北多摩北部,R7-1312-47,二次救急,二次
R7,13,東京都,1312,北多摩北部,R7-1312-48,二次救急,二次
R7,13,東京都,1312,北多摩北部,R7-1312-51,在宅療養支援,在支
R7,13,東京都,1312,北多摩北部,R7-1312-53,在宅療養支援,在支
R7,13,東京都,1313,島しょ,R7-1313-14,二次救急,二次
R7,13,東京都,1313,島しょ,R7-1313-15,在宅療養支援,在支
R7,13,東京都,1313,島しょ,R7-1313-17,在宅療養支援,在支
R7,13,東京都,1313,島しょ,R7-1313-18,在宅療養支援,在支
R7,13,東京都,1313,島しょ,R7-1313-19,在宅療養支援,在支
R7,13,東京都,1313,島しょ,R7-1313-21,在宅療養支援,在支
R7,14,神奈川県,1404,川崎北部,R7-1404-14,特定機能,特
R7,14,神奈川県,1404,川崎北部,R7-1404-14,三次救急,三次
R7,14,神奈川県,1404,川崎北部,R7-1404-14,二次救急,二次
R7,14,神奈川県,1404,川崎北部,R7-1404-15,地域支援,地
R7,14,神奈川県,1404,川崎北部,R7-1404-15,二次救急,二次
R7,14,神奈川県,1404,川崎北部,R7-1404-16,二次救急,二次
R7,14,神奈川県,1404,川崎北部,R7-1404-17,地域支援,地
R7,14,神奈川県,1404,川崎北部,R7-1404-17,二次救急,二次
R7,14,神奈川県,1404,川崎北部,R7-1404-18,二次救急,二次
R7,14,神奈川県,1404,川崎北部,R7-1404-20,二次救急,二次
R7,14,神奈川県,1404,川崎北部,R7-1404-21,二次救急,二次
R7,14,神奈川県,1404,川崎北部,R7-1404-21,在宅療養支援,在支
R7,14,神奈川県,1404,川崎北部,R7-1404-22,二次救急,二次
R7,14,神奈川県,1404,川崎北部,R7-1404-22,在宅療養支援,在支
R7,14,神奈川県,1404,川崎北部,R7-1404-24,在宅療養支援,在支
R7,14,神奈川県,1404,川崎北部,R7-1404-28,二次救急,二次
R7,14,神奈川県,1404,川崎北部,R7-1404-32,在宅療養支援,在支
R7,14,神奈川県,1404,川崎北部,R7-1404-34,在宅療養支援,在支
R7,14,神奈川県,1404,川崎北部,R7-1404-35,在宅療養支援,在支
R7,14,神奈川県,1405,川崎南部,R7-1405-14,地域支援,地
R7,14,神奈川県,1405,川崎南部,R7-1405-14,三次救急,三次
R7,14,神奈川県,1405,川崎南部,R7-1405-14,二次救急,二次
R7,14,神奈川県,1405,川崎南部,R7-1405-15,地域支援,地
R7,14,神奈川県,1405,川崎南部,R7-1405-15,二次救急,二次
R7,14,神奈川県,1405,川崎南部,R7-1405-16,地域支援,地
R7,14,神奈川県,1405,川崎南部,R7-1405-16,三次救急,三次
R7,14,神奈川県,1405,川崎南部,R7-1405-16,二次救急,二次
R7,14,神奈川県,1405,川崎南部,R7-1405-17,二次救急,二次
R7,14,神奈川県,1405,川崎南部,R7-1405-18,地域支援,地
R7,14,神奈川県,1405,川崎南部,R7-1405-18,二次救急,二次
R7,14,神奈川県,1405,川崎南部,R7-1405-19,二次救急,二次
R7,14,神奈川県,1405,川崎南部,R7-1405-20,地域支援,地
R7,14,神奈川県,1405,川崎南部,R7-1405-20,二次救急,二次
R7,14,神奈川県,1405,川崎南部,R7-1405-21,二次救急,二次
R7,14,神奈川県,1405,川崎南部,R7-1405-22,二次救急,二次
R7,14,神奈川県,1405,川崎南部,R7-1405-23,二次救急,二次
R7,14,神奈川県,1405,川崎南部,R7-1405-23,在宅療養支援,在支
R7,14,神奈川県,1405,川崎南部,R7-1405-25,二次救急,二次
R7,14,神奈川県,1405,川崎南部,R7-1405-25,在宅療養支援,在支
R7,14,神奈川県,1405,川崎南部,R7-1405-26,二次救急,二次
R7,14,神奈川県,1405,川崎南部,R7-1405-29,二次救急,二次
R7,14,神奈川県,1405,川崎南部,R7-1405-31,在宅療養支援,在支
R7,14,神奈川県,1406,横須賀・三浦,R7-1406-14,地域支援,地
R7,14,神奈川県,1406,横須賀・三浦,R7-1406-14,三次救急,三次
R7,14,神奈川県,1406,横須賀・三浦,R7-1406-14,二次救急,二次
R7,14,神奈川県,1406,横須賀・三浦,R7-1406-15,地域支援,地
R7,14,神奈川県,1406,横須賀・三浦,R7-1406-15,三次救急,三次
R7,14,神奈川県,1406,横須賀・三浦,R7-1406-15,二次救急,二次
R7,14,神奈川県,1406,横須賀・三浦,R7-1406-16,地域支援,地
R7,14,神奈川県,1406,横須賀・三浦,R7-1406-16,三次救急,三次
R7,14,神奈川県,1406,横須賀・三浦,R7-1406-16,二次救急,二次
R7,14,神奈川県,1406,横須賀・三浦,R7-1406-17,地域支援,地
R7,14,神奈川県,1406,横須賀・三浦,R7-1406-17,二次救急,二次
R7,14,神奈川県,1406,横須賀・三浦,R7-1406-19,二次救急,二次
R7,14,神奈川県,1406,横須賀・三浦,R7-1406-20,二次救急,二次
R7,14,神奈川県,1406,横須賀・三浦,R7-1406-21,二次救急,二次
R7,14,神奈川県,1406,横須賀・三浦,R7-1406-21,在宅療養支援,在支
R7,14,神奈川県,1406,横須賀・三浦,R7-1406-22,二次救急,二次
R7,14,神奈川県,1406,横須賀・三浦,R7-1406-22,在宅療養支援,在支
R7,14,神奈川県,1406,横須賀・三浦,R7-1406-23,二次救急,二次
R7,14,神奈川県,1406,横須賀・三浦,R7-1406-24,在宅療養支援,在支
R7,14,神奈川県,1406,横須賀・三浦,R7-1406-25,二次救急,二次
R7,14,神奈川県,1406,横須賀・三浦,R7-1406-25,在宅療養支援,在支
R7,14,神奈川県,1406,横須賀・三浦,R7-1406-26,二次救急,二次
R7,14,神奈川県,1406,横須賀・三浦,R7-1406-26,在宅療養支援,在支
R7,14,神奈川県,1406,横須賀・三浦,R7-1406-28,二次救急,二次
R7,14,神奈川県,1406,横須賀・三浦,R7-1406-28,在宅療養支援,在支
R7,14,神奈川県,1406,横須賀・三浦,R7-1406-29,二次救急,二次
R7,14,神奈川県,1406,横須賀・三浦,R7-1406-30,二次救急,二次
R7,14,神奈川県,1406,横須賀・三浦,R7-1406-31,在宅療養支援,在支
R7,14,神奈川県,1406,横須賀・三浦,R7-1406-32,二次救急,二次
R7,14,神奈川県,1406,横須賀・三浦,R7-1406-33,二次救急,二次
R7,14,神奈川県,1406,横須賀・三浦,R7-1406-33,在宅療養支援,在支
R7,14,神奈川県,1406,横須賀・三浦,R7-1406-34,二次救急,二次
R7,14,神奈川県,1406,横須賀・三浦,R7-1406-34,在宅療養支援,在支
R7,14,神奈川県,1406,横須賀・三浦,R7-1406-39,在宅療養支援,在支
R7,14,神奈川県,1406,横須賀・三浦,R7-1406-45,在宅療養支援,在支
R7,14,神奈川県,1406,横須賀・三浦,R7-1406-46,在宅療養支援,在支
R7,14,神奈川県,1407,湘南東部,R7-1407-14,地域支援,地
R7,14,神奈川県,1407,湘南東部,R7-1407-14,三次救急,三次
R7,14,神奈川県,1407,湘南東部,R7-1407-16,二次救急,二次
R7,14,神奈川県,1407,湘南東部,R7-1407-17,地域支援,地
R7,14,神奈川県,1407,湘南東部,R7-1407-17,二次救急,二次
R7,14,神奈川県,1407,湘南東部,R7-1407-18,二次救急,二次
R7,14,神奈川県,1407,湘南東部,R7-1407-19,二次救急,二次
R7,14,神奈川県,1407,湘南東部,R7-1407-21,二次救急,二次
R7,14,神奈川県,1407,湘南東部,R7-1407-21,在宅療養支援,在支
R7,14,神奈川県,1407,湘南東部,R7-1407-22,二次救急,二次
R7,14,神奈川県,1407,湘南東部,R7-1407-22,在宅療養支援,在支
R7,14,神奈川県,1407,湘南東部,R7-1407-23,二次救急,二次
R7,14,神奈川県,1407,湘南東部,R7-1407-23,在宅療養支援,在支
R7,14,神奈川県,1407,湘南東部,R7-1407-25,二次救急,二次
R7,14,神奈川県,1407,湘南東部,R7-1407-25,在宅療養支援,在支
R7,14,神奈川県,1407,湘南東部,R7-1407-27,在宅療養支援,在支
R7,14,神奈川県,1407,湘南東部,R7-1407-28,二次救急,二次
R7,14,神奈川県,1407,湘南東部,R7-1407-28,在宅療養支援,在支
R7,14,神奈川県,1407,湘南東部,R7-1407-29,在宅療養支援,在支
R7,14,神奈川県,1407,湘南東部,R7-1407-30,二次救急,二次
R7,14,神奈川県,1407,湘南東部,R7-1407-30,在宅療養支援,在支
R7,14,神奈川県,1407,湘南東部,R7-1407-31,在宅療養支援,在支
R7,14,神奈川県,1407,湘南東部,R7-1407-32,二次救急,二次
R7,14,神奈川県,1407,湘南東部,R7-1407-32,在宅療養支援,在支
R7,14,神奈川県,1407,湘南東部,R7-1407-33,二次救急,二次
R7,14,神奈川県,1408,湘南西部,R7-1408-14,特定機能,特
R7,14,神奈川県,1408,湘南西部,R7-1408-14,三次救急,三次
R7,14,神奈川県,1408,湘南西部,R7-1408-16,地域支援,地
R7,14,神奈川県,1408,湘南西部,R7-1408-16,二次救急,二次
R7,14,神奈川県,1408,湘南西部,R7-1408-17,地域支援,地
R7,14,神奈川県,1408,湘南西部,R7-1408-17,三次救急,三次
R7,14,神奈川県,1408,湘南西部,R7-1408-17,二次救急,二次
R7,14,神奈川県,1408,湘南西部,R7-1408-18,地域支援,地
R7,14,神奈川県,1408,湘南西部,R7-1408-18,二次救急,二次
R7,14,神奈川県,1408,湘南西部,R7-1408-19,二次救急,二次
R7,14,神奈川県,1408,湘南西部,R7-1408-20,地域支援,地
R7,14,神奈川県,1408,湘南西部,R7-1408-20,二次救急,二次
R7,14,神奈川県,1408,湘南西部,R7-1408-21,地域支援,地
R7,14,神奈川県,1408,湘南西部,R7-1408-21,二次救急,二次
R7,14,神奈川県,1408,湘南西部,R7-1408-25,在宅療養支援,在支
R7,14,神奈川県,1408,湘南西部,R7-1408-26,在宅療養支援,在支
R7,14,神奈川県,1409,県央,R7-1409-14,地域支援,地
R7,14,神奈川県,1409,県央,R7-1409-14,三次救急,三次
R7,14,神奈川県,1409,県央,R7-1409-14,二次救急,二次
R7,14,神奈川県,1409,県央,R7-1409-15,地域支援,地
R7,14,神奈川県,1409,県央,R7-1409-15,二次救急,二次
R7,14,神奈川県,1409,県央,R7-1409-16,二次救急,二次
R7,14,神奈川県,1409,県央,R7-1409-17,地域支援,地
R7,14,神奈川県,1409,県央,R7-1409-17,二次救急,二次
R7,14,神奈川県,1409,県央,R7-1409-19,地域支援,地
R7,14,神奈川県,1409,県央,R7-1409-19,二次救急,二次
R7,14,神奈川県,1409,県央,R7-1409-21,二次救急,二次
R7,14,神奈川県,1409,県央,R7-1409-22,二次救急,二次
R7,14,神奈川県,1409,県央,R7-1409-24,二次救急,二次
R7,14,神奈川県,1409,県央,R7-1409-24,在宅療養支援,在支
R7,14,神奈川県,1409,県央,R7-1409-25,二次救急,二次
R7,14,神奈川県,1409,県央,R7-1409-25,在宅療養支援,在支
R7,14,神奈川県,1409,県央,R7-1409-27,二次救急,二次
R7,14,神奈川県,1409,県央,R7-1409-28,二次救急,二次
R7,14,神奈川県,1409,県央,R7-1409-30,二次救急,二次
R7,14,神奈川県,1409,県央,R7-1409-31,二次救急,二次
R7,14,神奈川県,1409,県央,R7-1409-31,在宅療養支援,在支
R7,14,神奈川県,1409,県央,R7-1409-32,二次救急,二次
R7,14,神奈川県,1409,県央,R7-1409-32,在宅療養支援,在支
R7,14,神奈川県,1409,県央,R7-1409-33,在宅療養支援,在支
R7,14,神奈川県,1409,県央,R7-1409-34,二次救急,二次
R7,14,神奈川県,1409,県央,R7-1409-34,在宅療養支援,在支
R7,14,神奈川県,1409,県央,R7-1409-35,二次救急,二次
R7,14,神奈川県,1409,県央,R7-1409-35,在宅療養支援,在支
R7,14,神奈川県,1409,県央,R7-1409-36,二次救急,二次
R7,14,神奈川県,1409,県央,R7-1409-37,二次救急,二次
R7,14,神奈川県,1409,県央,R7-1409-38,二次救急,二次
R7,14,神奈川県,1409,県央,R7-1409-38,在宅療養支援,在支
R7,14,神奈川県,1409,県央,R7-1409-44,在宅療養支援,在支
R7,14,神奈川県,1409,県央,R7-1409-48,在宅療養支援,在支
R7,14,神奈川県,1409,県央,R7-1409-57,在宅療養支援,在支
R7,14,神奈川県,1410,相模原,R7-1410-14,特定機能,特
R7,14,神奈川県,1410,相模原,R7-1410-14,三次救急,三次
R7,14,神奈川県,1410,相模原,R7-1410-15,地域支援,地
R7,14,神奈川県,1410,相模原,R7-1410-15,二次救急,二次
R7,14,神奈川県,1410,相模原,R7-1410-17,地域支援,地
R7,14,神奈川県,1410,相模原,R7-1410-17,二次救急,二次
R7,14,神奈川県,1410,相模原,R7-1410-20,二次救急,二次
R7,14,神奈川県,1410,相模原,R7-1410-22,二次救急,二次
R7,14,神奈川県,1410,相模原,R7-1410-24,二次救急,二次
R7,14,神奈川県,1410,相模原,R7-1410-26,二次救急,二次
R7,14,神奈川県,1410,相模原,R7-1410-26,在宅療養支援,在支
R7,14,神奈川県,1410,相模原,R7-1410-28,二次救急,二次
R7,14,神奈川県,1410,相模原,R7-1410-29,二次救急,二次
R7,14,神奈川県,1410,相模原,R7-1410-29,在宅療養支援,在支
R7,14,神奈川県,1410,相模原,R7-1410-33,二次救急,二次
R7,14,神奈川県,1410,相模原,R7-1410-33,在宅療養支援,在支
R7,14,神奈川県,1410,相模原,R7-1410-34,二次救急,二次
R7,14,神奈川県,1410,相模原,R7-1410-34,在宅療養支援,在支
R7,14,神奈川県,1410,相模原,R7-1410-35,二次救急,二次
R7,14,神奈川県,1410,相模原,R7-1410-35,在宅療養支援,在支
R7,14,神奈川県,1410,相模原,R7-1410-36,二次救急,二次
R7,14,神奈川県,1410,相模原,R7-1410-37,在宅療養支援,在支
R7,14,神奈川県,1410,相模原,R7-1410-40,三次救急,三次
R7,14,神奈川県,1410,相模原,R7-1410-40,在宅療養支援,在支
R7,14,神奈川県,1410,相模原,R7-1410-41,二次救急,二次
R7,14,神奈川県,1411,県西,R7-1411-15,地域支援,地
R7,14,神奈川県,1411,県西,R7-1411-15,三次救急,三次
R7,14,神奈川県,1411,県西,R7-1411-15,二次救急,二次
R7,14,神奈川県,1411,県西,R7-1411-17,地域支援,地
R7,14,神奈川県,1411,県西,R7-1411-17,二次救急,二次
R7,14,神奈川県,1411,県西,R7-1411-18,二次救急,二次
R7,14,神奈川県,1411,県西,R7-1411-20,二次救急,二次
R7,14,神奈川県,1411,県西,R7-1411-21,二次救急,二次
R7,14,神奈川県,1411,県西,R7-1411-24,二次救急,二次
R7,14,神奈川県,1411,県西,R7-1411-25,二次救急,二次
R7,14,神奈川県,1411,県西,R7-1411-27,二次救急,二次
R7,14,神奈川県,1411,県西,R7-1411-27,在宅療養支援,在支
R7,14,神奈川県,1411,県西,R7-1411-29,二次救急,二次
R7,14,神奈川県,1411,県西,R7-1411-29,在宅療養支援,在支
R7,14,神奈川県,1411,県西,R7-1411-31,二次救急,二次
R7,14,神奈川県,1411,県西,R7-1411-31,在宅療養支援,在支
R7,14,神奈川県,1411,県西,R7-1411-34,在宅療養支援,在支
R7,14,神奈川県,1411,県西,R7-1411-37,在宅療養支援,在支
R7,14,神奈川県,1412,横浜,R7-1412-14,地域支援,地
R7,14,神奈川県,1412,横浜,R7-1412-14,三次救急,三次
R7,14,神奈川県,1412,横浜,R7-1412-14,二次救急,二次
R7,14,神奈川県,1412,横浜,R7-1412-15,特定機能,特
R7,14,神奈川県,1412,横浜,R7-1412-15,二次救急,二次
R7,14,神奈川県,1412,横浜,R7-1412-16,地域支援,地
R7,14,神奈川県,1412,横浜,R7-1412-16,三次救急,三次
R7,14,神奈川県,1412,横浜,R7-1412-16,二次救急,二次
R7,14,神奈川県,1412,横浜,R7-1412-17,地域支援,地
R7,14,神奈川県,1412,横浜,R7-1412-17,三次救急,三次
R7,14,神奈川県,1412,横浜,R7-1412-17,二次救急,二次
R7,14,神奈川県,1412,横浜,R7-1412-18,地域支援,地
R7,14,神奈川県,1412,横浜,R7-1412-18,二次救急,二次
R7,14,神奈川県,1412,横浜,R7-1412-19,地域支援,地
R7,14,神奈川県,1412,横浜,R7-1412-19,三次救急,三次
R7,14,神奈川県,1412,横浜,R7-1412-19,二次救急,二次
R7,14,神奈川県,1412,横浜,R7-1412-20,地域支援,地
R7,14,神奈川県,1412,横浜,R7-1412-20,三次救急,三次
R7,14,神奈川県,1412,横浜,R7-1412-20,二次救急,二次
R7,14,神奈川県,1412,横浜,R7-1412-21,地域支援,地
R7,14,神奈川県,1412,横浜,R7-1412-21,三次救急,三次
R7,14,神奈川県,1412,横浜,R7-1412-21,二次救急,二次
R7,14,神奈川県,1412,横浜,R7-1412-22,二次救急,二次
R7,14,神奈川県,1412,横浜,R7-1412-23,地域支援,地
R7,14,神奈川県,1412,横浜,R7-1412-23,三次救急,三次
R7,14,神奈川県,1412,横浜,R7-1412-23,二次救急,二次
R7,14,神奈川県,1412,横浜,R7-1412-24,地域支援,地
R7,14,神奈川県,1412,横浜,R7-1412-24,三次救急,三次
R7,14,神奈川県,1412,横浜,R7-1412-24,二次救急,二次
R7,14,神奈川県,1412,横浜,R7-1412-25,地域支援,地
R7,14,神奈川県,1412,横浜,R7-1412-25,二次救急,二次
R7,14,神奈川県,1412,横浜,R7-1412-26,地域支援,地
R7,14,神奈川県,1412,横浜,R7-1412-26,三次救急,三次
R7,14,神奈川県,1412,横浜,R7-1412-26,二次救急,二次
R7,14,神奈川県,1412,横浜,R7-1412-27,地域支援,地
R7,14,神奈川県,1412,横浜,R7-1412-27,二次救急,二次
R7,14,神奈川県,1412,横浜,R7-1412-29,地域支援,地
R7,14,神奈川県,1412,横浜,R7-1412-29,二次救急,二次
R7,14,神奈川県,1412,横浜,R7-1412-30,地域支援,地
R7,14,神奈川県,1412,横浜,R7-1412-32,二次救急,二次
R7,14,神奈川県,1412,横浜,R7-1412-34,二次救急,二次
R7,14,神奈川県,1412,横浜,R7-1412-35,二次救急,二次
R7,14,神奈川県,1412,横浜,R7-1412-36,二次救急,二次
R7,14,神奈川県,1412,横浜,R7-1412-37,二次救急,二次
R7,14,神奈川県,1412,横浜,R7-1412-38,二次救急,二次
R7,14,神奈川県,1412,横浜,R7-1412-39,地域支援,地
R7,14,神奈川県,1412,横浜,R7-1412-39,二次救急,二次
R7,14,神奈川県,1412,横浜,R7-1412-40,地域支援,地
R7,14,神奈川県,1412,横浜,R7-1412-40,二次救急,二次
R7,14,神奈川県,1412,横浜,R7-1412-41,二次救急,二次
R7,14,神奈川県,1412,横浜,R7-1412-42,地域支援,地
R7,14,神奈川県,1412,横浜,R7-1412-42,二次救急,二次
R7,14,神奈川県,1412,横浜,R7-1412-45,二次救急,二次
R7,14,神奈川県,1412,横浜,R7-1412-47,地域支援,地
R7,14,神奈川県,1412,横浜,R7-1412-47,二次救急,二次
R7,14,神奈川県,1412,横浜,R7-1412-50,二次救急,二次
R7,14,神奈川県,1412,横浜,R7-1412-50,在宅療養支援,在支
R7,14,神奈川県,1412,横浜,R7-1412-51,在宅療養支援,在支
R7,14,神奈川県,1412,横浜,R7-1412-52,在宅療養支援,在支
R7,14,神奈川県,1412,横浜,R7-1412-54,二次救急,二次
R7,14,神奈川県,1412,横浜,R7-1412-54,在宅療養支援,在支
R7,14,神奈川県,1412,横浜,R7-1412-55,二次救急,二次
R7,14,神奈川県,1412,横浜,R7-1412-55,在宅療養支援,在支
R7,14,神奈川県,1412,横浜,R7-1412-56,二次救急,二次
R7,14,神奈川県,1412,横浜,R7-1412-56,在宅療養支援,在支
R7,14,神奈川県,1412,横浜,R7-1412-57,二次救急,二次
R7,14,神奈川県,1412,横浜,R7-1412-57,在宅療養支援,在支
R7,14,神奈川県,1412,横浜,R7-1412-58,地域支援,地
R7,14,神奈川県,1412,横浜,R7-1412-58,二次救急,二次
R7,14,神奈川県,1412,横浜,R7-1412-60,在宅療養支援,在支
R7,14,神奈川県,1412,横浜,R7-1412-61,在宅療養支援,在支
R7,14,神奈川県,1412,横浜,R7-1412-62,二次救急,二次
R7,14,神奈川県,1412,横浜,R7-1412-62,在宅療養支援,在支
R7,14,神奈川県,1412,横浜,R7-1412-64,二次救急,二次
R7,14,神奈川県,1412,横浜,R7-1412-64,在宅療養支援,在支
R7,14,神奈川県,1412,横浜,R7-1412-65,在宅療養支援,在支
R7,14,神奈川県,1412,横浜,R7-1412-66,二次救急,二次
R7,14,神奈川県,1412,横浜,R7-1412-66,在宅療養支援,在支
R7,14,神奈川県,1412,横浜,R7-1412-69,二次救急,二次
R7,14,神奈川県,1412,横浜,R7-1412-70,二次救急,二次
R7,14,神奈川県,1412,横浜,R7-1412-70,在宅療養支援,在支
R7,14,神奈川県,1412,横浜,R7-1412-71,二次救急,二次
R7,14,神奈川県,1412,横浜,R7-1412-71,在宅療養支援,在支
R7,14,神奈川県,1412,横浜,R7-1412-72,二次救急,二次
R7,14,神奈川県,1412,横浜,R7-1412-72,在宅療養支援,在支
R7,14,神奈川県,1412,横浜,R7-1412-73,二次救急,二次
R7,14,神奈川県,1412,横浜,R7-1412-73,在宅療養支援,在支
R7,14,神奈川県,1412,横浜,R7-1412-75,在宅療養支援,在支
R7,14,神奈川県,1412,横浜,R7-1412-76,在宅療養支援,在支
R7,14,神奈川県,1412,横浜,R7-1412-77,二次救急,二次
R7,14,神奈川県,1412,横浜,R7-1412-77,在宅療養支援,在支
R7,14,神奈川県,1412,横浜,R7-1412-78,在宅療養支援,在支
R7,14,神奈川県,1412,横浜,R7-1412-82,在宅療養支援,在支
R7,14,神奈川県,1412,横浜,R7-1412-85,在宅療養支援,在支
R7,14,神奈川県,1412,横浜,R7-1412-87,二次救急,二次
R7,14,神奈川県,1412,横浜,R7-1412-89,在宅療養支援,在支
R7,14,神奈川県,1412,横浜,R7-1412-90,二次救急,二次
R7,14,神奈川県,1412,横浜,R7-1412-90,在宅療養支援,在支
R7,14,神奈川県,1412,横浜,R7-1412-92,二次救急,二次
R7,14,神奈川県,1412,横浜,R7-1412-92,在宅療養支援,在支
R7,14,神奈川県,1412,横浜,R7-1412-93,在宅療養支援,在支
R7,14,神奈川県,1412,横浜,R7-1412-94,在宅療養支援,在支
R7,14,神奈川県,1412,横浜,R7-1412-95,在宅療養支援,在支
R7,14,神奈川県,1412,横浜,R7-1412-96,二次救急,二次
R7,14,神奈川県,1412,横浜,R7-1412-96,在宅療養支援,在支
R7,14,神奈川県,1412,横浜,R7-1412-98,在宅療養支援,在支
R7,14,神奈川県,1412,横浜,R7-1412-100,在宅療養支援,在支
R7,14,神奈川県,1412,横浜,R7-1412-101,二次救急,二次
R7,14,神奈川県,1412,横浜,R7-1412-102,在宅療養支援,在支
R7,14,神奈川県,1412,横浜,R7-1412-103,二次救急,二次
R7,14,神奈川県,1412,横浜,R7-1412-104,在宅療養支援,在支
R7,14,神奈川県,1412,横浜,R7-1412-106,在宅療養支援,在支
R7,14,神奈川県,1412,横浜,R7-1412-107,在宅療養支援,在支
R7,14,神奈川県,1412,横浜,R7-1412-108,在宅療養支援,在支
R7,14,神奈川県,1412,横浜,R7-1412-109,在宅療養支援,在支
R7,14,神奈川県,1412,横浜,R7-1412-112,二次救急,二次
R7,14,神奈川県,1412,横浜,R7-1412-112,在宅療養支援,在支
R7,14,神奈川県,1412,横浜,R7-1412-113,在宅療養支援,在支
R7,14,神奈川県,1412,横浜,R7-1412-117,二次救急,二次
R7,14,神奈川県,1412,横浜,R7-1412-119,在宅療養支援,在支
R7,14,神奈川県,1412,横浜,R7-1412-120,在宅療養支援,在支
R7,14,神奈川県,1412,横浜,R7-1412-125,在宅療養支援,在支
R7,14,神奈川県,1412,横浜,R7-1412-136,在宅療養支援,在支
R7,14,神奈川県,1412,横浜,R7-1412-140,在宅療養支援,在支
R7,14,神奈川県,1412,横浜,R7-1412-144,在宅療養支援,在支
R7,14,神奈川県,1412,横浜,R7-1412-147,在宅療養支援,在支
R7,14,神奈川県,1412,横浜,R7-1412-150,在宅療養支援,在支
R7,14,神奈川県,1412,横浜,R7-1412-170,在宅療養支援,在支
R7,15,新潟県,1501,下越,R7-1501-14,地域支援,地
R7,15,新潟県,1501,下越,R7-1501-14,三次救急,三次
R7,15,新潟県,1501,下越,R7-1501-14,二次救急,二次
R7,15,新潟県,1501,下越,R7-1501-17,二次救急,二次
R7,15,新潟県,1501,下越,R7-1501-18,二次救急,二次
R7,15,新潟県,1501,下越,R7-1501-18,在宅療養支援,在支
R7,15,新潟県,1501,下越,R7-1501-19,二次救急,二次
R7,15,新潟県,1501,下越,R7-1501-21,二次救急,二次
R7,15,新潟県,1501,下越,R7-1501-22,在宅療養支援,在支
R7,15,新潟県,1501,下越,R7-1501-23,二次救急,二次
R7,15,新潟県,1501,下越,R7-1501-24,在宅療養支援,在支
R7,15,新潟県,1502,新潟,R7-1502-14,特定機能,特
R7,15,新潟県,1502,新潟,R7-1502-14,三次救急,三次
R7,15,新潟県,1502,新潟,R7-1502-14,二次救急,二次
R7,15,新潟県,1502,新潟,R7-1502-15,地域支援,地
R7,15,新潟県,1502,新潟,R7-1502-15,三次救急,三次
R7,15,新潟県,1502,新潟,R7-1502-15,二次救急,二次
R7,15,新潟県,1502,新潟,R7-1502-16,地域支援,地
R7,15,新潟県,1502,新潟,R7-1502-16,二次救急,二次
R7,15,新潟県,1502,新潟,R7-1502-17,二次救急,二次
R7,15,新潟県,1502,新潟,R7-1502-18,地域支援,地
R7,15,新潟県,1502,新潟,R7-1502-18,二次救急,二次
R7,15,新潟県,1502,新潟,R7-1502-19,二次救急,二次
R7,15,新潟県,1502,新潟,R7-1502-20,二次救急,二次
R7,15,新潟県,1502,新潟,R7-1502-21,二次救急,二次
R7,15,新潟県,1502,新潟,R7-1502-22,二次救急,二次
R7,15,新潟県,1502,新潟,R7-1502-23,二次救急,二次
R7,15,新潟県,1502,新潟,R7-1502-26,二次救急,二次
R7,15,新潟県,1502,新潟,R7-1502-27,二次救急,二次
R7,15,新潟県,1502,新潟,R7-1502-27,在宅療養支援,在支
R7,15,新潟県,1502,新潟,R7-1502-28,二次救急,二次
R7,15,新潟県,1502,新潟,R7-1502-28,在宅療養支援,在支
R7,15,新潟県,1502,新潟,R7-1502-29,二次救急,二次
R7,15,新潟県,1502,新潟,R7-1502-30,二次救急,二次
R7,15,新潟県,1502,新潟,R7-1502-32,二次救急,二次
R7,15,新潟県,1502,新潟,R7-1502-32,在宅療養支援,在支
R7,15,新潟県,1502,新潟,R7-1502-33,二次救急,二次
R7,15,新潟県,1502,新潟,R7-1502-34,二次救急,二次
R7,15,新潟県,1502,新潟,R7-1502-34,在宅療養支援,在支
R7,15,新潟県,1502,新潟,R7-1502-35,二次救急,二次
R7,15,新潟県,1502,新潟,R7-1502-35,在宅療養支援,在支
R7,15,新潟県,1502,新潟,R7-1502-36,二次救急,二次
R7,15,新潟県,1502,新潟,R7-1502-37,二次救急,二次
R7,15,新潟県,1502,新潟,R7-1502-38,在宅療養支援,在支
R7,15,新潟県,1502,新潟,R7-1502-46,二次救急,二次
R7,15,新潟県,1502,新潟,R7-1502-48,二次救急,二次
R7,15,新潟県,1502,新潟,R7-1502-50,二次救急,二次
R7,15,新潟県,1502,新潟,R7-1502-50,在宅療養支援,在支
R7,15,新潟県,1502,新潟,R7-1502-52,二次救急,二次
R7,15,新潟県,1503,県央,R7-1503-14,地域支援,地
R7,15,新潟県,1503,県央,R7-1503-14,二次救急,二次
R7,15,新潟県,1503,県央,R7-1503-15,二次救急,二次
R7,15,新潟県,1503,県央,R7-1503-16,二次救急,二次
R7,15,新潟県,1503,県央,R7-1503-17,二次救急,二次
R7,15,新潟県,1503,県央,R7-1503-17,在宅療養支援,在支
R7,15,新潟県,1503,県央,R7-1503-19,二次救急,二次
R7,15,新潟県,1503,県央,R7-1503-20,二次救急,二次
R7,15,新潟県,1503,県央,R7-1503-20,在宅療養支援,在支
R7,15,新潟県,1503,県央,R7-1503-24,在宅療養支援,在支
R7,15,新潟県,1504,中越,R7-1504-14,地域支援,地
R7,15,新潟県,1504,中越,R7-1504-14,三次救急,三次
R7,15,新潟県,1504,中越,R7-1504-14,二次救急,二次
R7,15,新潟県,1504,中越,R7-1504-15,地域支援,地
R7,15,新潟県,1504,中越,R7-1504-15,二次救急,二次
R7,15,新潟県,1504,中越,R7-1504-16,二次救急,二次
R7,15,新潟県,1504,中越,R7-1504-18,二次救急,二次
R7,15,新潟県,1504,中越,R7-1504-19,二次救急,二次
R7,15,新潟県,1504,中越,R7-1504-21,二次救急,二次
R7,15,新潟県,1504,中越,R7-1504-21,在宅療養支援,在支
R7,15,新潟県,1504,中越,R7-1504-26,二次救急,二次
R7,15,新潟県,1504,中越,R7-1504-26,在宅療養支援,在支
R7,15,新潟県,1504,中越,R7-1504-29,二次救急,二次
R7,15,新潟県,1505,魚沼,R7-1505-14,三次救急,三次
R7,15,新潟県,1505,魚沼,R7-1505-14,二次救急,二次
R7,15,新潟県,1505,魚沼,R7-1505-15,二次救急,二次
R7,15,新潟県,1505,魚沼,R7-1505-16,二次救急,二次
R7,15,新潟県,1505,魚沼,R7-1505-16,在宅療養支援,在支
R7,15,新潟県,1505,魚沼,R7-1505-17,二次救急,二次
R7,15,新潟県,1505,魚沼,R7-1505-17,在宅療養支援,在支
R7,15,新潟県,1505,魚沼,R7-1505-18,二次救急,二次
R7,15,新潟県,1505,魚沼,R7-1505-19,二次救急,二次
R7,15,新潟県,1505,魚沼,R7-1505-19,在宅療養支援,在支
R7,15,新潟県,1505,魚沼,R7-1505-20,二次救急,二次
R7,15,新潟県,1505,魚沼,R7-1505-20,在宅療養支援,在支
R7,15,新潟県,1505,魚沼,R7-1505-21,二次救急,二次
R7,15,新潟県,1505,魚沼,R7-1505-21,在宅療養支援,在支
R7,15,新潟県,1505,魚沼,R7-1505-22,在宅療養支援,在支
R7,15,新潟県,1505,魚沼,R7-1505-25,在宅療養支援,在支
R7,15,新潟県,1506,上越,R7-1506-14,地域支援,地
R7,15,新潟県,1506,上越,R7-1506-14,三次救急,三次
R7,15,新潟県,1506,上越,R7-1506-15,二次救急,二次
R7,15,新潟県,1506,上越,R7-1506-16,二次救急,二次
R7,15,新潟県,1506,上越,R7-1506-16,在宅療養支援,在支
R7,15,新潟県,1506,上越,R7-1506-17,二次救急,二次
R7,15,新潟県,1506,上越,R7-1506-17,在宅療養支援,在支
R7,15,新潟県,1506,上越,R7-1506-18,二次救急,二次
R7,15,新潟県,1506,上越,R7-1506-19,二次救急,二次
R7,15,新潟県,1506,上越,R7-1506-20,二次救急,二次
R7,15,新潟県,1506,上越,R7-1506-20,在宅療養支援,在支
R7,15,新潟県,1506,上越,R7-1506-22,二次救急,二次
R7,15,新潟県,1506,上越,R7-1506-22,在宅療養支援,在支
R7,15,新潟県,1506,上越,R7-1506-23,二次救急,二次
R7,15,新潟県,1506,上越,R7-1506-23,在宅療養支援,在支
R7,15,新潟県,1507,佐渡,R7-1507-14,二次救急,二次
R7,15,新潟県,1507,佐渡,R7-1507-15,二次救急,二次
R7,15,新潟県,1507,佐渡,R7-1507-15,在宅療養支援,在支
R7,16,富山県,1601,新川,R7-1601-14,地域支援,地
R7,16,富山県,1601,新川,R7-1601-14,二次救急,二次
R7,16,富山県,1601,新川,R7-1601-15,地域支援,地
R7,16,富山県,1601,新川,R7-1601-15,二次救急,二次
R7,16,富山県,1601,新川,R7-1601-18,二次救急,二次
R7,16,富山県,1601,新川,R7-1601-18,在宅療養支援,在支
R7,16,富山県,1601,新川,R7-1601-24,在宅療養支援,在支
R7,16,富山県,1602,富山,R7-1602-14,地域支援,地
R7,16,富山県,1602,富山,R7-1602-14,三次救急,三次
R7,16,富山県,1602,富山,R7-1602-14,二次救急,二次
R7,16,富山県,1602,富山,R7-1602-15,特定機能,特
R7,16,富山県,1602,富山,R7-1602-15,二次救急,二次
R7,16,富山県,1602,富山,R7-1602-16,地域支援,地
R7,16,富山県,1602,富山,R7-1602-16,二次救急,二次
R7,16,富山県,1602,富山,R7-1602-17,地域支援,地
R7,16,富山県,1602,富山,R7-1602-17,二次救急,二次
R7,16,富山県,1602,富山,R7-1602-19,地域支援,地
R7,16,富山県,1602,富山,R7-1602-19,二次救急,二次
R7,16,富山県,1602,富山,R7-1602-23,二次救急,二次
R7,16,富山県,1602,富山,R7-1602-23,在宅療養支援,在支
R7,16,富山県,1602,富山,R7-1602-25,在宅療養支援,在支
R7,16,富山県,1602,富山,R7-1602-27,二次救急,二次
R7,16,富山県,1602,富山,R7-1602-27,在宅療養支援,在支
R7,16,富山県,1602,富山,R7-1602-36,在宅療養支援,在支
R7,16,富山県,1602,富山,R7-1602-38,在宅療養支援,在支
R7,16,富山県,1602,富山,R7-1602-44,在宅療養支援,在支
R7,16,富山県,1602,富山,R7-1602-45,二次救急,二次
R7,16,富山県,1602,富山,R7-1602-45,在宅療養支援,在支
R7,16,富山県,1602,富山,R7-1602-49,在宅療養支援,在支
R7,16,富山県,1602,富山,R7-1602-51,在宅療養支援,在支
R7,16,富山県,1602,富山,R7-1602-67,在宅療養支援,在支
R7,16,富山県,1603,高岡,R7-1603-14,地域支援,地
R7,16,富山県,1603,高岡,R7-1603-14,三次救急,三次
R7,16,富山県,1603,高岡,R7-1603-14,二次救急,二次
R7,16,富山県,1603,高岡,R7-1603-15,地域支援,地
R7,16,富山県,1603,高岡,R7-1603-15,二次救急,二次
R7,16,富山県,1603,高岡,R7-1603-16,地域支援,地
R7,16,富山県,1603,高岡,R7-1603-16,二次救急,二次
R7,16,富山県,1603,高岡,R7-1603-17,二次救急,二次
R7,16,富山県,1603,高岡,R7-1603-18,二次救急,二次
R7,16,富山県,1603,高岡,R7-1603-18,在宅療養支援,在支
R7,16,富山県,1603,高岡,R7-1603-19,二次救急,二次
R7,16,富山県,1603,高岡,R7-1603-19,在宅療養支援,在支
R7,16,富山県,1603,高岡,R7-1603-23,二次救急,二次
R7,16,富山県,1603,高岡,R7-1603-23,在宅療養支援,在支
R7,16,富山県,1603,高岡,R7-1603-25,二次救急,二次
R7,16,富山県,1603,高岡,R7-1603-25,在宅療養支援,在支
R7,16,富山県,1603,高岡,R7-1603-29,二次救急,二次
R7,16,富山県,1603,高岡,R7-1603-29,在宅療養支援,在支
R7,16,富山県,1603,高岡,R7-1603-33,在宅療養支援,在支
R7,16,富山県,1603,高岡,R7-1603-34,在宅療養支援,在支
R7,16,富山県,1604,砺波,R7-1604-14,地域支援,地
R7,16,富山県,1604,砺波,R7-1604-14,二次救急,二次
R7,16,富山県,1604,砺波,R7-1604-15,二次救急,二次
R7,16,富山県,1604,砺波,R7-1604-15,在宅療養支援,在支
R7,16,富山県,1604,砺波,R7-1604-16,二次救急,二次
R7,16,富山県,1604,砺波,R7-1604-16,在宅療養支援,在支
R7,16,富山県,1604,砺波,R7-1604-17,二次救急,二次
R7,16,富山県,1604,砺波,R7-1604-17,在宅療養支援,在支
R7,16,富山県,1604,砺波,R7-1604-18,二次救急,二次
R7,17,石川県,1701,南加賀,R7-1701-14,地域支援,地
R7,17,石川県,1701,南加賀,R7-1701-14,二次救急,二次
R7,17,石川県,1701,南加賀,R7-1701-15,二次救急,二次
R7,17,石川県,1701,南加賀,R7-1701-17,二次救急,二次
R7,17,石川県,1701,南加賀,R7-1701-18,二次救急,二次
R7,17,石川県,1701,南加賀,R7-1701-18,在宅療養支援,在支
R7,17,石川県,1701,南加賀,R7-1701-19,二次救急,二次
R7,17,石川県,1701,南加賀,R7-1701-20,二次救急,二次
R7,17,石川県,1701,南加賀,R7-1701-20,在宅療養支援,在支
R7,17,石川県,1701,南加賀,R7-1701-21,二次救急,二次
R7,17,石川県,1701,南加賀,R7-1701-21,在宅療養支援,在支
R7,17,石川県,1701,南加賀,R7-1701-22,在宅療養支援,在支
R7,17,石川県,1701,南加賀,R7-1701-24,二次救急,二次
R7,17,石川県,1701,南加賀,R7-1701-24,在宅療養支援,在支
R7,17,石川県,1701,南加賀,R7-1701-25,在宅療養支援,在支
R7,17,石川県,1701,南加賀,R7-1701-29,在宅療養支援,在支
R7,17,石川県,1701,南加賀,R7-1701-30,在宅療養支援,在支
R7,17,石川県,1702,石川中央,R7-1702-14,特定機能,特
R7,17,石川県,1702,石川中央,R7-1702-14,三次救急,三次
R7,17,石川県,1702,石川中央,R7-1702-14,二次救急,二次
R7,17,石川県,1702,石川中央,R7-1702-15,特定機能,特
R7,17,石川県,1702,石川中央,R7-1702-15,三次救急,三次
R7,17,石川県,1702,石川中央,R7-1702-15,二次救急,二次
R7,17,石川県,1702,石川中央,R7-1702-16,地域支援,地
R7,17,石川県,1702,石川中央,R7-1702-16,三次救急,三次
R7,17,石川県,1702,石川中央,R7-1702-16,二次救急,二次
R7,17,石川県,1702,石川中央,R7-1702-17,地域支援,地
R7,17,石川県,1702,石川中央,R7-1702-17,二次救急,二次
R7,17,石川県,1702,石川中央,R7-1702-18,二次救急,二次
R7,17,石川県,1702,石川中央,R7-1702-21,二次救急,二次
R7,17,石川県,1702,石川中央,R7-1702-22,地域支援,地
R7,17,石川県,1702,石川中央,R7-1702-22,二次救急,二次
R7,17,石川県,1702,石川中央,R7-1702-23,地域支援,地
R7,17,石川県,1702,石川中央,R7-1702-23,二次救急,二次
R7,17,石川県,1702,石川中央,R7-1702-24,二次救急,二次
R7,17,石川県,1702,石川中央,R7-1702-25,二次救急,二次
R7,17,石川県,1702,石川中央,R7-1702-26,二次救急,二次
R7,17,石川県,1702,石川中央,R7-1702-28,二次救急,二次
R7,17,石川県,1702,石川中央,R7-1702-29,二次救急,二次
R7,17,石川県,1702,石川中央,R7-1702-31,二次救急,二次
R7,17,石川県,1702,石川中央,R7-1702-31,在宅療養支援,在支
R7,17,石川県,1702,石川中央,R7-1702-32,二次救急,二次
R7,17,石川県,1702,石川中央,R7-1702-32,在宅療養支援,在支
R7,17,石川県,1702,石川中央,R7-1702-33,二次救急,二次
R7,17,石川県,1702,石川中央,R7-1702-33,在宅療養支援,在支
R7,17,石川県,1702,石川中央,R7-1702-34,二次救急,二次
R7,17,石川県,1702,石川中央,R7-1702-34,在宅療養支援,在支
R7,17,石川県,1702,石川中央,R7-1702-36,二次救急,二次
R7,17,石川県,1702,石川中央,R7-1702-36,在宅療養支援,在支
R7,17,石川県,1702,石川中央,R7-1702-38,二次救急,二次
R7,17,石川県,1702,石川中央,R7-1702-38,在宅療養支援,在支
R7,17,石川県,1702,石川中央,R7-1702-39,二次救急,二次
R7,17,石川県,1702,石川中央,R7-1702-39,在宅療養支援,在支
R7,17,石川県,1702,石川中央,R7-1702-42,二次救急,二次
R7,17,石川県,1702,石川中央,R7-1702-43,二次救急,二次
R7,17,石川県,1702,石川中央,R7-1702-46,二次救急,二次
R7,17,石川県,1702,石川中央,R7-1702-47,二次救急,二次
R7,17,石川県,1702,石川中央,R7-1702-47,在宅療養支援,在支
R7,17,石川県,1702,石川中央,R7-1702-49,在宅療養支援,在支
R7,17,石川県,1702,石川中央,R7-1702-51,二次救急,二次
R7,17,石川県,1702,石川中央,R7-1702-51,在宅療養支援,在支
R7,17,石川県,1702,石川中央,R7-1702-52,在宅療養支援,在支
R7,17,石川県,1702,石川中央,R7-1702-53,二次救急,二次
R7,17,石川県,1702,石川中央,R7-1702-53,在宅療養支援,在支
R7,17,石川県,1702,石川中央,R7-1702-54,二次救急,二次
R7,17,石川県,1702,石川中央,R7-1702-54,在宅療養支援,在支
R7,17,石川県,1702,石川中央,R7-1702-55,二次救急,二次
R7,17,石川県,1702,石川中央,R7-1702-55,在宅療養支援,在支
R7,17,石川県,1702,石川中央,R7-1702-56,在宅療養支援,在支
R7,17,石川県,1702,石川中央,R7-1702-61,在宅療養支援,在支
R7,17,石川県,1702,石川中央,R7-1702-90,在宅療養支援,在支
R7,17,石川県,1703,能登中部,R7-1703-14,地域支援,地
R7,17,石川県,1703,能登中部,R7-1703-14,二次救急,二次
R7,17,石川県,1703,能登中部,R7-1703-15,地域支援,地
R7,17,石川県,1703,能登中部,R7-1703-15,三次救急,三次
R7,17,石川県,1703,能登中部,R7-1703-15,二次救急,二次
R7,17,石川県,1703,能登中部,R7-1703-17,二次救急,二次
R7,17,石川県,1703,能登中部,R7-1703-17,在宅療養支援,在支
R7,17,石川県,1703,能登中部,R7-1703-18,二次救急,二次
R7,17,石川県,1703,能登中部,R7-1703-18,在宅療養支援,在支
R7,17,石川県,1703,能登中部,R7-1703-19,二次救急,二次
R7,17,石川県,1703,能登中部,R7-1703-19,在宅療養支援,在支
R7,17,石川県,1704,能登北部,R7-1704-14,二次救急,二次
R7,17,石川県,1704,能登北部,R7-1704-14,在宅療養支援,在支
R7,17,石川県,1704,能登北部,R7-1704-15,二次救急,二次
R7,17,石川県,1704,能登北部,R7-1704-15,在宅療養支援,在支
R7,17,石川県,1704,能登北部,R7-1704-16,二次救急,二次
R7,17,石川県,1704,能登北部,R7-1704-16,在宅療養支援,在支
R7,17,石川県,1704,能登北部,R7-1704-17,二次救急,二次
R7,18,福井県,1801,福井・坂井,R7-1801-14,特定機能,特
R7,18,福井県,1801,福井・坂井,R7-1801-14,二次救急,二次
R7,18,福井県,1801,福井・坂井,R7-1801-15,地域支援,地
R7,18,福井県,1801,福井・坂井,R7-1801-15,三次救急,三次
R7,18,福井県,1801,福井・坂井,R7-1801-15,二次救急,二次
R7,18,福井県,1801,福井・坂井,R7-1801-16,地域支援,地
R7,18,福井県,1801,福井・坂井,R7-1801-16,二次救急,二次
R7,18,福井県,1801,福井・坂井,R7-1801-17,地域支援,地
R7,18,福井県,1801,福井・坂井,R7-1801-17,二次救急,二次
R7,18,福井県,1801,福井・坂井,R7-1801-18,二次救急,二次
R7,18,福井県,1801,福井・坂井,R7-1801-20,在宅療養支援,在支
R7,18,福井県,1801,福井・坂井,R7-1801-21,地域支援,地
R7,18,福井県,1801,福井・坂井,R7-1801-21,二次救急,二次
R7,18,福井県,1801,福井・坂井,R7-1801-22,二次救急,二次
R7,18,福井県,1801,福井・坂井,R7-1801-22,在宅療養支援,在支
R7,18,福井県,1801,福井・坂井,R7-1801-23,二次救急,二次
R7,18,福井県,1801,福井・坂井,R7-1801-23,在宅療養支援,在支
R7,18,福井県,1801,福井・坂井,R7-1801-24,二次救急,二次
R7,18,福井県,1801,福井・坂井,R7-1801-26,二次救急,二次
R7,18,福井県,1801,福井・坂井,R7-1801-26,在宅療養支援,在支
R7,18,福井県,1801,福井・坂井,R7-1801-27,在宅療養支援,在支
R7,18,福井県,1801,福井・坂井,R7-1801-28,二次救急,二次
R7,18,福井県,1801,福井・坂井,R7-1801-29,二次救急,二次
R7,18,福井県,1801,福井・坂井,R7-1801-30,二次救急,二次
R7,18,福井県,1801,福井・坂井,R7-1801-32,在宅療養支援,在支
R7,18,福井県,1801,福井・坂井,R7-1801-34,二次救急,二次
R7,18,福井県,1801,福井・坂井,R7-1801-34,在宅療養支援,在支
R7,18,福井県,1801,福井・坂井,R7-1801-37,在宅療養支援,在支
R7,18,福井県,1801,福井・坂井,R7-1801-41,二次救急,二次
R7,18,福井県,1801,福井・坂井,R7-1801-41,在宅療養支援,在支
R7,18,福井県,1801,福井・坂井,R7-1801-42,在宅療養支援,在支
R7,18,福井県,1801,福井・坂井,R7-1801-44,二次救急,二次
R7,18,福井県,1801,福井・坂井,R7-1801-44,在宅療養支援,在支
R7,18,福井県,1801,福井・坂井,R7-1801-59,在宅療養支援,在支
R7,18,福井県,1801,福井・坂井,R7-1801-61,在宅療養支援,在支
R7,18,福井県,1801,福井・坂井,R7-1801-68,在宅療養支援,在支
R7,18,福井県,1802,奥越,R7-1802-14,二次救急,二次
R7,18,福井県,1802,奥越,R7-1802-17,在宅療養支援,在支
R7,18,福井県,1802,奥越,R7-1802-18,二次救急,二次
R7,18,福井県,1802,奥越,R7-1802-19,在宅療養支援,在支
R7,18,福井県,1802,奥越,R7-1802-20,在宅療養支援,在支
R7,18,福井県,1803,丹南,R7-1803-14,二次救急,二次
R7,18,福井県,1803,丹南,R7-1803-15,二次救急,二次
R7,18,福井県,1803,丹南,R7-1803-16,二次救急,二次
R7,18,福井県,1803,丹南,R7-1803-16,在宅療養支援,在支
R7,18,福井県,1803,丹南,R7-1803-17,二次救急,二次
R7,18,福井県,1803,丹南,R7-1803-18,二次救急,二次
R7,18,福井県,1803,丹南,R7-1803-18,在宅療養支援,在支
R7,18,福井県,1803,丹南,R7-1803-19,二次救急,二次
R7,18,福井県,1803,丹南,R7-1803-22,在宅療養支援,在支
R7,18,福井県,1803,丹南,R7-1803-26,在宅療養支援,在支
R7,18,福井県,1803,丹南,R7-1803-27,在宅療養支援,在支
R7,18,福井県,1803,丹南,R7-1803-30,在宅療養支援,在支
R7,18,福井県,1803,丹南,R7-1803-31,在宅療養支援,在支
R7,18,福井県,1804,嶺南,R7-1804-14,三次救急,三次
R7,18,福井県,1804,嶺南,R7-1804-14,二次救急,二次
R7,18,福井県,1804,嶺南,R7-1804-15,二次救急,二次
R7,18,福井県,1804,嶺南,R7-1804-16,二次救急,二次
R7,18,福井県,1804,嶺南,R7-1804-17,二次救急,二次
R7,18,福井県,1804,嶺南,R7-1804-18,在宅療養支援,在支
R7,18,福井県,1804,嶺南,R7-1804-19,二次救急,二次
R7,18,福井県,1804,嶺南,R7-1804-22,在宅療養支援,在支
R7,19,山梨県,1901,中北,R7-1901-14,地域支援,地
R7,19,山梨県,1901,中北,R7-1901-14,三次救急,三次
R7,19,山梨県,1901,中北,R7-1901-14,二次救急,二次
R7,19,山梨県,1901,中北,R7-1901-15,特定機能,特
R7,19,山梨県,1901,中北,R7-1901-15,三次救急,三次
R7,19,山梨県,1901,中北,R7-1901-15,二次救急,二次
R7,19,山梨県,1901,中北,R7-1901-16,二次救急,二次
R7,19,山梨県,1901,中北,R7-1901-17,二次救急,二次
R7,19,山梨県,1901,中北,R7-1901-18,二次救急,二次
R7,19,山梨県,1901,中北,R7-1901-19,二次救急,二次
R7,19,山梨県,1901,中北,R7-1901-20,二次救急,二次
R7,19,山梨県,1901,中北,R7-1901-21,二次救急,二次
R7,19,山梨県,1901,中北,R7-1901-21,在宅療養支援,在支
R7,19,山梨県,1901,中北,R7-1901-23,在宅療養支援,在支
R7,19,山梨県,1901,中北,R7-1901-24,二次救急,二次
R7,19,山梨県,1901,中北,R7-1901-24,在宅療養支援,在支
R7,19,山梨県,1901,中北,R7-1901-25,二次救急,二次
R7,19,山梨県,1901,中北,R7-1901-27,二次救急,二次
R7,19,山梨県,1901,中北,R7-1901-28,二次救急,二次
R7,19,山梨県,1901,中北,R7-1901-32,二次救急,二次
R7,19,山梨県,1901,中北,R7-1901-34,在宅療養支援,在支
R7,19,山梨県,1901,中北,R7-1901-35,二次救急,二次
R7,19,山梨県,1901,中北,R7-1901-37,二次救急,二次
R7,19,山梨県,1901,中北,R7-1901-39,在宅療養支援,在支
R7,19,山梨県,1901,中北,R7-1901-40,在宅療養支援,在支
R7,19,山梨県,1901,中北,R7-1901-44,在宅療養支援,在支
R7,19,山梨県,1901,中北,R7-1901-46,在宅療養支援,在支
R7,19,山梨県,1901,中北,R7-1901-58,在宅療養支援,在支
R7,19,山梨県,1902,峡東,R7-1902-14,二次救急,二次
R7,19,山梨県,1902,峡東,R7-1902-16,二次救急,二次
R7,19,山梨県,1902,峡東,R7-1902-19,二次救急,二次
R7,19,山梨県,1902,峡東,R7-1902-20,二次救急,二次
R7,19,山梨県,1902,峡東,R7-1902-20,在宅療養支援,在支
R7,19,山梨県,1902,峡東,R7-1902-21,二次救急,二次
R7,19,山梨県,1902,峡東,R7-1902-23,二次救急,二次
R7,19,山梨県,1902,峡東,R7-1902-23,在宅療養支援,在支
R7,19,山梨県,1902,峡東,R7-1902-24,二次救急,二次
R7,19,山梨県,1902,峡東,R7-1902-24,在宅療養支援,在支
R7,19,山梨県,1902,峡東,R7-1902-25,二次救急,二次
R7,19,山梨県,1902,峡東,R7-1902-26,二次救急,二次
R7,19,山梨県,1902,峡東,R7-1902-26,在宅療養支援,在支
R7,19,山梨県,1903,峡南,R7-1903-14,二次救急,二次
R7,19,山梨県,1903,峡南,R7-1903-16,二次救急,二次
R7,19,山梨県,1903,峡南,R7-1903-17,二次救急,二次
R7,19,山梨県,1903,峡南,R7-1903-17,在宅療養支援,在支
R7,19,山梨県,1903,峡南,R7-1903-18,二次救急,二次
R7,19,山梨県,1903,峡南,R7-1903-18,在宅療養支援,在支
R7,19,山梨県,1904,富士・東部,R7-1904-14,二次救急,二次
R7,19,山梨県,1904,富士・東部,R7-1904-15,二次救急,二次
R7,19,山梨県,1904,富士・東部,R7-1904-16,二次救急,二次
R7,19,山梨県,1904,富士・東部,R7-1904-17,二次救急,二次
R7,19,山梨県,1904,富士・東部,R7-1904-17,在宅療養支援,在支
R7,19,山梨県,1904,富士・東部,R7-1904-18,二次救急,二次
R7,19,山梨県,1904,富士・東部,R7-1904-18,在宅療養支援,在支
R7,19,山梨県,1904,富士・東部,R7-1904-20,在宅療養支援,在支
R7,19,山梨県,1904,富士・東部,R7-1904-21,在宅療養支援,在支
R7,20,長野県,2001,佐久,R7-2001-14,地域支援,地
R7,20,長野県,2001,佐久,R7-2001-14,三次救急,三次
R7,20,長野県,2001,佐久,R7-2001-15,二次救急,二次
R7,20,長野県,2001,佐久,R7-2001-16,二次救急,二次
R7,20,長野県,2001,佐久,R7-2001-17,二次救急,二次
R7,20,長野県,2001,佐久,R7-2001-18,二次救急,二次
R7,20,長野県,2001,佐久,R7-2001-19,二次救急,二次
R7,20,長野県,2001,佐久,R7-2001-20,二次救急,二次
R7,20,長野県,2001,佐久,R7-2001-20,在宅療養支援,在支
R7,20,長野県,2001,佐久,R7-2001-21,二次救急,二次
R7,20,長野県,2001,佐久,R7-2001-21,在宅療養支援,在支
R7,20,長野県,2001,佐久,R7-2001-22,二次救急,二次
R7,20,長野県,2001,佐久,R7-2001-22,在宅療養支援,在支
R7,20,長野県,2001,佐久,R7-2001-23,二次救急,二次
R7,20,長野県,2001,佐久,R7-2001-24,二次救急,二次
R7,20,長野県,2001,佐久,R7-2001-24,在宅療養支援,在支
R7,20,長野県,2001,佐久,R7-2001-26,二次救急,二次
R7,20,長野県,2001,佐久,R7-2001-26,在宅療養支援,在支
R7,20,長野県,2001,佐久,R7-2001-27,在宅療養支援,在支
R7,20,長野県,2001,佐久,R7-2001-29,在宅療養支援,在支
R7,20,長野県,2002,上小,R7-2002-14,二次救急,二次
R7,20,長野県,2002,上小,R7-2002-15,地域支援,地
R7,20,長野県,2002,上小,R7-2002-15,二次救急,二次
R7,20,長野県,2002,上小,R7-2002-16,二次救急,二次
R7,20,長野県,2002,上小,R7-2002-16,在宅療養支援,在支
R7,20,長野県,2002,上小,R7-2002-17,二次救急,二次
R7,20,長野県,2002,上小,R7-2002-18,二次救急,二次
R7,20,長野県,2002,上小,R7-2002-19,二次救急,二次
R7,20,長野県,2002,上小,R7-2002-20,二次救急,二次
R7,20,長野県,2002,上小,R7-2002-21,二次救急,二次
R7,20,長野県,2002,上小,R7-2002-21,在宅療養支援,在支
R7,20,長野県,2002,上小,R7-2002-22,二次救急,二次
R7,20,長野県,2002,上小,R7-2002-22,在宅療養支援,在支
R7,20,長野県,2002,上小,R7-2002-23,二次救急,二次
R7,20,長野県,2002,上小,R7-2002-23,在宅療養支援,在支
R7,20,長野県,2002,上小,R7-2002-24,二次救急,二次
R7,20,長野県,2002,上小,R7-2002-24,在宅療養支援,在支
R7,20,長野県,2002,上小,R7-2002-25,在宅療養支援,在支
R7,20,長野県,2002,上小,R7-2002-26,在宅療養支援,在支
R7,20,長野県,2002,上小,R7-2002-28,在宅療養支援,在支
R7,20,長野県,2002,上小,R7-2002-29,在宅療養支援,在支
R7,20,長野県,2003,諏訪,R7-2003-14,地域支援,地
R7,20,長野県,2003,諏訪,R7-2003-14,三次救急,三次
R7,20,長野県,2003,諏訪,R7-2003-14,二次救急,二次
R7,20,長野県,2003,諏訪,R7-2003-15,二次救急,二次
R7,20,長野県,2003,諏訪,R7-2003-16,二次救急,二次
R7,20,長野県,2003,諏訪,R7-2003-17,二次救急,二次
R7,20,長野県,2003,諏訪,R7-2003-17,在宅療養支援,在支
R7,20,長野県,2003,諏訪,R7-2003-18,二次救急,二次
R7,20,長野県,2003,諏訪,R7-2003-20,二次救急,二次
R7,20,長野県,2003,諏訪,R7-2003-20,在宅療養支援,在支
R7,20,長野県,2003,諏訪,R7-2003-21,在宅療養支援,在支
R7,20,長野県,2004,上伊那,R7-2004-14,地域支援,地
R7,20,長野県,2004,上伊那,R7-2004-14,三次救急,三次
R7,20,長野県,2004,上伊那,R7-2004-14,二次救急,二次
R7,20,長野県,2004,上伊那,R7-2004-15,二次救急,二次
R7,20,長野県,2004,上伊那,R7-2004-16,在宅療養支援,在支
R7,20,長野県,2004,上伊那,R7-2004-18,二次救急,二次
R7,20,長野県,2004,上伊那,R7-2004-20,在宅療養支援,在支
R7,20,長野県,2005,飯伊,R7-2005-14,地域支援,地
R7,20,長野県,2005,飯伊,R7-2005-14,三次救急,三次
R7,20,長野県,2005,飯伊,R7-2005-14,二次救急,二次
R7,20,長野県,2005,飯伊,R7-2005-15,二次救急,二次
R7,20,長野県,2005,飯伊,R7-2005-16,二次救急,二次
R7,20,長野県,2005,飯伊,R7-2005-16,在宅療養支援,在支
R7,20,長野県,2005,飯伊,R7-2005-17,二次救急,二次
R7,20,長野県,2005,飯伊,R7-2005-17,在宅療養支援,在支
R7,20,長野県,2005,飯伊,R7-2005-18,二次救急,二次
R7,20,長野県,2005,飯伊,R7-2005-18,在宅療養支援,在支
R7,20,長野県,2005,飯伊,R7-2005-20,二次救急,二次
R7,20,長野県,2005,飯伊,R7-2005-20,在宅療養支援,在支
R7,20,長野県,2005,飯伊,R7-2005-22,在宅療養支援,在支
R7,20,長野県,2005,飯伊,R7-2005-24,在宅療養支援,在支
R7,20,長野県,2006,木曽,R7-2006-14,二次救急,二次
R7,20,長野県,2006,木曽,R7-2006-14,在宅療養支援,在支
R7,20,長野県,2007,松本,R7-2007-14,特定機能,特
R7,20,長野県,2007,松本,R7-2007-14,三次救急,三次
R7,20,長野県,2007,松本,R7-2007-15,地域支援,地
R7,20,長野県,2007,松本,R7-2007-15,三次救急,三次
R7,20,長野県,2007,松本,R7-2007-15,二次救急,二次
R7,20,長野県,2007,松本,R7-2007-16,地域支援,地
R7,20,長野県,2007,松本,R7-2007-16,二次救急,二次
R7,20,長野県,2007,松本,R7-2007-17,地域支援,地
R7,20,長野県,2007,松本,R7-2007-17,二次救急,二次
R7,20,長野県,2007,松本,R7-2007-18,地域支援,地
R7,20,長野県,2007,松本,R7-2007-18,二次救急,二次
R7,20,長野県,2007,松本,R7-2007-19,二次救急,二次
R7,20,長野県,2007,松本,R7-2007-19,在宅療養支援,在支
R7,20,長野県,2007,松本,R7-2007-20,二次救急,二次
R7,20,長野県,2007,松本,R7-2007-20,在宅療養支援,在支
R7,20,長野県,2007,松本,R7-2007-21,二次救急,二次
R7,20,長野県,2007,松本,R7-2007-21,在宅療養支援,在支
R7,20,長野県,2007,松本,R7-2007-22,在宅療養支援,在支
R7,20,長野県,2007,松本,R7-2007-23,在宅療養支援,在支
R7,20,長野県,2007,松本,R7-2007-24,二次救急,二次
R7,20,長野県,2007,松本,R7-2007-24,在宅療養支援,在支
R7,20,長野県,2007,松本,R7-2007-25,在宅療養支援,在支
R7,20,長野県,2007,松本,R7-2007-26,在宅療養支援,在支
R7,20,長野県,2007,松本,R7-2007-28,二次救急,二次
R7,20,長野県,2007,松本,R7-2007-29,二次救急,二次
R7,20,長野県,2007,松本,R7-2007-29,在宅療養支援,在支
R7,20,長野県,2007,松本,R7-2007-31,在宅療養支援,在支
R7,20,長野県,2007,松本,R7-2007-32,在宅療養支援,在支
R7,20,長野県,2007,松本,R7-2007-42,在宅療養支援,在支
R7,20,長野県,2008,大北,R7-2008-14,二次救急,二次
R7,20,長野県,2008,大北,R7-2008-15,二次救急,二次
R7,20,長野県,2008,大北,R7-2008-15,在宅療養支援,在支
R7,20,長野県,2009,長野,R7-2009-14,地域支援,地
R7,20,長野県,2009,長野,R7-2009-14,三次救急,三次
R7,20,長野県,2009,長野,R7-2009-14,二次救急,二次
R7,20,長野県,2009,長野,R7-2009-15,地域支援,地
R7,20,長野県,2009,長野,R7-2009-15,二次救急,二次
R7,20,長野県,2009,長野,R7-2009-16,地域支援,地
R7,20,長野県,2009,長野,R7-2009-16,二次救急,二次
R7,20,長野県,2009,長野,R7-2009-17,二次救急,二次
R7,20,長野県,2009,長野,R7-2009-18,二次救急,二次
R7,20,長野県,2009,長野,R7-2009-19,二次救急,二次
R7,20,長野県,2009,長野,R7-2009-21,二次救急,二次
R7,20,長野県,2009,長野,R7-2009-21,在宅療養支援,在支
R7,20,長野県,2009,長野,R7-2009-24,在宅療養支援,在支
R7,20,長野県,2009,長野,R7-2009-25,在宅療養支援,在支
R7,20,長野県,2009,長野,R7-2009-28,在宅療養支援,在支
R7,20,長野県,2009,長野,R7-2009-34,在宅療養支援,在支
R7,20,長野県,2009,長野,R7-2009-45,在宅療養支援,在支
R7,20,長野県,2009,長野,R7-2009-46,在宅療養支援,在支
R7,20,長野県,2009,長野,R7-2009-50,在宅療養支援,在支
R7,20,長野県,2010,北信,R7-2010-14,二次救急,二次
R7,20,長野県,2010,北信,R7-2010-15,二次救急,二次
R7,21,岐阜県,2101,岐阜,R7-2101-14,地域支援,地
R7,21,岐阜県,2101,岐阜,R7-2101-14,三次救急,三次
R7,21,岐阜県,2101,岐阜,R7-2101-14,二次救急,二次
R7,21,岐阜県,2101,岐阜,R7-2101-15,特定機能,特
R7,21,岐阜県,2101,岐阜,R7-2101-15,三次救急,三次
R7,21,岐阜県,2101,岐阜,R7-2101-16,地域支援,地
R7,21,岐阜県,2101,岐阜,R7-2101-16,二次救急,二次
R7,21,岐阜県,2101,岐阜,R7-2101-17,地域支援,地
R7,21,岐阜県,2101,岐阜,R7-2101-17,三次救急,三次
R7,21,岐阜県,2101,岐阜,R7-2101-17,二次救急,二次
R7,21,岐阜県,2101,岐阜,R7-2101-18,二次救急,二次
R7,21,岐阜県,2101,岐阜,R7-2101-19,二次救急,二次
R7,21,岐阜県,2101,岐阜,R7-2101-20,二次救急,二次
R7,21,岐阜県,2101,岐阜,R7-2101-21,地域支援,地
R7,21,岐阜県,2101,岐阜,R7-2101-21,二次救急,二次
R7,21,岐阜県,2101,岐阜,R7-2101-22,二次救急,二次
R7,21,岐阜県,2101,岐阜,R7-2101-23,地域支援,地
R7,21,岐阜県,2101,岐阜,R7-2101-23,二次救急,二次
R7,21,岐阜県,2101,岐阜,R7-2101-24,二次救急,二次
R7,21,岐阜県,2101,岐阜,R7-2101-25,二次救急,二次
R7,21,岐阜県,2101,岐阜,R7-2101-26,二次救急,二次
R7,21,岐阜県,2101,岐阜,R7-2101-27,在宅療養支援,在支
R7,21,岐阜県,2101,岐阜,R7-2101-28,二次救急,二次
R7,21,岐阜県,2101,岐阜,R7-2101-28,在宅療養支援,在支
R7,21,岐阜県,2101,岐阜,R7-2101-29,二次救急,二次
R7,21,岐阜県,2101,岐阜,R7-2101-29,在宅療養支援,在支
R7,21,岐阜県,2101,岐阜,R7-2101-30,在宅療養支援,在支
R7,21,岐阜県,2101,岐阜,R7-2101-31,二次救急,二次
R7,21,岐阜県,2101,岐阜,R7-2101-34,在宅療養支援,在支
R7,21,岐阜県,2101,岐阜,R7-2101-35,二次救急,二次
R7,21,岐阜県,2101,岐阜,R7-2101-36,二次救急,二次
R7,21,岐阜県,2101,岐阜,R7-2101-36,在宅療養支援,在支
R7,21,岐阜県,2101,岐阜,R7-2101-37,二次救急,二次
R7,21,岐阜県,2101,岐阜,R7-2101-39,二次救急,二次
R7,21,岐阜県,2101,岐阜,R7-2101-39,在宅療養支援,在支
R7,21,岐阜県,2101,岐阜,R7-2101-40,二次救急,二次
R7,21,岐阜県,2101,岐阜,R7-2101-40,在宅療養支援,在支
R7,21,岐阜県,2101,岐阜,R7-2101-44,二次救急,二次
R7,21,岐阜県,2101,岐阜,R7-2101-45,二次救急,二次
R7,21,岐阜県,2101,岐阜,R7-2101-46,二次救急,二次
R7,21,岐阜県,2101,岐阜,R7-2101-46,在宅療養支援,在支
R7,21,岐阜県,2101,岐阜,R7-2101-48,在宅療養支援,在支
R7,21,岐阜県,2101,岐阜,R7-2101-49,在宅療養支援,在支
R7,21,岐阜県,2101,岐阜,R7-2101-56,在宅療養支援,在支
R7,21,岐阜県,2101,岐阜,R7-2101-57,在宅療養支援,在支
R7,21,岐阜県,2101,岐阜,R7-2101-58,在宅療養支援,在支
R7,21,岐阜県,2101,岐阜,R7-2101-59,在宅療養支援,在支
R7,21,岐阜県,2101,岐阜,R7-2101-62,在宅療養支援,在支
R7,21,岐阜県,2101,岐阜,R7-2101-63,在宅療養支援,在支
R7,21,岐阜県,2101,岐阜,R7-2101-64,在宅療養支援,在支
R7,21,岐阜県,2101,岐阜,R7-2101-80,在宅療養支援,在支
R7,21,岐阜県,2101,岐阜,R7-2101-82,在宅療養支援,在支
R7,21,岐阜県,2101,岐阜,R7-2101-91,在宅療養支援,在支
R7,21,岐阜県,2101,岐阜,R7-2101-96,在宅療養支援,在支
R7,21,岐阜県,2102,西濃,R7-2102-14,地域支援,地
R7,21,岐阜県,2102,西濃,R7-2102-14,三次救急,三次
R7,21,岐阜県,2102,西濃,R7-2102-14,二次救急,二次
R7,21,岐阜県,2102,西濃,R7-2102-15,二次救急,二次
R7,21,岐阜県,2102,西濃,R7-2102-16,二次救急,二次
R7,21,岐阜県,2102,西濃,R7-2102-17,二次救急,二次
R7,21,岐阜県,2102,西濃,R7-2102-18,二次救急,二次
R7,21,岐阜県,2102,西濃,R7-2102-19,二次救急,二次
R7,21,岐阜県,2102,西濃,R7-2102-20,二次救急,二次
R7,21,岐阜県,2102,西濃,R7-2102-21,二次救急,二次
R7,21,岐阜県,2102,西濃,R7-2102-21,在宅療養支援,在支
R7,21,岐阜県,2102,西濃,R7-2102-22,二次救急,二次
R7,21,岐阜県,2102,西濃,R7-2102-25,在宅療養支援,在支
R7,21,岐阜県,2102,西濃,R7-2102-27,在宅療養支援,在支
R7,21,岐阜県,2102,西濃,R7-2102-32,在宅療養支援,在支
R7,21,岐阜県,2102,西濃,R7-2102-40,在宅療養支援,在支
R7,21,岐阜県,2102,西濃,R7-2102-45,在宅療養支援,在支
R7,21,岐阜県,2103,中濃,R7-2103-14,地域支援,地
R7,21,岐阜県,2103,中濃,R7-2103-14,三次救急,三次
R7,21,岐阜県,2103,中濃,R7-2103-15,三次救急,三次
R7,21,岐阜県,2103,中濃,R7-2103-15,二次救急,二次
R7,21,岐阜県,2103,中濃,R7-2103-16,二次救急,二次
R7,21,岐阜県,2103,中濃,R7-2103-17,二次救急,二次
R7,21,岐阜県,2103,中濃,R7-2103-18,二次救急,二次
R7,21,岐阜県,2103,中濃,R7-2103-18,在宅療養支援,在支
R7,21,岐阜県,2103,中濃,R7-2103-19,二次救急,二次
R7,21,岐阜県,2103,中濃,R7-2103-19,在宅療養支援,在支
R7,21,岐阜県,2103,中濃,R7-2103-20,二次救急,二次
R7,21,岐阜県,2103,中濃,R7-2103-21,二次救急,二次
R7,21,岐阜県,2103,中濃,R7-2103-21,在宅療養支援,在支
R7,21,岐阜県,2103,中濃,R7-2103-22,二次救急,二次
R7,21,岐阜県,2103,中濃,R7-2103-22,在宅療養支援,在支
R7,21,岐阜県,2103,中濃,R7-2103-23,二次救急,二次
R7,21,岐阜県,2103,中濃,R7-2103-23,在宅療養支援,在支
R7,21,岐阜県,2103,中濃,R7-2103-25,二次救急,二次
R7,21,岐阜県,2103,中濃,R7-2103-27,二次救急,二次
R7,21,岐阜県,2103,中濃,R7-2103-27,在宅療養支援,在支
R7,21,岐阜県,2103,中濃,R7-2103-29,二次救急,二次
R7,21,岐阜県,2103,中濃,R7-2103-29,在宅療養支援,在支
R7,21,岐阜県,2103,中濃,R7-2103-35,在宅療養支援,在支
R7,21,岐阜県,2103,中濃,R7-2103-39,在宅療養支援,在支
R7,21,岐阜県,2103,中濃,R7-2103-42,在宅療養支援,在支
R7,21,岐阜県,2104,東濃,R7-2104-14,地域支援,地
R7,21,岐阜県,2104,東濃,R7-2104-14,三次救急,三次
R7,21,岐阜県,2104,東濃,R7-2104-14,二次救急,二次
R7,21,岐阜県,2104,東濃,R7-2104-15,二次救急,二次
R7,21,岐阜県,2104,東濃,R7-2104-16,二次救急,二次
R7,21,岐阜県,2104,東濃,R7-2104-17,二次救急,二次
R7,21,岐阜県,2104,東濃,R7-2104-18,二次救急,二次
R7,21,岐阜県,2104,東濃,R7-2104-19,二次救急,二次
R7,21,岐阜県,2104,東濃,R7-2104-19,在宅療養支援,在支
R7,21,岐阜県,2104,東濃,R7-2104-21,在宅療養支援,在支
R7,21,岐阜県,2104,東濃,R7-2104-22,在宅療養支援,在支
R7,21,岐阜県,2104,東濃,R7-2104-23,二次救急,二次
R7,21,岐阜県,2104,東濃,R7-2104-23,在宅療養支援,在支
R7,21,岐阜県,2104,東濃,R7-2104-28,在宅療養支援,在支
R7,21,岐阜県,2104,東濃,R7-2104-34,在宅療養支援,在支
R7,21,岐阜県,2105,飛騨,R7-2105-14,地域支援,地
R7,21,岐阜県,2105,飛騨,R7-2105-14,三次救急,三次
R7,21,岐阜県,2105,飛騨,R7-2105-15,二次救急,二次
R7,21,岐阜県,2105,飛騨,R7-2105-16,二次救急,二次
R7,21,岐阜県,2105,飛騨,R7-2105-17,二次救急,二次
R7,21,岐阜県,2105,飛騨,R7-2105-17,在宅療養支援,在支
R7,21,岐阜県,2105,飛騨,R7-2105-18,二次救急,二次
R7,21,岐阜県,2105,飛騨,R7-2105-18,在宅療養支援,在支
R7,21,岐阜県,2105,飛騨,R7-2105-19,在宅療養支援,在支
R7,21,岐阜県,2105,飛騨,R7-2105-25,在宅療養支援,在支
R7,22,静岡県,2201,賀茂,R7-2201-15,二次救急,二次
R7,22,静岡県,2201,賀茂,R7-2201-16,二次救急,二次
R7,22,静岡県,2201,賀茂,R7-2201-16,在宅療養支援,在支
R7,22,静岡県,2201,賀茂,R7-2201-17,二次救急,二次
R7,22,静岡県,2201,賀茂,R7-2201-18,二次救急,二次
R7,22,静岡県,2201,賀茂,R7-2201-18,在宅療養支援,在支
R7,22,静岡県,2202,熱海伊東,R7-2202-14,二次救急,二次
R7,22,静岡県,2202,熱海伊東,R7-2202-15,地域支援,地
R7,22,静岡県,2202,熱海伊東,R7-2202-15,二次救急,二次
R7,22,静岡県,2202,熱海伊東,R7-2202-16,二次救急,二次
R7,22,静岡県,2202,熱海伊東,R7-2202-17,在宅療養支援,在支
R7,22,静岡県,2202,熱海伊東,R7-2202-20,在宅療養支援,在支
R7,22,静岡県,2202,熱海伊東,R7-2202-21,在宅療養支援,在支
R7,22,静岡県,2203,駿東田方,R7-2203-14,地域支援,地
R7,22,静岡県,2203,駿東田方,R7-2203-14,三次救急,三次
R7,22,静岡県,2203,駿東田方,R7-2203-15,特定機能,特
R7,22,静岡県,2203,駿東田方,R7-2203-16,地域支援,地
R7,22,静岡県,2203,駿東田方,R7-2203-16,二次救急,二次
R7,22,静岡県,2203,駿東田方,R7-2203-17,地域支援,地
R7,22,静岡県,2203,駿東田方,R7-2203-17,三次救急,三次
R7,22,静岡県,2203,駿東田方,R7-2203-17,二次救急,二次
R7,22,静岡県,2203,駿東田方,R7-2203-19,二次救急,二次
R7,22,静岡県,2203,駿東田方,R7-2203-20,二次救急,二次
R7,22,静岡県,2203,駿東田方,R7-2203-21,二次救急,二次
R7,22,静岡県,2203,駿東田方,R7-2203-22,二次救急,二次
R7,22,静岡県,2203,駿東田方,R7-2203-22,在宅療養支援,在支
R7,22,静岡県,2203,駿東田方,R7-2203-23,二次救急,二次
R7,22,静岡県,2203,駿東田方,R7-2203-23,在宅療養支援,在支
R7,22,静岡県,2203,駿東田方,R7-2203-24,二次救急,二次
R7,22,静岡県,2203,駿東田方,R7-2203-25,二次救急,二次
R7,22,静岡県,2203,駿東田方,R7-2203-26,二次救急,二次
R7,22,静岡県,2203,駿東田方,R7-2203-27,在宅療養支援,在支
R7,22,静岡県,2203,駿東田方,R7-2203-34,在宅療養支援,在支
R7,22,静岡県,2203,駿東田方,R7-2203-35,在宅療養支援,在支
R7,22,静岡県,2203,駿東田方,R7-2203-36,二次救急,二次
R7,22,静岡県,2203,駿東田方,R7-2203-36,在宅療養支援,在支
R7,22,静岡県,2203,駿東田方,R7-2203-37,二次救急,二次
R7,22,静岡県,2203,駿東田方,R7-2203-38,在宅療養支援,在支
R7,22,静岡県,2203,駿東田方,R7-2203-39,在宅療養支援,在支
R7,22,静岡県,2203,駿東田方,R7-2203-41,二次救急,二次
R7,22,静岡県,2203,駿東田方,R7-2203-41,在宅療養支援,在支
R7,22,静岡県,2203,駿東田方,R7-2203-42,在宅療養支援,在支
R7,22,静岡県,2203,駿東田方,R7-2203-43,二次救急,二次
R7,22,静岡県,2203,駿東田方,R7-2203-43,在宅療養支援,在支
R7,22,静岡県,2203,駿東田方,R7-2203-44,在宅療養支援,在支
R7,22,静岡県,2203,駿東田方,R7-2203-45,二次救急,二次
R7,22,静岡県,2203,駿東田方,R7-2203-47,二次救急,二次
R7,22,静岡県,2203,駿東田方,R7-2203-49,在宅療養支援,在支
R7,22,静岡県,2203,駿東田方,R7-2203-57,在宅療養支援,在支
R7,22,静岡県,2203,駿東田方,R7-2203-65,在宅療養支援,在支
R7,22,静岡県,2203,駿東田方,R7-2203-81,在宅療養支援,在支
R7,22,静岡県,2204,富士,R7-2204-14,地域支援,地
R7,22,静岡県,2204,富士,R7-2204-14,二次救急,二次
R7,22,静岡県,2204,富士,R7-2204-15,地域支援,地
R7,22,静岡県,2204,富士,R7-2204-15,二次救急,二次
R7,22,静岡県,2204,富士,R7-2204-18,二次救急,二次
R7,22,静岡県,2204,富士,R7-2204-19,在宅療養支援,在支
R7,22,静岡県,2204,富士,R7-2204-20,二次救急,二次
R7,22,静岡県,2204,富士,R7-2204-23,二次救急,二次
R7,22,静岡県,2204,富士,R7-2204-25,二次救急,二次
R7,22,静岡県,2204,富士,R7-2204-25,在宅療養支援,在支
R7,22,静岡県,2204,富士,R7-2204-28,在宅療養支援,在支
R7,22,静岡県,2205,静岡,R7-2205-14,地域支援,地
R7,22,静岡県,2205,静岡,R7-2205-14,三次救急,三次
R7,22,静岡県,2205,静岡,R7-2205-14,二次救急,二次
R7,22,静岡県,2205,静岡,R7-2205-15,地域支援,地
R7,22,静岡県,2205,静岡,R7-2205-15,三次救急,三次
R7,22,静岡県,2205,静岡,R7-2205-15,二次救急,二次
R7,22,静岡県,2205,静岡,R7-2205-16,地域支援,地
R7,22,静岡県,2205,静岡,R7-2205-16,二次救急,二次
R7,22,静岡県,2205,静岡,R7-2205-17,地域支援,地
R7,22,静岡県,2205,静岡,R7-2205-17,三次救急,三次
R7,22,静岡県,2205,静岡,R7-2205-17,二次救急,二次
R7,22,静岡県,2205,静岡,R7-2205-18,地域支援,地
R7,22,静岡県,2205,静岡,R7-2205-18,二次救急,二次
R7,22,静岡県,2205,静岡,R7-2205-19,二次救急,二次
R7,22,静岡県,2205,静岡,R7-2205-22,二次救急,二次
R7,22,静岡県,2205,静岡,R7-2205-24,地域支援,地
R7,22,静岡県,2205,静岡,R7-2205-24,二次救急,二次
R7,22,静岡県,2205,静岡,R7-2205-27,二次救急,二次
R7,22,静岡県,2205,静岡,R7-2205-28,二次救急,二次
R7,22,静岡県,2205,静岡,R7-2205-28,在宅療養支援,在支
R7,22,静岡県,2205,静岡,R7-2205-31,在宅療養支援,在支
R7,22,静岡県,2205,静岡,R7-2205-45,在宅療養支援,在支
R7,22,静岡県,2206,志太榛原,R7-2206-14,地域支援,地
R7,22,静岡県,2206,志太榛原,R7-2206-14,三次救急,三次
R7,22,静岡県,2206,志太榛原,R7-2206-14,二次救急,二次
R7,22,静岡県,2206,志太榛原,R7-2206-15,地域支援,地
R7,22,静岡県,2206,志太榛原,R7-2206-15,二次救急,二次
R7,22,静岡県,2206,志太榛原,R7-2206-16,地域支援,地
R7,22,静岡県,2206,志太榛原,R7-2206-16,二次救急,二次
R7,22,静岡県,2206,志太榛原,R7-2206-17,二次救急,二次
R7,22,静岡県,2206,志太榛原,R7-2206-18,二次救急,二次
R7,22,静岡県,2206,志太榛原,R7-2206-20,在宅療養支援,在支
R7,22,静岡県,2206,志太榛原,R7-2206-27,在宅療養支援,在支
R7,22,静岡県,2207,中東遠,R7-2207-14,地域支援,地
R7,22,静岡県,2207,中東遠,R7-2207-14,三次救急,三次
R7,22,静岡県,2207,中東遠,R7-2207-14,二次救急,二次
R7,22,静岡県,2207,中東遠,R7-2207-15,地域支援,地
R7,22,静岡県,2207,中東遠,R7-2207-15,三次救急,三次
R7,22,静岡県,2207,中東遠,R7-2207-15,二次救急,二次
R7,22,静岡県,2207,中東遠,R7-2207-16,二次救急,二次
R7,22,静岡県,2207,中東遠,R7-2207-17,二次救急,二次
R7,22,静岡県,2207,中東遠,R7-2207-18,在宅療養支援,在支
R7,22,静岡県,2207,中東遠,R7-2207-19,在宅療養支援,在支
R7,22,静岡県,2207,中東遠,R7-2207-23,二次救急,二次
R7,22,静岡県,2207,中東遠,R7-2207-23,在宅療養支援,在支
R7,22,静岡県,2207,中東遠,R7-2207-25,在宅療養支援,在支
R7,22,静岡県,2207,中東遠,R7-2207-29,在宅療養支援,在支
R7,22,静岡県,2208,西部,R7-2208-14,地域支援,地
R7,22,静岡県,2208,西部,R7-2208-14,三次救急,三次
R7,22,静岡県,2208,西部,R7-2208-14,二次救急,二次
R7,22,静岡県,2208,西部,R7-2208-15,地域支援,地
R7,22,静岡県,2208,西部,R7-2208-15,三次救急,三次
R7,22,静岡県,2208,西部,R7-2208-15,二次救急,二次
R7,22,静岡県,2208,西部,R7-2208-16,地域支援,地
R7,22,静岡県,2208,西部,R7-2208-16,三次救急,三次
R7,22,静岡県,2208,西部,R7-2208-16,二次救急,二次
R7,22,静岡県,2208,西部,R7-2208-17,特定機能,特
R7,22,静岡県,2208,西部,R7-2208-17,二次救急,二次
R7,22,静岡県,2208,西部,R7-2208-18,地域支援,地
R7,22,静岡県,2208,西部,R7-2208-18,二次救急,二次
R7,22,静岡県,2208,西部,R7-2208-19,地域支援,地
R7,22,静岡県,2208,西部,R7-2208-19,二次救急,二次
R7,22,静岡県,2208,西部,R7-2208-20,地域支援,地
R7,22,静岡県,2208,西部,R7-2208-20,二次救急,二次
R7,22,静岡県,2208,西部,R7-2208-23,二次救急,二次
R7,22,静岡県,2208,西部,R7-2208-26,在宅療養支援,在支
R7,22,静岡県,2208,西部,R7-2208-27,在宅療養支援,在支
R7,22,静岡県,2208,西部,R7-2208-30,在宅療養支援,在支
R7,22,静岡県,2208,西部,R7-2208-39,二次救急,二次
R7,22,静岡県,2208,西部,R7-2208-39,在宅療養支援,在支
R7,22,静岡県,2208,西部,R7-2208-41,在宅療養支援,在支
R7,22,静岡県,2208,西部,R7-2208-44,在宅療養支援,在支
R7,22,静岡県,2208,西部,R7-2208-63,在宅療養支援,在支
R7,22,静岡県,2208,西部,R7-2208-65,在宅療養支援,在支
R7,23,愛知県,2302,海部,R7-2302-14,地域支援,地
R7,23,愛知県,2302,海部,R7-2302-14,三次救急,三次
R7,23,愛知県,2302,海部,R7-2302-15,二次救急,二次
R7,23,愛知県,2302,海部,R7-2302-16,二次救急,二次
R7,23,愛知県,2302,海部,R7-2302-16,在宅療養支援,在支
R7,23,愛知県,2302,海部,R7-2302-18,在宅療養支援,在支
R7,23,愛知県,2302,海部,R7-2302-26,在宅療養支援,在支
R7,23,愛知県,2304,尾張東部,R7-2304-14,特定機能,特
R7,23,愛知県,2304,尾張東部,R7-2304-14,三次救急,三次
R7,23,愛知県,2304,尾張東部,R7-2304-15,特定機能,特
R7,23,愛知県,2304,尾張東部,R7-2304-15,三次救急,三次
R7,23,愛知県,2304,尾張東部,R7-2304-16,地域支援,地
R7,23,愛知県,2304,尾張東部,R7-2304-16,三次救急,三次
R7,23,愛知県,2304,尾張東部,R7-2304-17,地域支援,地
R7,23,愛知県,2304,尾張東部,R7-2304-17,二次救急,二次
R7,23,愛知県,2304,尾張東部,R7-2304-19,在宅療養支援,在支
R7,23,愛知県,2304,尾張東部,R7-2304-21,二次救急,二次
R7,23,愛知県,2304,尾張東部,R7-2304-21,在宅療養支援,在支
R7,23,愛知県,2304,尾張東部,R7-2304-22,在宅療養支援,在支
R7,23,愛知県,2304,尾張東部,R7-2304-23,在宅療養支援,在支
R7,23,愛知県,2304,尾張東部,R7-2304-24,在宅療養支援,在支
R7,23,愛知県,2304,尾張東部,R7-2304-25,在宅療養支援,在支
R7,23,愛知県,2304,尾張東部,R7-2304-26,二次救急,二次
R7,23,愛知県,2304,尾張東部,R7-2304-28,在宅療養支援,在支
R7,23,愛知県,2304,尾張東部,R7-2304-43,在宅療養支援,在支
R7,23,愛知県,2305,尾張西部,R7-2305-14,二次救急,二次
R7,23,愛知県,2305,尾張西部,R7-2305-15,地域支援,地
R7,23,愛知県,2305,尾張西部,R7-2305-15,三次救急,三次
R7,23,愛知県,2305,尾張西部,R7-2305-15,二次救急,二次
R7,23,愛知県,2305,尾張西部,R7-2305-16,地域支援,地
R7,23,愛知県,2305,尾張西部,R7-2305-16,三次救急,三次
R7,23,愛知県,2305,尾張西部,R7-2305-16,二次救急,二次
R7,23,愛知県,2305,尾張西部,R7-2305-18,二次救急,二次
R7,23,愛知県,2305,尾張西部,R7-2305-19,二次救急,二次
R7,23,愛知県,2305,尾張西部,R7-2305-20,二次救急,二次
R7,23,愛知県,2305,尾張西部,R7-2305-21,在宅療養支援,在支
R7,23,愛知県,2305,尾張西部,R7-2305-22,在宅療養支援,在支
R7,23,愛知県,2305,尾張西部,R7-2305-23,二次救急,二次
R7,23,愛知県,2305,尾張西部,R7-2305-25,在宅療養支援,在支
R7,23,愛知県,2305,尾張西部,R7-2305-26,在宅療養支援,在支
R7,23,愛知県,2305,尾張西部,R7-2305-31,在宅療養支援,在支
R7,23,愛知県,2305,尾張西部,R7-2305-32,在宅療養支援,在支
R7,23,愛知県,2305,尾張西部,R7-2305-35,在宅療養支援,在支
R7,23,愛知県,2305,尾張西部,R7-2305-36,在宅療養支援,在支
R7,23,愛知県,2306,尾張北部,R7-2306-14,地域支援,地
R7,23,愛知県,2306,尾張北部,R7-2306-14,三次救急,三次
R7,23,愛知県,2306,尾張北部,R7-2306-15,地域支援,地
R7,23,愛知県,2306,尾張北部,R7-2306-15,三次救急,三次
R7,23,愛知県,2306,尾張北部,R7-2306-16,地域支援,地
R7,23,愛知県,2306,尾張北部,R7-2306-16,三次救急,三次
R7,23,愛知県,2306,尾張北部,R7-2306-17,二次救急,二次
R7,23,愛知県,2306,尾張北部,R7-2306-18,地域支援,地
R7,23,愛知県,2306,尾張北部,R7-2306-18,二次救急,二次
R7,23,愛知県,2306,尾張北部,R7-2306-19,二次救急,二次
R7,23,愛知県,2306,尾張北部,R7-2306-22,在宅療養支援,在支
R7,23,愛知県,2306,尾張北部,R7-2306-23,二次救急,二次
R7,23,愛知県,2306,尾張北部,R7-2306-27,在宅療養支援,在支
R7,23,愛知県,2306,尾張北部,R7-2306-28,在宅療養支援,在支
R7,23,愛知県,2306,尾張北部,R7-2306-29,在宅療養支援,在支
R7,23,愛知県,2306,尾張北部,R7-2306-37,在宅療養支援,在支
R7,23,愛知県,2306,尾張北部,R7-2306-40,在宅療養支援,在支
R7,23,愛知県,2306,尾張北部,R7-2306-41,在宅療養支援,在支
R7,23,愛知県,2306,尾張北部,R7-2306-44,在宅療養支援,在支
R7,23,愛知県,2306,尾張北部,R7-2306-47,在宅療養支援,在支
R7,23,愛知県,2306,尾張北部,R7-2306-63,在宅療養支援,在支
R7,23,愛知県,2307,知多半島,R7-2307-14,地域支援,地
R7,23,愛知県,2307,知多半島,R7-2307-14,二次救急,二次
R7,23,愛知県,2307,知多半島,R7-2307-15,三次救急,三次
R7,23,愛知県,2307,知多半島,R7-2307-17,二次救急,二次
R7,23,愛知県,2307,知多半島,R7-2307-18,二次救急,二次
R7,23,愛知県,2307,知多半島,R7-2307-20,三次救急,三次
R7,23,愛知県,2307,知多半島,R7-2307-21,二次救急,二次
R7,23,愛知県,2307,知多半島,R7-2307-22,二次救急,二次
R7,23,愛知県,2307,知多半島,R7-2307-23,在宅療養支援,在支
R7,23,愛知県,2307,知多半島,R7-2307-24,二次救急,二次
R7,23,愛知県,2307,知多半島,R7-2307-24,在宅療養支援,在支
R7,23,愛知県,2307,知多半島,R7-2307-25,在宅療養支援,在支
R7,23,愛知県,2307,知多半島,R7-2307-27,二次救急,二次
R7,23,愛知県,2307,知多半島,R7-2307-37,在宅療養支援,在支
R7,23,愛知県,2308,西三河北部,R7-2308-14,地域支援,地
R7,23,愛知県,2308,西三河北部,R7-2308-14,三次救急,三次
R7,23,愛知県,2308,西三河北部,R7-2308-14,二次救急,二次
R7,23,愛知県,2308,西三河北部,R7-2308-15,地域支援,地
R7,23,愛知県,2308,西三河北部,R7-2308-15,三次救急,三次
R7,23,愛知県,2308,西三河北部,R7-2308-17,二次救急,二次
R7,23,愛知県,2308,西三河北部,R7-2308-17,在宅療養支援,在支
R7,23,愛知県,2308,西三河北部,R7-2308-18,在宅療養支援,在支
R7,23,愛知県,2308,西三河北部,R7-2308-19,二次救急,二次
R7,23,愛知県,2308,西三河北部,R7-2308-19,在宅療養支援,在支
R7,23,愛知県,2308,西三河北部,R7-2308-20,二次救急,二次
R7,23,愛知県,2308,西三河北部,R7-2308-20,在宅療養支援,在支
R7,23,愛知県,2308,西三河北部,R7-2308-21,在宅療養支援,在支
R7,23,愛知県,2308,西三河北部,R7-2308-26,二次救急,二次
R7,23,愛知県,2308,西三河北部,R7-2308-31,在宅療養支援,在支
R7,23,愛知県,2309,西三河南部西,R7-2309-14,地域支援,地
R7,23,愛知県,2309,西三河南部西,R7-2309-14,三次救急,三次
R7,23,愛知県,2309,西三河南部西,R7-2309-15,地域支援,地
R7,23,愛知県,2309,西三河南部西,R7-2309-15,三次救急,三次
R7,23,愛知県,2309,西三河南部西,R7-2309-16,二次救急,二次
R7,23,愛知県,2309,西三河南部西,R7-2309-17,二次救急,二次
R7,23,愛知県,2309,西三河南部西,R7-2309-18,二次救急,二次
R7,23,愛知県,2309,西三河南部西,R7-2309-20,在宅療養支援,在支
R7,23,愛知県,2309,西三河南部西,R7-2309-21,二次救急,二次
R7,23,愛知県,2309,西三河南部西,R7-2309-23,在宅療養支援,在支
R7,23,愛知県,2309,西三河南部西,R7-2309-26,在宅療養支援,在支
R7,23,愛知県,2309,西三河南部西,R7-2309-28,在宅療養支援,在支
R7,23,愛知県,2309,西三河南部西,R7-2309-33,在宅療養支援,在支
R7,23,愛知県,2309,西三河南部西,R7-2309-35,在宅療養支援,在支
R7,23,愛知県,2309,西三河南部西,R7-2309-37,在宅療養支援,在支
R7,23,愛知県,2309,西三河南部西,R7-2309-39,在宅療養支援,在支
R7,23,愛知県,2310,西三河南部東,R7-2310-14,地域支援,地
R7,23,愛知県,2310,西三河南部東,R7-2310-14,三次救急,三次
R7,23,愛知県,2310,西三河南部東,R7-2310-15,地域支援,地
R7,23,愛知県,2310,西三河南部東,R7-2310-15,二次救急,二次
R7,23,愛知県,2310,西三河南部東,R7-2310-16,二次救急,二次
R7,23,愛知県,2310,西三河南部東,R7-2310-18,二次救急,二次
R7,23,愛知県,2310,西三河南部東,R7-2310-19,在宅療養支援,在支
R7,23,愛知県,2310,西三河南部東,R7-2310-21,二次救急,二次
R7,23,愛知県,2310,西三河南部東,R7-2310-34,在宅療養支援,在支
R7,23,愛知県,2311,東三河北部,R7-2311-14,二次救急,二次
R7,23,愛知県,2311,東三河北部,R7-2311-14,在宅療養支援,在支
R7,23,愛知県,2311,東三河北部,R7-2311-18,在宅療養支援,在支
R7,23,愛知県,2312,東三河南部,R7-2312-14,地域支援,地
R7,23,愛知県,2312,東三河南部,R7-2312-14,三次救急,三次
R7,23,愛知県,2312,東三河南部,R7-2312-15,地域支援,地
R7,23,愛知県,2312,東三河南部,R7-2312-15,三次救急,三次
R7,23,愛知県,2312,東三河南部,R7-2312-17,二次救急,二次
R7,23,愛知県,2312,東三河南部,R7-2312-18,二次救急,二次
R7,23,愛知県,2312,東三河南部,R7-2312-19,二次救急,二次
R7,23,愛知県,2312,東三河南部,R7-2312-21,二次救急,二次
R7,23,愛知県,2312,東三河南部,R7-2312-25,二次救急,二次
R7,23,愛知県,2312,東三河南部,R7-2312-28,二次救急,二次
R7,23,愛知県,2312,東三河南部,R7-2312-29,二次救急,二次
R7,23,愛知県,2312,東三河南部,R7-2312-35,在宅療養支援,在支
R7,23,愛知県,2312,東三河南部,R7-2312-36,在宅療養支援,在支
R7,23,愛知県,2312,東三河南部,R7-2312-37,在宅療養支援,在支
R7,23,愛知県,2312,東三河南部,R7-2312-44,二次救急,二次
R7,23,愛知県,2312,東三河南部,R7-2312-44,在宅療養支援,在支
R7,23,愛知県,2312,東三河南部,R7-2312-45,二次救急,二次
R7,23,愛知県,2312,東三河南部,R7-2312-45,在宅療養支援,在支
R7,23,愛知県,2312,東三河南部,R7-2312-52,在宅療養支援,在支
R7,23,愛知県,2313,名古屋・尾張中部,R7-2313-14,特定機能,特
R7,23,愛知県,2313,名古屋・尾張中部,R7-2313-14,二次救急,二次
R7,23,愛知県,2313,名古屋・尾張中部,R7-2313-15,地域支援,地
R7,23,愛知県,2313,名古屋・尾張中部,R7-2313-15,三次救急,三次
R7,23,愛知県,2313,名古屋・尾張中部,R7-2313-16,地域支援,地
R7,23,愛知県,2313,名古屋・尾張中部,R7-2313-16,三次救急,三次
R7,23,愛知県,2313,名古屋・尾張中部,R7-2313-16,二次救急,二次
R7,23,愛知県,2313,名古屋・尾張中部,R7-2313-17,特定機能,特
R7,23,愛知県,2313,名古屋・尾張中部,R7-2313-17,三次救急,三次
R7,23,愛知県,2313,名古屋・尾張中部,R7-2313-18,地域支援,地
R7,23,愛知県,2313,名古屋・尾張中部,R7-2313-18,三次救急,三次
R7,23,愛知県,2313,名古屋・尾張中部,R7-2313-18,二次救急,二次
R7,23,愛知県,2313,名古屋・尾張中部,R7-2313-19,地域支援,地
R7,23,愛知県,2313,名古屋・尾張中部,R7-2313-19,三次救急,三次
R7,23,愛知県,2313,名古屋・尾張中部,R7-2313-20,地域支援,地
R7,23,愛知県,2313,名古屋・尾張中部,R7-2313-20,三次救急,三次
R7,23,愛知県,2313,名古屋・尾張中部,R7-2313-20,二次救急,二次
R7,23,愛知県,2313,名古屋・尾張中部,R7-2313-21,地域支援,地
R7,23,愛知県,2313,名古屋・尾張中部,R7-2313-21,二次救急,二次
R7,23,愛知県,2313,名古屋・尾張中部,R7-2313-22,特定機能,特
R7,23,愛知県,2313,名古屋・尾張中部,R7-2313-23,地域支援,地
R7,23,愛知県,2313,名古屋・尾張中部,R7-2313-23,二次救急,二次
R7,23,愛知県,2313,名古屋・尾張中部,R7-2313-24,地域支援,地
R7,23,愛知県,2313,名古屋・尾張中部,R7-2313-24,三次救急,三次
R7,23,愛知県,2313,名古屋・尾張中部,R7-2313-25,二次救急,二次
R7,23,愛知県,2313,名古屋・尾張中部,R7-2313-26,地域支援,地
R7,23,愛知県,2313,名古屋・尾張中部,R7-2313-26,二次救急,二次
R7,23,愛知県,2313,名古屋・尾張中部,R7-2313-27,地域支援,地
R7,23,愛知県,2313,名古屋・尾張中部,R7-2313-27,二次救急,二次
R7,23,愛知県,2313,名古屋・尾張中部,R7-2313-28,二次救急,二次
R7,23,愛知県,2313,名古屋・尾張中部,R7-2313-29,地域支援,地
R7,23,愛知県,2313,名古屋・尾張中部,R7-2313-29,二次救急,二次
R7,23,愛知県,2313,名古屋・尾張中部,R7-2313-30,二次救急,二次
R7,23,愛知県,2313,名古屋・尾張中部,R7-2313-31,二次救急,二次
R7,23,愛知県,2313,名古屋・尾張中部,R7-2313-32,地域支援,地
R7,23,愛知県,2313,名古屋・尾張中部,R7-2313-32,二次救急,二次
R7,23,愛知県,2313,名古屋・尾張中部,R7-2313-33,二次救急,二次
R7,23,愛知県,2313,名古屋・尾張中部,R7-2313-35,二次救急,二次
R7,23,愛知県,2313,名古屋・尾張中部,R7-2313-36,二次救急,二次
R7,23,愛知県,2313,名古屋・尾張中部,R7-2313-39,二次救急,二次
R7,23,愛知県,2313,名古屋・尾張中部,R7-2313-41,二次救急,二次
R7,23,愛知県,2313,名古屋・尾張中部,R7-2313-42,二次救急,二次
R7,23,愛知県,2313,名古屋・尾張中部,R7-2313-43,二次救急,二次
R7,23,愛知県,2313,名古屋・尾張中部,R7-2313-46,二次救急,二次
R7,23,愛知県,2313,名古屋・尾張中部,R7-2313-46,在宅療養支援,在支
R7,23,愛知県,2313,名古屋・尾張中部,R7-2313-47,二次救急,二次
R7,23,愛知県,2313,名古屋・尾張中部,R7-2313-47,在宅療養支援,在支
R7,23,愛知県,2313,名古屋・尾張中部,R7-2313-49,在宅療養支援,在支
R7,23,愛知県,2313,名古屋・尾張中部,R7-2313-50,二次救急,二次
R7,23,愛知県,2313,名古屋・尾張中部,R7-2313-51,二次救急,二次
R7,23,愛知県,2313,名古屋・尾張中部,R7-2313-51,在宅療養支援,在支
R7,23,愛知県,2313,名古屋・尾張中部,R7-2313-52,二次救急,二次
R7,23,愛知県,2313,名古屋・尾張中部,R7-2313-52,在宅療養支援,在支
R7,23,愛知県,2313,名古屋・尾張中部,R7-2313-53,二次救急,二次
R7,23,愛知県,2313,名古屋・尾張中部,R7-2313-55,二次救急,二次
R7,23,愛知県,2313,名古屋・尾張中部,R7-2313-55,在宅療養支援,在支
R7,23,愛知県,2313,名古屋・尾張中部,R7-2313-57,在宅療養支援,在支
R7,23,愛知県,2313,名古屋・尾張中部,R7-2313-58,二次救急,二次
R7,23,愛知県,2313,名古屋・尾張中部,R7-2313-58,在宅療養支援,在支
R7,23,愛知県,2313,名古屋・尾張中部,R7-2313-59,二次救急,二次
R7,23,愛知県,2313,名古屋・尾張中部,R7-2313-59,在宅療養支援,在支
R7,23,愛知県,2313,名古屋・尾張中部,R7-2313-60,在宅療養支援,在支
R7,23,愛知県,2313,名古屋・尾張中部,R7-2313-61,二次救急,二次
R7,23,愛知県,2313,名古屋・尾張中部,R7-2313-61,在宅療養支援,在支
R7,23,愛知県,2313,名古屋・尾張中部,R7-2313-62,二次救急,二次
R7,23,愛知県,2313,名古屋・尾張中部,R7-2313-62,在宅療養支援,在支
R7,23,愛知県,2313,名古屋・尾張中部,R7-2313-63,在宅療養支援,在支
R7,23,愛知県,2313,名古屋・尾張中部,R7-2313-64,二次救急,二次
R7,23,愛知県,2313,名古屋・尾張中部,R7-2313-64,在宅療養支援,在支
R7,23,愛知県,2313,名古屋・尾張中部,R7-2313-65,二次救急,二次
R7,23,愛知県,2313,名古屋・尾張中部,R7-2313-65,在宅療養支援,在支
R7,23,愛知県,2313,名古屋・尾張中部,R7-2313-66,二次救急,二次
R7,23,愛知県,2313,名古屋・尾張中部,R7-2313-67,在宅療養支援,在支
R7,23,愛知県,2313,名古屋・尾張中部,R7-2313-68,二次救急,二次
R7,23,愛知県,2313,名古屋・尾張中部,R7-2313-68,在宅療養支援,在支
R7,23,愛知県,2313,名古屋・尾張中部,R7-2313-74,二次救急,二次
R7,23,愛知県,2313,名古屋・尾張中部,R7-2313-77,二次救急,二次
R7,23,愛知県,2313,名古屋・尾張中部,R7-2313-77,在宅療養支援,在支
R7,23,愛知県,2313,名古屋・尾張中部,R7-2313-78,二次救急,二次
R7,23,愛知県,2313,名古屋・尾張中部,R7-2313-81,在宅療養支援,在支
R7,23,愛知県,2313,名古屋・尾張中部,R7-2313-83,二次救急,二次
R7,23,愛知県,2313,名古屋・尾張中部,R7-2313-85,二次救急,二次
R7,23,愛知県,2313,名古屋・尾張中部,R7-2313-85,在宅療養支援,在支
R7,23,愛知県,2313,名古屋・尾張中部,R7-2313-88,二次救急,二次
R7,23,愛知県,2313,名古屋・尾張中部,R7-2313-88,在宅療養支援,在支
R7,23,愛知県,2313,名古屋・尾張中部,R7-2313-92,在宅療養支援,在支
R7,23,愛知県,2313,名古屋・尾張中部,R7-2313-94,二次救急,二次
R7,23,愛知県,2313,名古屋・尾張中部,R7-2313-94,在宅療養支援,在支
R7,23,愛知県,2313,名古屋・尾張中部,R7-2313-96,二次救急,二次
R7,23,愛知県,2313,名古屋・尾張中部,R7-2313-96,在宅療養支援,在支
R7,23,愛知県,2313,名古屋・尾張中部,R7-2313-97,在宅療養支援,在支
R7,23,愛知県,2313,名古屋・尾張中部,R7-2313-98,二次救急,二次
R7,23,愛知県,2313,名古屋・尾張中部,R7-2313-98,在宅療養支援,在支
R7,23,愛知県,2313,名古屋・尾張中部,R7-2313-99,二次救急,二次
R7,23,愛知県,2313,名古屋・尾張中部,R7-2313-99,在宅療養支援,在支
R7,23,愛知県,2313,名古屋・尾張中部,R7-2313-100,在宅療養支援,在支
R7,23,愛知県,2313,名古屋・尾張中部,R7-2313-102,二次救急,二次
R7,23,愛知県,2313,名古屋・尾張中部,R7-2313-102,在宅療養支援,在支
R7,23,愛知県,2313,名古屋・尾張中部,R7-2313-104,在宅療養支援,在支
R7,23,愛知県,2313,名古屋・尾張中部,R7-2313-105,二次救急,二次
R7,23,愛知県,2313,名古屋・尾張中部,R7-2313-106,二次救急,二次
R7,23,愛知県,2313,名古屋・尾張中部,R7-2313-107,二次救急,二次
R7,23,愛知県,2313,名古屋・尾張中部,R7-2313-110,二次救急,二次
R7,23,愛知県,2313,名古屋・尾張中部,R7-2313-110,在宅療養支援,在支
R7,23,愛知県,2313,名古屋・尾張中部,R7-2313-111,在宅療養支援,在支
R7,23,愛知県,2313,名古屋・尾張中部,R7-2313-113,二次救急,二次
R7,23,愛知県,2313,名古屋・尾張中部,R7-2313-113,在宅療養支援,在支
R7,23,愛知県,2313,名古屋・尾張中部,R7-2313-115,在宅療養支援,在支
R7,23,愛知県,2313,名古屋・尾張中部,R7-2313-119,在宅療養支援,在支
R7,23,愛知県,2313,名古屋・尾張中部,R7-2313-121,在宅療養支援,在支
R7,23,愛知県,2313,名古屋・尾張中部,R7-2313-128,在宅療養支援,在支
R7,23,愛知県,2313,名古屋・尾張中部,R7-2313-131,在宅療養支援,在支
R7,23,愛知県,2313,名古屋・尾張中部,R7-2313-141,在宅療養支援,在支
R7,23,愛知県,2313,名古屋・尾張中部,R7-2313-142,在宅療養支援,在支
R7,23,愛知県,2313,名古屋・尾張中部,R7-2313-170,在宅療養支援,在支
R7,23,愛知県,2313,名古屋・尾張中部,R7-2313-171,在宅療養支援,在支
R7,23,愛知県,2313,名古屋・尾張中部,R7-2313-172,在宅療養支援,在支
R7,23,愛知県,2313,名古屋・尾張中部,R7-2313-182,在宅療養支援,在支
R7,23,愛知県,2313,名古屋・尾張中部,R7-2313-187,在宅療養支援,在支
R7,24,三重県,2405,桑員,R7-2405-14,地域支援,地
R7,24,三重県,2405,桑員,R7-2405-14,二次救急,二次
R7,24,三重県,2405,桑員,R7-2405-15,二次救急,二次
R7,24,三重県,2405,桑員,R7-2405-16,二次救急,二次
R7,24,三重県,2405,桑員,R7-2405-16,在宅療養支援,在支
R7,24,三重県,2405,桑員,R7-2405-17,在宅療養支援,在支
R7,24,三重県,2405,桑員,R7-2405-18,在宅療養支援,在支
R7,24,三重県,2405,桑員,R7-2405-19,二次救急,二次
R7,24,三重県,2405,桑員,R7-2405-19,在宅療養支援,在支
R7,24,三重県,2405,桑員,R7-2405-20,二次救急,二次
R7,24,三重県,2405,桑員,R7-2405-20,在宅療養支援,在支
R7,24,三重県,2405,桑員,R7-2405-21,在宅療養支援,在支
R7,24,三重県,2405,桑員,R7-2405-24,在宅療養支援,在支
R7,24,三重県,2405,桑員,R7-2405-30,在宅療養支援,在支
R7,24,三重県,2406,三泗,R7-2406-14,地域支援,地
R7,24,三重県,2406,三泗,R7-2406-14,三次救急,三次
R7,24,三重県,2406,三泗,R7-2406-14,二次救急,二次
R7,24,三重県,2406,三泗,R7-2406-15,地域支援,地
R7,24,三重県,2406,三泗,R7-2406-15,三次救急,三次
R7,24,三重県,2406,三泗,R7-2406-15,二次救急,二次
R7,24,三重県,2406,三泗,R7-2406-17,二次救急,二次
R7,24,三重県,2406,三泗,R7-2406-19,地域支援,地
R7,24,三重県,2406,三泗,R7-2406-19,二次救急,二次
R7,24,三重県,2406,三泗,R7-2406-21,在宅療養支援,在支
R7,24,三重県,2406,三泗,R7-2406-22,在宅療養支援,在支
R7,24,三重県,2406,三泗,R7-2406-29,在宅療養支援,在支
R7,24,三重県,2407,鈴亀,R7-2407-14,地域支援,地
R7,24,三重県,2407,鈴亀,R7-2407-14,二次救急,二次
R7,24,三重県,2407,鈴亀,R7-2407-15,地域支援,地
R7,24,三重県,2407,鈴亀,R7-2407-15,二次救急,二次
R7,24,三重県,2407,鈴亀,R7-2407-18,二次救急,二次
R7,24,三重県,2407,鈴亀,R7-2407-22,在宅療養支援,在支
R7,24,三重県,2407,鈴亀,R7-2407-24,在宅療養支援,在支
R7,24,三重県,2407,鈴亀,R7-2407-28,在宅療養支援,在支
R7,24,三重県,2407,鈴亀,R7-2407-31,在宅療養支援,在支
R7,24,三重県,2407,鈴亀,R7-2407-32,在宅療養支援,在支
R7,24,三重県,2408,津,R7-2408-14,特定機能,特
R7,24,三重県,2408,津,R7-2408-14,三次救急,三次
R7,24,三重県,2408,津,R7-2408-14,二次救急,二次
R7,24,三重県,2408,津,R7-2408-15,地域支援,地
R7,24,三重県,2408,津,R7-2408-15,二次救急,二次
R7,24,三重県,2408,津,R7-2408-19,二次救急,二次
R7,24,三重県,2408,津,R7-2408-22,二次救急,二次
R7,24,三重県,2408,津,R7-2408-23,二次救急,二次
R7,24,三重県,2408,津,R7-2408-24,二次救急,二次
R7,24,三重県,2408,津,R7-2408-24,在宅療養支援,在支
R7,24,三重県,2408,津,R7-2408-26,二次救急,二次
R7,24,三重県,2408,津,R7-2408-26,在宅療養支援,在支
R7,24,三重県,2408,津,R7-2408-28,二次救急,二次
R7,24,三重県,2408,津,R7-2408-29,在宅療養支援,在支
R7,24,三重県,2408,津,R7-2408-32,在宅療養支援,在支
R7,24,三重県,2408,津,R7-2408-34,在宅療養支援,在支
R7,24,三重県,2409,伊賀,R7-2409-14,地域支援,地
R7,24,三重県,2409,伊賀,R7-2409-14,二次救急,二次
R7,24,三重県,2409,伊賀,R7-2409-15,地域支援,地
R7,24,三重県,2409,伊賀,R7-2409-15,二次救急,二次
R7,24,三重県,2409,伊賀,R7-2409-16,地域支援,地
R7,24,三重県,2409,伊賀,R7-2409-16,二次救急,二次
R7,24,三重県,2409,伊賀,R7-2409-17,在宅療養支援,在支
R7,24,三重県,2410,松阪,R7-2410-14,地域支援,地
R7,24,三重県,2410,松阪,R7-2410-14,三次救急,三次
R7,24,三重県,2410,松阪,R7-2410-14,二次救急,二次
R7,24,三重県,2410,松阪,R7-2410-15,地域支援,地
R7,24,三重県,2410,松阪,R7-2410-15,二次救急,二次
R7,24,三重県,2410,松阪,R7-2410-16,地域支援,地
R7,24,三重県,2410,松阪,R7-2410-16,二次救急,二次
R7,24,三重県,2410,松阪,R7-2410-21,在宅療養支援,在支
R7,24,三重県,2410,松阪,R7-2410-31,在宅療養支援,在支
R7,24,三重県,2411,伊勢志摩,R7-2411-14,地域支援,地
R7,24,三重県,2411,伊勢志摩,R7-2411-14,三次救急,三次
R7,24,三重県,2411,伊勢志摩,R7-2411-14,二次救急,二次
R7,24,三重県,2411,伊勢志摩,R7-2411-15,地域支援,地
R7,24,三重県,2411,伊勢志摩,R7-2411-15,二次救急,二次
R7,24,三重県,2411,伊勢志摩,R7-2411-16,地域支援,地
R7,24,三重県,2411,伊勢志摩,R7-2411-16,二次救急,二次
R7,24,三重県,2411,伊勢志摩,R7-2411-17,在宅療養支援,在支
R7,24,三重県,2411,伊勢志摩,R7-2411-18,在宅療養支援,在支
R7,24,三重県,2411,伊勢志摩,R7-2411-19,在宅療養支援,在支
R7,24,三重県,2411,伊勢志摩,R7-2411-21,在宅療養支援,在支
R7,24,三重県,2411,伊勢志摩,R7-2411-22,在宅療養支援,在支
R7,24,三重県,2411,伊勢志摩,R7-2411-26,在宅療養支援,在支
R7,24,三重県,2411,伊勢志摩,R7-2411-29,在宅療養支援,在支
R7,24,三重県,2412,東紀州,R7-2412-14,地域支援,地
R7,24,三重県,2412,東紀州,R7-2412-14,二次救急,二次
R7,24,三重県,2412,東紀州,R7-2412-15,二次救急,二次
R7,25,滋賀県,2501,大津,R7-2501-14,地域支援,地
R7,25,滋賀県,2501,大津,R7-2501-14,三次救急,三次
R7,25,滋賀県,2501,大津,R7-2501-14,二次救急,二次
R7,25,滋賀県,2501,大津,R7-2501-15,特定機能,特
R7,25,滋賀県,2501,大津,R7-2501-15,二次救急,二次
R7,25,滋賀県,2501,大津,R7-2501-16,地域支援,地
R7,25,滋賀県,2501,大津,R7-2501-16,二次救急,二次
R7,25,滋賀県,2501,大津,R7-2501-17,二次救急,二次
R7,25,滋賀県,2501,大津,R7-2501-18,二次救急,二次
R7,25,滋賀県,2501,大津,R7-2501-18,在宅療養支援,在支
R7,25,滋賀県,2501,大津,R7-2501-20,在宅療養支援,在支
R7,25,滋賀県,2501,大津,R7-2501-22,二次救急,二次
R7,25,滋賀県,2501,大津,R7-2501-22,在宅療養支援,在支
R7,25,滋賀県,2501,大津,R7-2501-29,在宅療養支援,在支
R7,25,滋賀県,2502,湖南,R7-2502-14,地域支援,地
R7,25,滋賀県,2502,湖南,R7-2502-14,二次救急,二次
R7,25,滋賀県,2502,湖南,R7-2502-15,地域支援,地
R7,25,滋賀県,2502,湖南,R7-2502-15,二次救急,二次
R7,25,滋賀県,2502,湖南,R7-2502-16,地域支援,地
R7,25,滋賀県,2502,湖南,R7-2502-16,三次救急,三次
R7,25,滋賀県,2502,湖南,R7-2502-16,二次救急,二次
R7,25,滋賀県,2502,湖南,R7-2502-17,二次救急,二次
R7,25,滋賀県,2502,湖南,R7-2502-17,在宅療養支援,在支
R7,25,滋賀県,2502,湖南,R7-2502-18,二次救急,二次
R7,25,滋賀県,2502,湖南,R7-2502-18,在宅療養支援,在支
R7,25,滋賀県,2502,湖南,R7-2502-19,二次救急,二次
R7,25,滋賀県,2502,湖南,R7-2502-19,在宅療養支援,在支
R7,25,滋賀県,2502,湖南,R7-2502-20,在宅療養支援,在支
R7,25,滋賀県,2502,湖南,R7-2502-22,在宅療養支援,在支
R7,25,滋賀県,2502,湖南,R7-2502-32,在宅療養支援,在支
R7,25,滋賀県,2503,甲賀,R7-2503-14,地域支援,地
R7,25,滋賀県,2503,甲賀,R7-2503-14,二次救急,二次
R7,25,滋賀県,2503,甲賀,R7-2503-15,二次救急,二次
R7,25,滋賀県,2503,甲賀,R7-2503-15,在宅療養支援,在支
R7,25,滋賀県,2503,甲賀,R7-2503-17,二次救急,二次
R7,25,滋賀県,2503,甲賀,R7-2503-19,二次救急,二次
R7,25,滋賀県,2503,甲賀,R7-2503-19,在宅療養支援,在支
R7,25,滋賀県,2504,東近江,R7-2504-14,地域支援,地
R7,25,滋賀県,2504,東近江,R7-2504-14,三次救急,三次
R7,25,滋賀県,2504,東近江,R7-2504-14,二次救急,二次
R7,25,滋賀県,2504,東近江,R7-2504-16,地域支援,地
R7,25,滋賀県,2504,東近江,R7-2504-16,二次救急,二次
R7,25,滋賀県,2504,東近江,R7-2504-18,在宅療養支援,在支
R7,25,滋賀県,2504,東近江,R7-2504-19,二次救急,二次
R7,25,滋賀県,2504,東近江,R7-2504-19,在宅療養支援,在支
R7,25,滋賀県,2504,東近江,R7-2504-20,二次救急,二次
R7,25,滋賀県,2504,東近江,R7-2504-20,在宅療養支援,在支
R7,25,滋賀県,2504,東近江,R7-2504-21,二次救急,二次
R7,25,滋賀県,2504,東近江,R7-2504-21,在宅療養支援,在支
R7,25,滋賀県,2504,東近江,R7-2504-22,二次救急,二次
R7,25,滋賀県,2504,東近江,R7-2504-27,在宅療養支援,在支
R7,25,滋賀県,2505,湖東,R7-2505-14,地域支援,地
R7,25,滋賀県,2505,湖東,R7-2505-14,二次救急,二次
R7,25,滋賀県,2505,湖東,R7-2505-15,二次救急,二次
R7,25,滋賀県,2505,湖東,R7-2505-16,二次救急,二次
R7,25,滋賀県,2505,湖東,R7-2505-17,二次救急,二次
R7,25,滋賀県,2505,湖東,R7-2505-17,在宅療養支援,在支
R7,25,滋賀県,2506,湖北,R7-2506-14,地域支援,地
R7,25,滋賀県,2506,湖北,R7-2506-14,二次救急,二次
R7,25,滋賀県,2506,湖北,R7-2506-15,地域支援,地
R7,25,滋賀県,2506,湖北,R7-2506-15,三次救急,三次
R7,25,滋賀県,2506,湖北,R7-2506-15,二次救急,二次
R7,25,滋賀県,2506,湖北,R7-2506-16,二次救急,二次
R7,25,滋賀県,2506,湖北,R7-2506-16,在宅療養支援,在支
R7,25,滋賀県,2507,湖西,R7-2507-14,地域支援,地
R7,25,滋賀県,2507,湖西,R7-2507-14,二次救急,二次
R7,25,滋賀県,2507,湖西,R7-2507-15,二次救急,二次
R7,25,滋賀県,2507,湖西,R7-2507-15,在宅療養支援,在支
R7,25,滋賀県,2507,湖西,R7-2507-16,在宅療養支援,在支
R7,26,京都府,2601,丹後,R7-2601-14,二次救急,二次
R7,26,京都府,2601,丹後,R7-2601-15,地域支援,地
R7,26,京都府,2601,丹後,R7-2601-15,二次救急,二次
R7,26,京都府,2601,丹後,R7-2601-16,二次救急,二次
R7,26,京都府,2601,丹後,R7-2601-16,在宅療養支援,在支
R7,26,京都府,2601,丹後,R7-2601-18,二次救急,二次
R7,26,京都府,2601,丹後,R7-2601-18,在宅療養支援,在支
R7,26,京都府,2601,丹後,R7-2601-22,在宅療養支援,在支
R7,26,京都府,2602,中丹,R7-2602-14,地域支援,地
R7,26,京都府,2602,中丹,R7-2602-14,三次救急,三次
R7,26,京都府,2602,中丹,R7-2602-14,二次救急,二次
R7,26,京都府,2602,中丹,R7-2602-15,地域支援,地
R7,26,京都府,2602,中丹,R7-2602-15,二次救急,二次
R7,26,京都府,2602,中丹,R7-2602-16,地域支援,地
R7,26,京都府,2602,中丹,R7-2602-16,二次救急,二次
R7,26,京都府,2602,中丹,R7-2602-17,二次救急,二次
R7,26,京都府,2602,中丹,R7-2602-18,二次救急,二次
R7,26,京都府,2602,中丹,R7-2602-18,在宅療養支援,在支
R7,26,京都府,2602,中丹,R7-2602-19,二次救急,二次
R7,26,京都府,2602,中丹,R7-2602-21,在宅療養支援,在支
R7,26,京都府,2602,中丹,R7-2602-23,二次救急,二次
R7,26,京都府,2602,中丹,R7-2602-24,二次救急,二次
R7,26,京都府,2602,中丹,R7-2602-24,在宅療養支援,在支
R7,26,京都府,2603,南丹,R7-2603-14,地域支援,地
R7,26,京都府,2603,南丹,R7-2603-14,二次救急,二次
R7,26,京都府,2603,南丹,R7-2603-15,二次救急,二次
R7,26,京都府,2603,南丹,R7-2603-17,在宅療養支援,在支
R7,26,京都府,2603,南丹,R7-2603-18,在宅療養支援,在支
R7,26,京都府,2603,南丹,R7-2603-19,二次救急,二次
R7,26,京都府,2603,南丹,R7-2603-20,二次救急,二次
R7,26,京都府,2603,南丹,R7-2603-20,在宅療養支援,在支
R7,26,京都府,2603,南丹,R7-2603-22,二次救急,二次
R7,26,京都府,2603,南丹,R7-2603-22,在宅療養支援,在支
R7,26,京都府,2603,南丹,R7-2603-25,在宅療養支援,在支
R7,26,京都府,2604,京都・乙訓,R7-2604-14,特定機能,特
R7,26,京都府,2604,京都・乙訓,R7-2604-14,三次救急,三次
R7,26,京都府,2604,京都・乙訓,R7-2604-14,二次救急,二次
R7,26,京都府,2604,京都・乙訓,R7-2604-15,特定機能,特
R7,26,京都府,2604,京都・乙訓,R7-2604-15,三次救急,三次
R7,26,京都府,2604,京都・乙訓,R7-2604-15,二次救急,二次
R7,26,京都府,2604,京都・乙訓,R7-2604-16,地域支援,地
R7,26,京都府,2604,京都・乙訓,R7-2604-16,三次救急,三次
R7,26,京都府,2604,京都・乙訓,R7-2604-17,地域支援,地
R7,26,京都府,2604,京都・乙訓,R7-2604-17,三次救急,三次
R7,26,京都府,2604,京都・乙訓,R7-2604-18,地域支援,地
R7,26,京都府,2604,京都・乙訓,R7-2604-18,三次救急,三次
R7,26,京都府,2604,京都・乙訓,R7-2604-18,二次救急,二次
R7,26,京都府,2604,京都・乙訓,R7-2604-19,地域支援,地
R7,26,京都府,2604,京都・乙訓,R7-2604-19,二次救急,二次
R7,26,京都府,2604,京都・乙訓,R7-2604-20,地域支援,地
R7,26,京都府,2604,京都・乙訓,R7-2604-20,二次救急,二次
R7,26,京都府,2604,京都・乙訓,R7-2604-21,地域支援,地
R7,26,京都府,2604,京都・乙訓,R7-2604-21,二次救急,二次
R7,26,京都府,2604,京都・乙訓,R7-2604-22,地域支援,地
R7,26,京都府,2604,京都・乙訓,R7-2604-22,三次救急,三次
R7,26,京都府,2604,京都・乙訓,R7-2604-22,二次救急,二次
R7,26,京都府,2604,京都・乙訓,R7-2604-23,二次救急,二次
R7,26,京都府,2604,京都・乙訓,R7-2604-24,地域支援,地
R7,26,京都府,2604,京都・乙訓,R7-2604-24,二次救急,二次
R7,26,京都府,2604,京都・乙訓,R7-2604-25,二次救急,二次
R7,26,京都府,2604,京都・乙訓,R7-2604-26,二次救急,二次
R7,26,京都府,2604,京都・乙訓,R7-2604-27,二次救急,二次
R7,26,京都府,2604,京都・乙訓,R7-2604-28,二次救急,二次
R7,26,京都府,2604,京都・乙訓,R7-2604-30,地域支援,地
R7,26,京都府,2604,京都・乙訓,R7-2604-30,二次救急,二次
R7,26,京都府,2604,京都・乙訓,R7-2604-31,二次救急,二次
R7,26,京都府,2604,京都・乙訓,R7-2604-32,二次救急,二次
R7,26,京都府,2604,京都・乙訓,R7-2604-33,二次救急,二次
R7,26,京都府,2604,京都・乙訓,R7-2604-33,在宅療養支援,在支
R7,26,京都府,2604,京都・乙訓,R7-2604-35,二次救急,二次
R7,26,京都府,2604,京都・乙訓,R7-2604-36,二次救急,二次
R7,26,京都府,2604,京都・乙訓,R7-2604-37,二次救急,二次
R7,26,京都府,2604,京都・乙訓,R7-2604-38,二次救急,二次
R7,26,京都府,2604,京都・乙訓,R7-2604-39,二次救急,二次
R7,26,京都府,2604,京都・乙訓,R7-2604-40,二次救急,二次
R7,26,京都府,2604,京都・乙訓,R7-2604-41,二次救急,二次
R7,26,京都府,2604,京都・乙訓,R7-2604-42,二次救急,二次
R7,26,京都府,2604,京都・乙訓,R7-2604-42,在宅療養支援,在支
R7,26,京都府,2604,京都・乙訓,R7-2604-43,在宅療養支援,在支
R7,26,京都府,2604,京都・乙訓,R7-2604-44,二次救急,二次
R7,26,京都府,2604,京都・乙訓,R7-2604-44,在宅療養支援,在支
R7,26,京都府,2604,京都・乙訓,R7-2604-45,二次救急,二次
R7,26,京都府,2604,京都・乙訓,R7-2604-46,二次救急,二次
R7,26,京都府,2604,京都・乙訓,R7-2604-47,二次救急,二次
R7,26,京都府,2604,京都・乙訓,R7-2604-47,在宅療養支援,在支
R7,26,京都府,2604,京都・乙訓,R7-2604-48,二次救急,二次
R7,26,京都府,2604,京都・乙訓,R7-2604-48,在宅療養支援,在支
R7,26,京都府,2604,京都・乙訓,R7-2604-49,二次救急,二次
R7,26,京都府,2604,京都・乙訓,R7-2604-49,在宅療養支援,在支
R7,26,京都府,2604,京都・乙訓,R7-2604-50,二次救急,二次
R7,26,京都府,2604,京都・乙訓,R7-2604-50,在宅療養支援,在支
R7,26,京都府,2604,京都・乙訓,R7-2604-51,二次救急,二次
R7,26,京都府,2604,京都・乙訓,R7-2604-51,在宅療養支援,在支
R7,26,京都府,2604,京都・乙訓,R7-2604-52,二次救急,二次
R7,26,京都府,2604,京都・乙訓,R7-2604-52,在宅療養支援,在支
R7,26,京都府,2604,京都・乙訓,R7-2604-53,二次救急,二次
R7,26,京都府,2604,京都・乙訓,R7-2604-53,在宅療養支援,在支
R7,26,京都府,2604,京都・乙訓,R7-2604-54,二次救急,二次
R7,26,京都府,2604,京都・乙訓,R7-2604-55,二次救急,二次
R7,26,京都府,2604,京都・乙訓,R7-2604-55,在宅療養支援,在支
R7,26,京都府,2604,京都・乙訓,R7-2604-56,二次救急,二次
R7,26,京都府,2604,京都・乙訓,R7-2604-56,在宅療養支援,在支
R7,26,京都府,2604,京都・乙訓,R7-2604-58,二次救急,二次
R7,26,京都府,2604,京都・乙訓,R7-2604-58,在宅療養支援,在支
R7,26,京都府,2604,京都・乙訓,R7-2604-59,二次救急,二次
R7,26,京都府,2604,京都・乙訓,R7-2604-59,在宅療養支援,在支
R7,26,京都府,2604,京都・乙訓,R7-2604-61,二次救急,二次
R7,26,京都府,2604,京都・乙訓,R7-2604-62,二次救急,二次
R7,26,京都府,2604,京都・乙訓,R7-2604-63,二次救急,二次
R7,26,京都府,2604,京都・乙訓,R7-2604-65,二次救急,二次
R7,26,京都府,2604,京都・乙訓,R7-2604-66,二次救急,二次
R7,26,京都府,2604,京都・乙訓,R7-2604-66,在宅療養支援,在支
R7,26,京都府,2604,京都・乙訓,R7-2604-67,二次救急,二次
R7,26,京都府,2604,京都・乙訓,R7-2604-68,二次救急,二次
R7,26,京都府,2604,京都・乙訓,R7-2604-69,二次救急,二次
R7,26,京都府,2604,京都・乙訓,R7-2604-69,在宅療養支援,在支
R7,26,京都府,2604,京都・乙訓,R7-2604-73,在宅療養支援,在支
R7,26,京都府,2604,京都・乙訓,R7-2604-74,二次救急,二次
R7,26,京都府,2604,京都・乙訓,R7-2604-76,二次救急,二次
R7,26,京都府,2604,京都・乙訓,R7-2604-77,在宅療養支援,在支
R7,26,京都府,2604,京都・乙訓,R7-2604-79,二次救急,二次
R7,26,京都府,2604,京都・乙訓,R7-2604-81,二次救急,二次
R7,26,京都府,2604,京都・乙訓,R7-2604-84,二次救急,二次
R7,26,京都府,2604,京都・乙訓,R7-2604-84,在宅療養支援,在支
R7,26,京都府,2604,京都・乙訓,R7-2604-85,二次救急,二次
R7,26,京都府,2604,京都・乙訓,R7-2604-87,在宅療養支援,在支
R7,26,京都府,2604,京都・乙訓,R7-2604-88,在宅療養支援,在支
R7,26,京都府,2604,京都・乙訓,R7-2604-89,在宅療養支援,在支
R7,26,京都府,2604,京都・乙訓,R7-2604-90,二次救急,二次
R7,26,京都府,2604,京都・乙訓,R7-2604-91,二次救急,二次
R7,26,京都府,2604,京都・乙訓,R7-2604-92,二次救急,二次
R7,26,京都府,2604,京都・乙訓,R7-2604-92,在宅療養支援,在支
R7,26,京都府,2604,京都・乙訓,R7-2604-93,二次救急,二次
R7,26,京都府,2604,京都・乙訓,R7-2604-93,在宅療養支援,在支
R7,26,京都府,2604,京都・乙訓,R7-2604-94,二次救急,二次
R7,26,京都府,2604,京都・乙訓,R7-2604-97,二次救急,二次
R7,26,京都府,2604,京都・乙訓,R7-2604-97,在宅療養支援,在支
R7,26,京都府,2604,京都・乙訓,R7-2604-98,二次救急,二次
R7,26,京都府,2604,京都・乙訓,R7-2604-98,在宅療養支援,在支
R7,26,京都府,2604,京都・乙訓,R7-2604-100,二次救急,二次
R7,26,京都府,2604,京都・乙訓,R7-2604-101,二次救急,二次
R7,26,京都府,2604,京都・乙訓,R7-2604-101,在宅療養支援,在支
R7,26,京都府,2604,京都・乙訓,R7-2604-122,在宅療養支援,在支
R7,26,京都府,2604,京都・乙訓,R7-2604-129,在宅療養支援,在支
R7,26,京都府,2604,京都・乙訓,R7-2604-130,在宅療養支援,在支
R7,26,京都府,2605,山城北,R7-2605-14,地域支援,地
R7,26,京都府,2605,山城北,R7-2605-14,三次救急,三次
R7,26,京都府,2605,山城北,R7-2605-14,二次救急,二次
R7,26,京都府,2605,山城北,R7-2605-15,地域支援,地
R7,26,京都府,2605,山城北,R7-2605-15,二次救急,二次
R7,26,京都府,2605,山城北,R7-2605-16,二次救急,二次
R7,26,京都府,2605,山城北,R7-2605-18,二次救急,二次
R7,26,京都府,2605,山城北,R7-2605-19,二次救急,二次
R7,26,京都府,2605,山城北,R7-2605-19,在宅療養支援,在支
R7,26,京都府,2605,山城北,R7-2605-20,二次救急,二次
R7,26,京都府,2605,山城北,R7-2605-21,二次救急,二次
R7,26,京都府,2605,山城北,R7-2605-21,在宅療養支援,在支
R7,26,京都府,2605,山城北,R7-2605-23,二次救急,二次
R7,26,京都府,2605,山城北,R7-2605-23,在宅療養支援,在支
R7,26,京都府,2605,山城北,R7-2605-25,二次救急,二次
R7,26,京都府,2605,山城北,R7-2605-25,在宅療養支援,在支
R7,26,京都府,2605,山城北,R7-2605-28,在宅療養支援,在支
R7,26,京都府,2605,山城北,R7-2605-31,在宅療養支援,在支
R7,26,京都府,2605,山城北,R7-2605-32,二次救急,二次
R7,26,京都府,2605,山城北,R7-2605-32,在宅療養支援,在支
R7,26,京都府,2605,山城北,R7-2605-34,二次救急,二次
R7,26,京都府,2605,山城北,R7-2605-34,在宅療養支援,在支
R7,26,京都府,2605,山城北,R7-2605-36,在宅療養支援,在支
R7,26,京都府,2606,山城南,R7-2606-14,地域支援,地
R7,26,京都府,2606,山城南,R7-2606-14,二次救急,二次
R7,26,京都府,2606,山城南,R7-2606-15,二次救急,二次
R7,26,京都府,2606,山城南,R7-2606-16,二次救急,二次
R7,26,京都府,2606,山城南,R7-2606-17,在宅療養支援,在支
R7,27,大阪府,2701,豊能,R7-2701-14,特定機能,特
R7,27,大阪府,2701,豊能,R7-2701-14,三次救急,三次
R7,27,大阪府,2701,豊能,R7-2701-15,特定機能,特
R7,27,大阪府,2701,豊能,R7-2701-15,二次救急,二次
R7,27,大阪府,2701,豊能,R7-2701-16,地域支援,地
R7,27,大阪府,2701,豊能,R7-2701-16,二次救急,二次
R7,27,大阪府,2701,豊能,R7-2701-17,地域支援,地
R7,27,大阪府,2701,豊能,R7-2701-17,二次救急,二次
R7,27,大阪府,2701,豊能,R7-2701-18,地域支援,地
R7,27,大阪府,2701,豊能,R7-2701-18,二次救急,二次
R7,27,大阪府,2701,豊能,R7-2701-19,二次救急,二次
R7,27,大阪府,2701,豊能,R7-2701-21,二次救急,二次
R7,27,大阪府,2701,豊能,R7-2701-22,地域支援,地
R7,27,大阪府,2701,豊能,R7-2701-22,二次救急,二次
R7,27,大阪府,2701,豊能,R7-2701-23,地域支援,地
R7,27,大阪府,2701,豊能,R7-2701-23,三次救急,三次
R7,27,大阪府,2701,豊能,R7-2701-23,二次救急,二次
R7,27,大阪府,2701,豊能,R7-2701-24,地域支援,地
R7,27,大阪府,2701,豊能,R7-2701-24,二次救急,二次
R7,27,大阪府,2701,豊能,R7-2701-25,二次救急,二次
R7,27,大阪府,2701,豊能,R7-2701-27,地域支援,地
R7,27,大阪府,2701,豊能,R7-2701-27,二次救急,二次
R7,27,大阪府,2701,豊能,R7-2701-30,二次救急,二次
R7,27,大阪府,2701,豊能,R7-2701-30,在宅療養支援,在支
R7,27,大阪府,2701,豊能,R7-2701-33,在宅療養支援,在支
R7,27,大阪府,2701,豊能,R7-2701-34,二次救急,二次
R7,27,大阪府,2701,豊能,R7-2701-34,在宅療養支援,在支
R7,27,大阪府,2701,豊能,R7-2701-35,二次救急,二次
R7,27,大阪府,2701,豊能,R7-2701-37,在宅療養支援,在支
R7,27,大阪府,2701,豊能,R7-2701-38,二次救急,二次
R7,27,大阪府,2701,豊能,R7-2701-40,在宅療養支援,在支
R7,27,大阪府,2701,豊能,R7-2701-41,在宅療養支援,在支
R7,27,大阪府,2701,豊能,R7-2701-42,在宅療養支援,在支
R7,27,大阪府,2701,豊能,R7-2701-43,二次救急,二次
R7,27,大阪府,2701,豊能,R7-2701-45,二次救急,二次
R7,27,大阪府,2701,豊能,R7-2701-45,在宅療養支援,在支
R7,27,大阪府,2701,豊能,R7-2701-47,二次救急,二次
R7,27,大阪府,2701,豊能,R7-2701-48,二次救急,二次
R7,27,大阪府,2701,豊能,R7-2701-49,二次救急,二次
R7,27,大阪府,2701,豊能,R7-2701-49,在宅療養支援,在支
R7,27,大阪府,2701,豊能,R7-2701-52,在宅療養支援,在支
R7,27,大阪府,2701,豊能,R7-2701-56,在宅療養支援,在支
R7,27,大阪府,2702,三島,R7-2702-14,特定機能,特
R7,27,大阪府,2702,三島,R7-2702-14,三次救急,三次
R7,27,大阪府,2702,三島,R7-2702-14,二次救急,二次
R7,27,大阪府,2702,三島,R7-2702-15,地域支援,地
R7,27,大阪府,2702,三島,R7-2702-15,二次救急,二次
R7,27,大阪府,2702,三島,R7-2702-16,二次救急,二次
R7,27,大阪府,2702,三島,R7-2702-17,二次救急,二次
R7,27,大阪府,2702,三島,R7-2702-18,地域支援,地
R7,27,大阪府,2702,三島,R7-2702-18,二次救急,二次
R7,27,大阪府,2702,三島,R7-2702-19,地域支援,地
R7,27,大阪府,2702,三島,R7-2702-19,二次救急,二次
R7,27,大阪府,2702,三島,R7-2702-21,地域支援,地
R7,27,大阪府,2702,三島,R7-2702-21,二次救急,二次
R7,27,大阪府,2702,三島,R7-2702-22,二次救急,二次
R7,27,大阪府,2702,三島,R7-2702-24,地域支援,地
R7,27,大阪府,2702,三島,R7-2702-24,二次救急,二次
R7,27,大阪府,2702,三島,R7-2702-26,地域支援,地
R7,27,大阪府,2702,三島,R7-2702-26,二次救急,二次
R7,27,大阪府,2702,三島,R7-2702-27,二次救急,二次
R7,27,大阪府,2702,三島,R7-2702-31,二次救急,二次
R7,27,大阪府,2702,三島,R7-2702-32,二次救急,二次
R7,27,大阪府,2702,三島,R7-2702-32,在宅療養支援,在支
R7,27,大阪府,2702,三島,R7-2702-33,二次救急,二次
R7,27,大阪府,2702,三島,R7-2702-33,在宅療養支援,在支
R7,27,大阪府,2702,三島,R7-2702-34,在宅療養支援,在支
R7,27,大阪府,2702,三島,R7-2702-38,二次救急,二次
R7,27,大阪府,2702,三島,R7-2702-39,在宅療養支援,在支
R7,27,大阪府,2702,三島,R7-2702-40,二次救急,二次
R7,27,大阪府,2702,三島,R7-2702-40,在宅療養支援,在支
R7,27,大阪府,2702,三島,R7-2702-41,二次救急,二次
R7,27,大阪府,2702,三島,R7-2702-42,二次救急,二次
R7,27,大阪府,2702,三島,R7-2702-43,二次救急,二次
R7,27,大阪府,2702,三島,R7-2702-48,在宅療養支援,在支
R7,27,大阪府,2703,北河内,R7-2703-14,特定機能,特
R7,27,大阪府,2703,北河内,R7-2703-14,三次救急,三次
R7,27,大阪府,2703,北河内,R7-2703-14,二次救急,二次
R7,27,大阪府,2703,北河内,R7-2703-15,地域支援,地
R7,27,大阪府,2703,北河内,R7-2703-15,二次救急,二次
R7,27,大阪府,2703,北河内,R7-2703-18,地域支援,地
R7,27,大阪府,2703,北河内,R7-2703-18,三次救急,三次
R7,27,大阪府,2703,北河内,R7-2703-18,二次救急,二次
R7,27,大阪府,2703,北河内,R7-2703-20,地域支援,地
R7,27,大阪府,2703,北河内,R7-2703-20,二次救急,二次
R7,27,大阪府,2703,北河内,R7-2703-21,地域支援,地
R7,27,大阪府,2703,北河内,R7-2703-21,二次救急,二次
R7,27,大阪府,2703,北河内,R7-2703-22,地域支援,地
R7,27,大阪府,2703,北河内,R7-2703-22,二次救急,二次
R7,27,大阪府,2703,北河内,R7-2703-23,二次救急,二次
R7,27,大阪府,2703,北河内,R7-2703-24,二次救急,二次
R7,27,大阪府,2703,北河内,R7-2703-25,二次救急,二次
R7,27,大阪府,2703,北河内,R7-2703-26,二次救急,二次
R7,27,大阪府,2703,北河内,R7-2703-27,二次救急,二次
R7,27,大阪府,2703,北河内,R7-2703-28,二次救急,二次
R7,27,大阪府,2703,北河内,R7-2703-28,在宅療養支援,在支
R7,27,大阪府,2703,北河内,R7-2703-29,二次救急,二次
R7,27,大阪府,2703,北河内,R7-2703-30,二次救急,二次
R7,27,大阪府,2703,北河内,R7-2703-31,二次救急,二次
R7,27,大阪府,2703,北河内,R7-2703-31,在宅療養支援,在支
R7,27,大阪府,2703,北河内,R7-2703-32,二次救急,二次
R7,27,大阪府,2703,北河内,R7-2703-33,二次救急,二次
R7,27,大阪府,2703,北河内,R7-2703-33,在宅療養支援,在支
R7,27,大阪府,2703,北河内,R7-2703-34,二次救急,二次
R7,27,大阪府,2703,北河内,R7-2703-35,二次救急,二次
R7,27,大阪府,2703,北河内,R7-2703-37,二次救急,二次
R7,27,大阪府,2703,北河内,R7-2703-37,在宅療養支援,在支
R7,27,大阪府,2703,北河内,R7-2703-38,二次救急,二次
R7,27,大阪府,2703,北河内,R7-2703-38,在宅療養支援,在支
R7,27,大阪府,2703,北河内,R7-2703-40,二次救急,二次
R7,27,大阪府,2703,北河内,R7-2703-40,在宅療養支援,在支
R7,27,大阪府,2703,北河内,R7-2703-41,二次救急,二次
R7,27,大阪府,2703,北河内,R7-2703-41,在宅療養支援,在支
R7,27,大阪府,2703,北河内,R7-2703-42,二次救急,二次
R7,27,大阪府,2703,北河内,R7-2703-42,在宅療養支援,在支
R7,27,大阪府,2703,北河内,R7-2703-43,二次救急,二次
R7,27,大阪府,2703,北河内,R7-2703-43,在宅療養支援,在支
R7,27,大阪府,2703,北河内,R7-2703-44,二次救急,二次
R7,27,大阪府,2703,北河内,R7-2703-45,二次救急,二次
R7,27,大阪府,2703,北河内,R7-2703-46,二次救急,二次
R7,27,大阪府,2703,北河内,R7-2703-47,二次救急,二次
R7,27,大阪府,2703,北河内,R7-2703-47,在宅療養支援,在支
R7,27,大阪府,2703,北河内,R7-2703-48,二次救急,二次
R7,27,大阪府,2703,北河内,R7-2703-48,在宅療養支援,在支
R7,27,大阪府,2703,北河内,R7-2703-49,二次救急,二次
R7,27,大阪府,2703,北河内,R7-2703-51,二次救急,二次
R7,27,大阪府,2703,北河内,R7-2703-52,二次救急,二次
R7,27,大阪府,2703,北河内,R7-2703-52,在宅療養支援,在支
R7,27,大阪府,2703,北河内,R7-2703-53,二次救急,二次
R7,27,大阪府,2703,北河内,R7-2703-53,在宅療養支援,在支
R7,27,大阪府,2703,北河内,R7-2703-54,二次救急,二次
R7,27,大阪府,2703,北河内,R7-2703-54,在宅療養支援,在支
R7,27,大阪府,2703,北河内,R7-2703-55,二次救急,二次
R7,27,大阪府,2703,北河内,R7-2703-55,在宅療養支援,在支
R7,27,大阪府,2703,北河内,R7-2703-56,二次救急,二次
R7,27,大阪府,2703,北河内,R7-2703-56,在宅療養支援,在支
R7,27,大阪府,2703,北河内,R7-2703-59,二次救急,二次
R7,27,大阪府,2703,北河内,R7-2703-59,在宅療養支援,在支
R7,27,大阪府,2703,北河内,R7-2703-61,在宅療養支援,在支
R7,27,大阪府,2703,北河内,R7-2703-63,在宅療養支援,在支
R7,27,大阪府,2703,北河内,R7-2703-64,在宅療養支援,在支
R7,27,大阪府,2703,北河内,R7-2703-66,二次救急,二次
R7,27,大阪府,2703,北河内,R7-2703-67,在宅療養支援,在支
R7,27,大阪府,2703,北河内,R7-2703-72,在宅療養支援,在支
R7,27,大阪府,2703,北河内,R7-2703-75,在宅療養支援,在支
R7,27,大阪府,2703,北河内,R7-2703-81,在宅療養支援,在支
R7,27,大阪府,2704,中河内,R7-2704-14,地域支援,地
R7,27,大阪府,2704,中河内,R7-2704-14,二次救急,二次
R7,27,大阪府,2704,中河内,R7-2704-15,地域支援,地
R7,27,大阪府,2704,中河内,R7-2704-15,二次救急,二次
R7,27,大阪府,2704,中河内,R7-2704-16,地域支援,地
R7,27,大阪府,2704,中河内,R7-2704-16,二次救急,二次
R7,27,大阪府,2704,中河内,R7-2704-17,二次救急,二次
R7,27,大阪府,2704,中河内,R7-2704-18,二次救急,二次
R7,27,大阪府,2704,中河内,R7-2704-19,二次救急,二次
R7,27,大阪府,2704,中河内,R7-2704-20,在宅療養支援,在支
R7,27,大阪府,2704,中河内,R7-2704-21,地域支援,地
R7,27,大阪府,2704,中河内,R7-2704-21,二次救急,二次
R7,27,大阪府,2704,中河内,R7-2704-22,二次救急,二次
R7,27,大阪府,2704,中河内,R7-2704-23,二次救急,二次
R7,27,大阪府,2704,中河内,R7-2704-25,二次救急,二次
R7,27,大阪府,2704,中河内,R7-2704-25,在宅療養支援,在支
R7,27,大阪府,2704,中河内,R7-2704-26,二次救急,二次
R7,27,大阪府,2704,中河内,R7-2704-27,二次救急,二次
R7,27,大阪府,2704,中河内,R7-2704-28,二次救急,二次
R7,27,大阪府,2704,中河内,R7-2704-28,在宅療養支援,在支
R7,27,大阪府,2704,中河内,R7-2704-30,二次救急,二次
R7,27,大阪府,2704,中河内,R7-2704-30,在宅療養支援,在支
R7,27,大阪府,2704,中河内,R7-2704-32,在宅療養支援,在支
R7,27,大阪府,2704,中河内,R7-2704-34,在宅療養支援,在支
R7,27,大阪府,2704,中河内,R7-2704-35,在宅療養支援,在支
R7,27,大阪府,2704,中河内,R7-2704-36,在宅療養支援,在支
R7,27,大阪府,2704,中河内,R7-2704-37,二次救急,二次
R7,27,大阪府,2704,中河内,R7-2704-37,在宅療養支援,在支
R7,27,大阪府,2704,中河内,R7-2704-38,二次救急,二次
R7,27,大阪府,2704,中河内,R7-2704-38,在宅療養支援,在支
R7,27,大阪府,2704,中河内,R7-2704-39,二次救急,二次
R7,27,大阪府,2704,中河内,R7-2704-39,在宅療養支援,在支
R7,27,大阪府,2704,中河内,R7-2704-44,三次救急,三次
R7,27,大阪府,2704,中河内,R7-2704-46,在宅療養支援,在支
R7,27,大阪府,2704,中河内,R7-2704-47,在宅療養支援,在支
R7,27,大阪府,2704,中河内,R7-2704-53,在宅療養支援,在支
R7,27,大阪府,2705,南河内,R7-2705-14,特定機能,特
R7,27,大阪府,2705,南河内,R7-2705-14,三次救急,三次
R7,27,大阪府,2705,南河内,R7-2705-14,二次救急,二次
R7,27,大阪府,2705,南河内,R7-2705-15,地域支援,地
R7,27,大阪府,2705,南河内,R7-2705-15,二次救急,二次
R7,27,大阪府,2705,南河内,R7-2705-16,二次救急,二次
R7,27,大阪府,2705,南河内,R7-2705-17,地域支援,地
R7,27,大阪府,2705,南河内,R7-2705-17,二次救急,二次
R7,27,大阪府,2705,南河内,R7-2705-19,地域支援,地
R7,27,大阪府,2705,南河内,R7-2705-19,二次救急,二次
R7,27,大阪府,2705,南河内,R7-2705-22,二次救急,二次
R7,27,大阪府,2705,南河内,R7-2705-23,二次救急,二次
R7,27,大阪府,2705,南河内,R7-2705-24,二次救急,二次
R7,27,大阪府,2705,南河内,R7-2705-24,在宅療養支援,在支
R7,27,大阪府,2705,南河内,R7-2705-25,二次救急,二次
R7,27,大阪府,2705,南河内,R7-2705-25,在宅療養支援,在支
R7,27,大阪府,2705,南河内,R7-2705-26,二次救急,二次
R7,27,大阪府,2705,南河内,R7-2705-26,在宅療養支援,在支
R7,27,大阪府,2705,南河内,R7-2705-27,二次救急,二次
R7,27,大阪府,2705,南河内,R7-2705-28,二次救急,二次
R7,27,大阪府,2705,南河内,R7-2705-29,二次救急,二次
R7,27,大阪府,2705,南河内,R7-2705-30,二次救急,二次
R7,27,大阪府,2705,南河内,R7-2705-32,在宅療養支援,在支
R7,27,大阪府,2705,南河内,R7-2705-33,二次救急,二次
R7,27,大阪府,2705,南河内,R7-2705-33,在宅療養支援,在支
R7,27,大阪府,2705,南河内,R7-2705-34,二次救急,二次
R7,27,大阪府,2705,南河内,R7-2705-34,在宅療養支援,在支
R7,27,大阪府,2705,南河内,R7-2705-35,在宅療養支援,在支
R7,27,大阪府,2705,南河内,R7-2705-36,二次救急,二次
R7,27,大阪府,2705,南河内,R7-2705-36,在宅療養支援,在支
R7,27,大阪府,2705,南河内,R7-2705-37,在宅療養支援,在支
R7,27,大阪府,2705,南河内,R7-2705-39,在宅療養支援,在支
R7,27,大阪府,2705,南河内,R7-2705-40,在宅療養支援,在支
R7,27,大阪府,2705,南河内,R7-2705-41,在宅療養支援,在支
R7,27,大阪府,2705,南河内,R7-2705-42,在宅療養支援,在支
R7,27,大阪府,2705,南河内,R7-2705-45,二次救急,二次
R7,27,大阪府,2705,南河内,R7-2705-49,在宅療養支援,在支
R7,27,大阪府,2706,堺市,R7-2706-16,地域支援,地
R7,27,大阪府,2706,堺市,R7-2706-16,二次救急,二次
R7,27,大阪府,2706,堺市,R7-2706-17,地域支援,地
R7,27,大阪府,2706,堺市,R7-2706-17,三次救急,三次
R7,27,大阪府,2706,堺市,R7-2706-17,二次救急,二次
R7,27,大阪府,2706,堺市,R7-2706-18,地域支援,地
R7,27,大阪府,2706,堺市,R7-2706-18,二次救急,二次
R7,27,大阪府,2706,堺市,R7-2706-19,地域支援,地
R7,27,大阪府,2706,堺市,R7-2706-19,二次救急,二次
R7,27,大阪府,2706,堺市,R7-2706-20,二次救急,二次
R7,27,大阪府,2706,堺市,R7-2706-21,二次救急,二次
R7,27,大阪府,2706,堺市,R7-2706-22,地域支援,地
R7,27,大阪府,2706,堺市,R7-2706-22,二次救急,二次
R7,27,大阪府,2706,堺市,R7-2706-23,二次救急,二次
R7,27,大阪府,2706,堺市,R7-2706-24,二次救急,二次
R7,27,大阪府,2706,堺市,R7-2706-26,二次救急,二次
R7,27,大阪府,2706,堺市,R7-2706-27,二次救急,二次
R7,27,大阪府,2706,堺市,R7-2706-27,在宅療養支援,在支
R7,27,大阪府,2706,堺市,R7-2706-29,在宅療養支援,在支
R7,27,大阪府,2706,堺市,R7-2706-30,二次救急,二次
R7,27,大阪府,2706,堺市,R7-2706-31,二次救急,二次
R7,27,大阪府,2706,堺市,R7-2706-32,二次救急,二次
R7,27,大阪府,2706,堺市,R7-2706-32,在宅療養支援,在支
R7,27,大阪府,2706,堺市,R7-2706-34,二次救急,二次
R7,27,大阪府,2706,堺市,R7-2706-34,在宅療養支援,在支
R7,27,大阪府,2706,堺市,R7-2706-37,二次救急,二次
R7,27,大阪府,2706,堺市,R7-2706-37,在宅療養支援,在支
R7,27,大阪府,2706,堺市,R7-2706-38,二次救急,二次
R7,27,大阪府,2706,堺市,R7-2706-38,在宅療養支援,在支
R7,27,大阪府,2706,堺市,R7-2706-39,二次救急,二次
R7,27,大阪府,2706,堺市,R7-2706-39,在宅療養支援,在支
R7,27,大阪府,2706,堺市,R7-2706-43,二次救急,二次
R7,27,大阪府,2706,堺市,R7-2706-43,在宅療養支援,在支
R7,27,大阪府,2706,堺市,R7-2706-44,二次救急,二次
R7,27,大阪府,2706,堺市,R7-2706-44,在宅療養支援,在支
R7,27,大阪府,2706,堺市,R7-2706-45,在宅療養支援,在支
R7,27,大阪府,2706,堺市,R7-2706-49,在宅療養支援,在支
R7,27,大阪府,2706,堺市,R7-2706-51,在宅療養支援,在支
R7,27,大阪府,2706,堺市,R7-2706-61,在宅療養支援,在支
R7,27,大阪府,2707,泉州,R7-2707-14,地域支援,地
R7,27,大阪府,2707,泉州,R7-2707-14,二次救急,二次
R7,27,大阪府,2707,泉州,R7-2707-15,地域支援,地
R7,27,大阪府,2707,泉州,R7-2707-15,三次救急,三次
R7,27,大阪府,2707,泉州,R7-2707-15,二次救急,二次
R7,27,大阪府,2707,泉州,R7-2707-16,地域支援,地
R7,27,大阪府,2707,泉州,R7-2707-16,三次救急,三次
R7,27,大阪府,2707,泉州,R7-2707-16,二次救急,二次
R7,27,大阪府,2707,泉州,R7-2707-17,地域支援,地
R7,27,大阪府,2707,泉州,R7-2707-17,三次救急,三次
R7,27,大阪府,2707,泉州,R7-2707-17,二次救急,二次
R7,27,大阪府,2707,泉州,R7-2707-18,二次救急,二次
R7,27,大阪府,2707,泉州,R7-2707-18,在宅療養支援,在支
R7,27,大阪府,2707,泉州,R7-2707-20,地域支援,地
R7,27,大阪府,2707,泉州,R7-2707-20,二次救急,二次
R7,27,大阪府,2707,泉州,R7-2707-21,二次救急,二次
R7,27,大阪府,2707,泉州,R7-2707-22,二次救急,二次
R7,27,大阪府,2707,泉州,R7-2707-25,二次救急,二次
R7,27,大阪府,2707,泉州,R7-2707-26,二次救急,二次
R7,27,大阪府,2707,泉州,R7-2707-27,二次救急,二次
R7,27,大阪府,2707,泉州,R7-2707-28,二次救急,二次
R7,27,大阪府,2707,泉州,R7-2707-29,二次救急,二次
R7,27,大阪府,2707,泉州,R7-2707-29,在宅療養支援,在支
R7,27,大阪府,2707,泉州,R7-2707-30,二次救急,二次
R7,27,大阪府,2707,泉州,R7-2707-30,在宅療養支援,在支
R7,27,大阪府,2707,泉州,R7-2707-31,二次救急,二次
R7,27,大阪府,2707,泉州,R7-2707-31,在宅療養支援,在支
R7,27,大阪府,2707,泉州,R7-2707-34,在宅療養支援,在支
R7,27,大阪府,2707,泉州,R7-2707-36,二次救急,二次
R7,27,大阪府,2707,泉州,R7-2707-36,在宅療養支援,在支
R7,27,大阪府,2707,泉州,R7-2707-38,二次救急,二次
R7,27,大阪府,2707,泉州,R7-2707-39,二次救急,二次
R7,27,大阪府,2707,泉州,R7-2707-39,在宅療養支援,在支
R7,27,大阪府,2707,泉州,R7-2707-42,在宅療養支援,在支
R7,27,大阪府,2707,泉州,R7-2707-43,在宅療養支援,在支
R7,27,大阪府,2707,泉州,R7-2707-44,二次救急,二次
R7,27,大阪府,2707,泉州,R7-2707-44,在宅療養支援,在支
R7,27,大阪府,2707,泉州,R7-2707-45,二次救急,二次
R7,27,大阪府,2707,泉州,R7-2707-46,二次救急,二次
R7,27,大阪府,2707,泉州,R7-2707-46,在宅療養支援,在支
R7,27,大阪府,2707,泉州,R7-2707-47,二次救急,二次
R7,27,大阪府,2707,泉州,R7-2707-47,在宅療養支援,在支
R7,27,大阪府,2707,泉州,R7-2707-48,在宅療養支援,在支
R7,27,大阪府,2707,泉州,R7-2707-50,在宅療養支援,在支
R7,27,大阪府,2707,泉州,R7-2707-51,在宅療養支援,在支
R7,27,大阪府,2707,泉州,R7-2707-53,在宅療養支援,在支
R7,27,大阪府,2707,泉州,R7-2707-54,在宅療養支援,在支
R7,27,大阪府,2707,泉州,R7-2707-55,在宅療養支援,在支
R7,27,大阪府,2707,泉州,R7-2707-57,在宅療養支援,在支
R7,27,大阪府,2707,泉州,R7-2707-60,在宅療養支援,在支
R7,27,大阪府,2707,泉州,R7-2707-61,在宅療養支援,在支
R7,27,大阪府,2707,泉州,R7-2707-62,在宅療養支援,在支
R7,27,大阪府,2707,泉州,R7-2707-65,二次救急,二次
R7,27,大阪府,2707,泉州,R7-2707-65,在宅療養支援,在支
R7,27,大阪府,2707,泉州,R7-2707-69,在宅療養支援,在支
R7,27,大阪府,2707,泉州,R7-2707-72,在宅療養支援,在支
R7,27,大阪府,2707,泉州,R7-2707-74,在宅療養支援,在支
R7,27,大阪府,2707,泉州,R7-2707-79,在宅療養支援,在支
R7,27,大阪府,2707,泉州,R7-2707-87,在宅療養支援,在支
R7,27,大阪府,2708,大阪市,R7-2708-14,地域支援,地
R7,27,大阪府,2708,大阪市,R7-2708-14,三次救急,三次
R7,27,大阪府,2708,大阪市,R7-2708-15,特定機能,特
R7,27,大阪府,2708,大阪市,R7-2708-15,三次救急,三次
R7,27,大阪府,2708,大阪市,R7-2708-15,二次救急,二次
R7,27,大阪府,2708,大阪市,R7-2708-16,地域支援,地
R7,27,大阪府,2708,大阪市,R7-2708-16,三次救急,三次
R7,27,大阪府,2708,大阪市,R7-2708-16,二次救急,二次
R7,27,大阪府,2708,大阪市,R7-2708-17,地域支援,地
R7,27,大阪府,2708,大阪市,R7-2708-17,三次救急,三次
R7,27,大阪府,2708,大阪市,R7-2708-17,二次救急,二次
R7,27,大阪府,2708,大阪市,R7-2708-18,地域支援,地
R7,27,大阪府,2708,大阪市,R7-2708-18,二次救急,二次
R7,27,大阪府,2708,大阪市,R7-2708-19,地域支援,地
R7,27,大阪府,2708,大阪市,R7-2708-19,三次救急,三次
R7,27,大阪府,2708,大阪市,R7-2708-19,二次救急,二次
R7,27,大阪府,2708,大阪市,R7-2708-20,地域支援,地
R7,27,大阪府,2708,大阪市,R7-2708-20,三次救急,三次
R7,27,大阪府,2708,大阪市,R7-2708-20,二次救急,二次
R7,27,大阪府,2708,大阪市,R7-2708-21,地域支援,地
R7,27,大阪府,2708,大阪市,R7-2708-21,二次救急,二次
R7,27,大阪府,2708,大阪市,R7-2708-22,地域支援,地
R7,27,大阪府,2708,大阪市,R7-2708-22,二次救急,二次
R7,27,大阪府,2708,大阪市,R7-2708-23,二次救急,二次
R7,27,大阪府,2708,大阪市,R7-2708-24,地域支援,地
R7,27,大阪府,2708,大阪市,R7-2708-24,二次救急,二次
R7,27,大阪府,2708,大阪市,R7-2708-25,特定機能,特
R7,27,大阪府,2708,大阪市,R7-2708-26,地域支援,地
R7,27,大阪府,2708,大阪市,R7-2708-26,二次救急,二次
R7,27,大阪府,2708,大阪市,R7-2708-27,二次救急,二次
R7,27,大阪府,2708,大阪市,R7-2708-28,二次救急,二次
R7,27,大阪府,2708,大阪市,R7-2708-29,地域支援,地
R7,27,大阪府,2708,大阪市,R7-2708-29,二次救急,二次
R7,27,大阪府,2708,大阪市,R7-2708-31,地域支援,地
R7,27,大阪府,2708,大阪市,R7-2708-31,二次救急,二次
R7,27,大阪府,2708,大阪市,R7-2708-32,地域支援,地
R7,27,大阪府,2708,大阪市,R7-2708-32,二次救急,二次
R7,27,大阪府,2708,大阪市,R7-2708-33,地域支援,地
R7,27,大阪府,2708,大阪市,R7-2708-33,二次救急,二次
R7,27,大阪府,2708,大阪市,R7-2708-34,二次救急,二次
R7,27,大阪府,2708,大阪市,R7-2708-35,二次救急,二次
R7,27,大阪府,2708,大阪市,R7-2708-36,地域支援,地
R7,27,大阪府,2708,大阪市,R7-2708-36,二次救急,二次
R7,27,大阪府,2708,大阪市,R7-2708-37,二次救急,二次
R7,27,大阪府,2708,大阪市,R7-2708-38,地域支援,地
R7,27,大阪府,2708,大阪市,R7-2708-38,二次救急,二次
R7,27,大阪府,2708,大阪市,R7-2708-39,二次救急,二次
R7,27,大阪府,2708,大阪市,R7-2708-40,二次救急,二次
R7,27,大阪府,2708,大阪市,R7-2708-41,地域支援,地
R7,27,大阪府,2708,大阪市,R7-2708-41,二次救急,二次
R7,27,大阪府,2708,大阪市,R7-2708-42,二次救急,二次
R7,27,大阪府,2708,大阪市,R7-2708-43,二次救急,二次
R7,27,大阪府,2708,大阪市,R7-2708-44,二次救急,二次
R7,27,大阪府,2708,大阪市,R7-2708-45,二次救急,二次
R7,27,大阪府,2708,大阪市,R7-2708-45,在宅療養支援,在支
R7,27,大阪府,2708,大阪市,R7-2708-46,二次救急,二次
R7,27,大阪府,2708,大阪市,R7-2708-47,二次救急,二次
R7,27,大阪府,2708,大阪市,R7-2708-48,二次救急,二次
R7,27,大阪府,2708,大阪市,R7-2708-49,二次救急,二次
R7,27,大阪府,2708,大阪市,R7-2708-50,二次救急,二次
R7,27,大阪府,2708,大阪市,R7-2708-51,二次救急,二次
R7,27,大阪府,2708,大阪市,R7-2708-52,二次救急,二次
R7,27,大阪府,2708,大阪市,R7-2708-53,二次救急,二次
R7,27,大阪府,2708,大阪市,R7-2708-54,二次救急,二次
R7,27,大阪府,2708,大阪市,R7-2708-58,二次救急,二次
R7,27,大阪府,2708,大阪市,R7-2708-60,二次救急,二次
R7,27,大阪府,2708,大阪市,R7-2708-62,二次救急,二次
R7,27,大阪府,2708,大阪市,R7-2708-63,在宅療養支援,在支
R7,27,大阪府,2708,大阪市,R7-2708-64,二次救急,二次
R7,27,大阪府,2708,大阪市,R7-2708-65,二次救急,二次
R7,27,大阪府,2708,大阪市,R7-2708-65,在宅療養支援,在支
R7,27,大阪府,2708,大阪市,R7-2708-67,二次救急,二次
R7,27,大阪府,2708,大阪市,R7-2708-70,二次救急,二次
R7,27,大阪府,2708,大阪市,R7-2708-71,二次救急,二次
R7,27,大阪府,2708,大阪市,R7-2708-71,在宅療養支援,在支
R7,27,大阪府,2708,大阪市,R7-2708-72,二次救急,二次
R7,27,大阪府,2708,大阪市,R7-2708-73,二次救急,二次
R7,27,大阪府,2708,大阪市,R7-2708-73,在宅療養支援,在支
R7,27,大阪府,2708,大阪市,R7-2708-74,二次救急,二次
R7,27,大阪府,2708,大阪市,R7-2708-74,在宅療養支援,在支
R7,27,大阪府,2708,大阪市,R7-2708-76,二次救急,二次
R7,27,大阪府,2708,大阪市,R7-2708-76,在宅療養支援,在支
R7,27,大阪府,2708,大阪市,R7-2708-77,在宅療養支援,在支
R7,27,大阪府,2708,大阪市,R7-2708-78,二次救急,二次
R7,27,大阪府,2708,大阪市,R7-2708-78,在宅療養支援,在支
R7,27,大阪府,2708,大阪市,R7-2708-80,二次救急,二次
R7,27,大阪府,2708,大阪市,R7-2708-81,二次救急,二次
R7,27,大阪府,2708,大阪市,R7-2708-81,在宅療養支援,在支
R7,27,大阪府,2708,大阪市,R7-2708-82,在宅療養支援,在支
R7,27,大阪府,2708,大阪市,R7-2708-84,二次救急,二次
R7,27,大阪府,2708,大阪市,R7-2708-86,二次救急,二次
R7,27,大阪府,2708,大阪市,R7-2708-86,在宅療養支援,在支
R7,27,大阪府,2708,大阪市,R7-2708-88,在宅療養支援,在支
R7,27,大阪府,2708,大阪市,R7-2708-89,二次救急,二次
R7,27,大阪府,2708,大阪市,R7-2708-89,在宅療養支援,在支
R7,27,大阪府,2708,大阪市,R7-2708-90,二次救急,二次
R7,27,大阪府,2708,大阪市,R7-2708-91,二次救急,二次
R7,27,大阪府,2708,大阪市,R7-2708-91,在宅療養支援,在支
R7,27,大阪府,2708,大阪市,R7-2708-92,二次救急,二次
R7,27,大阪府,2708,大阪市,R7-2708-93,二次救急,二次
R7,27,大阪府,2708,大阪市,R7-2708-93,在宅療養支援,在支
R7,27,大阪府,2708,大阪市,R7-2708-96,在宅療養支援,在支
R7,27,大阪府,2708,大阪市,R7-2708-98,二次救急,二次
R7,27,大阪府,2708,大阪市,R7-2708-98,在宅療養支援,在支
R7,27,大阪府,2708,大阪市,R7-2708-99,二次救急,二次
R7,27,大阪府,2708,大阪市,R7-2708-99,在宅療養支援,在支
R7,27,大阪府,2708,大阪市,R7-2708-100,二次救急,二次
R7,27,大阪府,2708,大阪市,R7-2708-100,在宅療養支援,在支
R7,27,大阪府,2708,大阪市,R7-2708-101,二次救急,二次
R7,27,大阪府,2708,大阪市,R7-2708-102,二次救急,二次
R7,27,大阪府,2708,大阪市,R7-2708-102,在宅療養支援,在支
R7,27,大阪府,2708,大阪市,R7-2708-104,在宅療養支援,在支
R7,27,大阪府,2708,大阪市,R7-2708-109,二次救急,二次
R7,27,大阪府,2708,大阪市,R7-2708-110,二次救急,二次
R7,27,大阪府,2708,大阪市,R7-2708-111,二次救急,二次
R7,27,大阪府,2708,大阪市,R7-2708-111,在宅療養支援,在支
R7,27,大阪府,2708,大阪市,R7-2708-114,在宅療養支援,在支
R7,27,大阪府,2708,大阪市,R7-2708-116,二次救急,二次
R7,27,大阪府,2708,大阪市,R7-2708-116,在宅療養支援,在支
R7,27,大阪府,2708,大阪市,R7-2708-120,在宅療養支援,在支
R7,27,大阪府,2708,大阪市,R7-2708-121,二次救急,二次
R7,27,大阪府,2708,大阪市,R7-2708-123,在宅療養支援,在支
R7,27,大阪府,2708,大阪市,R7-2708-124,二次救急,二次
R7,27,大阪府,2708,大阪市,R7-2708-126,二次救急,二次
R7,27,大阪府,2708,大阪市,R7-2708-127,二次救急,二次
R7,27,大阪府,2708,大阪市,R7-2708-128,在宅療養支援,在支
R7,27,大阪府,2708,大阪市,R7-2708-129,二次救急,二次
R7,27,大阪府,2708,大阪市,R7-2708-129,在宅療養支援,在支
R7,27,大阪府,2708,大阪市,R7-2708-130,二次救急,二次
R7,27,大阪府,2708,大阪市,R7-2708-130,在宅療養支援,在支
R7,27,大阪府,2708,大阪市,R7-2708-131,二次救急,二次
R7,27,大阪府,2708,大阪市,R7-2708-131,在宅療養支援,在支
R7,27,大阪府,2708,大阪市,R7-2708-132,二次救急,二次
R7,27,大阪府,2708,大阪市,R7-2708-133,在宅療養支援,在支
R7,27,大阪府,2708,大阪市,R7-2708-134,二次救急,二次
R7,27,大阪府,2708,大阪市,R7-2708-135,二次救急,二次
R7,27,大阪府,2708,大阪市,R7-2708-136,在宅療養支援,在支
R7,27,大阪府,2708,大阪市,R7-2708-138,二次救急,二次
R7,27,大阪府,2708,大阪市,R7-2708-138,在宅療養支援,在支
R7,27,大阪府,2708,大阪市,R7-2708-142,二次救急,二次
R7,27,大阪府,2708,大阪市,R7-2708-142,在宅療養支援,在支
R7,27,大阪府,2708,大阪市,R7-2708-144,在宅療養支援,在支
R7,27,大阪府,2708,大阪市,R7-2708-148,二次救急,二次
R7,27,大阪府,2708,大阪市,R7-2708-149,二次救急,二次
R7,27,大阪府,2708,大阪市,R7-2708-149,在宅療養支援,在支
R7,27,大阪府,2708,大阪市,R7-2708-150,二次救急,二次
R7,27,大阪府,2708,大阪市,R7-2708-150,在宅療養支援,在支
R7,27,大阪府,2708,大阪市,R7-2708-154,在宅療養支援,在支
R7,27,大阪府,2708,大阪市,R7-2708-158,在宅療養支援,在支
R7,27,大阪府,2708,大阪市,R7-2708-160,在宅療養支援,在支
R7,27,大阪府,2708,大阪市,R7-2708-162,二次救急,二次
R7,27,大阪府,2708,大阪市,R7-2708-162,在宅療養支援,在支
R7,27,大阪府,2708,大阪市,R7-2708-163,在宅療養支援,在支
R7,27,大阪府,2708,大阪市,R7-2708-165,在宅療養支援,在支
R7,27,大阪府,2708,大阪市,R7-2708-170,二次救急,二次
R7,27,大阪府,2708,大阪市,R7-2708-172,在宅療養支援,在支
R7,27,大阪府,2708,大阪市,R7-2708-173,二次救急,二次
R7,27,大阪府,2708,大阪市,R7-2708-173,在宅療養支援,在支
R7,27,大阪府,2708,大阪市,R7-2708-177,二次救急,二次
R7,27,大阪府,2708,大阪市,R7-2708-177,在宅療養支援,在支
R7,27,大阪府,2708,大阪市,R7-2708-178,在宅療養支援,在支
R7,27,大阪府,2708,大阪市,R7-2708-179,在宅療養支援,在支
R7,27,大阪府,2708,大阪市,R7-2708-181,在宅療養支援,在支
R7,27,大阪府,2708,大阪市,R7-2708-211,在宅療養支援,在支
R7,27,大阪府,2708,大阪市,R7-2708-217,在宅療養支援,在支
R7,27,大阪府,2708,大阪市,R7-2708-227,在宅療養支援,在支
R7,27,大阪府,2708,大阪市,R7-2708-229,在宅療養支援,在支
R7,28,兵庫県,2801,神戸,R7-2801-14,特定機能,特
R7,28,兵庫県,2801,神戸,R7-2801-14,三次救急,三次
R7,28,兵庫県,2801,神戸,R7-2801-15,地域支援,地
R7,28,兵庫県,2801,神戸,R7-2801-15,三次救急,三次
R7,28,兵庫県,2801,神戸,R7-2801-15,二次救急,二次
R7,28,兵庫県,2801,神戸,R7-2801-16,地域支援,地
R7,28,兵庫県,2801,神戸,R7-2801-16,二次救急,二次
R7,28,兵庫県,2801,神戸,R7-2801-17,地域支援,地
R7,28,兵庫県,2801,神戸,R7-2801-17,二次救急,二次
R7,28,兵庫県,2801,神戸,R7-2801-18,地域支援,地
R7,28,兵庫県,2801,神戸,R7-2801-18,二次救急,二次
R7,28,兵庫県,2801,神戸,R7-2801-19,地域支援,地
R7,28,兵庫県,2801,神戸,R7-2801-19,二次救急,二次
R7,28,兵庫県,2801,神戸,R7-2801-20,地域支援,地
R7,28,兵庫県,2801,神戸,R7-2801-20,二次救急,二次
R7,28,兵庫県,2801,神戸,R7-2801-21,在宅療養支援,在支
R7,28,兵庫県,2801,神戸,R7-2801-22,地域支援,地
R7,28,兵庫県,2801,神戸,R7-2801-22,二次救急,二次
R7,28,兵庫県,2801,神戸,R7-2801-23,地域支援,地
R7,28,兵庫県,2801,神戸,R7-2801-23,二次救急,二次
R7,28,兵庫県,2801,神戸,R7-2801-24,地域支援,地
R7,28,兵庫県,2801,神戸,R7-2801-24,二次救急,二次
R7,28,兵庫県,2801,神戸,R7-2801-26,地域支援,地
R7,28,兵庫県,2801,神戸,R7-2801-26,二次救急,二次
R7,28,兵庫県,2801,神戸,R7-2801-27,二次救急,二次
R7,28,兵庫県,2801,神戸,R7-2801-28,地域支援,地
R7,28,兵庫県,2801,神戸,R7-2801-29,地域支援,地
R7,28,兵庫県,2801,神戸,R7-2801-29,二次救急,二次
R7,28,兵庫県,2801,神戸,R7-2801-30,地域支援,地
R7,28,兵庫県,2801,神戸,R7-2801-30,二次救急,二次
R7,28,兵庫県,2801,神戸,R7-2801-32,二次救急,二次
R7,28,兵庫県,2801,神戸,R7-2801-33,二次救急,二次
R7,28,兵庫県,2801,神戸,R7-2801-34,二次救急,二次
R7,28,兵庫県,2801,神戸,R7-2801-34,在宅療養支援,在支
R7,28,兵庫県,2801,神戸,R7-2801-35,二次救急,二次
R7,28,兵庫県,2801,神戸,R7-2801-38,在宅療養支援,在支
R7,28,兵庫県,2801,神戸,R7-2801-40,二次救急,二次
R7,28,兵庫県,2801,神戸,R7-2801-41,二次救急,二次
R7,28,兵庫県,2801,神戸,R7-2801-41,在宅療養支援,在支
R7,28,兵庫県,2801,神戸,R7-2801-42,二次救急,二次
R7,28,兵庫県,2801,神戸,R7-2801-43,二次救急,二次
R7,28,兵庫県,2801,神戸,R7-2801-43,在宅療養支援,在支
R7,28,兵庫県,2801,神戸,R7-2801-44,二次救急,二次
R7,28,兵庫県,2801,神戸,R7-2801-45,二次救急,二次
R7,28,兵庫県,2801,神戸,R7-2801-45,在宅療養支援,在支
R7,28,兵庫県,2801,神戸,R7-2801-46,二次救急,二次
R7,28,兵庫県,2801,神戸,R7-2801-46,在宅療養支援,在支
R7,28,兵庫県,2801,神戸,R7-2801-47,二次救急,二次
R7,28,兵庫県,2801,神戸,R7-2801-47,在宅療養支援,在支
R7,28,兵庫県,2801,神戸,R7-2801-48,二次救急,二次
R7,28,兵庫県,2801,神戸,R7-2801-48,在宅療養支援,在支
R7,28,兵庫県,2801,神戸,R7-2801-52,二次救急,二次
R7,28,兵庫県,2801,神戸,R7-2801-52,在宅療養支援,在支
R7,28,兵庫県,2801,神戸,R7-2801-53,二次救急,二次
R7,28,兵庫県,2801,神戸,R7-2801-53,在宅療養支援,在支
R7,28,兵庫県,2801,神戸,R7-2801-54,二次救急,二次
R7,28,兵庫県,2801,神戸,R7-2801-55,二次救急,二次
R7,28,兵庫県,2801,神戸,R7-2801-55,在宅療養支援,在支
R7,28,兵庫県,2801,神戸,R7-2801-57,二次救急,二次
R7,28,兵庫県,2801,神戸,R7-2801-57,在宅療養支援,在支
R7,28,兵庫県,2801,神戸,R7-2801-58,在宅療養支援,在支
R7,28,兵庫県,2801,神戸,R7-2801-59,二次救急,二次
R7,28,兵庫県,2801,神戸,R7-2801-59,在宅療養支援,在支
R7,28,兵庫県,2801,神戸,R7-2801-61,二次救急,二次
R7,28,兵庫県,2801,神戸,R7-2801-61,在宅療養支援,在支
R7,28,兵庫県,2801,神戸,R7-2801-62,二次救急,二次
R7,28,兵庫県,2801,神戸,R7-2801-62,在宅療養支援,在支
R7,28,兵庫県,2801,神戸,R7-2801-63,二次救急,二次
R7,28,兵庫県,2801,神戸,R7-2801-63,在宅療養支援,在支
R7,28,兵庫県,2801,神戸,R7-2801-64,二次救急,二次
R7,28,兵庫県,2801,神戸,R7-2801-64,在宅療養支援,在支
R7,28,兵庫県,2801,神戸,R7-2801-65,二次救急,二次
R7,28,兵庫県,2801,神戸,R7-2801-67,在宅療養支援,在支
R7,28,兵庫県,2801,神戸,R7-2801-68,二次救急,二次
R7,28,兵庫県,2801,神戸,R7-2801-68,在宅療養支援,在支
R7,28,兵庫県,2801,神戸,R7-2801-69,二次救急,二次
R7,28,兵庫県,2801,神戸,R7-2801-70,二次救急,二次
R7,28,兵庫県,2801,神戸,R7-2801-71,在宅療養支援,在支
R7,28,兵庫県,2801,神戸,R7-2801-73,二次救急,二次
R7,28,兵庫県,2801,神戸,R7-2801-74,二次救急,二次
R7,28,兵庫県,2801,神戸,R7-2801-75,在宅療養支援,在支
R7,28,兵庫県,2801,神戸,R7-2801-77,二次救急,二次
R7,28,兵庫県,2801,神戸,R7-2801-77,在宅療養支援,在支
R7,28,兵庫県,2801,神戸,R7-2801-78,二次救急,二次
R7,28,兵庫県,2801,神戸,R7-2801-78,在宅療養支援,在支
R7,28,兵庫県,2801,神戸,R7-2801-80,在宅療養支援,在支
R7,28,兵庫県,2801,神戸,R7-2801-81,二次救急,二次
R7,28,兵庫県,2801,神戸,R7-2801-81,在宅療養支援,在支
R7,28,兵庫県,2801,神戸,R7-2801-82,二次救急,二次
R7,28,兵庫県,2801,神戸,R7-2801-82,在宅療養支援,在支
R7,28,兵庫県,2801,神戸,R7-2801-83,在宅療養支援,在支
R7,28,兵庫県,2801,神戸,R7-2801-86,在宅療養支援,在支
R7,28,兵庫県,2801,神戸,R7-2801-87,二次救急,二次
R7,28,兵庫県,2801,神戸,R7-2801-87,在宅療養支援,在支
R7,28,兵庫県,2801,神戸,R7-2801-88,在宅療養支援,在支
R7,28,兵庫県,2801,神戸,R7-2801-91,在宅療養支援,在支
R7,28,兵庫県,2801,神戸,R7-2801-92,二次救急,二次
R7,28,兵庫県,2801,神戸,R7-2801-92,在宅療養支援,在支
R7,28,兵庫県,2801,神戸,R7-2801-98,在宅療養支援,在支
R7,28,兵庫県,2801,神戸,R7-2801-100,在宅療養支援,在支
R7,28,兵庫県,2801,神戸,R7-2801-101,在宅療養支援,在支
R7,28,兵庫県,2801,神戸,R7-2801-102,在宅療養支援,在支
R7,28,兵庫県,2801,神戸,R7-2801-104,在宅療養支援,在支
R7,28,兵庫県,2801,神戸,R7-2801-110,三次救急,三次
R7,28,兵庫県,2801,神戸,R7-2801-114,在宅療養支援,在支
R7,28,兵庫県,2801,神戸,R7-2801-116,在宅療養支援,在支
R7,28,兵庫県,2801,神戸,R7-2801-117,在宅療養支援,在支
R7,28,兵庫県,2801,神戸,R7-2801-126,在宅療養支援,在支
R7,28,兵庫県,2801,神戸,R7-2801-128,在宅療養支援,在支
R7,28,兵庫県,2801,神戸,R7-2801-132,在宅療養支援,在支
R7,28,兵庫県,2804,東播磨,R7-2804-14,地域支援,地
R7,28,兵庫県,2804,東播磨,R7-2804-14,二次救急,二次
R7,28,兵庫県,2804,東播磨,R7-2804-15,地域支援,地
R7,28,兵庫県,2804,東播磨,R7-2804-15,二次救急,二次
R7,28,兵庫県,2804,東播磨,R7-2804-17,地域支援,地
R7,28,兵庫県,2804,東播磨,R7-2804-17,三次救急,三次
R7,28,兵庫県,2804,東播磨,R7-2804-17,二次救急,二次
R7,28,兵庫県,2804,東播磨,R7-2804-18,地域支援,地
R7,28,兵庫県,2804,東播磨,R7-2804-18,二次救急,二次
R7,28,兵庫県,2804,東播磨,R7-2804-19,二次救急,二次
R7,28,兵庫県,2804,東播磨,R7-2804-20,二次救急,二次
R7,28,兵庫県,2804,東播磨,R7-2804-21,地域支援,地
R7,28,兵庫県,2804,東播磨,R7-2804-21,二次救急,二次
R7,28,兵庫県,2804,東播磨,R7-2804-21,在宅療養支援,在支
R7,28,兵庫県,2804,東播磨,R7-2804-22,二次救急,二次
R7,28,兵庫県,2804,東播磨,R7-2804-22,在宅療養支援,在支
R7,28,兵庫県,2804,東播磨,R7-2804-24,二次救急,二次
R7,28,兵庫県,2804,東播磨,R7-2804-25,二次救急,二次
R7,28,兵庫県,2804,東播磨,R7-2804-27,二次救急,二次
R7,28,兵庫県,2804,東播磨,R7-2804-28,二次救急,二次
R7,28,兵庫県,2804,東播磨,R7-2804-30,三次救急,三次
R7,28,兵庫県,2804,東播磨,R7-2804-30,二次救急,二次
R7,28,兵庫県,2804,東播磨,R7-2804-31,在宅療養支援,在支
R7,28,兵庫県,2804,東播磨,R7-2804-34,二次救急,二次
R7,28,兵庫県,2804,東播磨,R7-2804-34,在宅療養支援,在支
R7,28,兵庫県,2804,東播磨,R7-2804-36,二次救急,二次
R7,28,兵庫県,2804,東播磨,R7-2804-36,在宅療養支援,在支
R7,28,兵庫県,2804,東播磨,R7-2804-38,二次救急,二次
R7,28,兵庫県,2804,東播磨,R7-2804-38,在宅療養支援,在支
R7,28,兵庫県,2804,東播磨,R7-2804-39,二次救急,二次
R7,28,兵庫県,2804,東播磨,R7-2804-41,二次救急,二次
R7,28,兵庫県,2804,東播磨,R7-2804-42,二次救急,二次
R7,28,兵庫県,2804,東播磨,R7-2804-43,二次救急,二次
R7,28,兵庫県,2804,東播磨,R7-2804-43,在宅療養支援,在支
R7,28,兵庫県,2804,東播磨,R7-2804-44,二次救急,二次
R7,28,兵庫県,2804,東播磨,R7-2804-44,在宅療養支援,在支
R7,28,兵庫県,2805,北播磨,R7-2805-14,地域支援,地
R7,28,兵庫県,2805,北播磨,R7-2805-14,二次救急,二次
R7,28,兵庫県,2805,北播磨,R7-2805-15,地域支援,地
R7,28,兵庫県,2805,北播磨,R7-2805-15,二次救急,二次
R7,28,兵庫県,2805,北播磨,R7-2805-17,二次救急,二次
R7,28,兵庫県,2805,北播磨,R7-2805-17,在宅療養支援,在支
R7,28,兵庫県,2805,北播磨,R7-2805-19,二次救急,二次
R7,28,兵庫県,2805,北播磨,R7-2805-19,在宅療養支援,在支
R7,28,兵庫県,2805,北播磨,R7-2805-20,二次救急,二次
R7,28,兵庫県,2805,北播磨,R7-2805-23,二次救急,二次
R7,28,兵庫県,2805,北播磨,R7-2805-23,在宅療養支援,在支
R7,28,兵庫県,2805,北播磨,R7-2805-24,在宅療養支援,在支
R7,28,兵庫県,2805,北播磨,R7-2805-25,二次救急,二次
R7,28,兵庫県,2805,北播磨,R7-2805-25,在宅療養支援,在支
R7,28,兵庫県,2805,北播磨,R7-2805-27,在宅療養支援,在支
R7,28,兵庫県,2805,北播磨,R7-2805-28,在宅療養支援,在支
R7,28,兵庫県,2805,北播磨,R7-2805-29,二次救急,二次
R7,28,兵庫県,2805,北播磨,R7-2805-29,在宅療養支援,在支
R7,28,兵庫県,2805,北播磨,R7-2805-33,在宅療養支援,在支
R7,28,兵庫県,2805,北播磨,R7-2805-38,在宅療養支援,在支
R7,28,兵庫県,2808,但馬,R7-2808-14,地域支援,地
R7,28,兵庫県,2808,但馬,R7-2808-14,三次救急,三次
R7,28,兵庫県,2808,但馬,R7-2808-15,地域支援,地
R7,28,兵庫県,2808,但馬,R7-2808-15,二次救急,二次
R7,28,兵庫県,2808,但馬,R7-2808-16,二次救急,二次
R7,28,兵庫県,2808,但馬,R7-2808-18,二次救急,二次
R7,28,兵庫県,2808,但馬,R7-2808-19,二次救急,二次
R7,28,兵庫県,2808,但馬,R7-2808-20,二次救急,二次
R7,28,兵庫県,2808,但馬,R7-2808-20,在宅療養支援,在支
R7,28,兵庫県,2808,但馬,R7-2808-21,在宅療養支援,在支
R7,28,兵庫県,2808,但馬,R7-2808-23,在宅療養支援,在支
R7,28,兵庫県,2809,丹波,R7-2809-14,二次救急,二次
R7,28,兵庫県,2809,丹波,R7-2809-15,地域支援,地
R7,28,兵庫県,2809,丹波,R7-2809-15,二次救急,二次
R7,28,兵庫県,2809,丹波,R7-2809-16,二次救急,二次
R7,28,兵庫県,2809,丹波,R7-2809-16,在宅療養支援,在支
R7,28,兵庫県,2809,丹波,R7-2809-17,二次救急,二次
R7,28,兵庫県,2809,丹波,R7-2809-17,在宅療養支援,在支
R7,28,兵庫県,2809,丹波,R7-2809-18,二次救急,二次
R7,28,兵庫県,2809,丹波,R7-2809-18,在宅療養支援,在支
R7,28,兵庫県,2809,丹波,R7-2809-20,在宅療養支援,在支
R7,28,兵庫県,2810,淡路,R7-2810-14,地域支援,地
R7,28,兵庫県,2810,淡路,R7-2810-14,三次救急,三次
R7,28,兵庫県,2810,淡路,R7-2810-14,二次救急,二次
R7,28,兵庫県,2810,淡路,R7-2810-15,二次救急,二次
R7,28,兵庫県,2810,淡路,R7-2810-15,在宅療養支援,在支
R7,28,兵庫県,2810,淡路,R7-2810-16,二次救急,二次
R7,28,兵庫県,2810,淡路,R7-2810-16,在宅療養支援,在支
R7,28,兵庫県,2810,淡路,R7-2810-17,二次救急,二次
R7,28,兵庫県,2810,淡路,R7-2810-18,二次救急,二次
R7,28,兵庫県,2810,淡路,R7-2810-18,在宅療養支援,在支
R7,28,兵庫県,2810,淡路,R7-2810-19,二次救急,二次
R7,28,兵庫県,2810,淡路,R7-2810-19,在宅療養支援,在支
R7,28,兵庫県,2810,淡路,R7-2810-22,二次救急,二次
R7,28,兵庫県,2810,淡路,R7-2810-22,在宅療養支援,在支
R7,28,兵庫県,2810,淡路,R7-2810-23,在宅療養支援,在支
R7,28,兵庫県,2811,阪神,R7-2811-14,特定機能,特
R7,28,兵庫県,2811,阪神,R7-2811-14,三次救急,三次
R7,28,兵庫県,2811,阪神,R7-2811-15,地域支援,地
R7,28,兵庫県,2811,阪神,R7-2811-15,三次救急,三次
R7,28,兵庫県,2811,阪神,R7-2811-15,二次救急,二次
R7,28,兵庫県,2811,阪神,R7-2811-16,地域支援,地
R7,28,兵庫県,2811,阪神,R7-2811-16,二次救急,二次
R7,28,兵庫県,2811,阪神,R7-2811-19,地域支援,地
R7,28,兵庫県,2811,阪神,R7-2811-19,二次救急,二次
R7,28,兵庫県,2811,阪神,R7-2811-20,地域支援,地
R7,28,兵庫県,2811,阪神,R7-2811-20,二次救急,二次
R7,28,兵庫県,2811,阪神,R7-2811-21,地域支援,地
R7,28,兵庫県,2811,阪神,R7-2811-21,二次救急,二次
R7,28,兵庫県,2811,阪神,R7-2811-22,地域支援,地
R7,28,兵庫県,2811,阪神,R7-2811-22,三次救急,三次
R7,28,兵庫県,2811,阪神,R7-2811-22,二次救急,二次
R7,28,兵庫県,2811,阪神,R7-2811-25,地域支援,地
R7,28,兵庫県,2811,阪神,R7-2811-25,二次救急,二次
R7,28,兵庫県,2811,阪神,R7-2811-26,二次救急,二次
R7,28,兵庫県,2811,阪神,R7-2811-27,地域支援,地
R7,28,兵庫県,2811,阪神,R7-2811-27,二次救急,二次
R7,28,兵庫県,2811,阪神,R7-2811-28,二次救急,二次
R7,28,兵庫県,2811,阪神,R7-2811-29,二次救急,二次
R7,28,兵庫県,2811,阪神,R7-2811-31,二次救急,二次
R7,28,兵庫県,2811,阪神,R7-2811-31,在宅療養支援,在支
R7,28,兵庫県,2811,阪神,R7-2811-32,二次救急,二次
R7,28,兵庫県,2811,阪神,R7-2811-33,二次救急,二次
R7,28,兵庫県,2811,阪神,R7-2811-33,在宅療養支援,在支
R7,28,兵庫県,2811,阪神,R7-2811-34,二次救急,二次
R7,28,兵庫県,2811,阪神,R7-2811-35,二次救急,二次
R7,28,兵庫県,2811,阪神,R7-2811-37,二次救急,二次
R7,28,兵庫県,2811,阪神,R7-2811-37,在宅療養支援,在支
R7,28,兵庫県,2811,阪神,R7-2811-38,在宅療養支援,在支
R7,28,兵庫県,2811,阪神,R7-2811-39,二次救急,二次
R7,28,兵庫県,2811,阪神,R7-2811-39,在宅療養支援,在支
R7,28,兵庫県,2811,阪神,R7-2811-44,二次救急,二次
R7,28,兵庫県,2811,阪神,R7-2811-44,在宅療養支援,在支
R7,28,兵庫県,2811,阪神,R7-2811-46,二次救急,二次
R7,28,兵庫県,2811,阪神,R7-2811-47,二次救急,二次
R7,28,兵庫県,2811,阪神,R7-2811-52,二次救急,二次
R7,28,兵庫県,2811,阪神,R7-2811-53,二次救急,二次
R7,28,兵庫県,2811,阪神,R7-2811-54,二次救急,二次
R7,28,兵庫県,2811,阪神,R7-2811-56,二次救急,二次
R7,28,兵庫県,2811,阪神,R7-2811-56,在宅療養支援,在支
R7,28,兵庫県,2811,阪神,R7-2811-57,在宅療養支援,在支
R7,28,兵庫県,2811,阪神,R7-2811-58,二次救急,二次
R7,28,兵庫県,2811,阪神,R7-2811-58,在宅療養支援,在支
R7,28,兵庫県,2811,阪神,R7-2811-60,二次救急,二次
R7,28,兵庫県,2811,阪神,R7-2811-60,在宅療養支援,在支
R7,28,兵庫県,2811,阪神,R7-2811-61,二次救急,二次
R7,28,兵庫県,2811,阪神,R7-2811-61,在宅療養支援,在支
R7,28,兵庫県,2811,阪神,R7-2811-62,在宅療養支援,在支
R7,28,兵庫県,2811,阪神,R7-2811-63,二次救急,二次
R7,28,兵庫県,2811,阪神,R7-2811-63,在宅療養支援,在支
R7,28,兵庫県,2811,阪神,R7-2811-64,二次救急,二次
R7,28,兵庫県,2811,阪神,R7-2811-64,在宅療養支援,在支
R7,28,兵庫県,2811,阪神,R7-2811-65,二次救急,二次
R7,28,兵庫県,2811,阪神,R7-2811-65,在宅療養支援,在支
R7,28,兵庫県,2811,阪神,R7-2811-67,二次救急,二次
R7,28,兵庫県,2811,阪神,R7-2811-68,二次救急,二次
R7,28,兵庫県,2811,阪神,R7-2811-69,二次救急,二次
R7,28,兵庫県,2811,阪神,R7-2811-70,二次救急,二次
R7,28,兵庫県,2811,阪神,R7-2811-70,在宅療養支援,在支
R7,28,兵庫県,2811,阪神,R7-2811-71,二次救急,二次
R7,28,兵庫県,2811,阪神,R7-2811-71,在宅療養支援,在支
R7,28,兵庫県,2811,阪神,R7-2811-72,二次救急,二次
R7,28,兵庫県,2811,阪神,R7-2811-72,在宅療養支援,在支
R7,28,兵庫県,2811,阪神,R7-2811-74,二次救急,二次
R7,28,兵庫県,2811,阪神,R7-2811-74,在宅療養支援,在支
R7,28,兵庫県,2811,阪神,R7-2811-76,在宅療養支援,在支
R7,28,兵庫県,2811,阪神,R7-2811-77,二次救急,二次
R7,28,兵庫県,2811,阪神,R7-2811-78,二次救急,二次
R7,28,兵庫県,2811,阪神,R7-2811-79,二次救急,二次
R7,28,兵庫県,2811,阪神,R7-2811-80,二次救急,二次
R7,28,兵庫県,2811,阪神,R7-2811-80,在宅療養支援,在支
R7,28,兵庫県,2811,阪神,R7-2811-84,在宅療養支援,在支
R7,28,兵庫県,2811,阪神,R7-2811-89,在宅療養支援,在支
R7,28,兵庫県,2811,阪神,R7-2811-90,在宅療養支援,在支
R7,28,兵庫県,2811,阪神,R7-2811-91,在宅療養支援,在支
R7,28,兵庫県,2811,阪神,R7-2811-98,在宅療養支援,在支
R7,28,兵庫県,2811,阪神,R7-2811-99,在宅療養支援,在支
R7,28,兵庫県,2811,阪神,R7-2811-100,在宅療養支援,在支
R7,28,兵庫県,2811,阪神,R7-2811-107,在宅療養支援,在支
R7,28,兵庫県,2811,阪神,R7-2811-108,在宅療養支援,在支
R7,28,兵庫県,2811,阪神,R7-2811-115,在宅療養支援,在支
R7,28,兵庫県,2811,阪神,R7-2811-127,在宅療養支援,在支
R7,28,兵庫県,2812,播磨姫路,R7-2812-14,地域支援,地
R7,28,兵庫県,2812,播磨姫路,R7-2812-14,三次救急,三次
R7,28,兵庫県,2812,播磨姫路,R7-2812-14,二次救急,二次
R7,28,兵庫県,2812,播磨姫路,R7-2812-15,地域支援,地
R7,28,兵庫県,2812,播磨姫路,R7-2812-15,二次救急,二次
R7,28,兵庫県,2812,播磨姫路,R7-2812-16,地域支援,地
R7,28,兵庫県,2812,播磨姫路,R7-2812-16,二次救急,二次
R7,28,兵庫県,2812,播磨姫路,R7-2812-17,地域支援,地
R7,28,兵庫県,2812,播磨姫路,R7-2812-17,二次救急,二次
R7,28,兵庫県,2812,播磨姫路,R7-2812-18,地域支援,地
R7,28,兵庫県,2812,播磨姫路,R7-2812-18,二次救急,二次
R7,28,兵庫県,2812,播磨姫路,R7-2812-19,地域支援,地
R7,28,兵庫県,2812,播磨姫路,R7-2812-19,二次救急,二次
R7,28,兵庫県,2812,播磨姫路,R7-2812-20,二次救急,二次
R7,28,兵庫県,2812,播磨姫路,R7-2812-21,二次救急,二次
R7,28,兵庫県,2812,播磨姫路,R7-2812-22,三次救急,三次
R7,28,兵庫県,2812,播磨姫路,R7-2812-23,二次救急,二次
R7,28,兵庫県,2812,播磨姫路,R7-2812-24,二次救急,二次
R7,28,兵庫県,2812,播磨姫路,R7-2812-25,二次救急,二次
R7,28,兵庫県,2812,播磨姫路,R7-2812-25,在宅療養支援,在支
R7,28,兵庫県,2812,播磨姫路,R7-2812-26,二次救急,二次
R7,28,兵庫県,2812,播磨姫路,R7-2812-28,二次救急,二次
R7,28,兵庫県,2812,播磨姫路,R7-2812-29,二次救急,二次
R7,28,兵庫県,2812,播磨姫路,R7-2812-29,在宅療養支援,在支
R7,28,兵庫県,2812,播磨姫路,R7-2812-30,二次救急,二次
R7,28,兵庫県,2812,播磨姫路,R7-2812-32,二次救急,二次
R7,28,兵庫県,2812,播磨姫路,R7-2812-32,在宅療養支援,在支
R7,28,兵庫県,2812,播磨姫路,R7-2812-33,在宅療養支援,在支
R7,28,兵庫県,2812,播磨姫路,R7-2812-35,二次救急,二次
R7,28,兵庫県,2812,播磨姫路,R7-2812-35,在宅療養支援,在支
R7,28,兵庫県,2812,播磨姫路,R7-2812-36,二次救急,二次
R7,28,兵庫県,2812,播磨姫路,R7-2812-36,在宅療養支援,在支
R7,28,兵庫県,2812,播磨姫路,R7-2812-37,二次救急,二次
R7,28,兵庫県,2812,播磨姫路,R7-2812-37,在宅療養支援,在支
R7,28,兵庫県,2812,播磨姫路,R7-2812-38,二次救急,二次
R7,28,兵庫県,2812,播磨姫路,R7-2812-39,二次救急,二次
R7,28,兵庫県,2812,播磨姫路,R7-2812-41,二次救急,二次
R7,28,兵庫県,2812,播磨姫路,R7-2812-41,在宅療養支援,在支
R7,28,兵庫県,2812,播磨姫路,R7-2812-42,二次救急,二次
R7,28,兵庫県,2812,播磨姫路,R7-2812-43,二次救急,二次
R7,28,兵庫県,2812,播磨姫路,R7-2812-43,在宅療養支援,在支
R7,28,兵庫県,2812,播磨姫路,R7-2812-45,在宅療養支援,在支
R7,28,兵庫県,2812,播磨姫路,R7-2812-46,二次救急,二次
R7,28,兵庫県,2812,播磨姫路,R7-2812-46,在宅療養支援,在支
R7,28,兵庫県,2812,播磨姫路,R7-2812-47,二次救急,二次
R7,28,兵庫県,2812,播磨姫路,R7-2812-48,在宅療養支援,在支
R7,28,兵庫県,2812,播磨姫路,R7-2812-49,二次救急,二次
R7,28,兵庫県,2812,播磨姫路,R7-2812-50,二次救急,二次
R7,28,兵庫県,2812,播磨姫路,R7-2812-51,在宅療養支援,在支
R7,28,兵庫県,2812,播磨姫路,R7-2812-52,在宅療養支援,在支
R7,28,兵庫県,2812,播磨姫路,R7-2812-53,在宅療養支援,在支
R7,28,兵庫県,2812,播磨姫路,R7-2812-57,二次救急,二次
R7,28,兵庫県,2812,播磨姫路,R7-2812-59,在宅療養支援,在支
R7,28,兵庫県,2812,播磨姫路,R7-2812-60,在宅療養支援,在支
R7,28,兵庫県,2812,播磨姫路,R7-2812-62,二次救急,二次
R7,28,兵庫県,2812,播磨姫路,R7-2812-64,在宅療養支援,在支
R7,28,兵庫県,2812,播磨姫路,R7-2812-65,在宅療養支援,在支
R7,28,兵庫県,2812,播磨姫路,R7-2812-66,在宅療養支援,在支
R7,28,兵庫県,2812,播磨姫路,R7-2812-67,在宅療養支援,在支
R7,28,兵庫県,2812,播磨姫路,R7-2812-68,在宅療養支援,在支
R7,28,兵庫県,2812,播磨姫路,R7-2812-71,在宅療養支援,在支
R7,28,兵庫県,2812,播磨姫路,R7-2812-76,在宅療養支援,在支
R7,28,兵庫県,2812,播磨姫路,R7-2812-79,在宅療養支援,在支
R7,28,兵庫県,2812,播磨姫路,R7-2812-83,在宅療養支援,在支
R7,28,兵庫県,2812,播磨姫路,R7-2812-84,在宅療養支援,在支
R7,29,奈良県,2901,奈良,R7-2901-14,地域支援,地
R7,29,奈良県,2901,奈良,R7-2901-14,三次救急,三次
R7,29,奈良県,2901,奈良,R7-2901-14,二次救急,二次
R7,29,奈良県,2901,奈良,R7-2901-15,地域支援,地
R7,29,奈良県,2901,奈良,R7-2901-15,二次救急,二次
R7,29,奈良県,2901,奈良,R7-2901-16,二次救急,二次
R7,29,奈良県,2901,奈良,R7-2901-17,二次救急,二次
R7,29,奈良県,2901,奈良,R7-2901-18,二次救急,二次
R7,29,奈良県,2901,奈良,R7-2901-19,二次救急,二次
R7,29,奈良県,2901,奈良,R7-2901-19,在宅療養支援,在支
R7,29,奈良県,2901,奈良,R7-2901-21,二次救急,二次
R7,29,奈良県,2901,奈良,R7-2901-21,在宅療養支援,在支
R7,29,奈良県,2901,奈良,R7-2901-22,二次救急,二次
R7,29,奈良県,2901,奈良,R7-2901-22,在宅療養支援,在支
R7,29,奈良県,2901,奈良,R7-2901-23,二次救急,二次
R7,29,奈良県,2901,奈良,R7-2901-23,在宅療養支援,在支
R7,29,奈良県,2901,奈良,R7-2901-26,二次救急,二次
R7,29,奈良県,2901,奈良,R7-2901-26,在宅療養支援,在支
R7,29,奈良県,2901,奈良,R7-2901-27,二次救急,二次
R7,29,奈良県,2901,奈良,R7-2901-27,在宅療養支援,在支
R7,29,奈良県,2901,奈良,R7-2901-28,在宅療養支援,在支
R7,29,奈良県,2901,奈良,R7-2901-30,二次救急,二次
R7,29,奈良県,2901,奈良,R7-2901-32,二次救急,二次
R7,29,奈良県,2901,奈良,R7-2901-33,二次救急,二次
R7,29,奈良県,2901,奈良,R7-2901-33,在宅療養支援,在支
R7,29,奈良県,2901,奈良,R7-2901-34,二次救急,二次
R7,29,奈良県,2902,東和,R7-2902-14,地域支援,地
R7,29,奈良県,2902,東和,R7-2902-14,二次救急,二次
R7,29,奈良県,2902,東和,R7-2902-15,二次救急,二次
R7,29,奈良県,2902,東和,R7-2902-16,地域支援,地
R7,29,奈良県,2902,東和,R7-2902-16,二次救急,二次
R7,29,奈良県,2902,東和,R7-2902-17,二次救急,二次
R7,29,奈良県,2902,東和,R7-2902-18,二次救急,二次
R7,29,奈良県,2902,東和,R7-2902-18,在宅療養支援,在支
R7,29,奈良県,2902,東和,R7-2902-19,在宅療養支援,在支
R7,29,奈良県,2902,東和,R7-2902-20,二次救急,二次
R7,29,奈良県,2902,東和,R7-2902-21,在宅療養支援,在支
R7,29,奈良県,2902,東和,R7-2902-23,二次救急,二次
R7,29,奈良県,2902,東和,R7-2902-23,在宅療養支援,在支
R7,29,奈良県,2903,西和,R7-2903-14,地域支援,地
R7,29,奈良県,2903,西和,R7-2903-14,三次救急,三次
R7,29,奈良県,2903,西和,R7-2903-14,二次救急,二次
R7,29,奈良県,2903,西和,R7-2903-15,地域支援,地
R7,29,奈良県,2903,西和,R7-2903-15,二次救急,二次
R7,29,奈良県,2903,西和,R7-2903-16,二次救急,二次
R7,29,奈良県,2903,西和,R7-2903-17,二次救急,二次
R7,29,奈良県,2903,西和,R7-2903-18,二次救急,二次
R7,29,奈良県,2903,西和,R7-2903-19,二次救急,二次
R7,29,奈良県,2903,西和,R7-2903-21,二次救急,二次
R7,29,奈良県,2903,西和,R7-2903-22,二次救急,二次
R7,29,奈良県,2903,西和,R7-2903-22,在宅療養支援,在支
R7,29,奈良県,2903,西和,R7-2903-23,二次救急,二次
R7,29,奈良県,2903,西和,R7-2903-23,在宅療養支援,在支
R7,29,奈良県,2903,西和,R7-2903-24,二次救急,二次
R7,29,奈良県,2903,西和,R7-2903-24,在宅療養支援,在支
R7,29,奈良県,2903,西和,R7-2903-26,二次救急,二次
R7,29,奈良県,2903,西和,R7-2903-27,二次救急,二次
R7,29,奈良県,2903,西和,R7-2903-29,二次救急,二次
R7,29,奈良県,2903,西和,R7-2903-30,二次救急,二次
R7,29,奈良県,2903,西和,R7-2903-31,在宅療養支援,在支
R7,29,奈良県,2903,西和,R7-2903-32,在宅療養支援,在支
R7,29,奈良県,2903,西和,R7-2903-34,在宅療養支援,在支
R7,29,奈良県,2904,中和,R7-2904-14,特定機能,特
R7,29,奈良県,2904,中和,R7-2904-14,三次救急,三次
R7,29,奈良県,2904,中和,R7-2904-14,二次救急,二次
R7,29,奈良県,2904,中和,R7-2904-15,二次救急,二次
R7,29,奈良県,2904,中和,R7-2904-17,二次救急,二次
R7,29,奈良県,2904,中和,R7-2904-18,二次救急,二次
R7,29,奈良県,2904,中和,R7-2904-20,二次救急,二次
R7,29,奈良県,2904,中和,R7-2904-20,在宅療養支援,在支
R7,29,奈良県,2904,中和,R7-2904-21,二次救急,二次
R7,29,奈良県,2904,中和,R7-2904-22,二次救急,二次
R7,29,奈良県,2904,中和,R7-2904-23,二次救急,二次
R7,29,奈良県,2904,中和,R7-2904-25,二次救急,二次
R7,29,奈良県,2904,中和,R7-2904-26,二次救急,二次
R7,29,奈良県,2904,中和,R7-2904-27,二次救急,二次
R7,29,奈良県,2904,中和,R7-2904-27,在宅療養支援,在支
R7,29,奈良県,2904,中和,R7-2904-28,二次救急,二次
R7,29,奈良県,2905,南和,R7-2905-14,地域支援,地
R7,29,奈良県,2905,南和,R7-2905-14,二次救急,二次
R7,29,奈良県,2905,南和,R7-2905-14,在宅療養支援,在支
R7,29,奈良県,2905,南和,R7-2905-16,在宅療養支援,在支
R7,29,奈良県,2905,南和,R7-2905-17,在宅療養支援,在支
R7,30,和歌山県,3001,和歌山,R7-3001-14,特定機能,特
R7,30,和歌山県,3001,和歌山,R7-3001-14,三次救急,三次
R7,30,和歌山県,3001,和歌山,R7-3001-14,二次救急,二次
R7,30,和歌山県,3001,和歌山,R7-3001-15,地域支援,地
R7,30,和歌山県,3001,和歌山,R7-3001-15,三次救急,三次
R7,30,和歌山県,3001,和歌山,R7-3001-15,二次救急,二次
R7,30,和歌山県,3001,和歌山,R7-3001-16,地域支援,地
R7,30,和歌山県,3001,和歌山,R7-3001-16,二次救急,二次
R7,30,和歌山県,3001,和歌山,R7-3001-17,二次救急,二次
R7,30,和歌山県,3001,和歌山,R7-3001-18,二次救急,二次
R7,30,和歌山県,3001,和歌山,R7-3001-18,在宅療養支援,在支
R7,30,和歌山県,3001,和歌山,R7-3001-19,二次救急,二次
R7,30,和歌山県,3001,和歌山,R7-3001-19,在宅療養支援,在支
R7,30,和歌山県,3001,和歌山,R7-3001-20,二次救急,二次
R7,30,和歌山県,3001,和歌山,R7-3001-20,在宅療養支援,在支
R7,30,和歌山県,3001,和歌山,R7-3001-21,二次救急,二次
R7,30,和歌山県,3001,和歌山,R7-3001-22,二次救急,二次
R7,30,和歌山県,3001,和歌山,R7-3001-23,二次救急,二次
R7,30,和歌山県,3001,和歌山,R7-3001-23,在宅療養支援,在支
R7,30,和歌山県,3001,和歌山,R7-3001-25,二次救急,二次
R7,30,和歌山県,3001,和歌山,R7-3001-27,二次救急,二次
R7,30,和歌山県,3001,和歌山,R7-3001-27,在宅療養支援,在支
R7,30,和歌山県,3001,和歌山,R7-3001-29,二次救急,二次
R7,30,和歌山県,3001,和歌山,R7-3001-29,在宅療養支援,在支
R7,30,和歌山県,3001,和歌山,R7-3001-30,二次救急,二次
R7,30,和歌山県,3001,和歌山,R7-3001-31,在宅療養支援,在支
R7,30,和歌山県,3001,和歌山,R7-3001-32,二次救急,二次
R7,30,和歌山県,3001,和歌山,R7-3001-33,二次救急,二次
R7,30,和歌山県,3001,和歌山,R7-3001-33,在宅療養支援,在支
R7,30,和歌山県,3001,和歌山,R7-3001-34,二次救急,二次
R7,30,和歌山県,3001,和歌山,R7-3001-35,在宅療養支援,在支
R7,30,和歌山県,3001,和歌山,R7-3001-38,在宅療養支援,在支
R7,30,和歌山県,3001,和歌山,R7-3001-41,在宅療養支援,在支
R7,30,和歌山県,3001,和歌山,R7-3001-42,二次救急,二次
R7,30,和歌山県,3001,和歌山,R7-3001-42,在宅療養支援,在支
R7,30,和歌山県,3001,和歌山,R7-3001-43,在宅療養支援,在支
R7,30,和歌山県,3001,和歌山,R7-3001-44,二次救急,二次
R7,30,和歌山県,3001,和歌山,R7-3001-45,二次救急,二次
R7,30,和歌山県,3001,和歌山,R7-3001-46,在宅療養支援,在支
R7,30,和歌山県,3001,和歌山,R7-3001-48,二次救急,二次
R7,30,和歌山県,3001,和歌山,R7-3001-48,在宅療養支援,在支
R7,30,和歌山県,3001,和歌山,R7-3001-56,在宅療養支援,在支
R7,30,和歌山県,3001,和歌山,R7-3001-62,在宅療養支援,在支
R7,30,和歌山県,3001,和歌山,R7-3001-69,在宅療養支援,在支
R7,30,和歌山県,3001,和歌山,R7-3001-74,在宅療養支援,在支
R7,30,和歌山県,3002,那賀,R7-3002-14,二次救急,二次
R7,30,和歌山県,3002,那賀,R7-3002-15,二次救急,二次
R7,30,和歌山県,3002,那賀,R7-3002-17,二次救急,二次
R7,30,和歌山県,3002,那賀,R7-3002-17,在宅療養支援,在支
R7,30,和歌山県,3002,那賀,R7-3002-18,二次救急,二次
R7,30,和歌山県,3002,那賀,R7-3002-18,在宅療養支援,在支
R7,30,和歌山県,3002,那賀,R7-3002-19,二次救急,二次
R7,30,和歌山県,3002,那賀,R7-3002-20,二次救急,二次
R7,30,和歌山県,3002,那賀,R7-3002-21,在宅療養支援,在支
R7,30,和歌山県,3003,橋本,R7-3003-14,二次救急,二次
R7,30,和歌山県,3003,橋本,R7-3003-15,二次救急,二次
R7,30,和歌山県,3003,橋本,R7-3003-16,二次救急,二次
R7,30,和歌山県,3003,橋本,R7-3003-17,二次救急,二次
R7,30,和歌山県,3003,橋本,R7-3003-19,在宅療養支援,在支
R7,30,和歌山県,3004,有田,R7-3004-14,二次救急,二次
R7,30,和歌山県,3004,有田,R7-3004-14,在宅療養支援,在支
R7,30,和歌山県,3004,有田,R7-3004-15,二次救急,二次
R7,30,和歌山県,3004,有田,R7-3004-16,二次救急,二次
R7,30,和歌山県,3004,有田,R7-3004-17,二次救急,二次
R7,30,和歌山県,3004,有田,R7-3004-17,在宅療養支援,在支
R7,30,和歌山県,3004,有田,R7-3004-18,在宅療養支援,在支
R7,30,和歌山県,3004,有田,R7-3004-19,在宅療養支援,在支
R7,30,和歌山県,3005,御坊,R7-3005-14,二次救急,二次
R7,30,和歌山県,3005,御坊,R7-3005-15,地域支援,地
R7,30,和歌山県,3005,御坊,R7-3005-15,二次救急,二次
R7,30,和歌山県,3005,御坊,R7-3005-16,二次救急,二次
R7,30,和歌山県,3005,御坊,R7-3005-16,在宅療養支援,在支
R7,30,和歌山県,3006,田辺,R7-3006-14,二次救急,二次
R7,30,和歌山県,3006,田辺,R7-3006-15,地域支援,地
R7,30,和歌山県,3006,田辺,R7-3006-15,三次救急,三次
R7,30,和歌山県,3006,田辺,R7-3006-15,二次救急,二次
R7,30,和歌山県,3006,田辺,R7-3006-16,二次救急,二次
R7,30,和歌山県,3006,田辺,R7-3006-17,二次救急,二次
R7,30,和歌山県,3006,田辺,R7-3006-17,在宅療養支援,在支
R7,30,和歌山県,3006,田辺,R7-3006-21,二次救急,二次
R7,30,和歌山県,3006,田辺,R7-3006-23,在宅療養支援,在支
R7,30,和歌山県,3006,田辺,R7-3006-24,在宅療養支援,在支
R7,30,和歌山県,3007,新宮,R7-3007-14,地域支援,地
R7,30,和歌山県,3007,新宮,R7-3007-14,二次救急,二次
R7,30,和歌山県,3007,新宮,R7-3007-15,二次救急,二次
R7,30,和歌山県,3007,新宮,R7-3007-16,二次救急,二次
R7,30,和歌山県,3007,新宮,R7-3007-20,在宅療養支援,在支
R7,30,和歌山県,3007,新宮,R7-3007-21,在宅療養支援,在支
R7,31,鳥取県,3101,東部,R7-3101-14,地域支援,地
R7,31,鳥取県,3101,東部,R7-3101-14,三次救急,三次
R7,31,鳥取県,3101,東部,R7-3101-14,二次救急,二次
R7,31,鳥取県,3101,東部,R7-3101-15,地域支援,地
R7,31,鳥取県,3101,東部,R7-3101-15,二次救急,二次
R7,31,鳥取県,3101,東部,R7-3101-16,地域支援,地
R7,31,鳥取県,3101,東部,R7-3101-16,二次救急,二次
R7,31,鳥取県,3101,東部,R7-3101-18,二次救急,二次
R7,31,鳥取県,3101,東部,R7-3101-20,在宅療養支援,在支
R7,31,鳥取県,3101,東部,R7-3101-22,三次救急,三次
R7,31,鳥取県,3101,東部,R7-3101-22,二次救急,二次
R7,31,鳥取県,3101,東部,R7-3101-22,在宅療養支援,在支
R7,31,鳥取県,3101,東部,R7-3101-23,二次救急,二次
R7,31,鳥取県,3101,東部,R7-3101-23,在宅療養支援,在支
R7,31,鳥取県,3101,東部,R7-3101-26,在宅療養支援,在支
R7,31,鳥取県,3102,中部,R7-3102-14,地域支援,地
R7,31,鳥取県,3102,中部,R7-3102-14,二次救急,二次
R7,31,鳥取県,3102,中部,R7-3102-15,二次救急,二次
R7,31,鳥取県,3102,中部,R7-3102-16,二次救急,二次
R7,31,鳥取県,3102,中部,R7-3102-17,二次救急,二次
R7,31,鳥取県,3102,中部,R7-3102-17,在宅療養支援,在支
R7,31,鳥取県,3102,中部,R7-3102-18,二次救急,二次
R7,31,鳥取県,3102,中部,R7-3102-19,二次救急,二次
R7,31,鳥取県,3102,中部,R7-3102-20,二次救急,二次
R7,31,鳥取県,3102,中部,R7-3102-21,二次救急,二次
R7,31,鳥取県,3102,中部,R7-3102-22,在宅療養支援,在支
R7,31,鳥取県,3103,西部,R7-3103-14,特定機能,特
R7,31,鳥取県,3103,西部,R7-3103-14,三次救急,三次
R7,31,鳥取県,3103,西部,R7-3103-15,地域支援,地
R7,31,鳥取県,3103,西部,R7-3103-15,二次救急,二次
R7,31,鳥取県,3103,西部,R7-3103-16,地域支援,地
R7,31,鳥取県,3103,西部,R7-3103-16,二次救急,二次
R7,31,鳥取県,3103,西部,R7-3103-17,二次救急,二次
R7,31,鳥取県,3103,西部,R7-3103-17,在宅療養支援,在支
R7,31,鳥取県,3103,西部,R7-3103-18,二次救急,二次
R7,31,鳥取県,3103,西部,R7-3103-20,二次救急,二次
R7,31,鳥取県,3103,西部,R7-3103-21,二次救急,二次
R7,31,鳥取県,3103,西部,R7-3103-21,在宅療養支援,在支
R7,31,鳥取県,3103,西部,R7-3103-22,二次救急,二次
R7,31,鳥取県,3103,西部,R7-3103-22,在宅療養支援,在支
R7,31,鳥取県,3103,西部,R7-3103-23,在宅療養支援,在支
R7,31,鳥取県,3103,西部,R7-3103-24,二次救急,二次
R7,31,鳥取県,3103,西部,R7-3103-24,在宅療養支援,在支
R7,31,鳥取県,3103,西部,R7-3103-25,在宅療養支援,在支
R7,31,鳥取県,3103,西部,R7-3103-36,在宅療養支援,在支
R7,31,鳥取県,3103,西部,R7-3103-42,在宅療養支援,在支
R7,31,鳥取県,3103,西部,R7-3103-43,在宅療養支援,在支
R7,32,島根県,3201,松江,R7-3201-14,地域支援,地
R7,32,島根県,3201,松江,R7-3201-14,三次救急,三次
R7,32,島根県,3201,松江,R7-3201-14,二次救急,二次
R7,32,島根県,3201,松江,R7-3201-15,二次救急,二次
R7,32,島根県,3201,松江,R7-3201-17,地域支援,地
R7,32,島根県,3201,松江,R7-3201-17,二次救急,二次
R7,32,島根県,3201,松江,R7-3201-18,二次救急,二次
R7,32,島根県,3201,松江,R7-3201-19,二次救急,二次
R7,32,島根県,3201,松江,R7-3201-20,在宅療養支援,在支
R7,32,島根県,3201,松江,R7-3201-21,二次救急,二次
R7,32,島根県,3201,松江,R7-3201-21,在宅療養支援,在支
R7,32,島根県,3201,松江,R7-3201-22,二次救急,二次
R7,32,島根県,3201,松江,R7-3201-22,在宅療養支援,在支
R7,32,島根県,3202,雲南,R7-3202-14,二次救急,二次
R7,32,島根県,3202,雲南,R7-3202-15,二次救急,二次
R7,32,島根県,3202,雲南,R7-3202-15,在宅療養支援,在支
R7,32,島根県,3202,雲南,R7-3202-16,二次救急,二次
R7,32,島根県,3202,雲南,R7-3202-17,二次救急,二次
R7,32,島根県,3203,出雲,R7-3203-14,特定機能,特
R7,32,島根県,3203,出雲,R7-3203-14,三次救急,三次
R7,32,島根県,3203,出雲,R7-3203-14,二次救急,二次
R7,32,島根県,3203,出雲,R7-3203-15,地域支援,地
R7,32,島根県,3203,出雲,R7-3203-15,三次救急,三次
R7,32,島根県,3203,出雲,R7-3203-15,二次救急,二次
R7,32,島根県,3203,出雲,R7-3203-17,二次救急,二次
R7,32,島根県,3203,出雲,R7-3203-17,在宅療養支援,在支
R7,32,島根県,3203,出雲,R7-3203-18,二次救急,二次
R7,32,島根県,3203,出雲,R7-3203-18,在宅療養支援,在支
R7,32,島根県,3203,出雲,R7-3203-19,二次救急,二次
R7,32,島根県,3203,出雲,R7-3203-19,在宅療養支援,在支
R7,32,島根県,3203,出雲,R7-3203-20,在宅療養支援,在支
R7,32,島根県,3203,出雲,R7-3203-31,在宅療養支援,在支
R7,32,島根県,3204,大田,R7-3204-14,二次救急,二次
R7,32,島根県,3204,大田,R7-3204-15,二次救急,二次
R7,32,島根県,3204,大田,R7-3204-16,在宅療養支援,在支
R7,32,島根県,3204,大田,R7-3204-17,在宅療養支援,在支
R7,32,島根県,3204,大田,R7-3204-18,在宅療養支援,在支
R7,32,島根県,3205,浜田,R7-3205-14,地域支援,地
R7,32,島根県,3205,浜田,R7-3205-14,三次救急,三次
R7,32,島根県,3205,浜田,R7-3205-14,二次救急,二次
R7,32,島根県,3205,浜田,R7-3205-15,三次救急,三次
R7,32,島根県,3205,浜田,R7-3205-15,二次救急,二次
R7,32,島根県,3206,益田,R7-3206-14,地域支援,地
R7,32,島根県,3206,益田,R7-3206-14,二次救急,二次
R7,32,島根県,3206,益田,R7-3206-15,地域支援,地
R7,32,島根県,3206,益田,R7-3206-15,二次救急,二次
R7,32,島根県,3206,益田,R7-3206-16,在宅療養支援,在支
R7,32,島根県,3206,益田,R7-3206-17,在宅療養支援,在支
R7,32,島根県,3207,隠岐,R7-3207-14,二次救急,二次
R7,32,島根県,3207,隠岐,R7-3207-14,在宅療養支援,在支
R7,32,島根県,3207,隠岐,R7-3207-15,二次救急,二次
R7,32,島根県,3207,隠岐,R7-3207-15,在宅療養支援,在支
R7,33,岡山県,3301,県南東部,R7-3301-14,特定機能,特
R7,33,岡山県,3301,県南東部,R7-3301-14,三次救急,三次
R7,33,岡山県,3301,県南東部,R7-3301-15,地域支援,地
R7,33,岡山県,3301,県南東部,R7-3301-15,二次救急,二次
R7,33,岡山県,3301,県南東部,R7-3301-16,地域支援,地
R7,33,岡山県,3301,県南東部,R7-3301-16,二次救急,二次
R7,33,岡山県,3301,県南東部,R7-3301-17,地域支援,地
R7,33,岡山県,3301,県南東部,R7-3301-17,三次救急,三次
R7,33,岡山県,3301,県南東部,R7-3301-17,二次救急,二次
R7,33,岡山県,3301,県南東部,R7-3301-18,地域支援,地
R7,33,岡山県,3301,県南東部,R7-3301-18,二次救急,二次
R7,33,岡山県,3301,県南東部,R7-3301-20,地域支援,地
R7,33,岡山県,3301,県南東部,R7-3301-20,二次救急,二次
R7,33,岡山県,3301,県南東部,R7-3301-21,地域支援,地
R7,33,岡山県,3301,県南東部,R7-3301-21,二次救急,二次
R7,33,岡山県,3301,県南東部,R7-3301-22,二次救急,二次
R7,33,岡山県,3301,県南東部,R7-3301-23,地域支援,地
R7,33,岡山県,3301,県南東部,R7-3301-23,二次救急,二次
R7,33,岡山県,3301,県南東部,R7-3301-25,地域支援,地
R7,33,岡山県,3301,県南東部,R7-3301-25,二次救急,二次
R7,33,岡山県,3301,県南東部,R7-3301-26,地域支援,地
R7,33,岡山県,3301,県南東部,R7-3301-26,二次救急,二次
R7,33,岡山県,3301,県南東部,R7-3301-27,地域支援,地
R7,33,岡山県,3301,県南東部,R7-3301-27,二次救急,二次
R7,33,岡山県,3301,県南東部,R7-3301-28,二次救急,二次
R7,33,岡山県,3301,県南東部,R7-3301-28,在宅療養支援,在支
R7,33,岡山県,3301,県南東部,R7-3301-29,二次救急,二次
R7,33,岡山県,3301,県南東部,R7-3301-29,在宅療養支援,在支
R7,33,岡山県,3301,県南東部,R7-3301-30,二次救急,二次
R7,33,岡山県,3301,県南東部,R7-3301-30,在宅療養支援,在支
R7,33,岡山県,3301,県南東部,R7-3301-31,二次救急,二次
R7,33,岡山県,3301,県南東部,R7-3301-31,在宅療養支援,在支
R7,33,岡山県,3301,県南東部,R7-3301-33,二次救急,二次
R7,33,岡山県,3301,県南東部,R7-3301-33,在宅療養支援,在支
R7,33,岡山県,3301,県南東部,R7-3301-35,二次救急,二次
R7,33,岡山県,3301,県南東部,R7-3301-36,二次救急,二次
R7,33,岡山県,3301,県南東部,R7-3301-37,在宅療養支援,在支
R7,33,岡山県,3301,県南東部,R7-3301-38,在宅療養支援,在支
R7,33,岡山県,3301,県南東部,R7-3301-41,二次救急,二次
R7,33,岡山県,3301,県南東部,R7-3301-42,在宅療養支援,在支
R7,33,岡山県,3301,県南東部,R7-3301-43,二次救急,二次
R7,33,岡山県,3301,県南東部,R7-3301-45,二次救急,二次
R7,33,岡山県,3301,県南東部,R7-3301-45,在宅療養支援,在支
R7,33,岡山県,3301,県南東部,R7-3301-46,二次救急,二次
R7,33,岡山県,3301,県南東部,R7-3301-46,在宅療養支援,在支
R7,33,岡山県,3301,県南東部,R7-3301-47,二次救急,二次
R7,33,岡山県,3301,県南東部,R7-3301-47,在宅療養支援,在支
R7,33,岡山県,3301,県南東部,R7-3301-48,二次救急,二次
R7,33,岡山県,3301,県南東部,R7-3301-48,在宅療養支援,在支
R7,33,岡山県,3301,県南東部,R7-3301-50,二次救急,二次
R7,33,岡山県,3301,県南東部,R7-3301-50,在宅療養支援,在支
R7,33,岡山県,3301,県南東部,R7-3301-53,二次救急,二次
R7,33,岡山県,3301,県南東部,R7-3301-53,在宅療養支援,在支
R7,33,岡山県,3301,県南東部,R7-3301-54,在宅療養支援,在支
R7,33,岡山県,3301,県南東部,R7-3301-55,在宅療養支援,在支
R7,33,岡山県,3301,県南東部,R7-3301-56,二次救急,二次
R7,33,岡山県,3301,県南東部,R7-3301-56,在宅療養支援,在支
R7,33,岡山県,3301,県南東部,R7-3301-57,二次救急,二次
R7,33,岡山県,3301,県南東部,R7-3301-59,二次救急,二次
R7,33,岡山県,3301,県南東部,R7-3301-59,在宅療養支援,在支
R7,33,岡山県,3301,県南東部,R7-3301-60,二次救急,二次
R7,33,岡山県,3301,県南東部,R7-3301-60,在宅療養支援,在支
R7,33,岡山県,3301,県南東部,R7-3301-63,二次救急,二次
R7,33,岡山県,3301,県南東部,R7-3301-64,二次救急,二次
R7,33,岡山県,3301,県南東部,R7-3301-65,在宅療養支援,在支
R7,33,岡山県,3301,県南東部,R7-3301-67,二次救急,二次
R7,33,岡山県,3301,県南東部,R7-3301-67,在宅療養支援,在支
R7,33,岡山県,3301,県南東部,R7-3301-69,在宅療養支援,在支
R7,33,岡山県,3301,県南東部,R7-3301-70,二次救急,二次
R7,33,岡山県,3301,県南東部,R7-3301-70,在宅療養支援,在支
R7,33,岡山県,3301,県南東部,R7-3301-71,二次救急,二次
R7,33,岡山県,3301,県南東部,R7-3301-73,二次救急,二次
R7,33,岡山県,3301,県南東部,R7-3301-74,在宅療養支援,在支
R7,33,岡山県,3301,県南東部,R7-3301-75,二次救急,二次
R7,33,岡山県,3301,県南東部,R7-3301-77,二次救急,二次
R7,33,岡山県,3301,県南東部,R7-3301-77,在宅療養支援,在支
R7,33,岡山県,3301,県南東部,R7-3301-88,在宅療養支援,在支
R7,33,岡山県,3301,県南東部,R7-3301-91,在宅療養支援,在支
R7,33,岡山県,3301,県南東部,R7-3301-93,在宅療養支援,在支
R7,33,岡山県,3301,県南東部,R7-3301-95,在宅療養支援,在支
R7,33,岡山県,3301,県南東部,R7-3301-98,在宅療養支援,在支
R7,33,岡山県,3301,県南東部,R7-3301-101,在宅療養支援,在支
R7,33,岡山県,3301,県南東部,R7-3301-102,在宅療養支援,在支
R7,33,岡山県,3301,県南東部,R7-3301-105,在宅療養支援,在支
R7,33,岡山県,3301,県南東部,R7-3301-106,在宅療養支援,在支
R7,33,岡山県,3301,県南東部,R7-3301-108,在宅療養支援,在支
R7,33,岡山県,3301,県南東部,R7-3301-124,在宅療養支援,在支
R7,33,岡山県,3302,県南西部,R7-3302-14,地域支援,地
R7,33,岡山県,3302,県南西部,R7-3302-14,三次救急,三次
R7,33,岡山県,3302,県南西部,R7-3302-14,二次救急,二次
R7,33,岡山県,3302,県南西部,R7-3302-15,特定機能,特
R7,33,岡山県,3302,県南西部,R7-3302-15,三次救急,三次
R7,33,岡山県,3302,県南西部,R7-3302-15,二次救急,二次
R7,33,岡山県,3302,県南西部,R7-3302-16,二次救急,二次
R7,33,岡山県,3302,県南西部,R7-3302-17,二次救急,二次
R7,33,岡山県,3302,県南西部,R7-3302-18,二次救急,二次
R7,33,岡山県,3302,県南西部,R7-3302-19,二次救急,二次
R7,33,岡山県,3302,県南西部,R7-3302-21,二次救急,二次
R7,33,岡山県,3302,県南西部,R7-3302-22,二次救急,二次
R7,33,岡山県,3302,県南西部,R7-3302-22,在宅療養支援,在支
R7,33,岡山県,3302,県南西部,R7-3302-23,二次救急,二次
R7,33,岡山県,3302,県南西部,R7-3302-23,在宅療養支援,在支
R7,33,岡山県,3302,県南西部,R7-3302-24,二次救急,二次
R7,33,岡山県,3302,県南西部,R7-3302-24,在宅療養支援,在支
R7,33,岡山県,3302,県南西部,R7-3302-25,二次救急,二次
R7,33,岡山県,3302,県南西部,R7-3302-25,在宅療養支援,在支
R7,33,岡山県,3302,県南西部,R7-3302-26,二次救急,二次
R7,33,岡山県,3302,県南西部,R7-3302-26,在宅療養支援,在支
R7,33,岡山県,3302,県南西部,R7-3302-27,二次救急,二次
R7,33,岡山県,3302,県南西部,R7-3302-27,在宅療養支援,在支
R7,33,岡山県,3302,県南西部,R7-3302-28,二次救急,二次
R7,33,岡山県,3302,県南西部,R7-3302-28,在宅療養支援,在支
R7,33,岡山県,3302,県南西部,R7-3302-29,二次救急,二次
R7,33,岡山県,3302,県南西部,R7-3302-30,二次救急,二次
R7,33,岡山県,3302,県南西部,R7-3302-30,在宅療養支援,在支
R7,33,岡山県,3302,県南西部,R7-3302-31,二次救急,二次
R7,33,岡山県,3302,県南西部,R7-3302-31,在宅療養支援,在支
R7,33,岡山県,3302,県南西部,R7-3302-32,二次救急,二次
R7,33,岡山県,3302,県南西部,R7-3302-32,在宅療養支援,在支
R7,33,岡山県,3302,県南西部,R7-3302-33,三次救急,三次
R7,33,岡山県,3302,県南西部,R7-3302-34,二次救急,二次
R7,33,岡山県,3302,県南西部,R7-3302-34,在宅療養支援,在支
R7,33,岡山県,3302,県南西部,R7-3302-35,二次救急,二次
R7,33,岡山県,3302,県南西部,R7-3302-35,在宅療養支援,在支
R7,33,岡山県,3302,県南西部,R7-3302-37,二次救急,二次
R7,33,岡山県,3302,県南西部,R7-3302-37,在宅療養支援,在支
R7,33,岡山県,3302,県南西部,R7-3302-39,二次救急,二次
R7,33,岡山県,3302,県南西部,R7-3302-39,在宅療養支援,在支
R7,33,岡山県,3302,県南西部,R7-3302-41,二次救急,二次
R7,33,岡山県,3302,県南西部,R7-3302-41,在宅療養支援,在支
R7,33,岡山県,3302,県南西部,R7-3302-42,二次救急,二次
R7,33,岡山県,3302,県南西部,R7-3302-42,在宅療養支援,在支
R7,33,岡山県,3302,県南西部,R7-3302-43,二次救急,二次
R7,33,岡山県,3302,県南西部,R7-3302-43,在宅療養支援,在支
R7,33,岡山県,3302,県南西部,R7-3302-44,二次救急,二次
R7,33,岡山県,3302,県南西部,R7-3302-44,在宅療養支援,在支
R7,33,岡山県,3302,県南西部,R7-3302-45,二次救急,二次
R7,33,岡山県,3302,県南西部,R7-3302-45,在宅療養支援,在支
R7,33,岡山県,3302,県南西部,R7-3302-46,二次救急,二次
R7,33,岡山県,3302,県南西部,R7-3302-47,二次救急,二次
R7,33,岡山県,3302,県南西部,R7-3302-50,在宅療養支援,在支
R7,33,岡山県,3302,県南西部,R7-3302-51,二次救急,二次
R7,33,岡山県,3302,県南西部,R7-3302-51,在宅療養支援,在支
R7,33,岡山県,3302,県南西部,R7-3302-52,在宅療養支援,在支
R7,33,岡山県,3302,県南西部,R7-3302-54,二次救急,二次
R7,33,岡山県,3302,県南西部,R7-3302-54,在宅療養支援,在支
R7,33,岡山県,3302,県南西部,R7-3302-55,在宅療養支援,在支
R7,33,岡山県,3302,県南西部,R7-3302-56,在宅療養支援,在支
R7,33,岡山県,3302,県南西部,R7-3302-57,二次救急,二次
R7,33,岡山県,3302,県南西部,R7-3302-57,在宅療養支援,在支
R7,33,岡山県,3302,県南西部,R7-3302-59,二次救急,二次
R7,33,岡山県,3302,県南西部,R7-3302-59,在宅療養支援,在支
R7,33,岡山県,3302,県南西部,R7-3302-60,在宅療養支援,在支
R7,33,岡山県,3302,県南西部,R7-3302-63,在宅療養支援,在支
R7,33,岡山県,3302,県南西部,R7-3302-66,在宅療養支援,在支
R7,33,岡山県,3302,県南西部,R7-3302-71,在宅療養支援,在支
R7,33,岡山県,3302,県南西部,R7-3302-74,在宅療養支援,在支
R7,33,岡山県,3302,県南西部,R7-3302-76,在宅療養支援,在支
R7,33,岡山県,3302,県南西部,R7-3302-81,在宅療養支援,在支
R7,33,岡山県,3302,県南西部,R7-3302-93,在宅療養支援,在支
R7,33,岡山県,3303,高梁・新見,R7-3303-14,二次救急,二次
R7,33,岡山県,3303,高梁・新見,R7-3303-14,在宅療養支援,在支
R7,33,岡山県,3303,高梁・新見,R7-3303-15,二次救急,二次
R7,33,岡山県,3303,高梁・新見,R7-3303-16,二次救急,二次
R7,33,岡山県,3303,高梁・新見,R7-3303-16,在宅療養支援,在支
R7,33,岡山県,3303,高梁・新見,R7-3303-17,二次救急,二次
R7,33,岡山県,3303,高梁・新見,R7-3303-18,二次救急,二次
R7,33,岡山県,3303,高梁・新見,R7-3303-19,二次救急,二次
R7,33,岡山県,3303,高梁・新見,R7-3303-19,在宅療養支援,在支
R7,33,岡山県,3303,高梁・新見,R7-3303-20,二次救急,二次
R7,33,岡山県,3304,真庭,R7-3304-14,二次救急,二次
R7,33,岡山県,3304,真庭,R7-3304-14,在宅療養支援,在支
R7,33,岡山県,3304,真庭,R7-3304-15,二次救急,二次
R7,33,岡山県,3304,真庭,R7-3304-15,在宅療養支援,在支
R7,33,岡山県,3304,真庭,R7-3304-16,二次救急,二次
R7,33,岡山県,3304,真庭,R7-3304-16,在宅療養支援,在支
R7,33,岡山県,3304,真庭,R7-3304-17,二次救急,二次
R7,33,岡山県,3304,真庭,R7-3304-18,二次救急,二次
R7,33,岡山県,3305,津山・英田,R7-3305-14,地域支援,地
R7,33,岡山県,3305,津山・英田,R7-3305-14,三次救急,三次
R7,33,岡山県,3305,津山・英田,R7-3305-14,二次救急,二次
R7,33,岡山県,3305,津山・英田,R7-3305-15,二次救急,二次
R7,33,岡山県,3305,津山・英田,R7-3305-16,二次救急,二次
R7,33,岡山県,3305,津山・英田,R7-3305-17,二次救急,二次
R7,33,岡山県,3305,津山・英田,R7-3305-17,在宅療養支援,在支
R7,33,岡山県,3305,津山・英田,R7-3305-18,二次救急,二次
R7,33,岡山県,3305,津山・英田,R7-3305-18,在宅療養支援,在支
R7,33,岡山県,3305,津山・英田,R7-3305-19,二次救急,二次
R7,33,岡山県,3305,津山・英田,R7-3305-19,在宅療養支援,在支
R7,33,岡山県,3305,津山・英田,R7-3305-22,二次救急,二次
R7,33,岡山県,3305,津山・英田,R7-3305-23,二次救急,二次
R7,33,岡山県,3305,津山・英田,R7-3305-23,在宅療養支援,在支
R7,33,岡山県,3305,津山・英田,R7-3305-24,在宅療養支援,在支
R7,33,岡山県,3305,津山・英田,R7-3305-25,在宅療養支援,在支
R7,33,岡山県,3305,津山・英田,R7-3305-27,二次救急,二次
R7,33,岡山県,3305,津山・英田,R7-3305-27,在宅療養支援,在支
R7,33,岡山県,3305,津山・英田,R7-3305-38,在宅療養支援,在支
R7,34,広島県,3401,広島,R7-3401-14,特定機能,特
R7,34,広島県,3401,広島,R7-3401-14,三次救急,三次
R7,34,広島県,3401,広島,R7-3401-14,二次救急,二次
R7,34,広島県,3401,広島,R7-3401-15,地域支援,地
R7,34,広島県,3401,広島,R7-3401-15,三次救急,三次
R7,34,広島県,3401,広島,R7-3401-15,二次救急,二次
R7,34,広島県,3401,広島,R7-3401-16,地域支援,地
R7,34,広島県,3401,広島,R7-3401-16,三次救急,三次
R7,34,広島県,3401,広島,R7-3401-16,二次救急,二次
R7,34,広島県,3401,広島,R7-3401-17,地域支援,地
R7,34,広島県,3401,広島,R7-3401-17,二次救急,二次
R7,34,広島県,3401,広島,R7-3401-18,地域支援,地
R7,34,広島県,3401,広島,R7-3401-18,三次救急,三次
R7,34,広島県,3401,広島,R7-3401-18,二次救急,二次
R7,34,広島県,3401,広島,R7-3401-19,二次救急,二次
R7,34,広島県,3401,広島,R7-3401-21,地域支援,地
R7,34,広島県,3401,広島,R7-3401-21,二次救急,二次
R7,34,広島県,3401,広島,R7-3401-22,二次救急,二次
R7,34,広島県,3401,広島,R7-3401-24,二次救急,二次
R7,34,広島県,3401,広島,R7-3401-25,二次救急,二次
R7,34,広島県,3401,広島,R7-3401-26,地域支援,地
R7,34,広島県,3401,広島,R7-3401-26,二次救急,二次
R7,34,広島県,3401,広島,R7-3401-27,二次救急,二次
R7,34,広島県,3401,広島,R7-3401-27,在宅療養支援,在支
R7,34,広島県,3401,広島,R7-3401-28,二次救急,二次
R7,34,広島県,3401,広島,R7-3401-28,在宅療養支援,在支
R7,34,広島県,3401,広島,R7-3401-30,二次救急,二次
R7,34,広島県,3401,広島,R7-3401-31,二次救急,二次
R7,34,広島県,3401,広島,R7-3401-31,在宅療養支援,在支
R7,34,広島県,3401,広島,R7-3401-32,二次救急,二次
R7,34,広島県,3401,広島,R7-3401-33,二次救急,二次
R7,34,広島県,3401,広島,R7-3401-34,二次救急,二次
R7,34,広島県,3401,広島,R7-3401-34,在宅療養支援,在支
R7,34,広島県,3401,広島,R7-3401-36,二次救急,二次
R7,34,広島県,3401,広島,R7-3401-36,在宅療養支援,在支
R7,34,広島県,3401,広島,R7-3401-39,二次救急,二次
R7,34,広島県,3401,広島,R7-3401-39,在宅療養支援,在支
R7,34,広島県,3401,広島,R7-3401-40,二次救急,二次
R7,34,広島県,3401,広島,R7-3401-41,二次救急,二次
R7,34,広島県,3401,広島,R7-3401-42,二次救急,二次
R7,34,広島県,3401,広島,R7-3401-43,二次救急,二次
R7,34,広島県,3401,広島,R7-3401-43,在宅療養支援,在支
R7,34,広島県,3401,広島,R7-3401-45,在宅療養支援,在支
R7,34,広島県,3401,広島,R7-3401-46,二次救急,二次
R7,34,広島県,3401,広島,R7-3401-46,在宅療養支援,在支
R7,34,広島県,3401,広島,R7-3401-48,二次救急,二次
R7,34,広島県,3401,広島,R7-3401-48,在宅療養支援,在支
R7,34,広島県,3401,広島,R7-3401-50,二次救急,二次
R7,34,広島県,3401,広島,R7-3401-50,在宅療養支援,在支
R7,34,広島県,3401,広島,R7-3401-53,二次救急,二次
R7,34,広島県,3401,広島,R7-3401-53,在宅療養支援,在支
R7,34,広島県,3401,広島,R7-3401-56,二次救急,二次
R7,34,広島県,3401,広島,R7-3401-56,在宅療養支援,在支
R7,34,広島県,3401,広島,R7-3401-58,在宅療養支援,在支
R7,34,広島県,3401,広島,R7-3401-62,二次救急,二次
R7,34,広島県,3401,広島,R7-3401-64,在宅療養支援,在支
R7,34,広島県,3401,広島,R7-3401-65,在宅療養支援,在支
R7,34,広島県,3401,広島,R7-3401-66,在宅療養支援,在支
R7,34,広島県,3401,広島,R7-3401-68,二次救急,二次
R7,34,広島県,3401,広島,R7-3401-68,在宅療養支援,在支
R7,34,広島県,3401,広島,R7-3401-71,二次救急,二次
R7,34,広島県,3401,広島,R7-3401-71,在宅療養支援,在支
R7,34,広島県,3401,広島,R7-3401-73,二次救急,二次
R7,34,広島県,3401,広島,R7-3401-73,在宅療養支援,在支
R7,34,広島県,3401,広島,R7-3401-76,二次救急,二次
R7,34,広島県,3401,広島,R7-3401-76,在宅療養支援,在支
R7,34,広島県,3401,広島,R7-3401-77,二次救急,二次
R7,34,広島県,3401,広島,R7-3401-79,在宅療養支援,在支
R7,34,広島県,3401,広島,R7-3401-80,二次救急,二次
R7,34,広島県,3401,広島,R7-3401-85,二次救急,二次
R7,34,広島県,3401,広島,R7-3401-87,二次救急,二次
R7,34,広島県,3401,広島,R7-3401-87,在宅療養支援,在支
R7,34,広島県,3401,広島,R7-3401-90,二次救急,二次
R7,34,広島県,3401,広島,R7-3401-91,二次救急,二次
R7,34,広島県,3401,広島,R7-3401-92,在宅療養支援,在支
R7,34,広島県,3401,広島,R7-3401-94,在宅療養支援,在支
R7,34,広島県,3401,広島,R7-3401-101,在宅療養支援,在支
R7,34,広島県,3401,広島,R7-3401-107,在宅療養支援,在支
R7,34,広島県,3401,広島,R7-3401-108,在宅療養支援,在支
R7,34,広島県,3401,広島,R7-3401-110,在宅療養支援,在支
R7,34,広島県,3401,広島,R7-3401-111,在宅療養支援,在支
R7,34,広島県,3401,広島,R7-3401-113,在宅療養支援,在支
R7,34,広島県,3401,広島,R7-3401-114,在宅療養支援,在支
R7,34,広島県,3401,広島,R7-3401-116,在宅療養支援,在支
R7,34,広島県,3401,広島,R7-3401-119,在宅療養支援,在支
R7,34,広島県,3401,広島,R7-3401-120,在宅療養支援,在支
R7,34,広島県,3401,広島,R7-3401-126,在宅療養支援,在支
R7,34,広島県,3401,広島,R7-3401-140,在宅療養支援,在支
R7,34,広島県,3401,広島,R7-3401-141,在宅療養支援,在支
R7,34,広島県,3401,広島,R7-3401-149,在宅療養支援,在支
R7,34,広島県,3401,広島,R7-3401-150,在宅療養支援,在支
R7,34,広島県,3401,広島,R7-3401-154,在宅療養支援,在支
R7,34,広島県,3402,広島西,R7-3402-14,地域支援,地
R7,34,広島県,3402,広島西,R7-3402-14,三次救急,三次
R7,34,広島県,3402,広島西,R7-3402-14,二次救急,二次
R7,34,広島県,3402,広島西,R7-3402-15,地域支援,地
R7,34,広島県,3402,広島西,R7-3402-15,二次救急,二次
R7,34,広島県,3402,広島西,R7-3402-18,在宅療養支援,在支
R7,34,広島県,3402,広島西,R7-3402-24,在宅療養支援,在支
R7,34,広島県,3403,呉,R7-3403-14,地域支援,地
R7,34,広島県,3403,呉,R7-3403-14,三次救急,三次
R7,34,広島県,3403,呉,R7-3403-14,二次救急,二次
R7,34,広島県,3403,呉,R7-3403-15,地域支援,地
R7,34,広島県,3403,呉,R7-3403-15,二次救急,二次
R7,34,広島県,3403,呉,R7-3403-16,地域支援,地
R7,34,広島県,3403,呉,R7-3403-16,二次救急,二次
R7,34,広島県,3403,呉,R7-3403-17,二次救急,二次
R7,34,広島県,3403,呉,R7-3403-18,地域支援,地
R7,34,広島県,3403,呉,R7-3403-19,二次救急,二次
R7,34,広島県,3403,呉,R7-3403-22,二次救急,二次
R7,34,広島県,3403,呉,R7-3403-22,在宅療養支援,在支
R7,34,広島県,3403,呉,R7-3403-25,在宅療養支援,在支
R7,34,広島県,3403,呉,R7-3403-26,在宅療養支援,在支
R7,34,広島県,3403,呉,R7-3403-29,二次救急,二次
R7,34,広島県,3403,呉,R7-3403-32,在宅療養支援,在支
R7,34,広島県,3403,呉,R7-3403-34,在宅療養支援,在支
R7,34,広島県,3403,呉,R7-3403-36,在宅療養支援,在支
R7,34,広島県,3403,呉,R7-3403-39,在宅療養支援,在支
R7,34,広島県,3403,呉,R7-3403-40,在宅療養支援,在支
R7,34,広島県,3403,呉,R7-3403-41,在宅療養支援,在支
R7,34,広島県,3403,呉,R7-3403-44,在宅療養支援,在支
R7,34,広島県,3403,呉,R7-3403-45,在宅療養支援,在支
R7,34,広島県,3403,呉,R7-3403-47,在宅療養支援,在支
R7,34,広島県,3404,広島中央,R7-3404-14,地域支援,地
R7,34,広島県,3404,広島中央,R7-3404-14,二次救急,二次
R7,34,広島県,3404,広島中央,R7-3404-16,二次救急,二次
R7,34,広島県,3404,広島中央,R7-3404-17,二次救急,二次
R7,34,広島県,3404,広島中央,R7-3404-17,在宅療養支援,在支
R7,34,広島県,3404,広島中央,R7-3404-18,二次救急,二次
R7,34,広島県,3404,広島中央,R7-3404-19,二次救急,二次
R7,34,広島県,3404,広島中央,R7-3404-20,二次救急,二次
R7,34,広島県,3404,広島中央,R7-3404-20,在宅療養支援,在支
R7,34,広島県,3404,広島中央,R7-3404-22,二次救急,二次
R7,34,広島県,3404,広島中央,R7-3404-22,在宅療養支援,在支
R7,34,広島県,3404,広島中央,R7-3404-23,二次救急,二次
R7,34,広島県,3404,広島中央,R7-3404-23,在宅療養支援,在支
R7,34,広島県,3404,広島中央,R7-3404-24,在宅療養支援,在支
R7,34,広島県,3404,広島中央,R7-3404-25,在宅療養支援,在支
R7,34,広島県,3404,広島中央,R7-3404-28,在宅療養支援,在支
R7,34,広島県,3404,広島中央,R7-3404-29,在宅療養支援,在支
R7,34,広島県,3404,広島中央,R7-3404-31,在宅療養支援,在支
R7,34,広島県,3404,広島中央,R7-3404-33,在宅療養支援,在支
R7,34,広島県,3404,広島中央,R7-3404-37,在宅療養支援,在支
R7,34,広島県,3405,尾三,R7-3405-14,地域支援,地
R7,34,広島県,3405,尾三,R7-3405-14,三次救急,三次
R7,34,広島県,3405,尾三,R7-3405-14,二次救急,二次
R7,34,広島県,3405,尾三,R7-3405-15,二次救急,二次
R7,34,広島県,3405,尾三,R7-3405-16,地域支援,地
R7,34,広島県,3405,尾三,R7-3405-16,二次救急,二次
R7,34,広島県,3405,尾三,R7-3405-17,二次救急,二次
R7,34,広島県,3405,尾三,R7-3405-18,地域支援,地
R7,34,広島県,3405,尾三,R7-3405-18,二次救急,二次
R7,34,広島県,3405,尾三,R7-3405-20,二次救急,二次
R7,34,広島県,3405,尾三,R7-3405-21,二次救急,二次
R7,34,広島県,3405,尾三,R7-3405-21,在宅療養支援,在支
R7,34,広島県,3405,尾三,R7-3405-22,在宅療養支援,在支
R7,34,広島県,3405,尾三,R7-3405-23,二次救急,二次
R7,34,広島県,3405,尾三,R7-3405-23,在宅療養支援,在支
R7,34,広島県,3405,尾三,R7-3405-25,二次救急,二次
R7,34,広島県,3405,尾三,R7-3405-27,二次救急,二次
R7,34,広島県,3405,尾三,R7-3405-27,在宅療養支援,在支
R7,34,広島県,3405,尾三,R7-3405-28,在宅療養支援,在支
R7,34,広島県,3405,尾三,R7-3405-29,在宅療養支援,在支
R7,34,広島県,3405,尾三,R7-3405-31,在宅療養支援,在支
R7,34,広島県,3405,尾三,R7-3405-32,在宅療養支援,在支
R7,34,広島県,3405,尾三,R7-3405-33,在宅療養支援,在支
R7,34,広島県,3405,尾三,R7-3405-35,在宅療養支援,在支
R7,34,広島県,3405,尾三,R7-3405-37,在宅療養支援,在支
R7,34,広島県,3405,尾三,R7-3405-40,在宅療養支援,在支
R7,34,広島県,3405,尾三,R7-3405-41,在宅療養支援,在支
R7,34,広島県,3406,福山・府中,R7-3406-14,地域支援,地
R7,34,広島県,3406,福山・府中,R7-3406-14,三次救急,三次
R7,34,広島県,3406,福山・府中,R7-3406-15,地域支援,地
R7,34,広島県,3406,福山・府中,R7-3406-15,二次救急,二次
R7,34,広島県,3406,福山・府中,R7-3406-17,二次救急,二次
R7,34,広島県,3406,福山・府中,R7-3406-18,地域支援,地
R7,34,広島県,3406,福山・府中,R7-3406-18,二次救急,二次
R7,34,広島県,3406,福山・府中,R7-3406-19,二次救急,二次
R7,34,広島県,3406,福山・府中,R7-3406-20,二次救急,二次
R7,34,広島県,3406,福山・府中,R7-3406-21,二次救急,二次
R7,34,広島県,3406,福山・府中,R7-3406-21,在宅療養支援,在支
R7,34,広島県,3406,福山・府中,R7-3406-22,二次救急,二次
R7,34,広島県,3406,福山・府中,R7-3406-23,二次救急,二次
R7,34,広島県,3406,福山・府中,R7-3406-23,在宅療養支援,在支
R7,34,広島県,3406,福山・府中,R7-3406-24,二次救急,二次
R7,34,広島県,3406,福山・府中,R7-3406-25,二次救急,二次
R7,34,広島県,3406,福山・府中,R7-3406-25,在宅療養支援,在支
R7,34,広島県,3406,福山・府中,R7-3406-26,二次救急,二次
R7,34,広島県,3406,福山・府中,R7-3406-26,在宅療養支援,在支
R7,34,広島県,3406,福山・府中,R7-3406-27,二次救急,二次
R7,34,広島県,3406,福山・府中,R7-3406-27,在宅療養支援,在支
R7,34,広島県,3406,福山・府中,R7-3406-28,二次救急,二次
R7,34,広島県,3406,福山・府中,R7-3406-28,在宅療養支援,在支
R7,34,広島県,3406,福山・府中,R7-3406-29,二次救急,二次
R7,34,広島県,3406,福山・府中,R7-3406-29,在宅療養支援,在支
R7,34,広島県,3406,福山・府中,R7-3406-30,在宅療養支援,在支
R7,34,広島県,3406,福山・府中,R7-3406-31,二次救急,二次
R7,34,広島県,3406,福山・府中,R7-3406-32,二次救急,二次
R7,34,広島県,3406,福山・府中,R7-3406-32,在宅療養支援,在支
R7,34,広島県,3406,福山・府中,R7-3406-33,在宅療養支援,在支
R7,34,広島県,3406,福山・府中,R7-3406-34,二次救急,二次
R7,34,広島県,3406,福山・府中,R7-3406-38,二次救急,二次
R7,34,広島県,3406,福山・府中,R7-3406-38,在宅療養支援,在支
R7,34,広島県,3406,福山・府中,R7-3406-40,在宅療養支援,在支
R7,34,広島県,3406,福山・府中,R7-3406-41,在宅療養支援,在支
R7,34,広島県,3406,福山・府中,R7-3406-42,二次救急,二次
R7,34,広島県,3406,福山・府中,R7-3406-42,在宅療養支援,在支
R7,34,広島県,3406,福山・府中,R7-3406-43,在宅療養支援,在支
R7,34,広島県,3406,福山・府中,R7-3406-45,在宅療養支援,在支
R7,34,広島県,3406,福山・府中,R7-3406-46,在宅療養支援,在支
R7,34,広島県,3406,福山・府中,R7-3406-47,在宅療養支援,在支
R7,34,広島県,3406,福山・府中,R7-3406-49,在宅療養支援,在支
R7,34,広島県,3406,福山・府中,R7-3406-51,在宅療養支援,在支
R7,34,広島県,3406,福山・府中,R7-3406-54,在宅療養支援,在支
R7,34,広島県,3406,福山・府中,R7-3406-56,在宅療養支援,在支
R7,34,広島県,3406,福山・府中,R7-3406-64,在宅療養支援,在支
R7,34,広島県,3406,福山・府中,R7-3406-68,在宅療養支援,在支
R7,34,広島県,3406,福山・府中,R7-3406-70,在宅療養支援,在支
R7,34,広島県,3407,備北,R7-3407-14,地域支援,地
R7,34,広島県,3407,備北,R7-3407-14,二次救急,二次
R7,34,広島県,3407,備北,R7-3407-16,二次救急,二次
R7,34,広島県,3407,備北,R7-3407-21,二次救急,二次
R7,34,広島県,3407,備北,R7-3407-21,在宅療養支援,在支
R7,34,広島県,3407,備北,R7-3407-23,在宅療養支援,在支
R7,34,広島県,3407,備北,R7-3407-24,在宅療養支援,在支
R7,34,広島県,3407,備北,R7-3407-25,在宅療養支援,在支
R7,35,山口県,3501,岩国,R7-3501-14,地域支援,地
R7,35,山口県,3501,岩国,R7-3501-14,三次救急,三次
R7,35,山口県,3501,岩国,R7-3501-14,二次救急,二次
R7,35,山口県,3501,岩国,R7-3501-15,地域支援,地
R7,35,山口県,3501,岩国,R7-3501-15,二次救急,二次
R7,35,山口県,3501,岩国,R7-3501-15,在宅療養支援,在支
R7,35,山口県,3501,岩国,R7-3501-23,在宅療養支援,在支
R7,35,山口県,3501,岩国,R7-3501-24,在宅療養支援,在支
R7,35,山口県,3501,岩国,R7-3501-32,在宅療養支援,在支
R7,35,山口県,3502,柳井,R7-3502-14,地域支援,地
R7,35,山口県,3502,柳井,R7-3502-14,二次救急,二次
R7,35,山口県,3502,柳井,R7-3502-18,二次救急,二次
R7,35,山口県,3502,柳井,R7-3502-20,在宅療養支援,在支
R7,35,山口県,3502,柳井,R7-3502-24,在宅療養支援,在支
R7,35,山口県,3503,周南,R7-3503-14,地域支援,地
R7,35,山口県,3503,周南,R7-3503-14,三次救急,三次
R7,35,山口県,3503,周南,R7-3503-14,二次救急,二次
R7,35,山口県,3503,周南,R7-3503-15,地域支援,地
R7,35,山口県,3503,周南,R7-3503-15,二次救急,二次
R7,35,山口県,3503,周南,R7-3503-16,二次救急,二次
R7,35,山口県,3503,周南,R7-3503-18,二次救急,二次
R7,35,山口県,3503,周南,R7-3503-21,二次救急,二次
R7,35,山口県,3503,周南,R7-3503-22,在宅療養支援,在支
R7,35,山口県,3503,周南,R7-3503-24,在宅療養支援,在支
R7,35,山口県,3503,周南,R7-3503-26,在宅療養支援,在支
R7,35,山口県,3503,周南,R7-3503-27,在宅療養支援,在支
R7,35,山口県,3503,周南,R7-3503-34,在宅療養支援,在支
R7,35,山口県,3503,周南,R7-3503-40,在宅療養支援,在支
R7,35,山口県,3504,山口・防府,R7-3504-14,地域支援,地
R7,35,山口県,3504,山口・防府,R7-3504-14,三次救急,三次
R7,35,山口県,3504,山口・防府,R7-3504-15,地域支援,地
R7,35,山口県,3504,山口・防府,R7-3504-15,二次救急,二次
R7,35,山口県,3504,山口・防府,R7-3504-16,地域支援,地
R7,35,山口県,3504,山口・防府,R7-3504-16,二次救急,二次
R7,35,山口県,3504,山口・防府,R7-3504-18,二次救急,二次
R7,35,山口県,3504,山口・防府,R7-3504-18,在宅療養支援,在支
R7,35,山口県,3504,山口・防府,R7-3504-22,二次救急,二次
R7,35,山口県,3504,山口・防府,R7-3504-22,在宅療養支援,在支
R7,35,山口県,3504,山口・防府,R7-3504-23,二次救急,二次
R7,35,山口県,3504,山口・防府,R7-3504-23,在宅療養支援,在支
R7,35,山口県,3504,山口・防府,R7-3504-24,在宅療養支援,在支
R7,35,山口県,3504,山口・防府,R7-3504-25,二次救急,二次
R7,35,山口県,3504,山口・防府,R7-3504-25,在宅療養支援,在支
R7,35,山口県,3504,山口・防府,R7-3504-26,二次救急,二次
R7,35,山口県,3504,山口・防府,R7-3504-28,二次救急,二次
R7,35,山口県,3504,山口・防府,R7-3504-29,二次救急,二次
R7,35,山口県,3504,山口・防府,R7-3504-29,在宅療養支援,在支
R7,35,山口県,3504,山口・防府,R7-3504-32,在宅療養支援,在支
R7,35,山口県,3504,山口・防府,R7-3504-34,在宅療養支援,在支
R7,35,山口県,3504,山口・防府,R7-3504-35,在宅療養支援,在支
R7,35,山口県,3504,山口・防府,R7-3504-36,在宅療養支援,在支
R7,35,山口県,3505,宇部・小野田,R7-3505-14,特定機能,特
R7,35,山口県,3505,宇部・小野田,R7-3505-14,三次救急,三次
R7,35,山口県,3505,宇部・小野田,R7-3505-15,地域支援,地
R7,35,山口県,3505,宇部・小野田,R7-3505-15,二次救急,二次
R7,35,山口県,3505,宇部・小野田,R7-3505-16,二次救急,二次
R7,35,山口県,3505,宇部・小野田,R7-3505-17,地域支援,地
R7,35,山口県,3505,宇部・小野田,R7-3505-17,二次救急,二次
R7,35,山口県,3505,宇部・小野田,R7-3505-20,二次救急,二次
R7,35,山口県,3505,宇部・小野田,R7-3505-21,在宅療養支援,在支
R7,35,山口県,3505,宇部・小野田,R7-3505-22,二次救急,二次
R7,35,山口県,3505,宇部・小野田,R7-3505-23,二次救急,二次
R7,35,山口県,3505,宇部・小野田,R7-3505-23,在宅療養支援,在支
R7,35,山口県,3505,宇部・小野田,R7-3505-25,二次救急,二次
R7,35,山口県,3505,宇部・小野田,R7-3505-25,在宅療養支援,在支
R7,35,山口県,3505,宇部・小野田,R7-3505-27,二次救急,二次
R7,35,山口県,3505,宇部・小野田,R7-3505-28,二次救急,二次
R7,35,山口県,3505,宇部・小野田,R7-3505-28,在宅療養支援,在支
R7,35,山口県,3505,宇部・小野田,R7-3505-29,在宅療養支援,在支
R7,35,山口県,3505,宇部・小野田,R7-3505-30,在宅療養支援,在支
R7,35,山口県,3505,宇部・小野田,R7-3505-32,在宅療養支援,在支
R7,35,山口県,3505,宇部・小野田,R7-3505-35,在宅療養支援,在支
R7,35,山口県,3505,宇部・小野田,R7-3505-36,在宅療養支援,在支
R7,35,山口県,3506,下関,R7-3506-14,地域支援,地
R7,35,山口県,3506,下関,R7-3506-14,三次救急,三次
R7,35,山口県,3506,下関,R7-3506-14,二次救急,二次
R7,35,山口県,3506,下関,R7-3506-16,地域支援,地
R7,35,山口県,3506,下関,R7-3506-16,二次救急,二次
R7,35,山口県,3506,下関,R7-3506-17,地域支援,地
R7,35,山口県,3506,下関,R7-3506-17,二次救急,二次
R7,35,山口県,3506,下関,R7-3506-18,地域支援,地
R7,35,山口県,3506,下関,R7-3506-18,二次救急,二次
R7,35,山口県,3506,下関,R7-3506-20,二次救急,二次
R7,35,山口県,3506,下関,R7-3506-29,在宅療養支援,在支
R7,35,山口県,3506,下関,R7-3506-36,在宅療養支援,在支
R7,35,山口県,3506,下関,R7-3506-37,在宅療養支援,在支
R7,35,山口県,3506,下関,R7-3506-40,在宅療養支援,在支
R7,35,山口県,3506,下関,R7-3506-43,在宅療養支援,在支
R7,35,山口県,3506,下関,R7-3506-48,在宅療養支援,在支
R7,35,山口県,3507,長門,R7-3507-14,二次救急,二次
R7,35,山口県,3507,長門,R7-3507-15,二次救急,二次
R7,35,山口県,3507,長門,R7-3507-16,二次救急,二次
R7,35,山口県,3508,萩,R7-3508-14,二次救急,二次
R7,35,山口県,3508,萩,R7-3508-15,二次救急,二次
R7,35,山口県,3508,萩,R7-3508-15,在宅療養支援,在支
R7,35,山口県,3508,萩,R7-3508-17,二次救急,二次
R7,36,徳島県,3601,東部,R7-3601-14,特定機能,特
R7,36,徳島県,3601,東部,R7-3601-14,三次救急,三次
R7,36,徳島県,3601,東部,R7-3601-15,地域支援,地
R7,36,徳島県,3601,東部,R7-3601-15,三次救急,三次
R7,36,徳島県,3601,東部,R7-3601-15,二次救急,二次
R7,36,徳島県,3601,東部,R7-3601-16,二次救急,二次
R7,36,徳島県,3601,東部,R7-3601-17,地域支援,地
R7,36,徳島県,3601,東部,R7-3601-17,二次救急,二次
R7,36,徳島県,3601,東部,R7-3601-18,地域支援,地
R7,36,徳島県,3601,東部,R7-3601-18,二次救急,二次
R7,36,徳島県,3601,東部,R7-3601-19,地域支援,地
R7,36,徳島県,3601,東部,R7-3601-19,二次救急,二次
R7,36,徳島県,3601,東部,R7-3601-21,二次救急,二次
R7,36,徳島県,3601,東部,R7-3601-21,在宅療養支援,在支
R7,36,徳島県,3601,東部,R7-3601-22,二次救急,二次
R7,36,徳島県,3601,東部,R7-3601-23,二次救急,二次
R7,36,徳島県,3601,東部,R7-3601-24,二次救急,二次
R7,36,徳島県,3601,東部,R7-3601-25,二次救急,二次
R7,36,徳島県,3601,東部,R7-3601-25,在宅療養支援,在支
R7,36,徳島県,3601,東部,R7-3601-27,二次救急,二次
R7,36,徳島県,3601,東部,R7-3601-29,二次救急,二次
R7,36,徳島県,3601,東部,R7-3601-30,在宅療養支援,在支
R7,36,徳島県,3601,東部,R7-3601-31,二次救急,二次
R7,36,徳島県,3601,東部,R7-3601-32,二次救急,二次
R7,36,徳島県,3601,東部,R7-3601-32,在宅療養支援,在支
R7,36,徳島県,3601,東部,R7-3601-33,二次救急,二次
R7,36,徳島県,3601,東部,R7-3601-33,在宅療養支援,在支
R7,36,徳島県,3601,東部,R7-3601-34,二次救急,二次
R7,36,徳島県,3601,東部,R7-3601-35,在宅療養支援,在支
R7,36,徳島県,3601,東部,R7-3601-36,二次救急,二次
R7,36,徳島県,3601,東部,R7-3601-36,在宅療養支援,在支
R7,36,徳島県,3601,東部,R7-3601-37,在宅療養支援,在支
R7,36,徳島県,3601,東部,R7-3601-38,在宅療養支援,在支
R7,36,徳島県,3601,東部,R7-3601-39,在宅療養支援,在支
R7,36,徳島県,3601,東部,R7-3601-40,二次救急,二次
R7,36,徳島県,3601,東部,R7-3601-40,在宅療養支援,在支
R7,36,徳島県,3601,東部,R7-3601-41,在宅療養支援,在支
R7,36,徳島県,3601,東部,R7-3601-42,二次救急,二次
R7,36,徳島県,3601,東部,R7-3601-43,在宅療養支援,在支
R7,36,徳島県,3601,東部,R7-3601-44,二次救急,二次
R7,36,徳島県,3601,東部,R7-3601-45,二次救急,二次
R7,36,徳島県,3601,東部,R7-3601-45,在宅療養支援,在支
R7,36,徳島県,3601,東部,R7-3601-46,在宅療養支援,在支
R7,36,徳島県,3601,東部,R7-3601-47,二次救急,二次
R7,36,徳島県,3601,東部,R7-3601-47,在宅療養支援,在支
R7,36,徳島県,3601,東部,R7-3601-48,在宅療養支援,在支
R7,36,徳島県,3601,東部,R7-3601-50,在宅療養支援,在支
R7,36,徳島県,3601,東部,R7-3601-51,在宅療養支援,在支
R7,36,徳島県,3601,東部,R7-3601-52,在宅療養支援,在支
R7,36,徳島県,3601,東部,R7-3601-54,在宅療養支援,在支
R7,36,徳島県,3601,東部,R7-3601-55,在宅療養支援,在支
R7,36,徳島県,3601,東部,R7-3601-56,在宅療養支援,在支
R7,36,徳島県,3601,東部,R7-3601-59,在宅療養支援,在支
R7,36,徳島県,3601,東部,R7-3601-60,在宅療養支援,在支
R7,36,徳島県,3601,東部,R7-3601-61,在宅療養支援,在支
R7,36,徳島県,3601,東部,R7-3601-62,在宅療養支援,在支
R7,36,徳島県,3601,東部,R7-3601-63,在宅療養支援,在支
R7,36,徳島県,3601,東部,R7-3601-65,在宅療養支援,在支
R7,36,徳島県,3601,東部,R7-3601-67,二次救急,二次
R7,36,徳島県,3601,東部,R7-3601-67,在宅療養支援,在支
R7,36,徳島県,3601,東部,R7-3601-71,二次救急,二次
R7,36,徳島県,3601,東部,R7-3601-73,在宅療養支援,在支
R7,36,徳島県,3601,東部,R7-3601-75,在宅療養支援,在支
R7,36,徳島県,3601,東部,R7-3601-78,在宅療養支援,在支
R7,36,徳島県,3601,東部,R7-3601-79,在宅療養支援,在支
R7,36,徳島県,3601,東部,R7-3601-81,在宅療養支援,在支
R7,36,徳島県,3601,東部,R7-3601-82,在宅療養支援,在支
R7,36,徳島県,3601,東部,R7-3601-84,在宅療養支援,在支
R7,36,徳島県,3601,東部,R7-3601-89,在宅療養支援,在支
R7,36,徳島県,3601,東部,R7-3601-91,在宅療養支援,在支
R7,36,徳島県,3601,東部,R7-3601-93,在宅療養支援,在支
R7,36,徳島県,3601,東部,R7-3601-94,在宅療養支援,在支
R7,36,徳島県,3601,東部,R7-3601-99,在宅療養支援,在支
R7,36,徳島県,3601,東部,R7-3601-100,在宅療養支援,在支
R7,36,徳島県,3601,東部,R7-3601-101,在宅療養支援,在支
R7,36,徳島県,3601,東部,R7-3601-102,在宅療養支援,在支
R7,36,徳島県,3601,東部,R7-3601-105,在宅療養支援,在支
R7,36,徳島県,3601,東部,R7-3601-106,在宅療養支援,在支
R7,36,徳島県,3601,東部,R7-3601-107,在宅療養支援,在支
R7,36,徳島県,3601,東部,R7-3601-108,在宅療養支援,在支
R7,36,徳島県,3601,東部,R7-3601-109,在宅療養支援,在支
R7,36,徳島県,3601,東部,R7-3601-110,在宅療養支援,在支
R7,36,徳島県,3601,東部,R7-3601-112,在宅療養支援,在支
R7,36,徳島県,3601,東部,R7-3601-117,在宅療養支援,在支
R7,36,徳島県,3601,東部,R7-3601-118,在宅療養支援,在支
R7,36,徳島県,3603,南部,R7-3603-14,地域支援,地
R7,36,徳島県,3603,南部,R7-3603-14,三次救急,三次
R7,36,徳島県,3603,南部,R7-3603-15,地域支援,地
R7,36,徳島県,3603,南部,R7-3603-15,二次救急,二次
R7,36,徳島県,3603,南部,R7-3603-17,二次救急,二次
R7,36,徳島県,3603,南部,R7-3603-17,在宅療養支援,在支
R7,36,徳島県,3603,南部,R7-3603-18,二次救急,二次
R7,36,徳島県,3603,南部,R7-3603-18,在宅療養支援,在支
R7,36,徳島県,3603,南部,R7-3603-19,在宅療養支援,在支
R7,36,徳島県,3603,南部,R7-3603-20,二次救急,二次
R7,36,徳島県,3603,南部,R7-3603-21,二次救急,二次
R7,36,徳島県,3603,南部,R7-3603-21,在宅療養支援,在支
R7,36,徳島県,3603,南部,R7-3603-22,二次救急,二次
R7,36,徳島県,3603,南部,R7-3603-22,在宅療養支援,在支
R7,36,徳島県,3603,南部,R7-3603-23,二次救急,二次
R7,36,徳島県,3603,南部,R7-3603-23,在宅療養支援,在支
R7,36,徳島県,3603,南部,R7-3603-24,在宅療養支援,在支
R7,36,徳島県,3603,南部,R7-3603-25,二次救急,二次
R7,36,徳島県,3603,南部,R7-3603-25,在宅療養支援,在支
R7,36,徳島県,3603,南部,R7-3603-26,二次救急,二次
R7,36,徳島県,3603,南部,R7-3603-26,在宅療養支援,在支
R7,36,徳島県,3603,南部,R7-3603-27,二次救急,二次
R7,36,徳島県,3603,南部,R7-3603-27,在宅療養支援,在支
R7,36,徳島県,3603,南部,R7-3603-29,二次救急,二次
R7,36,徳島県,3603,南部,R7-3603-30,在宅療養支援,在支
R7,36,徳島県,3603,南部,R7-3603-33,在宅療養支援,在支
R7,36,徳島県,3603,南部,R7-3603-35,在宅療養支援,在支
R7,36,徳島県,3603,南部,R7-3603-36,在宅療養支援,在支
R7,36,徳島県,3605,西部,R7-3605-14,地域支援,地
R7,36,徳島県,3605,西部,R7-3605-14,三次救急,三次
R7,36,徳島県,3605,西部,R7-3605-15,二次救急,二次
R7,36,徳島県,3605,西部,R7-3605-16,在宅療養支援,在支
R7,36,徳島県,3605,西部,R7-3605-17,二次救急,二次
R7,36,徳島県,3605,西部,R7-3605-18,二次救急,二次
R7,36,徳島県,3605,西部,R7-3605-18,在宅療養支援,在支
R7,36,徳島県,3605,西部,R7-3605-20,二次救急,二次
R7,36,徳島県,3605,西部,R7-3605-20,在宅療養支援,在支
R7,36,徳島県,3605,西部,R7-3605-22,在宅療養支援,在支
R7,36,徳島県,3605,西部,R7-3605-25,在宅療養支援,在支
R7,36,徳島県,3605,西部,R7-3605-26,在宅療養支援,在支
R7,36,徳島県,3605,西部,R7-3605-27,在宅療養支援,在支
R7,36,徳島県,3605,西部,R7-3605-28,在宅療養支援,在支
R7,36,徳島県,3605,西部,R7-3605-29,在宅療養支援,在支
R7,36,徳島県,3605,西部,R7-3605-31,在宅療養支援,在支
R7,37,香川県,3702,小豆,R7-3702-14,二次救急,二次
R7,37,香川県,3702,小豆,R7-3702-14,在宅療養支援,在支
R7,37,香川県,3706,東部,R7-3706-14,特定機能,特
R7,37,香川県,3706,東部,R7-3706-14,三次救急,三次
R7,37,香川県,3706,東部,R7-3706-15,地域支援,地
R7,37,香川県,3706,東部,R7-3706-15,三次救急,三次
R7,37,香川県,3706,東部,R7-3706-15,二次救急,二次
R7,37,香川県,3706,東部,R7-3706-16,地域支援,地
R7,37,香川県,3706,東部,R7-3706-16,二次救急,二次
R7,37,香川県,3706,東部,R7-3706-17,地域支援,地
R7,37,香川県,3706,東部,R7-3706-17,二次救急,二次
R7,37,香川県,3706,東部,R7-3706-18,二次救急,二次
R7,37,香川県,3706,東部,R7-3706-22,二次救急,二次
R7,37,香川県,3706,東部,R7-3706-23,二次救急,二次
R7,37,香川県,3706,東部,R7-3706-23,在宅療養支援,在支
R7,37,香川県,3706,東部,R7-3706-25,二次救急,二次
R7,37,香川県,3706,東部,R7-3706-26,二次救急,二次
R7,37,香川県,3706,東部,R7-3706-26,在宅療養支援,在支
R7,37,香川県,3706,東部,R7-3706-27,二次救急,二次
R7,37,香川県,3706,東部,R7-3706-27,在宅療養支援,在支
R7,37,香川県,3706,東部,R7-3706-28,二次救急,二次
R7,37,香川県,3706,東部,R7-3706-28,在宅療養支援,在支
R7,37,香川県,3706,東部,R7-3706-31,在宅療養支援,在支
R7,37,香川県,3706,東部,R7-3706-33,在宅療養支援,在支
R7,37,香川県,3706,東部,R7-3706-37,在宅療養支援,在支
R7,37,香川県,3706,東部,R7-3706-41,在宅療養支援,在支
R7,37,香川県,3706,東部,R7-3706-43,在宅療養支援,在支
R7,37,香川県,3706,東部,R7-3706-45,在宅療養支援,在支
R7,37,香川県,3706,東部,R7-3706-46,在宅療養支援,在支
R7,37,香川県,3706,東部,R7-3706-47,在宅療養支援,在支
R7,37,香川県,3706,東部,R7-3706-50,在宅療養支援,在支
R7,37,香川県,3706,東部,R7-3706-51,在宅療養支援,在支
R7,37,香川県,3706,東部,R7-3706-59,在宅療養支援,在支
R7,37,香川県,3706,東部,R7-3706-62,在宅療養支援,在支
R7,37,香川県,3706,東部,R7-3706-70,在宅療養支援,在支
R7,37,香川県,3706,東部,R7-3706-73,在宅療養支援,在支
R7,37,香川県,3706,東部,R7-3706-94,在宅療養支援,在支
R7,37,香川県,3707,西部,R7-3707-14,地域支援,地
R7,37,香川県,3707,西部,R7-3707-14,三次救急,三次
R7,37,香川県,3707,西部,R7-3707-14,二次救急,二次
R7,37,香川県,3707,西部,R7-3707-15,地域支援,地
R7,37,香川県,3707,西部,R7-3707-15,三次救急,三次
R7,37,香川県,3707,西部,R7-3707-15,二次救急,二次
R7,37,香川県,3707,西部,R7-3707-16,地域支援,地
R7,37,香川県,3707,西部,R7-3707-16,二次救急,二次
R7,37,香川県,3707,西部,R7-3707-17,地域支援,地
R7,37,香川県,3707,西部,R7-3707-17,二次救急,二次
R7,37,香川県,3707,西部,R7-3707-23,二次救急,二次
R7,37,香川県,3707,西部,R7-3707-24,二次救急,二次
R7,37,香川県,3707,西部,R7-3707-24,在宅療養支援,在支
R7,37,香川県,3707,西部,R7-3707-28,二次救急,二次
R7,37,香川県,3707,西部,R7-3707-30,二次救急,二次
R7,37,香川県,3707,西部,R7-3707-34,在宅療養支援,在支
R7,37,香川県,3707,西部,R7-3707-50,在宅療養支援,在支
R7,37,香川県,3707,西部,R7-3707-51,在宅療養支援,在支
R7,37,香川県,3707,西部,R7-3707-52,在宅療養支援,在支
R7,37,香川県,3707,西部,R7-3707-53,在宅療養支援,在支
R7,37,香川県,3707,西部,R7-3707-54,在宅療養支援,在支
R7,37,香川県,3707,西部,R7-3707-55,在宅療養支援,在支
R7,37,香川県,3707,西部,R7-3707-56,在宅療養支援,在支
R7,37,香川県,3707,西部,R7-3707-57,在宅療養支援,在支
R7,37,香川県,3707,西部,R7-3707-60,在宅療養支援,在支
R7,37,香川県,3707,西部,R7-3707-63,在宅療養支援,在支
R7,37,香川県,3707,西部,R7-3707-66,在宅療養支援,在支
R7,37,香川県,3707,西部,R7-3707-67,在宅療養支援,在支
R7,37,香川県,3707,西部,R7-3707-68,在宅療養支援,在支
R7,37,香川県,3707,西部,R7-3707-69,在宅療養支援,在支
R7,37,香川県,3707,西部,R7-3707-72,在宅療養支援,在支
R7,37,香川県,3707,西部,R7-3707-73,在宅療養支援,在支
R7,38,愛媛県,3801,宇摩,R7-3801-14,二次救急,二次
R7,38,愛媛県,3801,宇摩,R7-3801-15,二次救急,二次
R7,38,愛媛県,3801,宇摩,R7-3801-16,二次救急,二次
R7,38,愛媛県,3802,新居浜・西条,R7-3802-14,二次救急,二次
R7,38,愛媛県,3802,新居浜・西条,R7-3802-15,二次救急,二次
R7,38,愛媛県,3802,新居浜・西条,R7-3802-16,二次救急,二次
R7,38,愛媛県,3802,新居浜・西条,R7-3802-17,三次救急,三次
R7,38,愛媛県,3802,新居浜・西条,R7-3802-17,二次救急,二次
R7,38,愛媛県,3802,新居浜・西条,R7-3802-18,二次救急,二次
R7,38,愛媛県,3802,新居浜・西条,R7-3802-19,二次救急,二次
R7,38,愛媛県,3802,新居浜・西条,R7-3802-20,二次救急,二次
R7,38,愛媛県,3802,新居浜・西条,R7-3802-22,二次救急,二次
R7,38,愛媛県,3802,新居浜・西条,R7-3802-23,二次救急,二次
R7,38,愛媛県,3802,新居浜・西条,R7-3802-24,在宅療養支援,在支
R7,38,愛媛県,3802,新居浜・西条,R7-3802-25,二次救急,二次
R7,38,愛媛県,3802,新居浜・西条,R7-3802-25,在宅療養支援,在支
R7,38,愛媛県,3802,新居浜・西条,R7-3802-26,二次救急,二次
R7,38,愛媛県,3802,新居浜・西条,R7-3802-26,在宅療養支援,在支
R7,38,愛媛県,3802,新居浜・西条,R7-3802-27,在宅療養支援,在支
R7,38,愛媛県,3802,新居浜・西条,R7-3802-30,二次救急,二次
R7,38,愛媛県,3802,新居浜・西条,R7-3802-32,在宅療養支援,在支
R7,38,愛媛県,3802,新居浜・西条,R7-3802-35,在宅療養支援,在支
R7,38,愛媛県,3802,新居浜・西条,R7-3802-41,在宅療養支援,在支
R7,38,愛媛県,3803,今治,R7-3803-14,二次救急,二次
R7,38,愛媛県,3803,今治,R7-3803-15,二次救急,二次
R7,38,愛媛県,3803,今治,R7-3803-15,在宅療養支援,在支
R7,38,愛媛県,3803,今治,R7-3803-16,二次救急,二次
R7,38,愛媛県,3803,今治,R7-3803-18,二次救急,二次
R7,38,愛媛県,3803,今治,R7-3803-18,在宅療養支援,在支
R7,38,愛媛県,3803,今治,R7-3803-19,在宅療養支援,在支
R7,38,愛媛県,3803,今治,R7-3803-20,二次救急,二次
R7,38,愛媛県,3803,今治,R7-3803-21,二次救急,二次
R7,38,愛媛県,3803,今治,R7-3803-22,二次救急,二次
R7,38,愛媛県,3803,今治,R7-3803-22,在宅療養支援,在支
R7,38,愛媛県,3803,今治,R7-3803-24,二次救急,二次
R7,38,愛媛県,3803,今治,R7-3803-26,在宅療養支援,在支
R7,38,愛媛県,3803,今治,R7-3803-30,在宅療養支援,在支
R7,38,愛媛県,3803,今治,R7-3803-34,二次救急,二次
R7,38,愛媛県,3803,今治,R7-3803-37,在宅療養支援,在支
R7,38,愛媛県,3803,今治,R7-3803-38,在宅療養支援,在支
R7,38,愛媛県,3803,今治,R7-3803-39,在宅療養支援,在支
R7,38,愛媛県,3803,今治,R7-3803-40,在宅療養支援,在支
R7,38,愛媛県,3803,今治,R7-3803-43,在宅療養支援,在支
R7,38,愛媛県,3803,今治,R7-3803-45,在宅療養支援,在支
R7,38,愛媛県,3804,松山,R7-3804-14,地域支援,地
R7,38,愛媛県,3804,松山,R7-3804-14,三次救急,三次
R7,38,愛媛県,3804,松山,R7-3804-14,二次救急,二次
R7,38,愛媛県,3804,松山,R7-3804-15,特定機能,特
R7,38,愛媛県,3804,松山,R7-3804-15,三次救急,三次
R7,38,愛媛県,3804,松山,R7-3804-16,地域支援,地
R7,38,愛媛県,3804,松山,R7-3804-16,二次救急,二次
R7,38,愛媛県,3804,松山,R7-3804-17,二次救急,二次
R7,38,愛媛県,3804,松山,R7-3804-20,二次救急,二次
R7,38,愛媛県,3804,松山,R7-3804-23,二次救急,二次
R7,38,愛媛県,3804,松山,R7-3804-25,二次救急,二次
R7,38,愛媛県,3804,松山,R7-3804-25,在宅療養支援,在支
R7,38,愛媛県,3804,松山,R7-3804-26,二次救急,二次
R7,38,愛媛県,3804,松山,R7-3804-28,在宅療養支援,在支
R7,38,愛媛県,3804,松山,R7-3804-29,在宅療養支援,在支
R7,38,愛媛県,3804,松山,R7-3804-31,在宅療養支援,在支
R7,38,愛媛県,3804,松山,R7-3804-36,二次救急,二次
R7,38,愛媛県,3804,松山,R7-3804-36,在宅療養支援,在支
R7,38,愛媛県,3804,松山,R7-3804-38,二次救急,二次
R7,38,愛媛県,3804,松山,R7-3804-38,在宅療養支援,在支
R7,38,愛媛県,3804,松山,R7-3804-39,二次救急,二次
R7,38,愛媛県,3804,松山,R7-3804-39,在宅療養支援,在支
R7,38,愛媛県,3804,松山,R7-3804-40,二次救急,二次
R7,38,愛媛県,3804,松山,R7-3804-41,在宅療養支援,在支
R7,38,愛媛県,3804,松山,R7-3804-42,二次救急,二次
R7,38,愛媛県,3804,松山,R7-3804-43,在宅療養支援,在支
R7,38,愛媛県,3804,松山,R7-3804-44,二次救急,二次
R7,38,愛媛県,3804,松山,R7-3804-44,在宅療養支援,在支
R7,38,愛媛県,3804,松山,R7-3804-45,在宅療養支援,在支
R7,38,愛媛県,3804,松山,R7-3804-46,在宅療養支援,在支
R7,38,愛媛県,3804,松山,R7-3804-47,在宅療養支援,在支
R7,38,愛媛県,3804,松山,R7-3804-51,在宅療養支援,在支
R7,38,愛媛県,3804,松山,R7-3804-52,二次救急,二次
R7,38,愛媛県,3804,松山,R7-3804-53,二次救急,二次
R7,38,愛媛県,3804,松山,R7-3804-54,二次救急,二次
R7,38,愛媛県,3804,松山,R7-3804-54,在宅療養支援,在支
R7,38,愛媛県,3804,松山,R7-3804-55,二次救急,二次
R7,38,愛媛県,3804,松山,R7-3804-55,在宅療養支援,在支
R7,38,愛媛県,3804,松山,R7-3804-56,在宅療養支援,在支
R7,38,愛媛県,3804,松山,R7-3804-60,在宅療養支援,在支
R7,38,愛媛県,3804,松山,R7-3804-61,在宅療養支援,在支
R7,38,愛媛県,3804,松山,R7-3804-64,在宅療養支援,在支
R7,38,愛媛県,3804,松山,R7-3804-68,在宅療養支援,在支
R7,38,愛媛県,3804,松山,R7-3804-75,在宅療養支援,在支
R7,38,愛媛県,3804,松山,R7-3804-77,在宅療養支援,在支
R7,38,愛媛県,3804,松山,R7-3804-88,在宅療養支援,在支
R7,38,愛媛県,3804,松山,R7-3804-91,在宅療養支援,在支
R7,38,愛媛県,3804,松山,R7-3804-94,在宅療養支援,在支
R7,38,愛媛県,3804,松山,R7-3804-95,在宅療養支援,在支
R7,38,愛媛県,3804,松山,R7-3804-97,在宅療養支援,在支
R7,38,愛媛県,3804,松山,R7-3804-98,在宅療養支援,在支
R7,38,愛媛県,3804,松山,R7-3804-103,在宅療養支援,在支
R7,38,愛媛県,3804,松山,R7-3804-109,在宅療養支援,在支
R7,38,愛媛県,3804,松山,R7-3804-113,在宅療養支援,在支
R7,38,愛媛県,3804,松山,R7-3804-114,在宅療養支援,在支
R7,38,愛媛県,3805,八幡浜・大洲,R7-3805-14,二次救急,二次
R7,38,愛媛県,3805,八幡浜・大洲,R7-3805-15,地域支援,地
R7,38,愛媛県,3805,八幡浜・大洲,R7-3805-15,二次救急,二次
R7,38,愛媛県,3805,八幡浜・大洲,R7-3805-16,二次救急,二次
R7,38,愛媛県,3805,八幡浜・大洲,R7-3805-17,二次救急,二次
R7,38,愛媛県,3805,八幡浜・大洲,R7-3805-17,在宅療養支援,在支
R7,38,愛媛県,3805,八幡浜・大洲,R7-3805-18,二次救急,二次
R7,38,愛媛県,3805,八幡浜・大洲,R7-3805-18,在宅療養支援,在支
R7,38,愛媛県,3805,八幡浜・大洲,R7-3805-20,二次救急,二次
R7,38,愛媛県,3805,八幡浜・大洲,R7-3805-20,在宅療養支援,在支
R7,38,愛媛県,3805,八幡浜・大洲,R7-3805-21,二次救急,二次
R7,38,愛媛県,3805,八幡浜・大洲,R7-3805-22,在宅療養支援,在支
R7,38,愛媛県,3805,八幡浜・大洲,R7-3805-27,在宅療養支援,在支
R7,38,愛媛県,3805,八幡浜・大洲,R7-3805-32,在宅療養支援,在支
R7,38,愛媛県,3806,宇和島,R7-3806-14,地域支援,地
R7,38,愛媛県,3806,宇和島,R7-3806-14,三次救急,三次
R7,38,愛媛県,3806,宇和島,R7-3806-14,二次救急,二次
R7,38,愛媛県,3806,宇和島,R7-3806-15,二次救急,二次
R7,38,愛媛県,3806,宇和島,R7-3806-16,二次救急,二次
R7,38,愛媛県,3806,宇和島,R7-3806-16,在宅療養支援,在支
R7,38,愛媛県,3806,宇和島,R7-3806-17,二次救急,二次
R7,38,愛媛県,3806,宇和島,R7-3806-19,二次救急,二次
R7,38,愛媛県,3806,宇和島,R7-3806-19,在宅療養支援,在支
R7,38,愛媛県,3806,宇和島,R7-3806-21,二次救急,二次
R7,38,愛媛県,3806,宇和島,R7-3806-21,在宅療養支援,在支
R7,38,愛媛県,3806,宇和島,R7-3806-26,在宅療養支援,在支
R7,38,愛媛県,3806,宇和島,R7-3806-28,在宅療養支援,在支
R7,38,愛媛県,3806,宇和島,R7-3806-31,在宅療養支援,在支
R7,39,高知県,3901,安芸,R7-3901-14,二次救急,二次
R7,39,高知県,3901,安芸,R7-3901-15,二次救急,二次
R7,39,高知県,3901,安芸,R7-3901-15,在宅療養支援,在支
R7,39,高知県,3901,安芸,R7-3901-17,二次救急,二次
R7,39,高知県,3901,安芸,R7-3901-20,在宅療養支援,在支
R7,39,高知県,3901,安芸,R7-3901-22,在宅療養支援,在支
R7,39,高知県,3902,中央,R7-3902-14,特定機能,特
R7,39,高知県,3902,中央,R7-3902-14,二次救急,二次
R7,39,高知県,3902,中央,R7-3902-15,地域支援,地
R7,39,高知県,3902,中央,R7-3902-15,三次救急,三次
R7,39,高知県,3902,中央,R7-3902-15,二次救急,二次
R7,39,高知県,3902,中央,R7-3902-16,地域支援,地
R7,39,高知県,3902,中央,R7-3902-16,三次救急,三次
R7,39,高知県,3902,中央,R7-3902-16,二次救急,二次
R7,39,高知県,3902,中央,R7-3902-17,地域支援,地
R7,39,高知県,3902,中央,R7-3902-17,三次救急,三次
R7,39,高知県,3902,中央,R7-3902-17,二次救急,二次
R7,39,高知県,3902,中央,R7-3902-18,二次救急,二次
R7,39,高知県,3902,中央,R7-3902-19,二次救急,二次
R7,39,高知県,3902,中央,R7-3902-20,二次救急,二次
R7,39,高知県,3902,中央,R7-3902-22,二次救急,二次
R7,39,高知県,3902,中央,R7-3902-30,二次救急,二次
R7,39,高知県,3902,中央,R7-3902-30,在宅療養支援,在支
R7,39,高知県,3902,中央,R7-3902-31,二次救急,二次
R7,39,高知県,3902,中央,R7-3902-32,二次救急,二次
R7,39,高知県,3902,中央,R7-3902-32,在宅療養支援,在支
R7,39,高知県,3902,中央,R7-3902-34,二次救急,二次
R7,39,高知県,3902,中央,R7-3902-34,在宅療養支援,在支
R7,39,高知県,3902,中央,R7-3902-35,二次救急,二次
R7,39,高知県,3902,中央,R7-3902-35,在宅療養支援,在支
R7,39,高知県,3902,中央,R7-3902-37,在宅療養支援,在支
R7,39,高知県,3902,中央,R7-3902-40,二次救急,二次
R7,39,高知県,3902,中央,R7-3902-40,在宅療養支援,在支
R7,39,高知県,3902,中央,R7-3902-42,二次救急,二次
R7,39,高知県,3902,中央,R7-3902-43,二次救急,二次
R7,39,高知県,3902,中央,R7-3902-46,在宅療養支援,在支
R7,39,高知県,3902,中央,R7-3902-47,二次救急,二次
R7,39,高知県,3902,中央,R7-3902-47,在宅療養支援,在支
R7,39,高知県,3902,中央,R7-3902-48,二次救急,二次
R7,39,高知県,3902,中央,R7-3902-50,二次救急,二次
R7,39,高知県,3902,中央,R7-3902-50,在宅療養支援,在支
R7,39,高知県,3902,中央,R7-3902-53,二次救急,二次
R7,39,高知県,3902,中央,R7-3902-53,在宅療養支援,在支
R7,39,高知県,3902,中央,R7-3902-58,在宅療養支援,在支
R7,39,高知県,3902,中央,R7-3902-60,在宅療養支援,在支
R7,39,高知県,3902,中央,R7-3902-62,在宅療養支援,在支
R7,39,高知県,3902,中央,R7-3902-63,二次救急,二次
R7,39,高知県,3902,中央,R7-3902-63,在宅療養支援,在支
R7,39,高知県,3902,中央,R7-3902-64,二次救急,二次
R7,39,高知県,3902,中央,R7-3902-68,二次救急,二次
R7,39,高知県,3902,中央,R7-3902-72,二次救急,二次
R7,39,高知県,3902,中央,R7-3902-73,二次救急,二次
R7,39,高知県,3902,中央,R7-3902-77,二次救急,二次
R7,39,高知県,3902,中央,R7-3902-78,二次救急,二次
R7,39,高知県,3902,中央,R7-3902-80,二次救急,二次
R7,39,高知県,3902,中央,R7-3902-81,在宅療養支援,在支
R7,39,高知県,3902,中央,R7-3902-83,在宅療養支援,在支
R7,39,高知県,3902,中央,R7-3902-84,在宅療養支援,在支
R7,39,高知県,3902,中央,R7-3902-85,二次救急,二次
R7,39,高知県,3902,中央,R7-3902-87,在宅療養支援,在支
R7,39,高知県,3902,中央,R7-3902-93,在宅療養支援,在支
R7,39,高知県,3902,中央,R7-3902-98,在宅療養支援,在支
R7,39,高知県,3902,中央,R7-3902-107,在宅療養支援,在支
R7,39,高知県,3902,中央,R7-3902-117,在宅療養支援,在支
R7,39,高知県,3902,中央,R7-3902-118,在宅療養支援,在支
R7,39,高知県,3902,中央,R7-3902-121,在宅療養支援,在支
R7,39,高知県,3903,高幡,R7-3903-14,二次救急,二次
R7,39,高知県,3903,高幡,R7-3903-14,在宅療養支援,在支
R7,39,高知県,3903,高幡,R7-3903-15,二次救急,二次
R7,39,高知県,3903,高幡,R7-3903-15,在宅療養支援,在支
R7,39,高知県,3903,高幡,R7-3903-16,二次救急,二次
R7,39,高知県,3903,高幡,R7-3903-16,在宅療養支援,在支
R7,39,高知県,3904,幡多,R7-3904-14,二次救急,二次
R7,39,高知県,3904,幡多,R7-3904-15,二次救急,二次
R7,39,高知県,3904,幡多,R7-3904-16,二次救急,二次
R7,39,高知県,3904,幡多,R7-3904-17,二次救急,二次
R7,39,高知県,3904,幡多,R7-3904-17,在宅療養支援,在支
R7,39,高知県,3904,幡多,R7-3904-18,二次救急,二次
R7,39,高知県,3904,幡多,R7-3904-20,在宅療養支援,在支
R7,39,高知県,3904,幡多,R7-3904-23,在宅療養支援,在支
R7,39,高知県,3904,幡多,R7-3904-25,二次救急,二次
R7,39,高知県,3904,幡多,R7-3904-26,在宅療養支援,在支
R7,39,高知県,3904,幡多,R7-3904-27,二次救急,二次
R7,40,福岡県,4001,福岡・糸島,R7-4001-14,特定機能,特
R7,40,福岡県,4001,福岡・糸島,R7-4001-14,三次救急,三次
R7,40,福岡県,4001,福岡・糸島,R7-4001-14,二次救急,二次
R7,40,福岡県,4001,福岡・糸島,R7-4001-15,特定機能,特
R7,40,福岡県,4001,福岡・糸島,R7-4001-15,三次救急,三次
R7,40,福岡県,4001,福岡・糸島,R7-4001-15,二次救急,二次
R7,40,福岡県,4001,福岡・糸島,R7-4001-16,地域支援,地
R7,40,福岡県,4001,福岡・糸島,R7-4001-16,三次救急,三次
R7,40,福岡県,4001,福岡・糸島,R7-4001-16,二次救急,二次
R7,40,福岡県,4001,福岡・糸島,R7-4001-17,地域支援,地
R7,40,福岡県,4001,福岡・糸島,R7-4001-17,二次救急,二次
R7,40,福岡県,4001,福岡・糸島,R7-4001-18,地域支援,地
R7,40,福岡県,4001,福岡・糸島,R7-4001-18,二次救急,二次
R7,40,福岡県,4001,福岡・糸島,R7-4001-21,二次救急,二次
R7,40,福岡県,4001,福岡・糸島,R7-4001-23,地域支援,地
R7,40,福岡県,4001,福岡・糸島,R7-4001-23,二次救急,二次
R7,40,福岡県,4001,福岡・糸島,R7-4001-24,地域支援,地
R7,40,福岡県,4001,福岡・糸島,R7-4001-24,三次救急,三次
R7,40,福岡県,4001,福岡・糸島,R7-4001-24,二次救急,二次
R7,40,福岡県,4001,福岡・糸島,R7-4001-25,二次救急,二次
R7,40,福岡県,4001,福岡・糸島,R7-4001-26,二次救急,二次
R7,40,福岡県,4001,福岡・糸島,R7-4001-27,地域支援,地
R7,40,福岡県,4001,福岡・糸島,R7-4001-27,二次救急,二次
R7,40,福岡県,4001,福岡・糸島,R7-4001-28,二次救急,二次
R7,40,福岡県,4001,福岡・糸島,R7-4001-29,地域支援,地
R7,40,福岡県,4001,福岡・糸島,R7-4001-29,二次救急,二次
R7,40,福岡県,4001,福岡・糸島,R7-4001-30,二次救急,二次
R7,40,福岡県,4001,福岡・糸島,R7-4001-31,地域支援,地
R7,40,福岡県,4001,福岡・糸島,R7-4001-31,二次救急,二次
R7,40,福岡県,4001,福岡・糸島,R7-4001-32,地域支援,地
R7,40,福岡県,4001,福岡・糸島,R7-4001-32,二次救急,二次
R7,40,福岡県,4001,福岡・糸島,R7-4001-33,二次救急,二次
R7,40,福岡県,4001,福岡・糸島,R7-4001-34,二次救急,二次
R7,40,福岡県,4001,福岡・糸島,R7-4001-35,地域支援,地
R7,40,福岡県,4001,福岡・糸島,R7-4001-35,二次救急,二次
R7,40,福岡県,4001,福岡・糸島,R7-4001-36,在宅療養支援,在支
R7,40,福岡県,4001,福岡・糸島,R7-4001-37,二次救急,二次
R7,40,福岡県,4001,福岡・糸島,R7-4001-37,在宅療養支援,在支
R7,40,福岡県,4001,福岡・糸島,R7-4001-38,二次救急,二次
R7,40,福岡県,4001,福岡・糸島,R7-4001-38,在宅療養支援,在支
R7,40,福岡県,4001,福岡・糸島,R7-4001-39,二次救急,二次
R7,40,福岡県,4001,福岡・糸島,R7-4001-40,二次救急,二次
R7,40,福岡県,4001,福岡・糸島,R7-4001-40,在宅療養支援,在支
R7,40,福岡県,4001,福岡・糸島,R7-4001-42,二次救急,二次
R7,40,福岡県,4001,福岡・糸島,R7-4001-43,二次救急,二次
R7,40,福岡県,4001,福岡・糸島,R7-4001-44,二次救急,二次
R7,40,福岡県,4001,福岡・糸島,R7-4001-46,二次救急,二次
R7,40,福岡県,4001,福岡・糸島,R7-4001-46,在宅療養支援,在支
R7,40,福岡県,4001,福岡・糸島,R7-4001-47,二次救急,二次
R7,40,福岡県,4001,福岡・糸島,R7-4001-47,在宅療養支援,在支
R7,40,福岡県,4001,福岡・糸島,R7-4001-48,在宅療養支援,在支
R7,40,福岡県,4001,福岡・糸島,R7-4001-49,在宅療養支援,在支
R7,40,福岡県,4001,福岡・糸島,R7-4001-51,在宅療養支援,在支
R7,40,福岡県,4001,福岡・糸島,R7-4001-52,二次救急,二次
R7,40,福岡県,4001,福岡・糸島,R7-4001-52,在宅療養支援,在支
R7,40,福岡県,4001,福岡・糸島,R7-4001-53,二次救急,二次
R7,40,福岡県,4001,福岡・糸島,R7-4001-53,在宅療養支援,在支
R7,40,福岡県,4001,福岡・糸島,R7-4001-55,二次救急,二次
R7,40,福岡県,4001,福岡・糸島,R7-4001-55,在宅療養支援,在支
R7,40,福岡県,4001,福岡・糸島,R7-4001-56,二次救急,二次
R7,40,福岡県,4001,福岡・糸島,R7-4001-56,在宅療養支援,在支
R7,40,福岡県,4001,福岡・糸島,R7-4001-57,地域支援,地
R7,40,福岡県,4001,福岡・糸島,R7-4001-57,二次救急,二次
R7,40,福岡県,4001,福岡・糸島,R7-4001-59,在宅療養支援,在支
R7,40,福岡県,4001,福岡・糸島,R7-4001-60,在宅療養支援,在支
R7,40,福岡県,4001,福岡・糸島,R7-4001-61,二次救急,二次
R7,40,福岡県,4001,福岡・糸島,R7-4001-61,在宅療養支援,在支
R7,40,福岡県,4001,福岡・糸島,R7-4001-62,二次救急,二次
R7,40,福岡県,4001,福岡・糸島,R7-4001-62,在宅療養支援,在支
R7,40,福岡県,4001,福岡・糸島,R7-4001-63,二次救急,二次
R7,40,福岡県,4001,福岡・糸島,R7-4001-64,在宅療養支援,在支
R7,40,福岡県,4001,福岡・糸島,R7-4001-65,二次救急,二次
R7,40,福岡県,4001,福岡・糸島,R7-4001-65,在宅療養支援,在支
R7,40,福岡県,4001,福岡・糸島,R7-4001-71,二次救急,二次
R7,40,福岡県,4001,福岡・糸島,R7-4001-71,在宅療養支援,在支
R7,40,福岡県,4001,福岡・糸島,R7-4001-72,二次救急,二次
R7,40,福岡県,4001,福岡・糸島,R7-4001-74,在宅療養支援,在支
R7,40,福岡県,4001,福岡・糸島,R7-4001-75,在宅療養支援,在支
R7,40,福岡県,4001,福岡・糸島,R7-4001-76,二次救急,二次
R7,40,福岡県,4001,福岡・糸島,R7-4001-77,二次救急,二次
R7,40,福岡県,4001,福岡・糸島,R7-4001-78,在宅療養支援,在支
R7,40,福岡県,4001,福岡・糸島,R7-4001-79,二次救急,二次
R7,40,福岡県,4001,福岡・糸島,R7-4001-79,在宅療養支援,在支
R7,40,福岡県,4001,福岡・糸島,R7-4001-80,二次救急,二次
R7,40,福岡県,4001,福岡・糸島,R7-4001-81,在宅療養支援,在支
R7,40,福岡県,4001,福岡・糸島,R7-4001-82,二次救急,二次
R7,40,福岡県,4001,福岡・糸島,R7-4001-82,在宅療養支援,在支
R7,40,福岡県,4001,福岡・糸島,R7-4001-89,二次救急,二次
R7,40,福岡県,4001,福岡・糸島,R7-4001-89,在宅療養支援,在支
R7,40,福岡県,4001,福岡・糸島,R7-4001-90,在宅療養支援,在支
R7,40,福岡県,4001,福岡・糸島,R7-4001-94,二次救急,二次
R7,40,福岡県,4001,福岡・糸島,R7-4001-95,二次救急,二次
R7,40,福岡県,4001,福岡・糸島,R7-4001-95,在宅療養支援,在支
R7,40,福岡県,4001,福岡・糸島,R7-4001-96,二次救急,二次
R7,40,福岡県,4001,福岡・糸島,R7-4001-98,在宅療養支援,在支
R7,40,福岡県,4001,福岡・糸島,R7-4001-99,在宅療養支援,在支
R7,40,福岡県,4001,福岡・糸島,R7-4001-101,在宅療養支援,在支
R7,40,福岡県,4001,福岡・糸島,R7-4001-102,在宅療養支援,在支
R7,40,福岡県,4001,福岡・糸島,R7-4001-104,在宅療養支援,在支
R7,40,福岡県,4001,福岡・糸島,R7-4001-117,在宅療養支援,在支
R7,40,福岡県,4001,福岡・糸島,R7-4001-123,在宅療養支援,在支
R7,40,福岡県,4001,福岡・糸島,R7-4001-128,在宅療養支援,在支
R7,40,福岡県,4001,福岡・糸島,R7-4001-130,在宅療養支援,在支
R7,40,福岡県,4001,福岡・糸島,R7-4001-131,在宅療養支援,在支
R7,40,福岡県,4001,福岡・糸島,R7-4001-134,在宅療養支援,在支
R7,40,福岡県,4001,福岡・糸島,R7-4001-135,在宅療養支援,在支
R7,40,福岡県,4001,福岡・糸島,R7-4001-137,在宅療養支援,在支
R7,40,福岡県,4001,福岡・糸島,R7-4001-147,在宅療養支援,在支
R7,40,福岡県,4001,福岡・糸島,R7-4001-154,在宅療養支援,在支
R7,40,福岡県,4001,福岡・糸島,R7-4001-159,在宅療養支援,在支
R7,40,福岡県,4001,福岡・糸島,R7-4001-166,在宅療養支援,在支
R7,40,福岡県,4001,福岡・糸島,R7-4001-170,在宅療養支援,在支
R7,40,福岡県,4001,福岡・糸島,R7-4001-172,在宅療養支援,在支
R7,40,福岡県,4001,福岡・糸島,R7-4001-173,二次救急,二次
R7,40,福岡県,4001,福岡・糸島,R7-4001-175,在宅療養支援,在支
R7,40,福岡県,4001,福岡・糸島,R7-4001-176,在宅療養支援,在支
R7,40,福岡県,4001,福岡・糸島,R7-4001-177,在宅療養支援,在支
R7,40,福岡県,4001,福岡・糸島,R7-4001-187,在宅療養支援,在支
R7,40,福岡県,4001,福岡・糸島,R7-4001-190,在宅療養支援,在支
R7,40,福岡県,4001,福岡・糸島,R7-4001-200,在宅療養支援,在支
R7,40,福岡県,4001,福岡・糸島,R7-4001-209,在宅療養支援,在支
R7,40,福岡県,4001,福岡・糸島,R7-4001-224,在宅療養支援,在支
R7,40,福岡県,4002,粕屋,R7-4002-14,地域支援,地
R7,40,福岡県,4002,粕屋,R7-4002-14,三次救急,三次
R7,40,福岡県,4002,粕屋,R7-4002-14,二次救急,二次
R7,40,福岡県,4002,粕屋,R7-4002-17,地域支援,地
R7,40,福岡県,4002,粕屋,R7-4002-17,二次救急,二次
R7,40,福岡県,4002,粕屋,R7-4002-18,二次救急,二次
R7,40,福岡県,4002,粕屋,R7-4002-19,二次救急,二次
R7,40,福岡県,4002,粕屋,R7-4002-20,二次救急,二次
R7,40,福岡県,4002,粕屋,R7-4002-21,二次救急,二次
R7,40,福岡県,4002,粕屋,R7-4002-21,在宅療養支援,在支
R7,40,福岡県,4002,粕屋,R7-4002-22,二次救急,二次
R7,40,福岡県,4002,粕屋,R7-4002-23,二次救急,二次
R7,40,福岡県,4002,粕屋,R7-4002-23,在宅療養支援,在支
R7,40,福岡県,4002,粕屋,R7-4002-24,二次救急,二次
R7,40,福岡県,4002,粕屋,R7-4002-24,在宅療養支援,在支
R7,40,福岡県,4002,粕屋,R7-4002-25,二次救急,二次
R7,40,福岡県,4002,粕屋,R7-4002-27,二次救急,二次
R7,40,福岡県,4002,粕屋,R7-4002-27,在宅療養支援,在支
R7,40,福岡県,4002,粕屋,R7-4002-28,二次救急,二次
R7,40,福岡県,4002,粕屋,R7-4002-29,二次救急,二次
R7,40,福岡県,4002,粕屋,R7-4002-29,在宅療養支援,在支
R7,40,福岡県,4002,粕屋,R7-4002-30,二次救急,二次
R7,40,福岡県,4002,粕屋,R7-4002-31,二次救急,二次
R7,40,福岡県,4002,粕屋,R7-4002-31,在宅療養支援,在支
R7,40,福岡県,4002,粕屋,R7-4002-32,二次救急,二次
R7,40,福岡県,4002,粕屋,R7-4002-32,在宅療養支援,在支
R7,40,福岡県,4002,粕屋,R7-4002-34,在宅療養支援,在支
R7,40,福岡県,4002,粕屋,R7-4002-49,在宅療養支援,在支
R7,40,福岡県,4003,宗像,R7-4003-14,二次救急,二次
R7,40,福岡県,4003,宗像,R7-4003-16,地域支援,地
R7,40,福岡県,4003,宗像,R7-4003-16,二次救急,二次
R7,40,福岡県,4003,宗像,R7-4003-16,在宅療養支援,在支
R7,40,福岡県,4003,宗像,R7-4003-17,在宅療養支援,在支
R7,40,福岡県,4003,宗像,R7-4003-18,二次救急,二次
R7,40,福岡県,4003,宗像,R7-4003-19,在宅療養支援,在支
R7,40,福岡県,4003,宗像,R7-4003-20,在宅療養支援,在支
R7,40,福岡県,4003,宗像,R7-4003-24,在宅療養支援,在支
R7,40,福岡県,4003,宗像,R7-4003-25,在宅療養支援,在支
R7,40,福岡県,4003,宗像,R7-4003-27,在宅療養支援,在支
R7,40,福岡県,4004,筑紫,R7-4004-14,地域支援,地
R7,40,福岡県,4004,筑紫,R7-4004-14,二次救急,二次
R7,40,福岡県,4004,筑紫,R7-4004-15,地域支援,地
R7,40,福岡県,4004,筑紫,R7-4004-15,二次救急,二次
R7,40,福岡県,4004,筑紫,R7-4004-16,地域支援,地
R7,40,福岡県,4004,筑紫,R7-4004-16,二次救急,二次
R7,40,福岡県,4004,筑紫,R7-4004-20,二次救急,二次
R7,40,福岡県,4004,筑紫,R7-4004-21,在宅療養支援,在支
R7,40,福岡県,4004,筑紫,R7-4004-23,二次救急,二次
R7,40,福岡県,4004,筑紫,R7-4004-23,在宅療養支援,在支
R7,40,福岡県,4004,筑紫,R7-4004-24,二次救急,二次
R7,40,福岡県,4004,筑紫,R7-4004-25,二次救急,二次
R7,40,福岡県,4004,筑紫,R7-4004-25,在宅療養支援,在支
R7,40,福岡県,4004,筑紫,R7-4004-26,在宅療養支援,在支
R7,40,福岡県,4004,筑紫,R7-4004-27,在宅療養支援,在支
R7,40,福岡県,4004,筑紫,R7-4004-29,在宅療養支援,在支
R7,40,福岡県,4004,筑紫,R7-4004-30,二次救急,二次
R7,40,福岡県,4004,筑紫,R7-4004-31,在宅療養支援,在支
R7,40,福岡県,4004,筑紫,R7-4004-32,二次救急,二次
R7,40,福岡県,4004,筑紫,R7-4004-34,在宅療養支援,在支
R7,40,福岡県,4004,筑紫,R7-4004-35,在宅療養支援,在支
R7,40,福岡県,4004,筑紫,R7-4004-36,在宅療養支援,在支
R7,40,福岡県,4004,筑紫,R7-4004-38,在宅療養支援,在支
R7,40,福岡県,4004,筑紫,R7-4004-41,在宅療養支援,在支
R7,40,福岡県,4004,筑紫,R7-4004-45,在宅療養支援,在支
R7,40,福岡県,4004,筑紫,R7-4004-49,在宅療養支援,在支
R7,40,福岡県,4004,筑紫,R7-4004-51,在宅療養支援,在支
R7,40,福岡県,4005,朝倉,R7-4005-14,地域支援,地
R7,40,福岡県,4005,朝倉,R7-4005-14,二次救急,二次
R7,40,福岡県,4005,朝倉,R7-4005-15,二次救急,二次
R7,40,福岡県,4005,朝倉,R7-4005-17,二次救急,二次
R7,40,福岡県,4005,朝倉,R7-4005-21,在宅療養支援,在支
R7,40,福岡県,4006,久留米,R7-4006-14,地域支援,地
R7,40,福岡県,4006,久留米,R7-4006-14,三次救急,三次
R7,40,福岡県,4006,久留米,R7-4006-14,二次救急,二次
R7,40,福岡県,4006,久留米,R7-4006-15,特定機能,特
R7,40,福岡県,4006,久留米,R7-4006-15,三次救急,三次
R7,40,福岡県,4006,久留米,R7-4006-16,二次救急,二次
R7,40,福岡県,4006,久留米,R7-4006-17,地域支援,地
R7,40,福岡県,4006,久留米,R7-4006-17,二次救急,二次
R7,40,福岡県,4006,久留米,R7-4006-18,二次救急,二次
R7,40,福岡県,4006,久留米,R7-4006-19,地域支援,地
R7,40,福岡県,4006,久留米,R7-4006-19,二次救急,二次
R7,40,福岡県,4006,久留米,R7-4006-21,二次救急,二次
R7,40,福岡県,4006,久留米,R7-4006-22,二次救急,二次
R7,40,福岡県,4006,久留米,R7-4006-22,在宅療養支援,在支
R7,40,福岡県,4006,久留米,R7-4006-23,二次救急,二次
R7,40,福岡県,4006,久留米,R7-4006-26,地域支援,地
R7,40,福岡県,4006,久留米,R7-4006-26,二次救急,二次
R7,40,福岡県,4006,久留米,R7-4006-26,在宅療養支援,在支
R7,40,福岡県,4006,久留米,R7-4006-27,二次救急,二次
R7,40,福岡県,4006,久留米,R7-4006-28,二次救急,二次
R7,40,福岡県,4006,久留米,R7-4006-29,在宅療養支援,在支
R7,40,福岡県,4006,久留米,R7-4006-32,二次救急,二次
R7,40,福岡県,4006,久留米,R7-4006-35,二次救急,二次
R7,40,福岡県,4006,久留米,R7-4006-35,在宅療養支援,在支
R7,40,福岡県,4006,久留米,R7-4006-36,在宅療養支援,在支
R7,40,福岡県,4006,久留米,R7-4006-37,二次救急,二次
R7,40,福岡県,4006,久留米,R7-4006-37,在宅療養支援,在支
R7,40,福岡県,4006,久留米,R7-4006-38,在宅療養支援,在支
R7,40,福岡県,4006,久留米,R7-4006-39,二次救急,二次
R7,40,福岡県,4006,久留米,R7-4006-39,在宅療養支援,在支
R7,40,福岡県,4006,久留米,R7-4006-40,在宅療養支援,在支
R7,40,福岡県,4006,久留米,R7-4006-41,二次救急,二次
R7,40,福岡県,4006,久留米,R7-4006-41,在宅療養支援,在支
R7,40,福岡県,4006,久留米,R7-4006-42,在宅療養支援,在支
R7,40,福岡県,4006,久留米,R7-4006-43,二次救急,二次
R7,40,福岡県,4006,久留米,R7-4006-43,在宅療養支援,在支
R7,40,福岡県,4006,久留米,R7-4006-45,二次救急,二次
R7,40,福岡県,4006,久留米,R7-4006-45,在宅療養支援,在支
R7,40,福岡県,4006,久留米,R7-4006-47,二次救急,二次
R7,40,福岡県,4006,久留米,R7-4006-50,在宅療養支援,在支
R7,40,福岡県,4006,久留米,R7-4006-60,在宅療養支援,在支
R7,40,福岡県,4006,久留米,R7-4006-63,在宅療養支援,在支
R7,40,福岡県,4006,久留米,R7-4006-67,在宅療養支援,在支
R7,40,福岡県,4006,久留米,R7-4006-68,在宅療養支援,在支
R7,40,福岡県,4006,久留米,R7-4006-69,在宅療養支援,在支
R7,40,福岡県,4006,久留米,R7-4006-73,在宅療養支援,在支
R7,40,福岡県,4006,久留米,R7-4006-74,在宅療養支援,在支
R7,40,福岡県,4006,久留米,R7-4006-76,在宅療養支援,在支
R7,40,福岡県,4006,久留米,R7-4006-79,在宅療養支援,在支
R7,40,福岡県,4006,久留米,R7-4006-95,在宅療養支援,在支
R7,40,福岡県,4007,八女・筑後,R7-4007-14,地域支援,地
R7,40,福岡県,4007,八女・筑後,R7-4007-14,二次救急,二次
R7,40,福岡県,4007,八女・筑後,R7-4007-15,二次救急,二次
R7,40,福岡県,4007,八女・筑後,R7-4007-16,二次救急,二次
R7,40,福岡県,4007,八女・筑後,R7-4007-17,地域支援,地
R7,40,福岡県,4007,八女・筑後,R7-4007-17,二次救急,二次
R7,40,福岡県,4007,八女・筑後,R7-4007-17,在宅療養支援,在支
R7,40,福岡県,4007,八女・筑後,R7-4007-20,二次救急,二次
R7,40,福岡県,4007,八女・筑後,R7-4007-20,在宅療養支援,在支
R7,40,福岡県,4007,八女・筑後,R7-4007-21,二次救急,二次
R7,40,福岡県,4007,八女・筑後,R7-4007-22,二次救急,二次
R7,40,福岡県,4007,八女・筑後,R7-4007-23,二次救急,二次
R7,40,福岡県,4007,八女・筑後,R7-4007-24,二次救急,二次
R7,40,福岡県,4007,八女・筑後,R7-4007-26,在宅療養支援,在支
R7,40,福岡県,4007,八女・筑後,R7-4007-27,在宅療養支援,在支
R7,40,福岡県,4007,八女・筑後,R7-4007-31,在宅療養支援,在支
R7,40,福岡県,4007,八女・筑後,R7-4007-34,在宅療養支援,在支
R7,40,福岡県,4007,八女・筑後,R7-4007-35,在宅療養支援,在支
R7,40,福岡県,4008,有明,R7-4008-14,二次救急,二次
R7,40,福岡県,4008,有明,R7-4008-16,二次救急,二次
R7,40,福岡県,4008,有明,R7-4008-17,地域支援,地
R7,40,福岡県,4008,有明,R7-4008-17,二次救急,二次
R7,40,福岡県,4008,有明,R7-4008-19,二次救急,二次
R7,40,福岡県,4008,有明,R7-4008-20,二次救急,二次
R7,40,福岡県,4008,有明,R7-4008-20,在宅療養支援,在支
R7,40,福岡県,4008,有明,R7-4008-21,二次救急,二次
R7,40,福岡県,4008,有明,R7-4008-21,在宅療養支援,在支
R7,40,福岡県,4008,有明,R7-4008-22,二次救急,二次
R7,40,福岡県,4008,有明,R7-4008-23,二次救急,二次
R7,40,福岡県,4008,有明,R7-4008-24,二次救急,二次
R7,40,福岡県,4008,有明,R7-4008-26,二次救急,二次
R7,40,福岡県,4008,有明,R7-4008-27,在宅療養支援,在支
R7,40,福岡県,4008,有明,R7-4008-28,二次救急,二次
R7,40,福岡県,4008,有明,R7-4008-30,二次救急,二次
R7,40,福岡県,4008,有明,R7-4008-31,二次救急,二次
R7,40,福岡県,4008,有明,R7-4008-32,二次救急,二次
R7,40,福岡県,4008,有明,R7-4008-34,二次救急,二次
R7,40,福岡県,4008,有明,R7-4008-34,在宅療養支援,在支
R7,40,福岡県,4008,有明,R7-4008-35,二次救急,二次
R7,40,福岡県,4008,有明,R7-4008-38,在宅療養支援,在支
R7,40,福岡県,4008,有明,R7-4008-39,在宅療養支援,在支
R7,40,福岡県,4008,有明,R7-4008-41,在宅療養支援,在支
R7,40,福岡県,4008,有明,R7-4008-53,在宅療養支援,在支
R7,40,福岡県,4008,有明,R7-4008-56,在宅療養支援,在支
R7,40,福岡県,4009,飯塚,R7-4009-14,地域支援,地
R7,40,福岡県,4009,飯塚,R7-4009-14,三次救急,三次
R7,40,福岡県,4009,飯塚,R7-4009-15,地域支援,地
R7,40,福岡県,4009,飯塚,R7-4009-15,二次救急,二次
R7,40,福岡県,4009,飯塚,R7-4009-16,二次救急,二次
R7,40,福岡県,4009,飯塚,R7-4009-18,二次救急,二次
R7,40,福岡県,4009,飯塚,R7-4009-19,二次救急,二次
R7,40,福岡県,4009,飯塚,R7-4009-20,二次救急,二次
R7,40,福岡県,4009,飯塚,R7-4009-20,在宅療養支援,在支
R7,40,福岡県,4009,飯塚,R7-4009-21,在宅療養支援,在支
R7,40,福岡県,4009,飯塚,R7-4009-23,二次救急,二次
R7,40,福岡県,4009,飯塚,R7-4009-24,二次救急,二次
R7,40,福岡県,4009,飯塚,R7-4009-25,二次救急,二次
R7,40,福岡県,4009,飯塚,R7-4009-28,二次救急,二次
R7,40,福岡県,4009,飯塚,R7-4009-28,在宅療養支援,在支
R7,40,福岡県,4009,飯塚,R7-4009-30,在宅療養支援,在支
R7,40,福岡県,4009,飯塚,R7-4009-31,在宅療養支援,在支
R7,40,福岡県,4009,飯塚,R7-4009-34,在宅療養支援,在支
R7,40,福岡県,4009,飯塚,R7-4009-36,在宅療養支援,在支
R7,40,福岡県,4009,飯塚,R7-4009-40,在宅療養支援,在支
R7,40,福岡県,4010,直方・鞍手,R7-4010-14,二次救急,二次
R7,40,福岡県,4010,直方・鞍手,R7-4010-15,二次救急,二次
R7,40,福岡県,4010,直方・鞍手,R7-4010-16,二次救急,二次
R7,40,福岡県,4010,直方・鞍手,R7-4010-16,在宅療養支援,在支
R7,40,福岡県,4010,直方・鞍手,R7-4010-18,二次救急,二次
R7,40,福岡県,4010,直方・鞍手,R7-4010-19,在宅療養支援,在支
R7,40,福岡県,4010,直方・鞍手,R7-4010-20,在宅療養支援,在支
R7,40,福岡県,4010,直方・鞍手,R7-4010-21,二次救急,二次
R7,40,福岡県,4010,直方・鞍手,R7-4010-27,在宅療養支援,在支
R7,40,福岡県,4011,田川,R7-4011-14,地域支援,地
R7,40,福岡県,4011,田川,R7-4011-14,二次救急,二次
R7,40,福岡県,4011,田川,R7-4011-15,二次救急,二次
R7,40,福岡県,4011,田川,R7-4011-16,二次救急,二次
R7,40,福岡県,4011,田川,R7-4011-16,在宅療養支援,在支
R7,40,福岡県,4011,田川,R7-4011-18,二次救急,二次
R7,40,福岡県,4011,田川,R7-4011-18,在宅療養支援,在支
R7,40,福岡県,4011,田川,R7-4011-19,二次救急,二次
R7,40,福岡県,4011,田川,R7-4011-23,二次救急,二次
R7,40,福岡県,4011,田川,R7-4011-24,在宅療養支援,在支
R7,40,福岡県,4011,田川,R7-4011-27,在宅療養支援,在支
R7,40,福岡県,4011,田川,R7-4011-31,在宅療養支援,在支
R7,40,福岡県,4011,田川,R7-4011-33,在宅療養支援,在支
R7,40,福岡県,4011,田川,R7-4011-35,在宅療養支援,在支
R7,40,福岡県,4012,北九州,R7-4012-14,地域支援,地
R7,40,福岡県,4012,北九州,R7-4012-14,二次救急,二次
R7,40,福岡県,4012,北九州,R7-4012-15,特定機能,特
R7,40,福岡県,4012,北九州,R7-4012-15,二次救急,二次
R7,40,福岡県,4012,北九州,R7-4012-16,地域支援,地
R7,40,福岡県,4012,北九州,R7-4012-16,二次救急,二次
R7,40,福岡県,4012,北九州,R7-4012-17,地域支援,地
R7,40,福岡県,4012,北九州,R7-4012-17,二次救急,二次
R7,40,福岡県,4012,北九州,R7-4012-18,地域支援,地
R7,40,福岡県,4012,北九州,R7-4012-18,二次救急,二次
R7,40,福岡県,4012,北九州,R7-4012-19,地域支援,地
R7,40,福岡県,4012,北九州,R7-4012-19,二次救急,二次
R7,40,福岡県,4012,北九州,R7-4012-20,地域支援,地
R7,40,福岡県,4012,北九州,R7-4012-20,二次救急,二次
R7,40,福岡県,4012,北九州,R7-4012-22,地域支援,地
R7,40,福岡県,4012,北九州,R7-4012-22,三次救急,三次
R7,40,福岡県,4012,北九州,R7-4012-22,二次救急,二次
R7,40,福岡県,4012,北九州,R7-4012-23,二次救急,二次
R7,40,福岡県,4012,北九州,R7-4012-24,地域支援,地
R7,40,福岡県,4012,北九州,R7-4012-24,二次救急,二次
R7,40,福岡県,4012,北九州,R7-4012-25,地域支援,地
R7,40,福岡県,4012,北九州,R7-4012-25,三次救急,三次
R7,40,福岡県,4012,北九州,R7-4012-25,二次救急,二次
R7,40,福岡県,4012,北九州,R7-4012-28,二次救急,二次
R7,40,福岡県,4012,北九州,R7-4012-31,二次救急,二次
R7,40,福岡県,4012,北九州,R7-4012-32,地域支援,地
R7,40,福岡県,4012,北九州,R7-4012-32,三次救急,三次
R7,40,福岡県,4012,北九州,R7-4012-32,二次救急,二次
R7,40,福岡県,4012,北九州,R7-4012-34,地域支援,地
R7,40,福岡県,4012,北九州,R7-4012-34,二次救急,二次
R7,40,福岡県,4012,北九州,R7-4012-35,二次救急,二次
R7,40,福岡県,4012,北九州,R7-4012-37,二次救急,二次
R7,40,福岡県,4012,北九州,R7-4012-37,在宅療養支援,在支
R7,40,福岡県,4012,北九州,R7-4012-39,在宅療養支援,在支
R7,40,福岡県,4012,北九州,R7-4012-42,二次救急,二次
R7,40,福岡県,4012,北九州,R7-4012-42,在宅療養支援,在支
R7,40,福岡県,4012,北九州,R7-4012-43,二次救急,二次
R7,40,福岡県,4012,北九州,R7-4012-43,在宅療養支援,在支
R7,40,福岡県,4012,北九州,R7-4012-44,在宅療養支援,在支
R7,40,福岡県,4012,北九州,R7-4012-45,地域支援,地
R7,40,福岡県,4012,北九州,R7-4012-45,二次救急,二次
R7,40,福岡県,4012,北九州,R7-4012-45,在宅療養支援,在支
R7,40,福岡県,4012,北九州,R7-4012-46,在宅療養支援,在支
R7,40,福岡県,4012,北九州,R7-4012-48,在宅療養支援,在支
R7,40,福岡県,4012,北九州,R7-4012-50,在宅療養支援,在支
R7,40,福岡県,4012,北九州,R7-4012-51,二次救急,二次
R7,40,福岡県,4012,北九州,R7-4012-53,二次救急,二次
R7,40,福岡県,4012,北九州,R7-4012-53,在宅療養支援,在支
R7,40,福岡県,4012,北九州,R7-4012-54,二次救急,二次
R7,40,福岡県,4012,北九州,R7-4012-54,在宅療養支援,在支
R7,40,福岡県,4012,北九州,R7-4012-55,二次救急,二次
R7,40,福岡県,4012,北九州,R7-4012-55,在宅療養支援,在支
R7,40,福岡県,4012,北九州,R7-4012-57,在宅療養支援,在支
R7,40,福岡県,4012,北九州,R7-4012-59,在宅療養支援,在支
R7,40,福岡県,4012,北九州,R7-4012-61,在宅療養支援,在支
R7,40,福岡県,4012,北九州,R7-4012-63,在宅療養支援,在支
R7,40,福岡県,4012,北九州,R7-4012-66,在宅療養支援,在支
R7,40,福岡県,4012,北九州,R7-4012-67,在宅療養支援,在支
R7,40,福岡県,4012,北九州,R7-4012-68,地域支援,地
R7,40,福岡県,4012,北九州,R7-4012-68,二次救急,二次
R7,40,福岡県,4012,北九州,R7-4012-68,在宅療養支援,在支
R7,40,福岡県,4012,北九州,R7-4012-69,在宅療養支援,在支
R7,40,福岡県,4012,北九州,R7-4012-74,在宅療養支援,在支
R7,40,福岡県,4012,北九州,R7-4012-75,三次救急,三次
R7,40,福岡県,4012,北九州,R7-4012-77,在宅療養支援,在支
R7,40,福岡県,4012,北九州,R7-4012-78,在宅療養支援,在支
R7,40,福岡県,4012,北九州,R7-4012-82,在宅療養支援,在支
R7,40,福岡県,4012,北九州,R7-4012-91,在宅療養支援,在支
R7,40,福岡県,4012,北九州,R7-4012-99,在宅療養支援,在支
R7,40,福岡県,4012,北九州,R7-4012-107,在宅療養支援,在支
R7,40,福岡県,4012,北九州,R7-4012-108,在宅療養支援,在支
R7,40,福岡県,4012,北九州,R7-4012-111,在宅療養支援,在支
R7,40,福岡県,4012,北九州,R7-4012-113,在宅療養支援,在支
R7,40,福岡県,4012,北九州,R7-4012-114,在宅療養支援,在支
R7,40,福岡県,4012,北九州,R7-4012-137,在宅療養支援,在支
R7,40,福岡県,4012,北九州,R7-4012-139,在宅療養支援,在支
R7,40,福岡県,4012,北九州,R7-4012-147,在宅療養支援,在支
R7,40,福岡県,4012,北九州,R7-4012-155,在宅療養支援,在支
R7,40,福岡県,4012,北九州,R7-4012-163,在宅療養支援,在支
R7,40,福岡県,4012,北九州,R7-4012-166,在宅療養支援,在支
R7,40,福岡県,4013,京築,R7-4013-14,二次救急,二次
R7,40,福岡県,4013,京築,R7-4013-15,地域支援,地
R7,40,福岡県,4013,京築,R7-4013-15,二次救急,二次
R7,40,福岡県,4013,京築,R7-4013-16,在宅療養支援,在支
R7,40,福岡県,4013,京築,R7-4013-17,在宅療養支援,在支
R7,40,福岡県,4013,京築,R7-4013-18,在宅療養支援,在支
R7,40,福岡県,4013,京築,R7-4013-21,在宅療養支援,在支
R7,40,福岡県,4013,京築,R7-4013-22,在宅療養支援,在支
R7,40,福岡県,4013,京築,R7-4013-24,二次救急,二次
R7,40,福岡県,4013,京築,R7-4013-28,在宅療養支援,在支
R7,41,佐賀県,4101,中部,R7-4101-14,特定機能,特
R7,41,佐賀県,4101,中部,R7-4101-14,三次救急,三次
R7,41,佐賀県,4101,中部,R7-4101-15,地域支援,地
R7,41,佐賀県,4101,中部,R7-4101-15,三次救急,三次
R7,41,佐賀県,4101,中部,R7-4101-16,地域支援,地
R7,41,佐賀県,4101,中部,R7-4101-16,二次救急,二次
R7,41,佐賀県,4101,中部,R7-4101-17,二次救急,二次
R7,41,佐賀県,4101,中部,R7-4101-17,在宅療養支援,在支
R7,41,佐賀県,4101,中部,R7-4101-18,二次救急,二次
R7,41,佐賀県,4101,中部,R7-4101-20,二次救急,二次
R7,41,佐賀県,4101,中部,R7-4101-21,二次救急,二次
R7,41,佐賀県,4101,中部,R7-4101-22,二次救急,二次
R7,41,佐賀県,4101,中部,R7-4101-24,二次救急,二次
R7,41,佐賀県,4101,中部,R7-4101-28,在宅療養支援,在支
R7,41,佐賀県,4101,中部,R7-4101-29,二次救急,二次
R7,41,佐賀県,4101,中部,R7-4101-30,二次救急,二次
R7,41,佐賀県,4101,中部,R7-4101-30,在宅療養支援,在支
R7,41,佐賀県,4101,中部,R7-4101-31,二次救急,二次
R7,41,佐賀県,4101,中部,R7-4101-31,在宅療養支援,在支
R7,41,佐賀県,4101,中部,R7-4101-33,二次救急,二次
R7,41,佐賀県,4101,中部,R7-4101-33,在宅療養支援,在支
R7,41,佐賀県,4101,中部,R7-4101-34,二次救急,二次
R7,41,佐賀県,4101,中部,R7-4101-35,在宅療養支援,在支
R7,41,佐賀県,4101,中部,R7-4101-37,二次救急,二次
R7,41,佐賀県,4101,中部,R7-4101-38,在宅療養支援,在支
R7,41,佐賀県,4101,中部,R7-4101-39,二次救急,二次
R7,41,佐賀県,4101,中部,R7-4101-40,二次救急,二次
R7,41,佐賀県,4101,中部,R7-4101-40,在宅療養支援,在支
R7,41,佐賀県,4101,中部,R7-4101-41,二次救急,二次
R7,41,佐賀県,4101,中部,R7-4101-42,二次救急,二次
R7,41,佐賀県,4101,中部,R7-4101-42,在宅療養支援,在支
R7,41,佐賀県,4101,中部,R7-4101-43,二次救急,二次
R7,41,佐賀県,4101,中部,R7-4101-48,在宅療養支援,在支
R7,41,佐賀県,4101,中部,R7-4101-50,在宅療養支援,在支
R7,41,佐賀県,4101,中部,R7-4101-55,在宅療養支援,在支
R7,41,佐賀県,4101,中部,R7-4101-60,在宅療養支援,在支
R7,41,佐賀県,4101,中部,R7-4101-62,在宅療養支援,在支
R7,41,佐賀県,4101,中部,R7-4101-63,在宅療養支援,在支
R7,41,佐賀県,4101,中部,R7-4101-74,在宅療養支援,在支
R7,41,佐賀県,4101,中部,R7-4101-76,在宅療養支援,在支
R7,41,佐賀県,4101,中部,R7-4101-81,在宅療養支援,在支
R7,41,佐賀県,4102,東部,R7-4102-14,二次救急,二次
R7,41,佐賀県,4102,東部,R7-4102-16,地域支援,地
R7,41,佐賀県,4102,東部,R7-4102-16,二次救急,二次
R7,41,佐賀県,4102,東部,R7-4102-17,二次救急,二次
R7,41,佐賀県,4102,東部,R7-4102-18,二次救急,二次
R7,41,佐賀県,4102,東部,R7-4102-19,在宅療養支援,在支
R7,41,佐賀県,4102,東部,R7-4102-21,二次救急,二次
R7,41,佐賀県,4102,東部,R7-4102-21,在宅療養支援,在支
R7,41,佐賀県,4102,東部,R7-4102-22,在宅療養支援,在支
R7,41,佐賀県,4102,東部,R7-4102-23,二次救急,二次
R7,41,佐賀県,4102,東部,R7-4102-24,二次救急,二次
R7,41,佐賀県,4102,東部,R7-4102-26,在宅療養支援,在支
R7,41,佐賀県,4102,東部,R7-4102-27,在宅療養支援,在支
R7,41,佐賀県,4102,東部,R7-4102-32,在宅療養支援,在支
R7,41,佐賀県,4103,北部,R7-4103-14,地域支援,地
R7,41,佐賀県,4103,北部,R7-4103-14,三次救急,三次
R7,41,佐賀県,4103,北部,R7-4103-15,二次救急,二次
R7,41,佐賀県,4103,北部,R7-4103-16,二次救急,二次
R7,41,佐賀県,4103,北部,R7-4103-17,二次救急,二次
R7,41,佐賀県,4103,北部,R7-4103-18,二次救急,二次
R7,41,佐賀県,4103,北部,R7-4103-18,在宅療養支援,在支
R7,41,佐賀県,4103,北部,R7-4103-20,二次救急,二次
R7,41,佐賀県,4103,北部,R7-4103-20,在宅療養支援,在支
R7,41,佐賀県,4103,北部,R7-4103-22,二次救急,二次
R7,41,佐賀県,4103,北部,R7-4103-22,在宅療養支援,在支
R7,41,佐賀県,4103,北部,R7-4103-23,二次救急,二次
R7,41,佐賀県,4103,北部,R7-4103-23,在宅療養支援,在支
R7,41,佐賀県,4103,北部,R7-4103-26,二次救急,二次
R7,41,佐賀県,4103,北部,R7-4103-26,在宅療養支援,在支
R7,41,佐賀県,4103,北部,R7-4103-29,在宅療養支援,在支
R7,41,佐賀県,4103,北部,R7-4103-30,在宅療養支援,在支
R7,41,佐賀県,4103,北部,R7-4103-31,在宅療養支援,在支
R7,41,佐賀県,4103,北部,R7-4103-32,在宅療養支援,在支
R7,41,佐賀県,4103,北部,R7-4103-33,在宅療養支援,在支
R7,41,佐賀県,4103,北部,R7-4103-36,在宅療養支援,在支
R7,41,佐賀県,4103,北部,R7-4103-37,在宅療養支援,在支
R7,41,佐賀県,4103,北部,R7-4103-40,在宅療養支援,在支
R7,41,佐賀県,4104,西部,R7-4104-14,地域支援,地
R7,41,佐賀県,4104,西部,R7-4104-14,二次救急,二次
R7,41,佐賀県,4104,西部,R7-4104-15,二次救急,二次
R7,41,佐賀県,4104,西部,R7-4104-15,在宅療養支援,在支
R7,41,佐賀県,4104,西部,R7-4104-17,二次救急,二次
R7,41,佐賀県,4104,西部,R7-4104-18,二次救急,二次
R7,41,佐賀県,4104,西部,R7-4104-19,二次救急,二次
R7,41,佐賀県,4104,西部,R7-4104-20,在宅療養支援,在支
R7,41,佐賀県,4104,西部,R7-4104-26,在宅療養支援,在支
R7,41,佐賀県,4104,西部,R7-4104-30,在宅療養支援,在支
R7,41,佐賀県,4105,南部,R7-4105-14,地域支援,地
R7,41,佐賀県,4105,南部,R7-4105-14,三次救急,三次
R7,41,佐賀県,4105,南部,R7-4105-15,二次救急,二次
R7,41,佐賀県,4105,南部,R7-4105-17,二次救急,二次
R7,41,佐賀県,4105,南部,R7-4105-18,在宅療養支援,在支
R7,41,佐賀県,4105,南部,R7-4105-19,二次救急,二次
R7,41,佐賀県,4105,南部,R7-4105-19,在宅療養支援,在支
R7,41,佐賀県,4105,南部,R7-4105-21,二次救急,二次
R7,41,佐賀県,4105,南部,R7-4105-22,在宅療養支援,在支
R7,41,佐賀県,4105,南部,R7-4105-23,三次救急,三次
R7,41,佐賀県,4105,南部,R7-4105-24,二次救急,二次
R7,41,佐賀県,4105,南部,R7-4105-25,二次救急,二次
R7,41,佐賀県,4105,南部,R7-4105-26,二次救急,二次
R7,41,佐賀県,4105,南部,R7-4105-29,二次救急,二次
R7,41,佐賀県,4105,南部,R7-4105-29,在宅療養支援,在支
R7,41,佐賀県,4105,南部,R7-4105-31,二次救急,二次
R7,41,佐賀県,4105,南部,R7-4105-35,在宅療養支援,在支
R7,41,佐賀県,4105,南部,R7-4105-37,在宅療養支援,在支
R7,41,佐賀県,4105,南部,R7-4105-39,在宅療養支援,在支
R7,41,佐賀県,4105,南部,R7-4105-40,在宅療養支援,在支
R7,41,佐賀県,4105,南部,R7-4105-47,在宅療養支援,在支
R7,41,佐賀県,4105,南部,R7-4105-48,在宅療養支援,在支
R7,41,佐賀県,4105,南部,R7-4105-51,在宅療養支援,在支
R7,41,佐賀県,4105,南部,R7-4105-53,在宅療養支援,在支
R7,41,佐賀県,4105,南部,R7-4105-56,在宅療養支援,在支
R7,42,長崎県,4201,長崎,R7-4201-14,特定機能,特
R7,42,長崎県,4201,長崎,R7-4201-14,三次救急,三次
R7,42,長崎県,4201,長崎,R7-4201-15,地域支援,地
R7,42,長崎県,4201,長崎,R7-4201-15,三次救急,三次
R7,42,長崎県,4201,長崎,R7-4201-15,二次救急,二次
R7,42,長崎県,4201,長崎,R7-4201-16,地域支援,地
R7,42,長崎県,4201,長崎,R7-4201-16,二次救急,二次
R7,42,長崎県,4201,長崎,R7-4201-20,地域支援,地
R7,42,長崎県,4201,長崎,R7-4201-20,二次救急,二次
R7,42,長崎県,4201,長崎,R7-4201-21,二次救急,二次
R7,42,長崎県,4201,長崎,R7-4201-21,在宅療養支援,在支
R7,42,長崎県,4201,長崎,R7-4201-22,在宅療養支援,在支
R7,42,長崎県,4201,長崎,R7-4201-24,在宅療養支援,在支
R7,42,長崎県,4201,長崎,R7-4201-25,二次救急,二次
R7,42,長崎県,4201,長崎,R7-4201-26,在宅療養支援,在支
R7,42,長崎県,4201,長崎,R7-4201-27,二次救急,二次
R7,42,長崎県,4201,長崎,R7-4201-28,二次救急,二次
R7,42,長崎県,4201,長崎,R7-4201-28,在宅療養支援,在支
R7,42,長崎県,4201,長崎,R7-4201-29,二次救急,二次
R7,42,長崎県,4201,長崎,R7-4201-29,在宅療養支援,在支
R7,42,長崎県,4201,長崎,R7-4201-30,二次救急,二次
R7,42,長崎県,4201,長崎,R7-4201-31,二次救急,二次
R7,42,長崎県,4201,長崎,R7-4201-31,在宅療養支援,在支
R7,42,長崎県,4201,長崎,R7-4201-32,二次救急,二次
R7,42,長崎県,4201,長崎,R7-4201-32,在宅療養支援,在支
R7,42,長崎県,4201,長崎,R7-4201-34,二次救急,二次
R7,42,長崎県,4201,長崎,R7-4201-36,在宅療養支援,在支
R7,42,長崎県,4201,長崎,R7-4201-37,在宅療養支援,在支
R7,42,長崎県,4201,長崎,R7-4201-38,二次救急,二次
R7,42,長崎県,4201,長崎,R7-4201-38,在宅療養支援,在支
R7,42,長崎県,4201,長崎,R7-4201-39,在宅療養支援,在支
R7,42,長崎県,4201,長崎,R7-4201-40,在宅療養支援,在支
R7,42,長崎県,4201,長崎,R7-4201-41,二次救急,二次
R7,42,長崎県,4201,長崎,R7-4201-41,在宅療養支援,在支
R7,42,長崎県,4201,長崎,R7-4201-42,在宅療養支援,在支
R7,42,長崎県,4201,長崎,R7-4201-43,二次救急,二次
R7,42,長崎県,4201,長崎,R7-4201-43,在宅療養支援,在支
R7,42,長崎県,4201,長崎,R7-4201-44,二次救急,二次
R7,42,長崎県,4201,長崎,R7-4201-44,在宅療養支援,在支
R7,42,長崎県,4201,長崎,R7-4201-47,二次救急,二次
R7,42,長崎県,4201,長崎,R7-4201-47,在宅療養支援,在支
R7,42,長崎県,4201,長崎,R7-4201-48,在宅療養支援,在支
R7,42,長崎県,4201,長崎,R7-4201-49,在宅療養支援,在支
R7,42,長崎県,4201,長崎,R7-4201-51,在宅療養支援,在支
R7,42,長崎県,4201,長崎,R7-4201-53,在宅療養支援,在支
R7,42,長崎県,4201,長崎,R7-4201-54,在宅療養支援,在支
R7,42,長崎県,4201,長崎,R7-4201-56,在宅療養支援,在支
R7,42,長崎県,4201,長崎,R7-4201-57,在宅療養支援,在支
R7,42,長崎県,4201,長崎,R7-4201-58,在宅療養支援,在支
R7,42,長崎県,4201,長崎,R7-4201-59,在宅療養支援,在支
R7,42,長崎県,4201,長崎,R7-4201-61,在宅療養支援,在支
R7,42,長崎県,4201,長崎,R7-4201-66,在宅療養支援,在支
R7,42,長崎県,4201,長崎,R7-4201-67,在宅療養支援,在支
R7,42,長崎県,4201,長崎,R7-4201-70,在宅療養支援,在支
R7,42,長崎県,4201,長崎,R7-4201-71,在宅療養支援,在支
R7,42,長崎県,4201,長崎,R7-4201-74,在宅療養支援,在支
R7,42,長崎県,4201,長崎,R7-4201-77,在宅療養支援,在支
R7,42,長崎県,4201,長崎,R7-4201-78,在宅療養支援,在支
R7,42,長崎県,4201,長崎,R7-4201-80,在宅療養支援,在支
R7,42,長崎県,4201,長崎,R7-4201-92,在宅療養支援,在支
R7,42,長崎県,4201,長崎,R7-4201-93,在宅療養支援,在支
R7,42,長崎県,4201,長崎,R7-4201-101,在宅療養支援,在支
R7,42,長崎県,4201,長崎,R7-4201-105,在宅療養支援,在支
R7,42,長崎県,4202,佐世保県北,R7-4202-14,地域支援,地
R7,42,長崎県,4202,佐世保県北,R7-4202-14,三次救急,三次
R7,42,長崎県,4202,佐世保県北,R7-4202-14,二次救急,二次
R7,42,長崎県,4202,佐世保県北,R7-4202-16,地域支援,地
R7,42,長崎県,4202,佐世保県北,R7-4202-16,二次救急,二次
R7,42,長崎県,4202,佐世保県北,R7-4202-17,地域支援,地
R7,42,長崎県,4202,佐世保県北,R7-4202-17,二次救急,二次
R7,42,長崎県,4202,佐世保県北,R7-4202-18,地域支援,地
R7,42,長崎県,4202,佐世保県北,R7-4202-18,二次救急,二次
R7,42,長崎県,4202,佐世保県北,R7-4202-20,二次救急,二次
R7,42,長崎県,4202,佐世保県北,R7-4202-21,二次救急,二次
R7,42,長崎県,4202,佐世保県北,R7-4202-22,二次救急,二次
R7,42,長崎県,4202,佐世保県北,R7-4202-22,在宅療養支援,在支
R7,42,長崎県,4202,佐世保県北,R7-4202-23,在宅療養支援,在支
R7,42,長崎県,4202,佐世保県北,R7-4202-25,二次救急,二次
R7,42,長崎県,4202,佐世保県北,R7-4202-26,二次救急,二次
R7,42,長崎県,4202,佐世保県北,R7-4202-26,在宅療養支援,在支
R7,42,長崎県,4202,佐世保県北,R7-4202-27,二次救急,二次
R7,42,長崎県,4202,佐世保県北,R7-4202-28,在宅療養支援,在支
R7,42,長崎県,4202,佐世保県北,R7-4202-30,二次救急,二次
R7,42,長崎県,4202,佐世保県北,R7-4202-30,在宅療養支援,在支
R7,42,長崎県,4202,佐世保県北,R7-4202-31,二次救急,二次
R7,42,長崎県,4202,佐世保県北,R7-4202-31,在宅療養支援,在支
R7,42,長崎県,4202,佐世保県北,R7-4202-32,二次救急,二次
R7,42,長崎県,4202,佐世保県北,R7-4202-32,在宅療養支援,在支
R7,42,長崎県,4202,佐世保県北,R7-4202-34,二次救急,二次
R7,42,長崎県,4202,佐世保県北,R7-4202-36,二次救急,二次
R7,42,長崎県,4202,佐世保県北,R7-4202-42,在宅療養支援,在支
R7,42,長崎県,4202,佐世保県北,R7-4202-43,在宅療養支援,在支
R7,42,長崎県,4202,佐世保県北,R7-4202-44,在宅療養支援,在支
R7,42,長崎県,4202,佐世保県北,R7-4202-46,在宅療養支援,在支
R7,42,長崎県,4202,佐世保県北,R7-4202-49,在宅療養支援,在支
R7,42,長崎県,4202,佐世保県北,R7-4202-50,在宅療養支援,在支
R7,42,長崎県,4202,佐世保県北,R7-4202-52,在宅療養支援,在支
R7,42,長崎県,4202,佐世保県北,R7-4202-54,在宅療養支援,在支
R7,42,長崎県,4202,佐世保県北,R7-4202-55,在宅療養支援,在支
R7,42,長崎県,4202,佐世保県北,R7-4202-58,在宅療養支援,在支
R7,42,長崎県,4202,佐世保県北,R7-4202-59,在宅療養支援,在支
R7,42,長崎県,4202,佐世保県北,R7-4202-61,在宅療養支援,在支
R7,42,長崎県,4202,佐世保県北,R7-4202-70,在宅療養支援,在支
R7,42,長崎県,4203,県央,R7-4203-14,地域支援,地
R7,42,長崎県,4203,県央,R7-4203-14,三次救急,三次
R7,42,長崎県,4203,県央,R7-4203-14,二次救急,二次
R7,42,長崎県,4203,県央,R7-4203-15,地域支援,地
R7,42,長崎県,4203,県央,R7-4203-15,二次救急,二次
R7,42,長崎県,4203,県央,R7-4203-16,地域支援,地
R7,42,長崎県,4203,県央,R7-4203-16,二次救急,二次
R7,42,長崎県,4203,県央,R7-4203-18,二次救急,二次
R7,42,長崎県,4203,県央,R7-4203-23,二次救急,二次
R7,42,長崎県,4203,県央,R7-4203-25,二次救急,二次
R7,42,長崎県,4203,県央,R7-4203-25,在宅療養支援,在支
R7,42,長崎県,4203,県央,R7-4203-26,二次救急,二次
R7,42,長崎県,4203,県央,R7-4203-28,在宅療養支援,在支
R7,42,長崎県,4203,県央,R7-4203-31,二次救急,二次
R7,42,長崎県,4203,県央,R7-4203-33,二次救急,二次
R7,42,長崎県,4203,県央,R7-4203-33,在宅療養支援,在支
R7,42,長崎県,4203,県央,R7-4203-36,在宅療養支援,在支
R7,42,長崎県,4203,県央,R7-4203-37,在宅療養支援,在支
R7,42,長崎県,4203,県央,R7-4203-38,在宅療養支援,在支
R7,42,長崎県,4203,県央,R7-4203-40,在宅療養支援,在支
R7,42,長崎県,4203,県央,R7-4203-43,在宅療養支援,在支
R7,42,長崎県,4203,県央,R7-4203-44,在宅療養支援,在支
R7,42,長崎県,4203,県央,R7-4203-45,在宅療養支援,在支
R7,42,長崎県,4203,県央,R7-4203-48,在宅療養支援,在支
R7,42,長崎県,4203,県央,R7-4203-49,在宅療養支援,在支
R7,42,長崎県,4203,県央,R7-4203-52,在宅療養支援,在支
R7,42,長崎県,4203,県央,R7-4203-54,在宅療養支援,在支
R7,42,長崎県,4203,県央,R7-4203-60,在宅療養支援,在支
R7,42,長崎県,4203,県央,R7-4203-62,在宅療養支援,在支
R7,42,長崎県,4203,県央,R7-4203-66,在宅療養支援,在支
R7,42,長崎県,4203,県央,R7-4203-75,在宅療養支援,在支
R7,42,長崎県,4204,県南,R7-4204-14,二次救急,二次
R7,42,長崎県,4204,県南,R7-4204-15,地域支援,地
R7,42,長崎県,4204,県南,R7-4204-15,二次救急,二次
R7,42,長崎県,4204,県南,R7-4204-16,二次救急,二次
R7,42,長崎県,4204,県南,R7-4204-16,在宅療養支援,在支
R7,42,長崎県,4204,県南,R7-4204-17,二次救急,二次
R7,42,長崎県,4204,県南,R7-4204-17,在宅療養支援,在支
R7,42,長崎県,4204,県南,R7-4204-18,二次救急,二次
R7,42,長崎県,4204,県南,R7-4204-18,在宅療養支援,在支
R7,42,長崎県,4204,県南,R7-4204-19,在宅療養支援,在支
R7,42,長崎県,4204,県南,R7-4204-21,在宅療養支援,在支
R7,42,長崎県,4204,県南,R7-4204-22,二次救急,二次
R7,42,長崎県,4204,県南,R7-4204-22,在宅療養支援,在支
R7,42,長崎県,4204,県南,R7-4204-23,在宅療養支援,在支
R7,42,長崎県,4204,県南,R7-4204-26,在宅療養支援,在支
R7,42,長崎県,4204,県南,R7-4204-28,在宅療養支援,在支
R7,42,長崎県,4204,県南,R7-4204-30,在宅療養支援,在支
R7,42,長崎県,4204,県南,R7-4204-33,在宅療養支援,在支
R7,42,長崎県,4206,五島,R7-4206-14,二次救急,二次
R7,42,長崎県,4206,五島,R7-4206-15,在宅療養支援,在支
R7,42,長崎県,4206,五島,R7-4206-16,二次救急,二次
R7,42,長崎県,4206,五島,R7-4206-16,在宅療養支援,在支
R7,42,長崎県,4206,五島,R7-4206-17,在宅療養支援,在支
R7,42,長崎県,4207,上五島,R7-4207-14,二次救急,二次
R7,42,長崎県,4207,上五島,R7-4207-14,在宅療養支援,在支
R7,42,長崎県,4208,壱岐,R7-4208-14,二次救急,二次
R7,42,長崎県,4208,壱岐,R7-4208-15,二次救急,二次
R7,42,長崎県,4208,壱岐,R7-4208-15,在宅療養支援,在支
R7,42,長崎県,4209,対馬,R7-4209-14,二次救急,二次
R7,42,長崎県,4209,対馬,R7-4209-14,在宅療養支援,在支
R7,42,長崎県,4209,対馬,R7-4209-15,二次救急,二次
R7,43,熊本県,4302,宇城,R7-4302-14,地域支援,地
R7,43,熊本県,4302,宇城,R7-4302-14,二次救急,二次
R7,43,熊本県,4302,宇城,R7-4302-16,二次救急,二次
R7,43,熊本県,4302,宇城,R7-4302-17,二次救急,二次
R7,43,熊本県,4302,宇城,R7-4302-17,在宅療養支援,在支
R7,43,熊本県,4302,宇城,R7-4302-18,在宅療養支援,在支
R7,43,熊本県,4302,宇城,R7-4302-20,在宅療養支援,在支
R7,43,熊本県,4302,宇城,R7-4302-21,二次救急,二次
R7,43,熊本県,4302,宇城,R7-4302-22,在宅療養支援,在支
R7,43,熊本県,4302,宇城,R7-4302-23,在宅療養支援,在支
R7,43,熊本県,4302,宇城,R7-4302-24,在宅療養支援,在支
R7,43,熊本県,4302,宇城,R7-4302-26,在宅療養支援,在支
R7,43,熊本県,4302,宇城,R7-4302-27,在宅療養支援,在支
R7,43,熊本県,4303,有明,R7-4303-14,地域支援,地
R7,43,熊本県,4303,有明,R7-4303-14,二次救急,二次
R7,43,熊本県,4303,有明,R7-4303-15,地域支援,地
R7,43,熊本県,4303,有明,R7-4303-15,二次救急,二次
R7,43,熊本県,4303,有明,R7-4303-19,二次救急,二次
R7,43,熊本県,4303,有明,R7-4303-19,在宅療養支援,在支
R7,43,熊本県,4303,有明,R7-4303-22,在宅療養支援,在支
R7,43,熊本県,4303,有明,R7-4303-23,在宅療養支援,在支
R7,43,熊本県,4303,有明,R7-4303-33,在宅療養支援,在支
R7,43,熊本県,4303,有明,R7-4303-40,在宅療養支援,在支
R7,43,熊本県,4303,有明,R7-4303-42,在宅療養支援,在支
R7,43,熊本県,4304,鹿本,R7-4304-14,地域支援,地
R7,43,熊本県,4304,鹿本,R7-4304-14,二次救急,二次
R7,43,熊本県,4304,鹿本,R7-4304-15,二次救急,二次
R7,43,熊本県,4304,鹿本,R7-4304-15,在宅療養支援,在支
R7,43,熊本県,4304,鹿本,R7-4304-16,二次救急,二次
R7,43,熊本県,4304,鹿本,R7-4304-16,在宅療養支援,在支
R7,43,熊本県,4304,鹿本,R7-4304-18,二次救急,二次
R7,43,熊本県,4304,鹿本,R7-4304-18,在宅療養支援,在支
R7,43,熊本県,4304,鹿本,R7-4304-19,在宅療養支援,在支
R7,43,熊本県,4304,鹿本,R7-4304-20,在宅療養支援,在支
R7,43,熊本県,4304,鹿本,R7-4304-21,在宅療養支援,在支
R7,43,熊本県,4305,菊池,R7-4305-14,地域支援,地
R7,43,熊本県,4305,菊池,R7-4305-14,二次救急,二次
R7,43,熊本県,4305,菊池,R7-4305-16,二次救急,二次
R7,43,熊本県,4305,菊池,R7-4305-17,二次救急,二次
R7,43,熊本県,4305,菊池,R7-4305-18,二次救急,二次
R7,43,熊本県,4305,菊池,R7-4305-19,在宅療養支援,在支
R7,43,熊本県,4305,菊池,R7-4305-20,二次救急,二次
R7,43,熊本県,4305,菊池,R7-4305-21,二次救急,二次
R7,43,熊本県,4305,菊池,R7-4305-22,二次救急,二次
R7,43,熊本県,4305,菊池,R7-4305-23,二次救急,二次
R7,43,熊本県,4305,菊池,R7-4305-25,二次救急,二次
R7,43,熊本県,4305,菊池,R7-4305-25,在宅療養支援,在支
R7,43,熊本県,4305,菊池,R7-4305-26,二次救急,二次
R7,43,熊本県,4305,菊池,R7-4305-30,在宅療養支援,在支
R7,43,熊本県,4305,菊池,R7-4305-31,在宅療養支援,在支
R7,43,熊本県,4305,菊池,R7-4305-39,在宅療養支援,在支
R7,43,熊本県,4305,菊池,R7-4305-40,在宅療養支援,在支
R7,43,熊本県,4306,阿蘇,R7-4306-14,二次救急,二次
R7,43,熊本県,4306,阿蘇,R7-4306-15,二次救急,二次
R7,43,熊本県,4306,阿蘇,R7-4306-16,二次救急,二次
R7,43,熊本県,4306,阿蘇,R7-4306-17,二次救急,二次
R7,43,熊本県,4306,阿蘇,R7-4306-17,在宅療養支援,在支
R7,43,熊本県,4306,阿蘇,R7-4306-18,二次救急,二次
R7,43,熊本県,4306,阿蘇,R7-4306-18,在宅療養支援,在支
R7,43,熊本県,4306,阿蘇,R7-4306-19,在宅療養支援,在支
R7,43,熊本県,4306,阿蘇,R7-4306-20,在宅療養支援,在支
R7,43,熊本県,4308,八代,R7-4308-14,地域支援,地
R7,43,熊本県,4308,八代,R7-4308-14,二次救急,二次
R7,43,熊本県,4308,八代,R7-4308-15,地域支援,地
R7,43,熊本県,4308,八代,R7-4308-15,二次救急,二次
R7,43,熊本県,4308,八代,R7-4308-18,在宅療養支援,在支
R7,43,熊本県,4308,八代,R7-4308-19,二次救急,二次
R7,43,熊本県,4308,八代,R7-4308-19,在宅療養支援,在支
R7,43,熊本県,4308,八代,R7-4308-23,在宅療養支援,在支
R7,43,熊本県,4308,八代,R7-4308-25,在宅療養支援,在支
R7,43,熊本県,4308,八代,R7-4308-29,在宅療養支援,在支
R7,43,熊本県,4308,八代,R7-4308-31,在宅療養支援,在支
R7,43,熊本県,4308,八代,R7-4308-32,在宅療養支援,在支
R7,43,熊本県,4308,八代,R7-4308-34,在宅療養支援,在支
R7,43,熊本県,4308,八代,R7-4308-35,在宅療養支援,在支
R7,43,熊本県,4309,芦北,R7-4309-14,地域支援,地
R7,43,熊本県,4309,芦北,R7-4309-14,二次救急,二次
R7,43,熊本県,4309,芦北,R7-4309-16,二次救急,二次
R7,43,熊本県,4309,芦北,R7-4309-16,在宅療養支援,在支
R7,43,熊本県,4309,芦北,R7-4309-18,在宅療養支援,在支
R7,43,熊本県,4309,芦北,R7-4309-25,在宅療養支援,在支
R7,43,熊本県,4309,芦北,R7-4309-26,在宅療養支援,在支
R7,43,熊本県,4309,芦北,R7-4309-27,在宅療養支援,在支
R7,43,熊本県,4309,芦北,R7-4309-28,在宅療養支援,在支
R7,43,熊本県,4310,球磨,R7-4310-14,地域支援,地
R7,43,熊本県,4310,球磨,R7-4310-14,二次救急,二次
R7,43,熊本県,4310,球磨,R7-4310-15,二次救急,二次
R7,43,熊本県,4310,球磨,R7-4310-16,二次救急,二次
R7,43,熊本県,4310,球磨,R7-4310-16,在宅療養支援,在支
R7,43,熊本県,4310,球磨,R7-4310-17,二次救急,二次
R7,43,熊本県,4310,球磨,R7-4310-19,二次救急,二次
R7,43,熊本県,4310,球磨,R7-4310-19,在宅療養支援,在支
R7,43,熊本県,4310,球磨,R7-4310-20,在宅療養支援,在支
R7,43,熊本県,4310,球磨,R7-4310-21,在宅療養支援,在支
R7,43,熊本県,4310,球磨,R7-4310-22,在宅療養支援,在支
R7,43,熊本県,4310,球磨,R7-4310-32,在宅療養支援,在支
R7,43,熊本県,4311,天草,R7-4311-16,二次救急,二次
R7,43,熊本県,4311,天草,R7-4311-16,在宅療養支援,在支
R7,43,熊本県,4311,天草,R7-4311-17,地域支援,地
R7,43,熊本県,4311,天草,R7-4311-17,二次救急,二次
R7,43,熊本県,4311,天草,R7-4311-19,二次救急,二次
R7,43,熊本県,4311,天草,R7-4311-21,二次救急,二次
R7,43,熊本県,4311,天草,R7-4311-21,在宅療養支援,在支
R7,43,熊本県,4311,天草,R7-4311-22,二次救急,二次
R7,43,熊本県,4311,天草,R7-4311-22,在宅療養支援,在支
R7,43,熊本県,4311,天草,R7-4311-23,二次救急,二次
R7,43,熊本県,4311,天草,R7-4311-23,在宅療養支援,在支
R7,43,熊本県,4311,天草,R7-4311-24,二次救急,二次
R7,43,熊本県,4311,天草,R7-4311-25,二次救急,二次
R7,43,熊本県,4311,天草,R7-4311-25,在宅療養支援,在支
R7,43,熊本県,4311,天草,R7-4311-27,二次救急,二次
R7,43,熊本県,4311,天草,R7-4311-28,二次救急,二次
R7,43,熊本県,4311,天草,R7-4311-29,在宅療養支援,在支
R7,43,熊本県,4311,天草,R7-4311-30,在宅療養支援,在支
R7,43,熊本県,4311,天草,R7-4311-36,在宅療養支援,在支
R7,43,熊本県,4311,天草,R7-4311-38,在宅療養支援,在支
R7,43,熊本県,4312,熊本・上益城,R7-4312-14,特定機能,特
R7,43,熊本県,4312,熊本・上益城,R7-4312-14,三次救急,三次
R7,43,熊本県,4312,熊本・上益城,R7-4312-14,二次救急,二次
R7,43,熊本県,4312,熊本・上益城,R7-4312-15,二次救急,二次
R7,43,熊本県,4312,熊本・上益城,R7-4312-16,二次救急,二次
R7,43,熊本県,4312,熊本・上益城,R7-4312-17,地域支援,地
R7,43,熊本県,4312,熊本・上益城,R7-4312-17,三次救急,三次
R7,43,熊本県,4312,熊本・上益城,R7-4312-17,二次救急,二次
R7,43,熊本県,4312,熊本・上益城,R7-4312-18,地域支援,地
R7,43,熊本県,4312,熊本・上益城,R7-4312-18,三次救急,三次
R7,43,熊本県,4312,熊本・上益城,R7-4312-18,二次救急,二次
R7,43,熊本県,4312,熊本・上益城,R7-4312-19,地域支援,地
R7,43,熊本県,4312,熊本・上益城,R7-4312-19,三次救急,三次
R7,43,熊本県,4312,熊本・上益城,R7-4312-19,二次救急,二次
R7,43,熊本県,4312,熊本・上益城,R7-4312-20,地域支援,地
R7,43,熊本県,4312,熊本・上益城,R7-4312-20,二次救急,二次
R7,43,熊本県,4312,熊本・上益城,R7-4312-21,二次救急,二次
R7,43,熊本県,4312,熊本・上益城,R7-4312-23,地域支援,地
R7,43,熊本県,4312,熊本・上益城,R7-4312-23,二次救急,二次
R7,43,熊本県,4312,熊本・上益城,R7-4312-25,地域支援,地
R7,43,熊本県,4312,熊本・上益城,R7-4312-25,二次救急,二次
R7,43,熊本県,4312,熊本・上益城,R7-4312-26,二次救急,二次
R7,43,熊本県,4312,熊本・上益城,R7-4312-27,二次救急,二次
R7,43,熊本県,4312,熊本・上益城,R7-4312-27,在宅療養支援,在支
R7,43,熊本県,4312,熊本・上益城,R7-4312-28,二次救急,二次
R7,43,熊本県,4312,熊本・上益城,R7-4312-28,在宅療養支援,在支
R7,43,熊本県,4312,熊本・上益城,R7-4312-29,二次救急,二次
R7,43,熊本県,4312,熊本・上益城,R7-4312-29,在宅療養支援,在支
R7,43,熊本県,4312,熊本・上益城,R7-4312-30,二次救急,二次
R7,43,熊本県,4312,熊本・上益城,R7-4312-33,二次救急,二次
R7,43,熊本県,4312,熊本・上益城,R7-4312-33,在宅療養支援,在支
R7,43,熊本県,4312,熊本・上益城,R7-4312-34,二次救急,二次
R7,43,熊本県,4312,熊本・上益城,R7-4312-36,二次救急,二次
R7,43,熊本県,4312,熊本・上益城,R7-4312-36,在宅療養支援,在支
R7,43,熊本県,4312,熊本・上益城,R7-4312-37,在宅療養支援,在支
R7,43,熊本県,4312,熊本・上益城,R7-4312-38,在宅療養支援,在支
R7,43,熊本県,4312,熊本・上益城,R7-4312-41,二次救急,二次
R7,43,熊本県,4312,熊本・上益城,R7-4312-41,在宅療養支援,在支
R7,43,熊本県,4312,熊本・上益城,R7-4312-42,二次救急,二次
R7,43,熊本県,4312,熊本・上益城,R7-4312-42,在宅療養支援,在支
R7,43,熊本県,4312,熊本・上益城,R7-4312-43,二次救急,二次
R7,43,熊本県,4312,熊本・上益城,R7-4312-43,在宅療養支援,在支
R7,43,熊本県,4312,熊本・上益城,R7-4312-44,二次救急,二次
R7,43,熊本県,4312,熊本・上益城,R7-4312-44,在宅療養支援,在支
R7,43,熊本県,4312,熊本・上益城,R7-4312-45,二次救急,二次
R7,43,熊本県,4312,熊本・上益城,R7-4312-45,在宅療養支援,在支
R7,43,熊本県,4312,熊本・上益城,R7-4312-46,在宅療養支援,在支
R7,43,熊本県,4312,熊本・上益城,R7-4312-47,二次救急,二次
R7,43,熊本県,4312,熊本・上益城,R7-4312-50,二次救急,二次
R7,43,熊本県,4312,熊本・上益城,R7-4312-50,在宅療養支援,在支
R7,43,熊本県,4312,熊本・上益城,R7-4312-51,二次救急,二次
R7,43,熊本県,4312,熊本・上益城,R7-4312-52,在宅療養支援,在支
R7,43,熊本県,4312,熊本・上益城,R7-4312-54,在宅療養支援,在支
R7,43,熊本県,4312,熊本・上益城,R7-4312-55,二次救急,二次
R7,43,熊本県,4312,熊本・上益城,R7-4312-55,在宅療養支援,在支
R7,43,熊本県,4312,熊本・上益城,R7-4312-56,二次救急,二次
R7,43,熊本県,4312,熊本・上益城,R7-4312-57,在宅療養支援,在支
R7,43,熊本県,4312,熊本・上益城,R7-4312-58,二次救急,二次
R7,43,熊本県,4312,熊本・上益城,R7-4312-59,在宅療養支援,在支
R7,43,熊本県,4312,熊本・上益城,R7-4312-61,二次救急,二次
R7,43,熊本県,4312,熊本・上益城,R7-4312-62,二次救急,二次
R7,43,熊本県,4312,熊本・上益城,R7-4312-62,在宅療養支援,在支
R7,43,熊本県,4312,熊本・上益城,R7-4312-64,二次救急,二次
R7,43,熊本県,4312,熊本・上益城,R7-4312-65,二次救急,二次
R7,43,熊本県,4312,熊本・上益城,R7-4312-66,二次救急,二次
R7,43,熊本県,4312,熊本・上益城,R7-4312-67,二次救急,二次
R7,43,熊本県,4312,熊本・上益城,R7-4312-68,二次救急,二次
R7,43,熊本県,4312,熊本・上益城,R7-4312-68,在宅療養支援,在支
R7,43,熊本県,4312,熊本・上益城,R7-4312-69,二次救急,二次
R7,43,熊本県,4312,熊本・上益城,R7-4312-69,在宅療養支援,在支
R7,43,熊本県,4312,熊本・上益城,R7-4312-71,在宅療養支援,在支
R7,43,熊本県,4312,熊本・上益城,R7-4312-72,二次救急,二次
R7,43,熊本県,4312,熊本・上益城,R7-4312-72,在宅療養支援,在支
R7,43,熊本県,4312,熊本・上益城,R7-4312-76,在宅療養支援,在支
R7,43,熊本県,4312,熊本・上益城,R7-4312-77,在宅療養支援,在支
R7,43,熊本県,4312,熊本・上益城,R7-4312-78,在宅療養支援,在支
R7,43,熊本県,4312,熊本・上益城,R7-4312-80,二次救急,二次
R7,43,熊本県,4312,熊本・上益城,R7-4312-84,在宅療養支援,在支
R7,43,熊本県,4312,熊本・上益城,R7-4312-88,二次救急,二次
R7,43,熊本県,4312,熊本・上益城,R7-4312-89,在宅療養支援,在支
R7,43,熊本県,4312,熊本・上益城,R7-4312-91,在宅療養支援,在支
R7,43,熊本県,4312,熊本・上益城,R7-4312-99,在宅療養支援,在支
R7,43,熊本県,4312,熊本・上益城,R7-4312-108,在宅療養支援,在支
R7,43,熊本県,4312,熊本・上益城,R7-4312-117,在宅療養支援,在支
R7,43,熊本県,4312,熊本・上益城,R7-4312-118,在宅療養支援,在支
R7,43,熊本県,4312,熊本・上益城,R7-4312-124,在宅療養支援,在支
R7,43,熊本県,4312,熊本・上益城,R7-4312-127,在宅療養支援,在支
R7,43,熊本県,4312,熊本・上益城,R7-4312-140,在宅療養支援,在支
R7,43,熊本県,4312,熊本・上益城,R7-4312-152,在宅療養支援,在支
R7,43,熊本県,4312,熊本・上益城,R7-4312-158,在宅療養支援,在支
R7,43,熊本県,4312,熊本・上益城,R7-4312-161,在宅療養支援,在支
R7,43,熊本県,4312,熊本・上益城,R7-4312-163,在宅療養支援,在支
R7,43,熊本県,4312,熊本・上益城,R7-4312-164,在宅療養支援,在支
R7,43,熊本県,4312,熊本・上益城,R7-4312-173,在宅療養支援,在支
R7,43,熊本県,4312,熊本・上益城,R7-4312-184,在宅療養支援,在支
R7,43,熊本県,4312,熊本・上益城,R7-4312-187,在宅療養支援,在支
R7,44,大分県,4401,東部,R7-4401-14,地域支援,地
R7,44,大分県,4401,東部,R7-4401-14,二次救急,二次
R7,44,大分県,4401,東部,R7-4401-16,地域支援,地
R7,44,大分県,4401,東部,R7-4401-16,三次救急,三次
R7,44,大分県,4401,東部,R7-4401-16,二次救急,二次
R7,44,大分県,4401,東部,R7-4401-17,二次救急,二次
R7,44,大分県,4401,東部,R7-4401-18,二次救急,二次
R7,44,大分県,4401,東部,R7-4401-19,二次救急,二次
R7,44,大分県,4401,東部,R7-4401-20,二次救急,二次
R7,44,大分県,4401,東部,R7-4401-20,在宅療養支援,在支
R7,44,大分県,4401,東部,R7-4401-21,二次救急,二次
R7,44,大分県,4401,東部,R7-4401-21,在宅療養支援,在支
R7,44,大分県,4401,東部,R7-4401-22,在宅療養支援,在支
R7,44,大分県,4401,東部,R7-4401-23,二次救急,二次
R7,44,大分県,4401,東部,R7-4401-28,在宅療養支援,在支
R7,44,大分県,4401,東部,R7-4401-29,二次救急,二次
R7,44,大分県,4401,東部,R7-4401-30,在宅療養支援,在支
R7,44,大分県,4401,東部,R7-4401-32,在宅療養支援,在支
R7,44,大分県,4401,東部,R7-4401-34,在宅療養支援,在支
R7,44,大分県,4401,東部,R7-4401-35,在宅療養支援,在支
R7,44,大分県,4401,東部,R7-4401-36,在宅療養支援,在支
R7,44,大分県,4401,東部,R7-4401-37,在宅療養支援,在支
R7,44,大分県,4401,東部,R7-4401-44,在宅療養支援,在支
R7,44,大分県,4401,東部,R7-4401-45,在宅療養支援,在支
R7,44,大分県,4401,東部,R7-4401-46,在宅療養支援,在支
R7,44,大分県,4401,東部,R7-4401-49,在宅療養支援,在支
R7,44,大分県,4401,東部,R7-4401-53,在宅療養支援,在支
R7,44,大分県,4401,東部,R7-4401-54,在宅療養支援,在支
R7,44,大分県,4401,東部,R7-4401-55,在宅療養支援,在支
R7,44,大分県,4401,東部,R7-4401-62,在宅療養支援,在支
R7,44,大分県,4401,東部,R7-4401-64,在宅療養支援,在支
R7,44,大分県,4401,東部,R7-4401-71,在宅療養支援,在支
R7,44,大分県,4401,東部,R7-4401-74,在宅療養支援,在支
R7,44,大分県,4401,東部,R7-4401-77,在宅療養支援,在支
R7,44,大分県,4403,中部,R7-4403-14,特定機能,特
R7,44,大分県,4403,中部,R7-4403-14,三次救急,三次
R7,44,大分県,4403,中部,R7-4403-15,地域支援,地
R7,44,大分県,4403,中部,R7-4403-15,三次救急,三次
R7,44,大分県,4403,中部,R7-4403-15,二次救急,二次
R7,44,大分県,4403,中部,R7-4403-16,地域支援,地
R7,44,大分県,4403,中部,R7-4403-16,三次救急,三次
R7,44,大分県,4403,中部,R7-4403-16,二次救急,二次
R7,44,大分県,4403,中部,R7-4403-17,地域支援,地
R7,44,大分県,4403,中部,R7-4403-17,二次救急,二次
R7,44,大分県,4403,中部,R7-4403-18,地域支援,地
R7,44,大分県,4403,中部,R7-4403-18,二次救急,二次
R7,44,大分県,4403,中部,R7-4403-19,二次救急,二次
R7,44,大分県,4403,中部,R7-4403-20,地域支援,地
R7,44,大分県,4403,中部,R7-4403-20,二次救急,二次
R7,44,大分県,4403,中部,R7-4403-22,二次救急,二次
R7,44,大分県,4403,中部,R7-4403-23,二次救急,二次
R7,44,大分県,4403,中部,R7-4403-23,在宅療養支援,在支
R7,44,大分県,4403,中部,R7-4403-24,地域支援,地
R7,44,大分県,4403,中部,R7-4403-24,二次救急,二次
R7,44,大分県,4403,中部,R7-4403-25,二次救急,二次
R7,44,大分県,4403,中部,R7-4403-26,在宅療養支援,在支
R7,44,大分県,4403,中部,R7-4403-29,二次救急,二次
R7,44,大分県,4403,中部,R7-4403-30,在宅療養支援,在支
R7,44,大分県,4403,中部,R7-4403-32,在宅療養支援,在支
R7,44,大分県,4403,中部,R7-4403-35,在宅療養支援,在支
R7,44,大分県,4403,中部,R7-4403-36,在宅療養支援,在支
R7,44,大分県,4403,中部,R7-4403-38,在宅療養支援,在支
R7,44,大分県,4403,中部,R7-4403-40,在宅療養支援,在支
R7,44,大分県,4403,中部,R7-4403-41,在宅療養支援,在支
R7,44,大分県,4403,中部,R7-4403-42,在宅療養支援,在支
R7,44,大分県,4403,中部,R7-4403-43,在宅療養支援,在支
R7,44,大分県,4403,中部,R7-4403-48,在宅療養支援,在支
R7,44,大分県,4403,中部,R7-4403-50,在宅療養支援,在支
R7,44,大分県,4403,中部,R7-4403-51,在宅療養支援,在支
R7,44,大分県,4403,中部,R7-4403-52,在宅療養支援,在支
R7,44,大分県,4403,中部,R7-4403-53,在宅療養支援,在支
R7,44,大分県,4403,中部,R7-4403-57,二次救急,二次
R7,44,大分県,4403,中部,R7-4403-60,在宅療養支援,在支
R7,44,大分県,4403,中部,R7-4403-61,二次救急,二次
R7,44,大分県,4403,中部,R7-4403-62,在宅療養支援,在支
R7,44,大分県,4403,中部,R7-4403-63,在宅療養支援,在支
R7,44,大分県,4403,中部,R7-4403-69,在宅療養支援,在支
R7,44,大分県,4403,中部,R7-4403-73,在宅療養支援,在支
R7,44,大分県,4403,中部,R7-4403-75,在宅療養支援,在支
R7,44,大分県,4403,中部,R7-4403-77,在宅療養支援,在支
R7,44,大分県,4403,中部,R7-4403-81,在宅療養支援,在支
R7,44,大分県,4403,中部,R7-4403-83,在宅療養支援,在支
R7,44,大分県,4403,中部,R7-4403-84,在宅療養支援,在支
R7,44,大分県,4403,中部,R7-4403-87,在宅療養支援,在支
R7,44,大分県,4403,中部,R7-4403-92,在宅療養支援,在支
R7,44,大分県,4403,中部,R7-4403-94,在宅療養支援,在支
R7,44,大分県,4403,中部,R7-4403-96,在宅療養支援,在支
R7,44,大分県,4403,中部,R7-4403-103,在宅療養支援,在支
R7,44,大分県,4403,中部,R7-4403-104,在宅療養支援,在支
R7,44,大分県,4403,中部,R7-4403-106,在宅療養支援,在支
R7,44,大分県,4403,中部,R7-4403-107,在宅療養支援,在支
R7,44,大分県,4403,中部,R7-4403-108,在宅療養支援,在支
R7,44,大分県,4403,中部,R7-4403-110,在宅療養支援,在支
R7,44,大分県,4403,中部,R7-4403-114,在宅療養支援,在支
R7,44,大分県,4403,中部,R7-4403-115,在宅療養支援,在支
R7,44,大分県,4403,中部,R7-4403-117,在宅療養支援,在支
R7,44,大分県,4403,中部,R7-4403-120,在宅療養支援,在支
R7,44,大分県,4403,中部,R7-4403-125,在宅療養支援,在支
R7,44,大分県,4403,中部,R7-4403-133,在宅療養支援,在支
R7,44,大分県,4403,中部,R7-4403-138,在宅療養支援,在支
R7,44,大分県,4403,中部,R7-4403-139,在宅療養支援,在支
R7,44,大分県,4403,中部,R7-4403-149,在宅療養支援,在支
R7,44,大分県,4405,南部,R7-4405-14,二次救急,二次
R7,44,大分県,4405,南部,R7-4405-15,二次救急,二次
R7,44,大分県,4405,南部,R7-4405-16,地域支援,地
R7,44,大分県,4405,南部,R7-4405-16,二次救急,二次
R7,44,大分県,4405,南部,R7-4405-17,二次救急,二次
R7,44,大分県,4405,南部,R7-4405-17,在宅療養支援,在支
R7,44,大分県,4405,南部,R7-4405-21,在宅療養支援,在支
R7,44,大分県,4405,南部,R7-4405-22,在宅療養支援,在支
R7,44,大分県,4406,豊肥,R7-4406-14,二次救急,二次
R7,44,大分県,4406,豊肥,R7-4406-15,地域支援,地
R7,44,大分県,4406,豊肥,R7-4406-15,二次救急,二次
R7,44,大分県,4406,豊肥,R7-4406-16,二次救急,二次
R7,44,大分県,4406,豊肥,R7-4406-16,在宅療養支援,在支
R7,44,大分県,4406,豊肥,R7-4406-17,二次救急,二次
R7,44,大分県,4406,豊肥,R7-4406-17,在宅療養支援,在支
R7,44,大分県,4406,豊肥,R7-4406-18,在宅療養支援,在支
R7,44,大分県,4406,豊肥,R7-4406-19,在宅療養支援,在支
R7,44,大分県,4406,豊肥,R7-4406-23,在宅療養支援,在支
R7,44,大分県,4406,豊肥,R7-4406-24,在宅療養支援,在支
R7,44,大分県,4408,西部,R7-4408-14,地域支援,地
R7,44,大分県,4408,西部,R7-4408-14,二次救急,二次
R7,44,大分県,4408,西部,R7-4408-17,在宅療養支援,在支
R7,44,大分県,4408,西部,R7-4408-19,在宅療養支援,在支
R7,44,大分県,4408,西部,R7-4408-23,在宅療養支援,在支
R7,44,大分県,4408,西部,R7-4408-26,在宅療養支援,在支
R7,44,大分県,4408,西部,R7-4408-27,在宅療養支援,在支
R7,44,大分県,4408,西部,R7-4408-28,在宅療養支援,在支
R7,44,大分県,4408,西部,R7-4408-35,在宅療養支援,在支
R7,44,大分県,4408,西部,R7-4408-38,在宅療養支援,在支
R7,44,大分県,4409,北部,R7-4409-14,地域支援,地
R7,44,大分県,4409,北部,R7-4409-14,二次救急,二次
R7,44,大分県,4409,北部,R7-4409-15,二次救急,二次
R7,44,大分県,4409,北部,R7-4409-15,在宅療養支援,在支
R7,44,大分県,4409,北部,R7-4409-17,二次救急,二次
R7,44,大分県,4409,北部,R7-4409-17,在宅療養支援,在支
R7,44,大分県,4409,北部,R7-4409-18,二次救急,二次
R7,44,大分県,4409,北部,R7-4409-19,在宅療養支援,在支
R7,44,大分県,4409,北部,R7-4409-20,二次救急,二次
R7,44,大分県,4409,北部,R7-4409-20,在宅療養支援,在支
R7,44,大分県,4409,北部,R7-4409-21,地域支援,地
R7,44,大分県,4409,北部,R7-4409-21,二次救急,二次
R7,44,大分県,4409,北部,R7-4409-23,二次救急,二次
R7,44,大分県,4409,北部,R7-4409-23,在宅療養支援,在支
R7,44,大分県,4409,北部,R7-4409-24,二次救急,二次
R7,44,大分県,4409,北部,R7-4409-25,二次救急,二次
R7,44,大分県,4409,北部,R7-4409-28,在宅療養支援,在支
R7,44,大分県,4409,北部,R7-4409-29,二次救急,二次
R7,44,大分県,4409,北部,R7-4409-36,在宅療養支援,在支
R7,44,大分県,4409,北部,R7-4409-38,在宅療養支援,在支
R7,44,大分県,4409,北部,R7-4409-42,在宅療養支援,在支
R7,44,大分県,4409,北部,R7-4409-44,在宅療養支援,在支
R7,45,宮崎県,4501,宮崎東諸県,R7-4501-14,特定機能,特
R7,45,宮崎県,4501,宮崎東諸県,R7-4501-14,三次救急,三次
R7,45,宮崎県,4501,宮崎東諸県,R7-4501-15,地域支援,地
R7,45,宮崎県,4501,宮崎東諸県,R7-4501-15,三次救急,三次
R7,45,宮崎県,4501,宮崎東諸県,R7-4501-16,二次救急,二次
R7,45,宮崎県,4501,宮崎東諸県,R7-4501-17,二次救急,二次
R7,45,宮崎県,4501,宮崎東諸県,R7-4501-18,地域支援,地
R7,45,宮崎県,4501,宮崎東諸県,R7-4501-18,二次救急,二次
R7,45,宮崎県,4501,宮崎東諸県,R7-4501-19,地域支援,地
R7,45,宮崎県,4501,宮崎東諸県,R7-4501-19,二次救急,二次
R7,45,宮崎県,4501,宮崎東諸県,R7-4501-20,地域支援,地
R7,45,宮崎県,4501,宮崎東諸県,R7-4501-20,二次救急,二次
R7,45,宮崎県,4501,宮崎東諸県,R7-4501-21,二次救急,二次
R7,45,宮崎県,4501,宮崎東諸県,R7-4501-22,二次救急,二次
R7,45,宮崎県,4501,宮崎東諸県,R7-4501-23,二次救急,二次
R7,45,宮崎県,4501,宮崎東諸県,R7-4501-24,二次救急,二次
R7,45,宮崎県,4501,宮崎東諸県,R7-4501-24,在宅療養支援,在支
R7,45,宮崎県,4501,宮崎東諸県,R7-4501-26,二次救急,二次
R7,45,宮崎県,4501,宮崎東諸県,R7-4501-26,在宅療養支援,在支
R7,45,宮崎県,4501,宮崎東諸県,R7-4501-27,在宅療養支援,在支
R7,45,宮崎県,4501,宮崎東諸県,R7-4501-28,在宅療養支援,在支
R7,45,宮崎県,4501,宮崎東諸県,R7-4501-32,二次救急,二次
R7,45,宮崎県,4501,宮崎東諸県,R7-4501-32,在宅療養支援,在支
R7,45,宮崎県,4501,宮崎東諸県,R7-4501-33,二次救急,二次
R7,45,宮崎県,4501,宮崎東諸県,R7-4501-33,在宅療養支援,在支
R7,45,宮崎県,4501,宮崎東諸県,R7-4501-36,在宅療養支援,在支
R7,45,宮崎県,4501,宮崎東諸県,R7-4501-39,在宅療養支援,在支
R7,45,宮崎県,4501,宮崎東諸県,R7-4501-40,二次救急,二次
R7,45,宮崎県,4501,宮崎東諸県,R7-4501-40,在宅療養支援,在支
R7,45,宮崎県,4501,宮崎東諸県,R7-4501-42,在宅療養支援,在支
R7,45,宮崎県,4501,宮崎東諸県,R7-4501-44,二次救急,二次
R7,45,宮崎県,4501,宮崎東諸県,R7-4501-52,在宅療養支援,在支
R7,45,宮崎県,4501,宮崎東諸県,R7-4501-53,在宅療養支援,在支
R7,45,宮崎県,4501,宮崎東諸県,R7-4501-55,在宅療養支援,在支
R7,45,宮崎県,4501,宮崎東諸県,R7-4501-56,在宅療養支援,在支
R7,45,宮崎県,4501,宮崎東諸県,R7-4501-59,在宅療養支援,在支
R7,45,宮崎県,4501,宮崎東諸県,R7-4501-61,在宅療養支援,在支
R7,45,宮崎県,4501,宮崎東諸県,R7-4501-62,在宅療養支援,在支
R7,45,宮崎県,4501,宮崎東諸県,R7-4501-63,在宅療養支援,在支
R7,45,宮崎県,4501,宮崎東諸県,R7-4501-68,在宅療養支援,在支
R7,45,宮崎県,4501,宮崎東諸県,R7-4501-70,在宅療養支援,在支
R7,45,宮崎県,4501,宮崎東諸県,R7-4501-74,在宅療養支援,在支
R7,45,宮崎県,4501,宮崎東諸県,R7-4501-75,在宅療養支援,在支
R7,45,宮崎県,4501,宮崎東諸県,R7-4501-80,在宅療養支援,在支
R7,45,宮崎県,4501,宮崎東諸県,R7-4501-86,在宅療養支援,在支
R7,45,宮崎県,4502,都城北諸県,R7-4502-14,二次救急,二次
R7,45,宮崎県,4502,都城北諸県,R7-4502-15,地域支援,地
R7,45,宮崎県,4502,都城北諸県,R7-4502-15,二次救急,二次
R7,45,宮崎県,4502,都城北諸県,R7-4502-16,地域支援,地
R7,45,宮崎県,4502,都城北諸県,R7-4502-16,二次救急,二次
R7,45,宮崎県,4502,都城北諸県,R7-4502-17,二次救急,二次
R7,45,宮崎県,4502,都城北諸県,R7-4502-18,二次救急,二次
R7,45,宮崎県,4502,都城北諸県,R7-4502-19,二次救急,二次
R7,45,宮崎県,4502,都城北諸県,R7-4502-22,二次救急,二次
R7,45,宮崎県,4502,都城北諸県,R7-4502-22,在宅療養支援,在支
R7,45,宮崎県,4502,都城北諸県,R7-4502-27,二次救急,二次
R7,45,宮崎県,4502,都城北諸県,R7-4502-27,在宅療養支援,在支
R7,45,宮崎県,4502,都城北諸県,R7-4502-31,在宅療養支援,在支
R7,45,宮崎県,4502,都城北諸県,R7-4502-37,在宅療養支援,在支
R7,45,宮崎県,4502,都城北諸県,R7-4502-41,在宅療養支援,在支
R7,45,宮崎県,4502,都城北諸県,R7-4502-43,在宅療養支援,在支
R7,45,宮崎県,4502,都城北諸県,R7-4502-62,在宅療養支援,在支
R7,45,宮崎県,4503,延岡西臼杵,R7-4503-14,地域支援,地
R7,45,宮崎県,4503,延岡西臼杵,R7-4503-14,三次救急,三次
R7,45,宮崎県,4503,延岡西臼杵,R7-4503-14,二次救急,二次
R7,45,宮崎県,4503,延岡西臼杵,R7-4503-15,二次救急,二次
R7,45,宮崎県,4503,延岡西臼杵,R7-4503-15,在宅療養支援,在支
R7,45,宮崎県,4503,延岡西臼杵,R7-4503-16,二次救急,二次
R7,45,宮崎県,4503,延岡西臼杵,R7-4503-17,二次救急,二次
R7,45,宮崎県,4503,延岡西臼杵,R7-4503-18,二次救急,二次
R7,45,宮崎県,4503,延岡西臼杵,R7-4503-21,在宅療養支援,在支
R7,45,宮崎県,4503,延岡西臼杵,R7-4503-23,在宅療養支援,在支
R7,45,宮崎県,4503,延岡西臼杵,R7-4503-24,在宅療養支援,在支
R7,45,宮崎県,4503,延岡西臼杵,R7-4503-25,二次救急,二次
R7,45,宮崎県,4503,延岡西臼杵,R7-4503-28,二次救急,二次
R7,45,宮崎県,4503,延岡西臼杵,R7-4503-29,二次救急,二次
R7,45,宮崎県,4503,延岡西臼杵,R7-4503-29,在宅療養支援,在支
R7,45,宮崎県,4503,延岡西臼杵,R7-4503-31,在宅療養支援,在支
R7,45,宮崎県,4503,延岡西臼杵,R7-4503-36,在宅療養支援,在支
R7,45,宮崎県,4504,日南串間,R7-4504-14,地域支援,地
R7,45,宮崎県,4504,日南串間,R7-4504-14,二次救急,二次
R7,45,宮崎県,4504,日南串間,R7-4504-17,二次救急,二次
R7,45,宮崎県,4504,日南串間,R7-4504-17,在宅療養支援,在支
R7,45,宮崎県,4504,日南串間,R7-4504-18,二次救急,二次
R7,45,宮崎県,4504,日南串間,R7-4504-18,在宅療養支援,在支
R7,45,宮崎県,4504,日南串間,R7-4504-20,在宅療養支援,在支
R7,45,宮崎県,4504,日南串間,R7-4504-24,在宅療養支援,在支
R7,45,宮崎県,4505,西諸,R7-4505-14,地域支援,地
R7,45,宮崎県,4505,西諸,R7-4505-14,二次救急,二次
R7,45,宮崎県,4505,西諸,R7-4505-14,在宅療養支援,在支
R7,45,宮崎県,4505,西諸,R7-4505-16,在宅療養支援,在支
R7,45,宮崎県,4505,西諸,R7-4505-17,在宅療養支援,在支
R7,45,宮崎県,4505,西諸,R7-4505-18,在宅療養支援,在支
R7,45,宮崎県,4505,西諸,R7-4505-19,二次救急,二次
R7,45,宮崎県,4505,西諸,R7-4505-19,在宅療養支援,在支
R7,45,宮崎県,4505,西諸,R7-4505-20,在宅療養支援,在支
R7,45,宮崎県,4505,西諸,R7-4505-21,在宅療養支援,在支
R7,45,宮崎県,4505,西諸,R7-4505-22,二次救急,二次
R7,45,宮崎県,4505,西諸,R7-4505-22,在宅療養支援,在支
R7,45,宮崎県,4505,西諸,R7-4505-25,在宅療養支援,在支
R7,45,宮崎県,4505,西諸,R7-4505-26,在宅療養支援,在支
R7,45,宮崎県,4505,西諸,R7-4505-28,在宅療養支援,在支
R7,45,宮崎県,4505,西諸,R7-4505-32,在宅療養支援,在支
R7,45,宮崎県,4505,西諸,R7-4505-34,在宅療養支援,在支
R7,45,宮崎県,4506,西都児湯,R7-4506-14,二次救急,二次
R7,45,宮崎県,4506,西都児湯,R7-4506-14,在宅療養支援,在支
R7,45,宮崎県,4506,西都児湯,R7-4506-16,二次救急,二次
R7,45,宮崎県,4506,西都児湯,R7-4506-17,二次救急,二次
R7,45,宮崎県,4506,西都児湯,R7-4506-17,在宅療養支援,在支
R7,45,宮崎県,4506,西都児湯,R7-4506-18,二次救急,二次
R7,45,宮崎県,4506,西都児湯,R7-4506-19,在宅療養支援,在支
R7,45,宮崎県,4506,西都児湯,R7-4506-20,在宅療養支援,在支
R7,45,宮崎県,4506,西都児湯,R7-4506-22,二次救急,二次
R7,45,宮崎県,4506,西都児湯,R7-4506-28,在宅療養支援,在支
R7,45,宮崎県,4507,日向入郷,R7-4507-14,二次救急,二次
R7,45,宮崎県,4507,日向入郷,R7-4507-15,二次救急,二次
R7,45,宮崎県,4507,日向入郷,R7-4507-15,在宅療養支援,在支
R7,45,宮崎県,4507,日向入郷,R7-4507-16,二次救急,二次
R7,45,宮崎県,4507,日向入郷,R7-4507-16,在宅療養支援,在支
R7,45,宮崎県,4507,日向入郷,R7-4507-17,在宅療養支援,在支
R7,45,宮崎県,4507,日向入郷,R7-4507-18,二次救急,二次
R7,46,鹿児島県,4601,鹿児島,R7-4601-14,特定機能,特
R7,46,鹿児島県,4601,鹿児島,R7-4601-14,三次救急,三次
R7,46,鹿児島県,4601,鹿児島,R7-4601-15,地域支援,地
R7,46,鹿児島県,4601,鹿児島,R7-4601-15,三次救急,三次
R7,46,鹿児島県,4601,鹿児島,R7-4601-16,三次救急,三次
R7,46,鹿児島県,4601,鹿児島,R7-4601-16,二次救急,二次
R7,46,鹿児島県,4601,鹿児島,R7-4601-17,地域支援,地
R7,46,鹿児島県,4601,鹿児島,R7-4601-17,二次救急,二次
R7,46,鹿児島県,4601,鹿児島,R7-4601-18,二次救急,二次
R7,46,鹿児島県,4601,鹿児島,R7-4601-19,地域支援,地
R7,46,鹿児島県,4601,鹿児島,R7-4601-19,二次救急,二次
R7,46,鹿児島県,4601,鹿児島,R7-4601-20,地域支援,地
R7,46,鹿児島県,4601,鹿児島,R7-4601-20,二次救急,二次
R7,46,鹿児島県,4601,鹿児島,R7-4601-22,二次救急,二次
R7,46,鹿児島県,4601,鹿児島,R7-4601-23,二次救急,二次
R7,46,鹿児島県,4601,鹿児島,R7-4601-24,二次救急,二次
R7,46,鹿児島県,4601,鹿児島,R7-4601-27,在宅療養支援,在支
R7,46,鹿児島県,4601,鹿児島,R7-4601-28,地域支援,地
R7,46,鹿児島県,4601,鹿児島,R7-4601-28,二次救急,二次
R7,46,鹿児島県,4601,鹿児島,R7-4601-28,在宅療養支援,在支
R7,46,鹿児島県,4601,鹿児島,R7-4601-29,二次救急,二次
R7,46,鹿児島県,4601,鹿児島,R7-4601-29,在宅療養支援,在支
R7,46,鹿児島県,4601,鹿児島,R7-4601-30,二次救急,二次
R7,46,鹿児島県,4601,鹿児島,R7-4601-30,在宅療養支援,在支
R7,46,鹿児島県,4601,鹿児島,R7-4601-31,二次救急,二次
R7,46,鹿児島県,4601,鹿児島,R7-4601-31,在宅療養支援,在支
R7,46,鹿児島県,4601,鹿児島,R7-4601-33,二次救急,二次
R7,46,鹿児島県,4601,鹿児島,R7-4601-36,在宅療養支援,在支
R7,46,鹿児島県,4601,鹿児島,R7-4601-37,在宅療養支援,在支
R7,46,鹿児島県,4601,鹿児島,R7-4601-38,二次救急,二次
R7,46,鹿児島県,4601,鹿児島,R7-4601-38,在宅療養支援,在支
R7,46,鹿児島県,4601,鹿児島,R7-4601-39,二次救急,二次
R7,46,鹿児島県,4601,鹿児島,R7-4601-39,在宅療養支援,在支
R7,46,鹿児島県,4601,鹿児島,R7-4601-40,二次救急,二次
R7,46,鹿児島県,4601,鹿児島,R7-4601-40,在宅療養支援,在支
R7,46,鹿児島県,4601,鹿児島,R7-4601-43,在宅療養支援,在支
R7,46,鹿児島県,4601,鹿児島,R7-4601-45,在宅療養支援,在支
R7,46,鹿児島県,4601,鹿児島,R7-4601-46,在宅療養支援,在支
R7,46,鹿児島県,4601,鹿児島,R7-4601-48,在宅療養支援,在支
R7,46,鹿児島県,4601,鹿児島,R7-4601-49,二次救急,二次
R7,46,鹿児島県,4601,鹿児島,R7-4601-49,在宅療養支援,在支
R7,46,鹿児島県,4601,鹿児島,R7-4601-51,在宅療養支援,在支
R7,46,鹿児島県,4601,鹿児島,R7-4601-52,在宅療養支援,在支
R7,46,鹿児島県,4601,鹿児島,R7-4601-53,在宅療養支援,在支
R7,46,鹿児島県,4601,鹿児島,R7-4601-54,在宅療養支援,在支
R7,46,鹿児島県,4601,鹿児島,R7-4601-56,在宅療養支援,在支
R7,46,鹿児島県,4601,鹿児島,R7-4601-57,在宅療養支援,在支
R7,46,鹿児島県,4601,鹿児島,R7-4601-59,二次救急,二次
R7,46,鹿児島県,4601,鹿児島,R7-4601-65,在宅療養支援,在支
R7,46,鹿児島県,4601,鹿児島,R7-4601-66,在宅療養支援,在支
R7,46,鹿児島県,4601,鹿児島,R7-4601-68,在宅療養支援,在支
R7,46,鹿児島県,4601,鹿児島,R7-4601-71,二次救急,二次
R7,46,鹿児島県,4601,鹿児島,R7-4601-71,在宅療養支援,在支
R7,46,鹿児島県,4601,鹿児島,R7-4601-72,在宅療養支援,在支
R7,46,鹿児島県,4601,鹿児島,R7-4601-73,在宅療養支援,在支
R7,46,鹿児島県,4601,鹿児島,R7-4601-76,在宅療養支援,在支
R7,46,鹿児島県,4601,鹿児島,R7-4601-77,在宅療養支援,在支
R7,46,鹿児島県,4601,鹿児島,R7-4601-78,在宅療養支援,在支
R7,46,鹿児島県,4601,鹿児島,R7-4601-81,在宅療養支援,在支
R7,46,鹿児島県,4601,鹿児島,R7-4601-82,在宅療養支援,在支
R7,46,鹿児島県,4601,鹿児島,R7-4601-83,在宅療養支援,在支
R7,46,鹿児島県,4601,鹿児島,R7-4601-84,在宅療養支援,在支
R7,46,鹿児島県,4601,鹿児島,R7-4601-85,二次救急,二次
R7,46,鹿児島県,4601,鹿児島,R7-4601-86,在宅療養支援,在支
R7,46,鹿児島県,4601,鹿児島,R7-4601-89,在宅療養支援,在支
R7,46,鹿児島県,4601,鹿児島,R7-4601-93,在宅療養支援,在支
R7,46,鹿児島県,4601,鹿児島,R7-4601-94,二次救急,二次
R7,46,鹿児島県,4601,鹿児島,R7-4601-98,在宅療養支援,在支
R7,46,鹿児島県,4601,鹿児島,R7-4601-104,在宅療養支援,在支
R7,46,鹿児島県,4601,鹿児島,R7-4601-110,在宅療養支援,在支
R7,46,鹿児島県,4601,鹿児島,R7-4601-115,在宅療養支援,在支
R7,46,鹿児島県,4601,鹿児島,R7-4601-117,在宅療養支援,在支
R7,46,鹿児島県,4601,鹿児島,R7-4601-124,在宅療養支援,在支
R7,46,鹿児島県,4601,鹿児島,R7-4601-127,在宅療養支援,在支
R7,46,鹿児島県,4601,鹿児島,R7-4601-132,在宅療養支援,在支
R7,46,鹿児島県,4601,鹿児島,R7-4601-134,在宅療養支援,在支
R7,46,鹿児島県,4601,鹿児島,R7-4601-135,在宅療養支援,在支
R7,46,鹿児島県,4601,鹿児島,R7-4601-137,在宅療養支援,在支
R7,46,鹿児島県,4601,鹿児島,R7-4601-139,在宅療養支援,在支
R7,46,鹿児島県,4601,鹿児島,R7-4601-146,在宅療養支援,在支
R7,46,鹿児島県,4601,鹿児島,R7-4601-159,在宅療養支援,在支
R7,46,鹿児島県,4601,鹿児島,R7-4601-162,在宅療養支援,在支
R7,46,鹿児島県,4601,鹿児島,R7-4601-164,在宅療養支援,在支
R7,46,鹿児島県,4601,鹿児島,R7-4601-166,在宅療養支援,在支
R7,46,鹿児島県,4601,鹿児島,R7-4601-178,在宅療養支援,在支
R7,46,鹿児島県,4601,鹿児島,R7-4601-179,在宅療養支援,在支
R7,46,鹿児島県,4601,鹿児島,R7-4601-185,在宅療養支援,在支
R7,46,鹿児島県,4603,南薩,R7-4603-14,地域支援,地
R7,46,鹿児島県,4603,南薩,R7-4603-14,二次救急,二次
R7,46,鹿児島県,4603,南薩,R7-4603-15,二次救急,二次
R7,46,鹿児島県,4603,南薩,R7-4603-16,地域支援,地
R7,46,鹿児島県,4603,南薩,R7-4603-16,二次救急,二次
R7,46,鹿児島県,4603,南薩,R7-4603-17,二次救急,二次
R7,46,鹿児島県,4603,南薩,R7-4603-17,在宅療養支援,在支
R7,46,鹿児島県,4603,南薩,R7-4603-18,二次救急,二次
R7,46,鹿児島県,4603,南薩,R7-4603-18,在宅療養支援,在支
R7,46,鹿児島県,4603,南薩,R7-4603-19,二次救急,二次
R7,46,鹿児島県,4603,南薩,R7-4603-21,二次救急,二次
R7,46,鹿児島県,4603,南薩,R7-4603-21,在宅療養支援,在支
R7,46,鹿児島県,4603,南薩,R7-4603-22,二次救急,二次
R7,46,鹿児島県,4603,南薩,R7-4603-22,在宅療養支援,在支
R7,46,鹿児島県,4603,南薩,R7-4603-23,在宅療養支援,在支
R7,46,鹿児島県,4603,南薩,R7-4603-24,二次救急,二次
R7,46,鹿児島県,4603,南薩,R7-4603-24,在宅療養支援,在支
R7,46,鹿児島県,4603,南薩,R7-4603-25,二次救急,二次
R7,46,鹿児島県,4603,南薩,R7-4603-27,二次救急,二次
R7,46,鹿児島県,4603,南薩,R7-4603-28,二次救急,二次
R7,46,鹿児島県,4603,南薩,R7-4603-29,二次救急,二次
R7,46,鹿児島県,4603,南薩,R7-4603-31,二次救急,二次
R7,46,鹿児島県,4603,南薩,R7-4603-32,二次救急,二次
R7,46,鹿児島県,4603,南薩,R7-4603-32,在宅療養支援,在支
R7,46,鹿児島県,4603,南薩,R7-4603-34,二次救急,二次
R7,46,鹿児島県,4603,南薩,R7-4603-34,在宅療養支援,在支
R7,46,鹿児島県,4603,南薩,R7-4603-35,在宅療養支援,在支
R7,46,鹿児島県,4603,南薩,R7-4603-40,在宅療養支援,在支
R7,46,鹿児島県,4603,南薩,R7-4603-41,在宅療養支援,在支
R7,46,鹿児島県,4603,南薩,R7-4603-42,在宅療養支援,在支
R7,46,鹿児島県,4603,南薩,R7-4603-48,在宅療養支援,在支
R7,46,鹿児島県,4605,川薩,R7-4605-14,二次救急,二次
R7,46,鹿児島県,4605,川薩,R7-4605-15,地域支援,地
R7,46,鹿児島県,4605,川薩,R7-4605-15,二次救急,二次
R7,46,鹿児島県,4605,川薩,R7-4605-16,在宅療養支援,在支
R7,46,鹿児島県,4605,川薩,R7-4605-17,在宅療養支援,在支
R7,46,鹿児島県,4605,川薩,R7-4605-18,二次救急,二次
R7,46,鹿児島県,4605,川薩,R7-4605-18,在宅療養支援,在支
R7,46,鹿児島県,4605,川薩,R7-4605-19,二次救急,二次
R7,46,鹿児島県,4605,川薩,R7-4605-19,在宅療養支援,在支
R7,46,鹿児島県,4605,川薩,R7-4605-20,二次救急,二次
R7,46,鹿児島県,4605,川薩,R7-4605-20,在宅療養支援,在支
R7,46,鹿児島県,4605,川薩,R7-4605-21,二次救急,二次
R7,46,鹿児島県,4605,川薩,R7-4605-21,在宅療養支援,在支
R7,46,鹿児島県,4605,川薩,R7-4605-22,二次救急,二次
R7,46,鹿児島県,4605,川薩,R7-4605-22,在宅療養支援,在支
R7,46,鹿児島県,4605,川薩,R7-4605-23,二次救急,二次
R7,46,鹿児島県,4605,川薩,R7-4605-23,在宅療養支援,在支
R7,46,鹿児島県,4605,川薩,R7-4605-24,在宅療養支援,在支
R7,46,鹿児島県,4605,川薩,R7-4605-25,在宅療養支援,在支
R7,46,鹿児島県,4605,川薩,R7-4605-27,在宅療養支援,在支
R7,46,鹿児島県,4605,川薩,R7-4605-32,在宅療養支援,在支
R7,46,鹿児島県,4605,川薩,R7-4605-33,在宅療養支援,在支
R7,46,鹿児島県,4605,川薩,R7-4605-37,在宅療養支援,在支
R7,46,鹿児島県,4605,川薩,R7-4605-40,在宅療養支援,在支
R7,46,鹿児島県,4605,川薩,R7-4605-41,在宅療養支援,在支
R7,46,鹿児島県,4606,出水,R7-4606-14,地域支援,地
R7,46,鹿児島県,4606,出水,R7-4606-14,二次救急,二次
R7,46,鹿児島県,4606,出水,R7-4606-15,地域支援,地
R7,46,鹿児島県,4606,出水,R7-4606-15,二次救急,二次
R7,46,鹿児島県,4606,出水,R7-4606-16,在宅療養支援,在支
R7,46,鹿児島県,4606,出水,R7-4606-23,在宅療養支援,在支
R7,46,鹿児島県,4606,出水,R7-4606-24,在宅療養支援,在支
R7,46,鹿児島県,4606,出水,R7-4606-25,在宅療養支援,在支
R7,46,鹿児島県,4606,出水,R7-4606-28,在宅療養支援,在支
R7,46,鹿児島県,4606,出水,R7-4606-29,在宅療養支援,在支
R7,46,鹿児島県,4606,出水,R7-4606-30,在宅療養支援,在支
R7,46,鹿児島県,4607,姶良・伊佐,R7-4607-16,地域支援,地
R7,46,鹿児島県,4607,姶良・伊佐,R7-4607-16,二次救急,二次
R7,46,鹿児島県,4607,姶良・伊佐,R7-4607-18,二次救急,二次
R7,46,鹿児島県,4607,姶良・伊佐,R7-4607-18,在宅療養支援,在支
R7,46,鹿児島県,4607,姶良・伊佐,R7-4607-19,二次救急,二次
R7,46,鹿児島県,4607,姶良・伊佐,R7-4607-20,二次救急,二次
R7,46,鹿児島県,4607,姶良・伊佐,R7-4607-20,在宅療養支援,在支
R7,46,鹿児島県,4607,姶良・伊佐,R7-4607-21,二次救急,二次
R7,46,鹿児島県,4607,姶良・伊佐,R7-4607-21,在宅療養支援,在支
R7,46,鹿児島県,4607,姶良・伊佐,R7-4607-22,在宅療養支援,在支
R7,46,鹿児島県,4607,姶良・伊佐,R7-4607-23,二次救急,二次
R7,46,鹿児島県,4607,姶良・伊佐,R7-4607-23,在宅療養支援,在支
R7,46,鹿児島県,4607,姶良・伊佐,R7-4607-25,二次救急,二次
R7,46,鹿児島県,4607,姶良・伊佐,R7-4607-25,在宅療養支援,在支
R7,46,鹿児島県,4607,姶良・伊佐,R7-4607-26,二次救急,二次
R7,46,鹿児島県,4607,姶良・伊佐,R7-4607-27,在宅療養支援,在支
R7,46,鹿児島県,4607,姶良・伊佐,R7-4607-28,在宅療養支援,在支
R7,46,鹿児島県,4607,姶良・伊佐,R7-4607-29,二次救急,二次
R7,46,鹿児島県,4607,姶良・伊佐,R7-4607-29,在宅療養支援,在支
R7,46,鹿児島県,4607,姶良・伊佐,R7-4607-31,在宅療養支援,在支
R7,46,鹿児島県,4607,姶良・伊佐,R7-4607-32,二次救急,二次
R7,46,鹿児島県,4607,姶良・伊佐,R7-4607-32,在宅療養支援,在支
R7,46,鹿児島県,4607,姶良・伊佐,R7-4607-33,在宅療養支援,在支
R7,46,鹿児島県,4607,姶良・伊佐,R7-4607-34,在宅療養支援,在支
R7,46,鹿児島県,4607,姶良・伊佐,R7-4607-35,二次救急,二次
R7,46,鹿児島県,4607,姶良・伊佐,R7-4607-38,二次救急,二次
R7,46,鹿児島県,4607,姶良・伊佐,R7-4607-39,二次救急,二次
R7,46,鹿児島県,4607,姶良・伊佐,R7-4607-39,在宅療養支援,在支
R7,46,鹿児島県,4607,姶良・伊佐,R7-4607-48,在宅療養支援,在支
R7,46,鹿児島県,4607,姶良・伊佐,R7-4607-55,在宅療養支援,在支
R7,46,鹿児島県,4607,姶良・伊佐,R7-4607-56,在宅療養支援,在支
R7,46,鹿児島県,4607,姶良・伊佐,R7-4607-59,在宅療養支援,在支
R7,46,鹿児島県,4607,姶良・伊佐,R7-4607-60,在宅療養支援,在支
R7,46,鹿児島県,4607,姶良・伊佐,R7-4607-61,在宅療養支援,在支
R7,46,鹿児島県,4607,姶良・伊佐,R7-4607-63,在宅療養支援,在支
R7,46,鹿児島県,4607,姶良・伊佐,R7-4607-64,在宅療養支援,在支
R7,46,鹿児島県,4607,姶良・伊佐,R7-4607-68,在宅療養支援,在支
R7,46,鹿児島県,4607,姶良・伊佐,R7-4607-71,在宅療養支援,在支
R7,46,鹿児島県,4607,姶良・伊佐,R7-4607-73,在宅療養支援,在支
R7,46,鹿児島県,4607,姶良・伊佐,R7-4607-75,在宅療養支援,在支
R7,46,鹿児島県,4607,姶良・伊佐,R7-4607-78,在宅療養支援,在支
R7,46,鹿児島県,4607,姶良・伊佐,R7-4607-79,在宅療養支援,在支
R7,46,鹿児島県,4607,姶良・伊佐,R7-4607-84,在宅療養支援,在支
R7,46,鹿児島県,4607,姶良・伊佐,R7-4607-85,在宅療養支援,在支
R7,46,鹿児島県,4609,曽於,R7-4609-15,地域支援,地
R7,46,鹿児島県,4609,曽於,R7-4609-15,二次救急,二次
R7,46,鹿児島県,4609,曽於,R7-4609-15,在宅療養支援,在支
R7,46,鹿児島県,4609,曽於,R7-4609-17,在宅療養支援,在支
R7,46,鹿児島県,4609,曽於,R7-4609-18,二次救急,二次
R7,46,鹿児島県,4609,曽於,R7-4609-18,在宅療養支援,在支
R7,46,鹿児島県,4609,曽於,R7-4609-23,在宅療養支援,在支
R7,46,鹿児島県,4609,曽於,R7-4609-24,在宅療養支援,在支
R7,46,鹿児島県,4610,肝属,R7-4610-14,二次救急,二次
R7,46,鹿児島県,4610,肝属,R7-4610-15,二次救急,二次
R7,46,鹿児島県,4610,肝属,R7-4610-16,二次救急,二次
R7,46,鹿児島県,4610,肝属,R7-4610-16,在宅療養支援,在支
R7,46,鹿児島県,4610,肝属,R7-4610-17,地域支援,地
R7,46,鹿児島県,4610,肝属,R7-4610-17,二次救急,二次
R7,46,鹿児島県,4610,肝属,R7-4610-18,地域支援,地
R7,46,鹿児島県,4610,肝属,R7-4610-18,二次救急,二次
R7,46,鹿児島県,4610,肝属,R7-4610-18,在宅療養支援,在支
R7,46,鹿児島県,4610,肝属,R7-4610-19,二次救急,二次
R7,46,鹿児島県,4610,肝属,R7-4610-19,在宅療養支援,在支
R7,46,鹿児島県,4610,肝属,R7-4610-20,二次救急,二次
R7,46,鹿児島県,4610,肝属,R7-4610-21,二次救急,二次
R7,46,鹿児島県,4610,肝属,R7-4610-24,在宅療養支援,在支
R7,46,鹿児島県,4610,肝属,R7-4610-25,二次救急,二次
R7,46,鹿児島県,4610,肝属,R7-4610-34,在宅療養支援,在支
R7,46,鹿児島県,4610,肝属,R7-4610-37,在宅療養支援,在支
R7,46,鹿児島県,4610,肝属,R7-4610-38,在宅療養支援,在支
R7,46,鹿児島県,4610,肝属,R7-4610-39,在宅療養支援,在支
R7,46,鹿児島県,4610,肝属,R7-4610-41,在宅療養支援,在支
R7,46,鹿児島県,4610,肝属,R7-4610-43,在宅療養支援,在支
R7,46,鹿児島県,4611,熊毛,R7-4611-14,二次救急,二次
R7,46,鹿児島県,4611,熊毛,R7-4611-14,在宅療養支援,在支
R7,46,鹿児島県,4611,熊毛,R7-4611-15,在宅療養支援,在支
R7,46,鹿児島県,4612,奄美,R7-4612-14,地域支援,地
R7,46,鹿児島県,4612,奄美,R7-4612-14,三次救急,三次
R7,46,鹿児島県,4612,奄美,R7-4612-15,二次救急,二次
R7,46,鹿児島県,4612,奄美,R7-4612-16,二次救急,二次
R7,46,鹿児島県,4612,奄美,R7-4612-16,在宅療養支援,在支
R7,46,鹿児島県,4612,奄美,R7-4612-17,在宅療養支援,在支
R7,46,鹿児島県,4612,奄美,R7-4612-18,在宅療養支援,在支
R7,46,鹿児島県,4612,奄美,R7-4612-20,在宅療養支援,在支
R7,46,鹿児島県,4612,奄美,R7-4612-21,在宅療養支援,在支
R7,46,鹿児島県,4612,奄美,R7-4612-22,在宅療養支援,在支
R7,46,鹿児島県,4612,奄美,R7-4612-23,在宅療養支援,在支
R7,46,鹿児島県,4612,奄美,R7-4612-24,二次救急,二次
R7,46,鹿児島県,4612,奄美,R7-4612-24,在宅療養支援,在支
R7,46,鹿児島県,4612,奄美,R7-4612-25,二次救急,二次
R7,46,鹿児島県,4612,奄美,R7-4612-25,在宅療養支援,在支
R7,46,鹿児島県,4612,奄美,R7-4612-26,在宅療養支援,在支
R7,46,鹿児島県,4612,奄美,R7-4612-27,在宅療養支援,在支
R7,46,鹿児島県,4612,奄美,R7-4612-30,在宅療養支援,在支
R7,46,鹿児島県,4612,奄美,R7-4612-31,在宅療養支援,在支
R7,46,鹿児島県,4612,奄美,R7-4612-33,在宅療養支援,在支
R7,47,沖縄県,4701,北部,R7-4701-15,地域支援,地
R7,47,沖縄県,4701,北部,R7-4701-15,二次救急,二次
R7,47,沖縄県,4701,北部,R7-4701-16,地域支援,地
R7,47,沖縄県,4701,北部,R7-4701-16,二次救急,二次
R7,47,沖縄県,4701,北部,R7-4701-21,在宅療養支援,在支
R7,47,沖縄県,4702,中部,R7-4702-14,特定機能,特
R7,47,沖縄県,4702,中部,R7-4702-14,三次救急,三次
R7,47,沖縄県,4702,中部,R7-4702-14,二次救急,二次
R7,47,沖縄県,4702,中部,R7-4702-15,地域支援,地
R7,47,沖縄県,4702,中部,R7-4702-15,三次救急,三次
R7,47,沖縄県,4702,中部,R7-4702-16,地域支援,地
R7,47,沖縄県,4702,中部,R7-4702-16,二次救急,二次
R7,47,沖縄県,4702,中部,R7-4702-17,地域支援,地
R7,47,沖縄県,4702,中部,R7-4702-17,二次救急,二次
R7,47,沖縄県,4702,中部,R7-4702-18,地域支援,地
R7,47,沖縄県,4702,中部,R7-4702-18,二次救急,二次
R7,47,沖縄県,4702,中部,R7-4702-23,二次救急,二次
R7,47,沖縄県,4702,中部,R7-4702-23,在宅療養支援,在支
R7,47,沖縄県,4702,中部,R7-4702-24,在宅療養支援,在支
R7,47,沖縄県,4702,中部,R7-4702-25,在宅療養支援,在支
R7,47,沖縄県,4702,中部,R7-4702-27,在宅療養支援,在支
R7,47,沖縄県,4702,中部,R7-4702-30,在宅療養支援,在支
R7,47,沖縄県,4702,中部,R7-4702-32,在宅療養支援,在支
R7,47,沖縄県,4702,中部,R7-4702-33,在宅療養支援,在支
R7,47,沖縄県,4702,中部,R7-4702-37,在宅療養支援,在支
R7,47,沖縄県,4703,南部,R7-4703-14,地域支援,地
R7,47,沖縄県,4703,南部,R7-4703-14,二次救急,二次
R7,47,沖縄県,4703,南部,R7-4703-15,地域支援,地
R7,47,沖縄県,4703,南部,R7-4703-15,三次救急,三次
R7,47,沖縄県,4703,南部,R7-4703-15,二次救急,二次
R7,47,沖縄県,4703,南部,R7-4703-16,地域支援,地
R7,47,沖縄県,4703,南部,R7-4703-16,二次救急,二次
R7,47,沖縄県,4703,南部,R7-4703-17,二次救急,二次
R7,47,沖縄県,4703,南部,R7-4703-18,地域支援,地
R7,47,沖縄県,4703,南部,R7-4703-18,三次救急,三次
R7,47,沖縄県,4703,南部,R7-4703-18,二次救急,二次
R7,47,沖縄県,4703,南部,R7-4703-19,地域支援,地
R7,47,沖縄県,4703,南部,R7-4703-19,二次救急,二次
R7,47,沖縄県,4703,南部,R7-4703-20,二次救急,二次
R7,47,沖縄県,4703,南部,R7-4703-21,二次救急,二次
R7,47,沖縄県,4703,南部,R7-4703-23,地域支援,地
R7,47,沖縄県,4703,南部,R7-4703-23,二次救急,二次
R7,47,沖縄県,4703,南部,R7-4703-24,在宅療養支援,在支
R7,47,沖縄県,4703,南部,R7-4703-25,在宅療養支援,在支
R7,47,沖縄県,4703,南部,R7-4703-26,二次救急,二次
R7,47,沖縄県,4703,南部,R7-4703-26,在宅療養支援,在支
R7,47,沖縄県,4703,南部,R7-4703-30,在宅療養支援,在支
R7,47,沖縄県,4703,南部,R7-4703-31,在宅療養支援,在支
R7,47,沖縄県,4703,南部,R7-4703-33,在宅療養支援,在支
R7,47,沖縄県,4703,南部,R7-4703-39,二次救急,二次
R7,47,沖縄県,4703,南部,R7-4703-39,在宅療養支援,在支
R7,47,沖縄県,4703,南部,R7-4703-40,在宅療養支援,在支
R7,47,沖縄県,4703,南部,R7-4703-41,在宅療養支援,在支
R7,47,沖縄県,4703,南部,R7-4703-43,在宅療養支援,在支
R7,47,沖縄県,4703,南部,R7-4703-45,在宅療養支援,在支
R7,47,沖縄県,4703,南部,R7-4703-47,在宅療養支援,在支
R7,47,沖縄県,4703,南部,R7-4703-65,在宅療養支援,在支
R7,47,沖縄県,4703,南部,R7-4703-71,在宅療養支援,在支
R7,47,沖縄県,4703,南部,R7-4703-72,在宅療養支援,在支
R7,47,沖縄県,4704,宮古,R7-4704-14,地域支援,地
R7,47,沖縄県,4704,宮古,R7-4704-14,二次救急,二次
R7,47,沖縄県,4704,宮古,R7-4704-16,二次救急,二次
R7,47,沖縄県,4704,宮古,R7-4704-16,在宅療養支援,在支
R7,47,沖縄県,4704,宮古,R7-4704-17,在宅療養支援,在支
R7,47,沖縄県,4704,宮古,R7-4704-18,在宅療養支援,在支
R7,47,沖縄県,4705,八重山,R7-4705-14,二次救急,二次
R7,47,沖縄県,4705,八重山,R7-4705-15,在宅療養支援,在支
R7,47,沖縄県,4705,八重山,R7-4705-16,在宅療養支援,在支
R7,47,沖縄県,4705,八重山,R7-4705-19,在宅療養支援,在支
